canonical_sku,name,class,priority,stock_qty_end,stock_im_qty,stock_tsum_qty,stock_b2b_qty,warehouses,sales_qty,sales_revenue_rub,sales_lines_n,sales_channels,im_sales_qty,im_sales_rev_rub,tsum_sales_qty,tsum_sales_rev_rub,b2b_sales_qty,sellthrough_proxy,align_flags,do_not_auto_accept,so_t
0-1043,,SALES_NO_STOCK,LOW,0.0,0.0,0.0,0.0,,1.0,434653.82,1,TSUM,0.0,0.0,1.0,434653.82,0.0,1.0,,YES,N
0-1098B,"Блуза женская, черная, из крепа, с вышивкой YC",SALES_NO_STOCK,LOW,0.0,0.0,0.0,0.0,Склад ИМ|Склад оптовых продаж,2.0,36570.0,4,IM,2.0,36570.0,0.0,0.0,0.0,1.0,,YES,N
0-1178,"Пальто-халат женское, черное, из бархата, длинное, с поясом",STOCK_AND_SALES,LOW,1.0,0.0,0.0,0.0,Салон (Лена М.)|Склад ИМ|Склад оптовых продаж|Склад производства (Жукова),13.0,569455.0,23,IM,13.0,569455.0,0.0,0.0,0.0,0.9286,,YES,N
0-1187,,SALES_NO_STOCK,LOW,0.0,0.0,0.0,0.0,,1.0,78570.0,1,IM,1.0,78570.0,0.0,0.0,0.0,1.0,,YES,N
0-1187D,"Блуза женская, черная в белый горох, из шелка, с отделкой белым кантом",STOCK_AND_SALES,MED,6.0,0.0,0.0,0.0,Остатки ЦУМ|Салон (Лена М.)|Склад ИМ|Склад оптовых продаж,1.0,126000.0,1,TSUM,0.0,0.0,1.0,126000.0,0.0,0.1429,,YES,N
0-1187E,"Брюки женские, черные, из шелка, с белым кантом",STOCK_NO_SALES,HIGH,6.0,0.0,0.0,0.0,Остатки ЦУМ|Салон (Лена М.)|Склад ИМ|Склад оптовых продаж,0.0,0.0,0,,0.0,0.0,0.0,0.0,0.0,0.0,,YES,N
0-1187F,"Рубашка женская, черная, из бархата, с отделкой белым кантом",STOCK_AND_SALES,LOW,1.0,0.0,0.0,0.0,Салон (Лена М.)|Склад ИМ,1.0,89865.0,1,IM,1.0,89865.0,0.0,0.0,0.0,0.5,,YES,N
0-1187G,"Брюки женские, черные, из бархата, с отделкой белым кантом",STOCK_NO_SALES,MED,1.0,0.0,0.0,0.0,Салон (Лена М.)|Склад ИМ,0.0,0.0,0,,0.0,0.0,0.0,0.0,0.0,0.0,,YES,N
0-1237A,"Платье женское, черное, из бархата, декорировано белой кружевной тесьмой",SALES_NO_STOCK,LOW,0.0,0.0,0.0,0.0,Склад ИМ|Склад оптовых продаж,2.0,56838.0,3,B2B|IM,1.0,37710.0,0.0,0.0,1.0,1.0,,YES,N
0-1241A,"Юбка женская, белая, из фатина, расшита крупными пайетками",SALES_NO_STOCK,LOW,0.0,0.0,0.0,0.0,Склад ИМ,1.0,15000.0,1,IM,1.0,15000.0,0.0,0.0,0.0,1.0,,YES,N
0-1242,"Халат женский, черный, из шелка, с белым кантом и вышивкой на кармане",SALES_NO_STOCK,LOW,0.0,0.0,0.0,0.0,Склад ИМ,1.0,20000.0,1,IM,1.0,20000.0,0.0,0.0,0.0,1.0,,YES,N
0-1303,"Юбка женская, коричневая, из бархата, декорирована вышивкой и тесьмой",SALES_NO_STOCK,LOW,0.0,0.0,0.0,0.0,Склад ИМ,1.0,35000.0,2,IM,1.0,35000.0,0.0,0.0,0.0,1.0,,YES,N
0-1310,"Платье женское, зеленое, из фатина, с аппликационной вышивкой ""Птицы""",STOCK_NO_SALES,MED,1.0,1.0,0.0,0.0,Склад ИМ,0.0,0.0,0,,0.0,0.0,0.0,0.0,0.0,0.0,IM_DEAD_CANDIDATE,YES,N
0-1355A,"Юбка женская, розовая, из шелка, декорирована пайетками",STOCK_NO_SALES,MED,1.0,1.0,0.0,0.0,Склад ИМ|Склад оптовых продаж,0.0,0.0,0,,0.0,0.0,0.0,0.0,0.0,0.0,IM_DEAD_CANDIDATE,YES,N
0-136,"Блуза женская, белая, из трикотажа, с декором из сетки по горловине",STOCK_NO_SALES,MED,1.0,1.0,0.0,0.0,ДЕМИ|Склад ИМ,0.0,0.0,0,,0.0,0.0,0.0,0.0,0.0,0.0,IM_DEAD_CANDIDATE,YES,N
0-1365,"Свитер женский, черный, из хлопка, с провязкой ""MIMOSA O'CLOCK""",SALES_NO_STOCK,LOW,0.0,0.0,0.0,0.0,Подарки|Склад ИМ,2.0,25900.0,3,IM,2.0,25900.0,0.0,0.0,0.0,1.0,,YES,N
0-1379,"Юбка женская, черная, из бархата, декорирована вставкой из кружева и помпонами",SALES_NO_STOCK,LOW,0.0,0.0,0.0,0.0,Склад ИМ|Склад оптовых продаж,1.0,18739.0,1,B2B,0.0,0.0,0.0,0.0,1.0,1.0,,YES,N
0-1414,"Пальто-халат женское, черное, из бархата, укороченное, с лампасом по рукаву",SALES_NO_STOCK,LOW,0.0,0.0,0.0,0.0,Склад ИМ,2.0,69010.0,3,IM,2.0,69010.0,0.0,0.0,0.0,1.0,,YES,N
0-1416,"Брюки женские, черные, из стрейч бархата, с шелковым лампасом",STOCK_AND_SALES,LOW,16.0,6.0,0.0,5.0,Салон (Лена М.)|Склад ИМ|Склад оптовых продаж|Склад производства (Жукова),24.0,396444.0,23,B2B|IM,11.0,238055.0,0.0,0.0,13.0,0.6,IM_ALIGNED,YES,N
0-1416B,"Брюки женские, синие, из стрейч бархата, с шелковым лампасом",STOCK_NO_SALES,MED,1.0,1.0,0.0,0.0,Склад ИМ|Склад оптовых продаж,0.0,0.0,0,,0.0,0.0,0.0,0.0,0.0,0.0,IM_DEAD_CANDIDATE,YES,N
0-1417,"Брюки женские, черные, из стрейч бархата, с отлетной деталью",SALES_NO_STOCK,LOW,0.0,0.0,0.0,0.0,Склад ИМ,2.0,30385.0,2,IM,2.0,30385.0,0.0,0.0,0.0,1.0,,YES,N
0-1418,"Свитшот женский, черный, из бархата, с декоративными элементами на рукавах",STOCK_AND_SALES,LOW,14.0,0.0,0.0,8.0,Салон (Лена М.)|Склад ИМ|Склад оптовых продаж|Склад производства (Жукова),21.0,396635.0,22,B2B|IM,14.0,312423.0,0.0,0.0,7.0,0.6,,YES,N
0-1418A,"Свитшот женский, синий, из бархата, с декоративными элементами на рукавах",SALES_NO_STOCK,LOW,0.0,0.0,0.0,0.0,Склад ИМ|Склад оптовых продаж,1.0,33150.0,2,IM,1.0,33150.0,0.0,0.0,0.0,1.0,,YES,N
0-1423,"Юбка-баска женская, черная, из чесучи, со складками ""плиссе""",SALES_NO_STOCK,LOW,0.0,0.0,0.0,0.0,Склад ИМ|Склад производства (Жукова),2.0,30210.0,2,IM,2.0,30210.0,0.0,0.0,0.0,1.0,,YES,N
0-1425,Браслет с вышивкой бисером Basic,STOCK_NO_SALES,MED,2.0,2.0,0.0,0.0,Склад ИМ,0.0,0.0,0,,0.0,0.0,0.0,0.0,0.0,0.0,IM_DEAD_CANDIDATE,YES,N
0-1435,"Платье женское, синее, из пайеточной ткани, приталенного силуэта",STOCK_NO_SALES,MED,1.0,0.0,0.0,0.0,Салон (Лена М.)|Склад ИМ,0.0,0.0,0,,0.0,0.0,0.0,0.0,0.0,0.0,,YES,N
0-1442,"Юбка женская, черная, из фатина, с принтом ""горошек""",SALES_NO_STOCK,LOW,0.0,0.0,0.0,0.0,Салон (Лена М.)|Склад ИМ|Склад оптовых продаж,19.0,420842.0,21,B2B|IM,9.0,281448.0,0.0,0.0,10.0,1.0,,YES,N
0-1442C,"Юбка женская,белая,из фатина, с декором ""круги""",SALES_NO_STOCK,LOW,0.0,0.0,0.0,0.0,Склад ИМ,1.0,18850.0,1,IM,1.0,18850.0,0.0,0.0,0.0,1.0,,YES,N
0-1444A,"Свитшот женский, черный, из футера, с декором принт ""дерево, птица, Yanina"", с капюшоном",STOCK_AND_SALES,LOW,1.0,0.0,0.0,0.0,Салон (Лена М.)|Склад ИМ|Склад оптовых продаж,3.0,100040.0,9,IM,3.0,100040.0,0.0,0.0,0.0,0.75,,YES,N
0-1463,Мягкая маска из хлопка цвета электрик Girls,STOCK_NO_SALES,MED,1.0,1.0,0.0,0.0,Склад ИМ,0.0,0.0,0,,0.0,0.0,0.0,0.0,0.0,0.0,IM_DEAD_CANDIDATE,YES,N
0-1464,"Свитшот женский, белый с черным, из футера, с декоративной деталью по рукаву",SALES_NO_STOCK,LOW,0.0,0.0,0.0,0.0,Склад ИМ,1.0,11950.0,1,IM,1.0,11950.0,0.0,0.0,0.0,1.0,,YES,N
0-1486,"Юбка женская, черная, из пайеточной ткани",STOCK_AND_SALES,LOW,2.0,2.0,0.0,0.0,Склад ИМ|Склад оптовых продаж|Склад производства (Жукова),6.0,892896.0,10,IM,6.0,892896.0,0.0,0.0,0.0,0.75,IM_ALIGNED,YES,N
0-1486C,"Юбка женская, черная, из пайеточной ткани, с декором ""Ласточки""",STOCK_NO_SALES,MED,1.0,1.0,0.0,0.0,Салон (Лена М.)|Склад ИМ|Склад оптовых продаж,0.0,0.0,0,,0.0,0.0,0.0,0.0,0.0,0.0,IM_DEAD_CANDIDATE,YES,N
0-1487,"Юбка женская, темно-серая, из пайеточной ткани",STOCK_AND_SALES,LOW,3.0,3.0,0.0,0.0,Склад ИМ|Склад оптовых продаж|Склад производства (Жукова),5.0,257566.0,9,B2B|IM,4.0,227175.0,0.0,0.0,1.0,0.625,IM_ALIGNED,YES,N
0-1487A,"Юбка женская, золотистая, из пайеточной ткани",SALES_NO_STOCK,LOW,0.0,0.0,0.0,0.0,Склад ИМ|Склад оптовых продаж,2.0,65341.0,2,B2B|IM,1.0,34950.0,0.0,0.0,1.0,1.0,,YES,N
0-1491,"Платье женское, серое, из кружевной ткани, с контрастной расшивкой по лифу",STOCK_NO_SALES,MED,1.0,1.0,0.0,0.0,Склад ИМ|Склад оптовых продаж,0.0,0.0,0,,0.0,0.0,0.0,0.0,0.0,0.0,IM_DEAD_CANDIDATE,YES,N
0-1492,"Брошь из пайеток с добавлением бусин и страз, черная с белым Basic",STOCK_NO_SALES,MED,1.0,1.0,0.0,0.0,Склад ИМ,0.0,0.0,0,,0.0,0.0,0.0,0.0,0.0,0.0,IM_DEAD_CANDIDATE,YES,N
0-1494,"Брошь из пайеток с добавлением бусин и страз, белая с черным Basic",SALES_NO_STOCK,LOW,0.0,0.0,0.0,0.0,Склад ИМ|Склад оптовых продаж,1.0,25500.0,2,IM,1.0,25500.0,0.0,0.0,0.0,1.0,,YES,N
0-1495,"Брошь из пайеток с добавлением бусин и страз, черная Basic",SALES_NO_STOCK,LOW,0.0,0.0,0.0,0.0,Склад ИМ|Склад оптовых продаж,1.0,25500.0,2,IM,1.0,25500.0,0.0,0.0,0.0,1.0,,YES,N
0-1500,"Бейсболка женская, черная, из хлопка, декорированная вуалеткой с аппликацией Girls",STOCK_NO_SALES,MED,1.0,1.0,0.0,0.0,Склад ИМ,0.0,0.0,0,,0.0,0.0,0.0,0.0,0.0,0.0,IM_DEAD_CANDIDATE,YES,N
0-1505,"Свитшот женский, розовый, из футера, с вышитым лого ""YANINA""",SALES_NO_STOCK,LOW,0.0,0.0,0.0,0.0,Подарки|Склад ИМ,1.0,17600.0,1,IM,1.0,17600.0,0.0,0.0,0.0,1.0,,YES,N
0-1506,"Свитшот женский, белый, из футера, с вышитым лого ""YANINA""",SALES_NO_STOCK,LOW,0.0,0.0,0.0,0.0,Подарки|Склад ИМ,1.0,17600.0,1,IM,1.0,17600.0,0.0,0.0,0.0,1.0,,YES,N
0-1511,"Юбка женская, белая, из фатина, с вышивкой ""Yanina, love, joy""",STOCK_AND_SALES,LOW,1.0,0.0,0.0,0.0,Салон (Лена М.)|Склад ИМ|Склад оптовых продаж,1.0,36365.0,2,IM,1.0,36365.0,0.0,0.0,0.0,0.5,,YES,N
0-1522,"Юбка женская, белая, из фатина, с принтом ""горошек""",STOCK_AND_SALES,LOW,1.0,1.0,0.0,0.0,Склад ИМ|Склад оптовых продаж,9.0,142494.0,7,B2B|IM,2.0,44710.0,0.0,0.0,7.0,0.9,IM_ALIGNED,YES,N
0-1549,"Кеды женские, черные, из тканного материала, с расшитой Y",SALES_NO_STOCK,LOW,0.0,0.0,0.0,0.0,Подарки|Склад ИМ,1.0,9000.0,2,IM,1.0,9000.0,0.0,0.0,0.0,1.0,,YES,N
0-1550,"Кеды женские, черные, из тканного материала, на белой подошве",STOCK_AND_SALES,LOW,1.0,1.0,0.0,0.0,Подарки|Склад ИМ,1.0,18000.0,2,IM,1.0,18000.0,0.0,0.0,0.0,0.5,IM_ALIGNED,YES,N
0-1569,"Пальто женское, черное, из пайеточной ткани, декорировано черно-белой расшитой тесьмой",SALES_NO_STOCK,LOW,0.0,0.0,0.0,0.0,Склад ИМ,1.0,150000.0,2,IM,1.0,150000.0,0.0,0.0,0.0,1.0,,YES,N
0-1584A,"Платье женское, черное. из пайеточной ткани, приталенного силуэта",SALES_NO_STOCK,LOW,0.0,0.0,0.0,0.0,Склад ИМ,1.0,56700.0,1,IM,1.0,56700.0,0.0,0.0,0.0,1.0,,YES,N
0-1585,"Пальто женское, оранжевое, из тафты, свободного силуэта",STOCK_NO_SALES,MED,1.0,1.0,0.0,0.0,Склад ИМ,0.0,0.0,0,,0.0,0.0,0.0,0.0,0.0,0.0,IM_DEAD_CANDIDATE,YES,N
0-1593,"Платок женский, белый с принтом ""YANINA"", из шелка",STOCK_NO_SALES,MED,1.0,0.0,0.0,0.0,Подарки|Склад ИМ,0.0,0.0,0,,0.0,0.0,0.0,0.0,0.0,0.0,,YES,N
0-1622B,"Юбка женская, белая, из шифона, со сборкой по передней половине юбки",SALES_NO_STOCK,LOW,0.0,0.0,0.0,0.0,Склад ИМ,1.0,10000.0,1,IM,1.0,10000.0,0.0,0.0,0.0,1.0,,YES,N
0-1666,"Комбинезон женский, черный, из пайеточной ткани, с ремнем из бархата",SALES_NO_STOCK,LOW,0.0,0.0,0.0,0.0,Склад ИМ|Склад оптовых продаж,2.0,200030.0,3,IM,2.0,200030.0,0.0,0.0,0.0,1.0,,YES,N
0-1672,"Рубашка женская, белая, из хлопка, свободного силуэта",SALES_NO_STOCK,LOW,0.0,0.0,0.0,0.0,Склад ИМ,11.0,221045.17,18,IM|TSUM,10.0,200960.0,1.0,20085.17,0.0,1.0,,YES,N
0-1672C,"Рубашка женская, голубая, из хлопка, с вышивкой по планке и манжетам",STOCK_AND_SALES,LOW,3.0,2.0,0.0,0.0,Подарки|Салон (Лена М.)|Склад ИМ|Склад оптовых продаж|Склад производства (Жукова),33.0,485278.01,33,B2B|IM,17.0,308755.01,0.0,0.0,16.0,0.9167,IM_ALIGNED,YES,N
0-1682,"Туфли женские, красные, из бархата, с серебряной расшивкой",STOCK_NO_SALES,MED,1.0,1.0,0.0,0.0,Склад ИМ,0.0,0.0,0,,0.0,0.0,0.0,0.0,0.0,0.0,IM_DEAD_CANDIDATE,YES,N
0-1684,"Балетки женские, серые, из бархата, декорированы серебрянной расшивкой",STOCK_NO_SALES,MED,1.0,1.0,0.0,0.0,Склад ИМ,0.0,0.0,0,,0.0,0.0,0.0,0.0,0.0,0.0,IM_DEAD_CANDIDATE,YES,N
0-1689,"Туфли женские, зеленые, из бархата, без каблука, с расшивкой Y",STOCK_NO_SALES,MED,1.0,1.0,0.0,0.0,Склад ИМ,0.0,0.0,0,,0.0,0.0,0.0,0.0,0.0,0.0,IM_DEAD_CANDIDATE,YES,N
0-1690,"Туфли женские, синие, из бархата, без каблука, с расшивкой Y",STOCK_AND_SALES,MED,5.0,4.0,0.0,0.0,Склад ИМ|Склад производства (Жукова),1.0,15750.0,2,IM,1.0,15750.0,0.0,0.0,0.0,0.1667,IM_ALIGNED,YES,N
0-1691,"Туфли женские, серебряные, из бархата, без каблука, с расшивкой Y",STOCK_NO_SALES,HIGH,3.0,3.0,0.0,0.0,Склад ИМ,0.0,0.0,0,,0.0,0.0,0.0,0.0,0.0,0.0,IM_DEAD_CANDIDATE,YES,N
0-1693,"Туфли женские, черные, из кожи, без каблука, с вышивкой YC",STOCK_NO_SALES,HIGH,3.0,3.0,0.0,0.0,Склад ИМ,0.0,0.0,0,,0.0,0.0,0.0,0.0,0.0,0.0,IM_DEAD_CANDIDATE,YES,N
0-1694,"Туфли женские, черные, из бархата, без каблука, с расшивкой Y",STOCK_AND_SALES,LOW,1.0,1.0,0.0,0.0,Подарки|Салон (Лена М.)|Склад ИМ,1.0,35000.0,1,IM,1.0,35000.0,0.0,0.0,0.0,0.5,IM_ALIGNED,YES,N
0-1695,"Туфли женские, серые, из кожи, без каблука, с вышивкой YC",STOCK_AND_SALES,MED,6.0,5.0,0.0,0.0,Склад ИМ|Склад производства (Жукова),1.0,15750.0,2,IM,1.0,15750.0,0.0,0.0,0.0,0.1429,IM_ALIGNED,YES,N
0-1696,"Туфли женские, серые, из бархата, без каблука, с расшивкой Y",SALES_NO_STOCK,LOW,0.0,0.0,0.0,0.0,Склад ИМ,2.0,44100.0,4,IM,2.0,44100.0,0.0,0.0,0.0,1.0,,YES,N
0-1705,"Туфли женские, бордовые, из бархата, на каблуке",STOCK_NO_SALES,MED,1.0,1.0,0.0,0.0,Склад ИМ,0.0,0.0,0,,0.0,0.0,0.0,0.0,0.0,0.0,IM_DEAD_CANDIDATE,YES,N
0-1706,"Туфли женские, черные, из бархата, на каблуке",STOCK_NO_SALES,MED,2.0,2.0,0.0,0.0,Подарки|Склад ИМ|Склад производства (Жукова),0.0,0.0,0,,0.0,0.0,0.0,0.0,0.0,0.0,IM_DEAD_CANDIDATE,YES,N
0-1719,"Туфли женские, бордовые, из бархата, на каблуке, декорированы пряжкой",STOCK_NO_SALES,HIGH,3.0,2.0,0.0,0.0,Подарки|Склад ИМ,0.0,0.0,0,,0.0,0.0,0.0,0.0,0.0,0.0,IM_DEAD_CANDIDATE,YES,N
0-1722,"Туфли женские, черные, из бархата, декорированы пряжкой",STOCK_NO_SALES,MED,1.0,1.0,0.0,0.0,Склад ИМ,0.0,0.0,0,,0.0,0.0,0.0,0.0,0.0,0.0,IM_DEAD_CANDIDATE,YES,N
0-1723,"Сабо женские, серые, из бархата, с пряжкой",STOCK_NO_SALES,MED,1.0,0.0,0.0,0.0,Салон (Лена М.)|Склад ИМ,0.0,0.0,0,,0.0,0.0,0.0,0.0,0.0,0.0,,YES,N
0-1726,"Сабо женские, зеленые, из бархата, с пряжкой",STOCK_NO_SALES,MED,2.0,2.0,0.0,0.0,Склад ИМ,0.0,0.0,0,,0.0,0.0,0.0,0.0,0.0,0.0,IM_DEAD_CANDIDATE,YES,N
0-1727,"Босоножки женские, серебряные, из глиттера, на платформе",STOCK_NO_SALES,HIGH,5.0,4.0,0.0,0.0,Подарки|Склад ИМ,0.0,0.0,0,,0.0,0.0,0.0,0.0,0.0,0.0,IM_DEAD_CANDIDATE,YES,N
0-1728,"Босоножки женские, черные, из глиттера, на платформе",STOCK_NO_SALES,MED,2.0,2.0,0.0,0.0,Подарки|Склад ИМ,0.0,0.0,0,,0.0,0.0,0.0,0.0,0.0,0.0,IM_DEAD_CANDIDATE,YES,N
0-1729,"Босоножки женские, розовые, из глиттера, на платформе",STOCK_NO_SALES,HIGH,7.0,6.0,0.0,0.0,Подарки|Склад ИМ|Склад производства (Жукова),0.0,0.0,0,,0.0,0.0,0.0,0.0,0.0,0.0,IM_DEAD_CANDIDATE,YES,N
0-1730,"Туфли женские, серебряные, из глиттера, на платформе",STOCK_AND_SALES,LOW,4.0,2.0,0.0,0.0,Подарки|Склад ИМ,1.0,114300.0,2,IM,1.0,114300.0,0.0,0.0,0.0,0.2,IM_ALIGNED,YES,N
0-1735,"Сапоги женские, серые, из кожи, на платформе",STOCK_NO_SALES,MED,2.0,2.0,0.0,0.0,Склад ИМ,0.0,0.0,0,,0.0,0.0,0.0,0.0,0.0,0.0,IM_DEAD_CANDIDATE,YES,N
0-1736,"Сапоги женские, черные, из кожи, на платформе",STOCK_NO_SALES,HIGH,5.0,4.0,0.0,0.0,Склад ИМ|Склад производства (Жукова),0.0,0.0,0,,0.0,0.0,0.0,0.0,0.0,0.0,IM_DEAD_CANDIDATE,YES,N
0-1738,"Сапоги женские, рыжие, из кожи, на платформе",STOCK_NO_SALES,MED,1.0,1.0,0.0,0.0,Склад ИМ,0.0,0.0,0,,0.0,0.0,0.0,0.0,0.0,0.0,IM_DEAD_CANDIDATE,YES,N
0-1742,"Сапоги женские, черные, из ткани стрейч, на каблуке, с расшивкой Y",STOCK_NO_SALES,MED,2.0,1.0,0.0,0.0,Подарки|Склад ИМ|Склад производства (Жукова),0.0,0.0,0,,0.0,0.0,0.0,0.0,0.0,0.0,IM_DEAD_CANDIDATE,YES,N
0-1810,"Платье женское, черное, из сетки, с вышитыми птицами ""снегири""",SALES_NO_STOCK,LOW,0.0,0.0,0.0,0.0,Склад ИМ,3.0,324778.96,3,IM,3.0,324778.96,0.0,0.0,0.0,1.0,,YES,N
0-1811,"Платье женское, бежевое, из фатина, с вышивкой ""Цветы""",SALES_NO_STOCK,LOW,0.0,0.0,0.0,0.0,Склад ИМ,1.0,127631.0,2,IM,1.0,127631.0,0.0,0.0,0.0,1.0,,YES,N
0-1812,"Платье женское, бежевое, из фатина, с вышивкой ""Листья"", с объемными ракавами",SALES_NO_STOCK,LOW,0.0,0.0,0.0,0.0,Склад ИМ,1.0,75750.0,1,IM,1.0,75750.0,0.0,0.0,0.0,1.0,,YES,N
0-1813,"Платье женское, бежевое, из фатина, с вышивкой ""Листья""",STOCK_NO_SALES,MED,1.0,1.0,0.0,0.0,Склад ИМ,0.0,0.0,0,,0.0,0.0,0.0,0.0,0.0,0.0,IM_DEAD_CANDIDATE,YES,N
0-1821A,"Комбинезон женский, бежевый, из шифона, декорирован перьями страуса",SALES_NO_STOCK,LOW,0.0,0.0,0.0,0.0,Склад ИМ,1.0,101000.0,1,IM,1.0,101000.0,0.0,0.0,0.0,1.0,,YES,N
0-1823B,"Юбка женская, черная, из крепа",STOCK_NO_SALES,MED,2.0,2.0,0.0,0.0,Склад ИМ,0.0,0.0,0,,0.0,0.0,0.0,0.0,0.0,0.0,IM_DEAD_CANDIDATE,YES,N
0-1862,"Юбка женская, черная, из футера, с вышивкой на боковом шве",STOCK_NO_SALES,MED,1.0,0.0,0.0,0.0,Салон (Лена М.),0.0,0.0,0,,0.0,0.0,0.0,0.0,0.0,0.0,,YES,N
0-1868A,"Рубашка женская, черная с принтом "" белая Y"", из шелка, с рукавом ""кимоно""",SALES_NO_STOCK,LOW,0.0,0.0,0.0,0.0,Склад ИМ|Склад оптовых продаж,5.0,237362.0,7,B2B|IM,3.0,120600.0,0.0,0.0,2.0,1.0,,YES,N
0-1869A,"Брюки женские, черные с принтом ""белая Y"", из шелка, с отделкой ""лампас"", широкие",STOCK_AND_SALES,LOW,3.0,3.0,0.0,0.0,Склад ИМ|Склад оптовых продаж,6.0,156871.0,5,B2B|IM,3.0,92500.0,0.0,0.0,3.0,0.6667,IM_ALIGNED,YES,N
0-1869B,"Брюки женские, черные с принтом ""цветные капли"", из батиста, расклешенные к низу",STOCK_NO_SALES,MED,2.0,2.0,0.0,0.0,Склад ИМ|Склад оптовых продаж,0.0,0.0,0,,0.0,0.0,0.0,0.0,0.0,0.0,IM_DEAD_CANDIDATE,YES,N
0-1871A,,SALES_NO_STOCK,LOW,0.0,0.0,0.0,0.0,,14.0,214340.0,9,B2B|IM,2.0,47900.0,0.0,0.0,12.0,1.0,,YES,N
0-1871B,"Юбка женская, черная, из фатина, с принтом ""листья""",STOCK_AND_SALES,LOW,2.0,0.0,0.0,0.0,Салон (Лена М.)|Склад ИМ|Склад оптовых продаж,2.0,30000.0,2,IM,2.0,30000.0,0.0,0.0,0.0,0.5,,YES,N
0-1871Г,"Юбка женская, серая, из сетки, с розовым принтом ""листья""",SALES_NO_STOCK,LOW,0.0,0.0,0.0,0.0,Склад ИМ|Склад производства (Жукова),2.0,30950.0,2,IM,2.0,30950.0,0.0,0.0,0.0,1.0,,YES,N
0-1871Д,"Юбка женская, розовая, из фатина, с принтом ""листья""",SALES_NO_STOCK,LOW,0.0,0.0,0.0,0.0,Подарки|Склад ИМ|Склад оптовых продаж,3.0,45770.0,3,B2B|IM,2.0,31900.0,0.0,0.0,1.0,1.0,,YES,N
0-1873,"Куртка женская, черная, из эко-кожи, с вышивкой ""Цветок""",SALES_NO_STOCK,LOW,0.0,0.0,0.0,0.0,Склад ИМ|Склад оптовых продаж,1.0,18900.0,2,IM,1.0,18900.0,0.0,0.0,0.0,1.0,,YES,N
0-1876,"Платье женское, черное, из стрейч бархата, с белым кружевным воротником, приталенное",SALES_NO_STOCK,LOW,0.0,0.0,0.0,0.0,Склад ИМ|Склад оптовых продаж,1.0,13800.0,2,IM,1.0,13800.0,0.0,0.0,0.0,1.0,,YES,N
0-1878,"Жакет женский, темно-синий, из джерси, с принтом ""Цветок""",SALES_NO_STOCK,LOW,0.0,0.0,0.0,0.0,Склад ИМ|Склад производства (Жукова),1.0,11850.0,1,IM,1.0,11850.0,0.0,0.0,0.0,1.0,,YES,N
0-1879,"Юбка женская, темно-синяя, из джерси, с принтом ""цветок""",SALES_NO_STOCK,LOW,0.0,0.0,0.0,0.0,Склад ИМ,2.0,39800.0,2,IM,2.0,39800.0,0.0,0.0,0.0,1.0,,YES,N
0-1882A,"Юбка женская, белая, из фатина, с шелковой отделкой по низу юбки",SALES_NO_STOCK,LOW,0.0,0.0,0.0,0.0,Склад ИМ,1.0,15000.0,1,IM,1.0,15000.0,0.0,0.0,0.0,1.0,,YES,N
0-1899,"Брюки женские, черные, из футера, с поясом ""рибана""",STOCK_AND_SALES,LOW,3.0,2.0,0.0,0.0,Салон (Лена М.)|Склад ИМ|Склад оптовых продаж|Склад производства (Жукова),19.0,158484.0,10,B2B|IM,3.0,49430.0,0.0,0.0,16.0,0.8636,IM_ALIGNED,YES,N
0-1899B,"Брюки женские, голубые, из футера, с поясом ""рибана""",SALES_NO_STOCK,LOW,0.0,0.0,0.0,0.0,Склад оптовых продаж,2.0,13218.0,1,B2B,0.0,0.0,0.0,0.0,2.0,1.0,,YES,N
0-1899C,"Брюки женские, розовые, из футера, с поясом ""рибана""",SALES_NO_STOCK,LOW,0.0,0.0,0.0,0.0,Склад оптовых продаж,5.0,33045.0,2,B2B,0.0,0.0,0.0,0.0,5.0,1.0,,YES,N
0-1906A,"Платье женское, черное, из фатина, с принтом ""листья""",SALES_NO_STOCK,LOW,0.0,0.0,0.0,0.0,Подарки|Склад ИМ,1.0,96030.0,1,IM,1.0,96030.0,0.0,0.0,0.0,1.0,,YES,N
0-1933A,"Платье женское, черное, из трикотажа, с мягкой драпировкой",SALES_NO_STOCK,LOW,0.0,0.0,0.0,0.0,Подарки|Склад ИМ,1.0,28700.0,1,IM,1.0,28700.0,0.0,0.0,0.0,1.0,,YES,N
0-1940,"Брюки-джоггеры женские, черные, из стрейч бархата",SALES_NO_STOCK,LOW,0.0,0.0,0.0,0.0,Склад ИМ|Склад производства (Жукова),3.0,42300.0,4,IM,3.0,42300.0,0.0,0.0,0.0,1.0,,YES,N
0-1942,"Шорты женские, черные, из бархата, удлиненные",STOCK_AND_SALES,LOW,2.0,2.0,0.0,0.0,Подарки|Склад ИМ,2.0,6300.0,2,IM,2.0,6300.0,0.0,0.0,0.0,0.5,IM_ALIGNED,YES,N
0-1948,"Платье женское, черное, из бархата, с белой вставкой из кружева",SALES_NO_STOCK,LOW,0.0,0.0,0.0,0.0,Подарки|Склад ИМ,1.0,49500.0,1,IM,1.0,49500.0,0.0,0.0,0.0,1.0,,YES,N
0-1949,"Платье женское, черное, из бархата, с декором ""Цветы"" на рукавах",SALES_NO_STOCK,LOW,0.0,0.0,0.0,0.0,Подарки|Склад ИМ|Склад оптовых продаж,1.0,49500.0,1,B2B,0.0,0.0,0.0,0.0,1.0,1.0,,YES,N
0-1950A,"Платье женское, черное, из бархата, декорировано белыми манжетами и черным бантом",SALES_NO_STOCK,LOW,0.0,0.0,0.0,0.0,Склад ИМ|Склад производства (Жукова),1.0,140400.0,1,IM,1.0,140400.0,0.0,0.0,0.0,1.0,,YES,N
0-1951,"Платье женское, черное в горох, из атласа, по лифу вставка из белого кружева",SALES_NO_STOCK,LOW,0.0,0.0,0.0,0.0,Подарки|Склад ИМ|Склад оптовых продаж,1.0,39000.0,1,B2B,0.0,0.0,0.0,0.0,1.0,1.0,,YES,N
0-1960,"Блуза женская, розовая, из шифона, с воротником ""стойка"", переходящая в бант",STOCK_AND_SALES,LOW,2.0,2.0,0.0,0.0,Склад ИМ|Склад оптовых продаж|Склад производства (Жукова),1.0,35730.0,1,IM,1.0,35730.0,0.0,0.0,0.0,0.3333,IM_ALIGNED,YES,N
0-1962,"Платье женское, фиолетово-черное, из пайеточной ткани, с декоративной съемной деталью",SALES_NO_STOCK,LOW,0.0,0.0,0.0,0.0,Склад ИМ|Склад оптовых продаж,1.0,49500.0,1,B2B,0.0,0.0,0.0,0.0,1.0,1.0,,YES,N
0-1963A,"Платье женское, белое, из шифона, с страусиным боа и вышитыми цветами",STOCK_NO_SALES,MED,1.0,0.0,0.0,0.0,Салон (Лена М.)|Склад ИМ,0.0,0.0,0,,0.0,0.0,0.0,0.0,0.0,0.0,,YES,N
0-1963B,"Платье женское, красное, из шифона, с страусиным боа и вышитыми цветами",STOCK_NO_SALES,MED,1.0,0.0,0.0,0.0,Салон (Лена М.),0.0,0.0,0,,0.0,0.0,0.0,0.0,0.0,0.0,,YES,N
0-1964B,"Блуза женская, черная, из бархата и фатина, декорирована бантом по горловине",SALES_NO_STOCK,LOW,0.0,0.0,0.0,0.0,Подарки|Склад ИМ|Склад производства (Жукова),1.0,9800.0,1,IM,1.0,9800.0,0.0,0.0,0.0,1.0,,YES,N
0-1967,"Платье женское, черное, из бархата, декорировано бархатным бантом на кокетке из фатина",SALES_NO_STOCK,LOW,0.0,0.0,0.0,0.0,Склад ИМ,1.0,24750.0,1,IM,1.0,24750.0,0.0,0.0,0.0,1.0,,YES,N
0-1968,"Пальто женское, черное, из бархата и пайеточной ткани, декорировано перьями страуса по низу рукава",STOCK_AND_SALES,LOW,1.0,0.0,0.0,0.0,Салон (Лена М.)|Склад ИМ|Склад оптовых продаж,1.0,67000.0,2,IM,1.0,67000.0,0.0,0.0,0.0,0.5,,YES,N
0-1971,"Платье женское, голубое, из шифона, декорировано вышитыми цветами",SALES_NO_STOCK,LOW,0.0,0.0,0.0,0.0,Склад ИМ,1.0,20000.0,1,IM,1.0,20000.0,0.0,0.0,0.0,1.0,,YES,N
0-1973,"Юбка женская, белая, из крепа, декорирована вышитыми цветами по низу",SALES_NO_STOCK,LOW,0.0,0.0,0.0,0.0,Подарки|Склад ИМ,1.0,9000.0,1,IM,1.0,9000.0,0.0,0.0,0.0,1.0,,YES,N
0-1975,"Платье женское, черное, из футера и бархата, с объемными рукавами ""баллон""",SALES_NO_STOCK,LOW,0.0,0.0,0.0,0.0,Склад ИМ,2.0,75200.0,2,IM,2.0,75200.0,0.0,0.0,0.0,1.0,,YES,N
0-1976,"Платье женское, черное, из кружевной ткани и фатина, декорировано по горловине вышитыми цветами",STOCK_NO_SALES,MED,2.0,1.0,0.0,0.0,Салон (Лена М.)|Склад ИМ|Склад оптовых продаж,0.0,0.0,0,,0.0,0.0,0.0,0.0,0.0,0.0,IM_DEAD_CANDIDATE,YES,N
0-1981A,"Свитшот женский, белый, из футера и пайеточной ткани, с вышитой буквой Y",SALES_NO_STOCK,LOW,0.0,0.0,0.0,0.0,Склад ИМ,2.0,20000.0,2,IM,2.0,20000.0,0.0,0.0,0.0,1.0,,YES,N
0-1983,"Футболка женская, белая, из трикотажа, с длинным рукавом",SALES_NO_STOCK,LOW,0.0,0.0,0.0,0.0,Подарки|Склад ИМ,1.0,8400.0,1,IM,1.0,8400.0,0.0,0.0,0.0,1.0,,YES,N
0-1984F,"Футболка женская, черная с принтом ""цветные капли"", из хлопка",SALES_NO_STOCK,LOW,0.0,0.0,0.0,0.0,Aldo Coppola|Подарки|Склад ИМ|Склад оптовых продаж,1.0,13500.0,1,IM,1.0,13500.0,0.0,0.0,0.0,1.0,,YES,N
0-1984G,"Футболка женская, белая с принтом ""цветные капли"", из хлопка",SALES_NO_STOCK,LOW,0.0,0.0,0.0,0.0,Склад ИМ,1.0,13500.0,1,IM,1.0,13500.0,0.0,0.0,0.0,1.0,,YES,N
0-1984H,"Футболка женская, белая, из хлопка, с принтом ""БАЛЕРИНА""",SALES_NO_STOCK,LOW,0.0,0.0,0.0,0.0,Склад ИМ,1.0,13500.0,1,IM,1.0,13500.0,0.0,0.0,0.0,1.0,,YES,N
0-1984P,"Футболка женская, белая, из трикотажа, с декором принт ""дерево, птица, Yanina""",STOCK_AND_SALES,LOW,6.0,5.0,0.0,0.0,Подарки|Салон (Лена М.)|Склад ИМ|Склад оптовых продаж,21.0,315781.0,14,B2B|IM,8.0,162000.0,0.0,0.0,13.0,0.7778,IM_ALIGNED,YES,N
0-1998C,"Пальто-халат женское, многоцветное, из шелка, с отделкой из черного шелка по рукавам",SALES_NO_STOCK,LOW,0.0,0.0,0.0,0.0,Склад ИМ,1.0,64800.0,1,IM,1.0,64800.0,0.0,0.0,0.0,1.0,,YES,N
0-2007A,"Брюки женские, черные, из бархата, с резинкой-тесьмой",SALES_NO_STOCK,LOW,0.0,0.0,0.0,0.0,Подарки|Склад ИМ|Склад оптовых продаж|Склад производства (Жукова),13.0,224580.0,18,IM,13.0,224580.0,0.0,0.0,0.0,1.0,,YES,N
0-2027E,"Платье-кафтан женское, желтое, из шифона, декорировано расшитой тесьмой",STOCK_NO_SALES,MED,1.0,0.0,0.0,0.0,Салон (Лена М.)|Склад ИМ,0.0,0.0,0,,0.0,0.0,0.0,0.0,0.0,0.0,,YES,N
0-2027F,"Платье женское, белое, из хлопка, на тонких бретелях",STOCK_AND_SALES,LOW,1.0,0.0,0.0,0.0,Подарки|Склад ИМ|Склад оптовых продаж,4.0,687720.0,5,IM,4.0,687720.0,0.0,0.0,0.0,0.8,,YES,N
0-2028,"Пальто-халат женское, черное с принтом ""белые Y"", из шелка, с рукавом ""кимоно""",STOCK_AND_SALES,LOW,1.0,0.0,0.0,0.0,Подарки|Склад ИМ|Склад оптовых продаж,2.0,205800.0,4,IM,2.0,205800.0,0.0,0.0,0.0,0.6667,,YES,N
0-2028A,"Пальто-халат женское, белое с принтом ""черные Y"", из шелка, с рукавом ""кимоно""",SALES_NO_STOCK,LOW,0.0,0.0,0.0,0.0,Подарки|Склад ИМ|Склад оптовых продаж,2.0,164400.0,4,IM,2.0,164400.0,0.0,0.0,0.0,1.0,,YES,N
0-2029,"Шорты женские, черные с принтом ""белые Y"", из шелка, с отделкой ""лампас""",STOCK_AND_SALES,LOW,2.0,2.0,0.0,0.0,Склад ИМ|Склад оптовых продаж,2.0,47336.0,3,B2B|IM,1.0,35100.0,0.0,0.0,1.0,0.5,IM_ALIGNED,YES,N
0-2031,"Платье-парео женское, черное с принтом ""арабеска"", из батиста",SALES_NO_STOCK,LOW,0.0,0.0,0.0,0.0,Склад ИМ,2.0,69150.0,3,IM,2.0,69150.0,0.0,0.0,0.0,1.0,,YES,N
0-2032,"Рубашка женская, черная с принтом ""белые Y"", из шелка, декорирована белой тесьмой",SALES_NO_STOCK,LOW,0.0,0.0,0.0,0.0,Салон (Лена М.)|Склад ИМ|Склад оптовых продаж,10.0,653167.0,16,B2B|IM,9.0,603602.0,0.0,0.0,1.0,1.0,,YES,N
0-2032C,"Блуза женская, белая с принтом ""цветные капли"", из батиста, декорирована тесьмой",SALES_NO_STOCK,LOW,0.0,0.0,0.0,0.0,Склад ИМ|Склад производства (Жукова),1.0,132300.0,1,IM,1.0,132300.0,0.0,0.0,0.0,1.0,,YES,N
0-2032D/A,"Рубашка женская, черная с принтом ""грибы"", из батиста, декорирована тесьмой",STOCK_NO_SALES,MED,2.0,2.0,0.0,0.0,Склад ИМ|Склад оптовых продаж,0.0,0.0,0,,0.0,0.0,0.0,0.0,0.0,0.0,IM_DEAD_CANDIDATE,YES,N
0-2032D/B,"Блуза женская, белая с принтом ""цветы"", из батиста, декорирована каймой,",SALES_NO_STOCK,LOW,0.0,0.0,0.0,0.0,Склад ИМ|Склад оптовых продаж,1.0,99314.0,1,IM,1.0,99314.0,0.0,0.0,0.0,1.0,,YES,N
0-2032M,"Блуза женская, черная с принтом ""грибы"", из батиста",STOCK_NO_SALES,MED,2.0,2.0,0.0,0.0,Склад ИМ|Склад оптовых продаж,0.0,0.0,0,,0.0,0.0,0.0,0.0,0.0,0.0,IM_DEAD_CANDIDATE,YES,N
0-2032N,"Рубашка женская, розовая с принтом ""девочки"", из вискозы",STOCK_NO_SALES,MED,1.0,1.0,0.0,0.0,Aldo Coppola|Склад ИМ|Склад оптовых продаж,0.0,0.0,0,,0.0,0.0,0.0,0.0,0.0,0.0,IM_DEAD_CANDIDATE,YES,N
0-2037,"Брюки женские, черные с принтом ""белые Y"", из шелка, с отделкой ""лампас""",SALES_NO_STOCK,LOW,0.0,0.0,0.0,0.0,Подарки|Салон (Лена М.)|Склад ИМ|Склад оптовых продаж,9.0,281574.0,16,IM,9.0,281574.0,0.0,0.0,0.0,1.0,,YES,N
0-2037B,"Брюки женские, черные с принтом ""цветные капли"", из батиста, с отделкой ""лампас""",STOCK_NO_SALES,HIGH,3.0,3.0,0.0,0.0,Склад ИМ|Склад оптовых продаж,0.0,0.0,0,,0.0,0.0,0.0,0.0,0.0,0.0,IM_DEAD_CANDIDATE,YES,N
0-2037C,"Брюки женские, белые с принтом ""цветные капли"", из батиста",SALES_NO_STOCK,LOW,0.0,0.0,0.0,0.0,Склад ИМ|Склад производства (Жукова),1.0,87300.0,1,IM,1.0,87300.0,0.0,0.0,0.0,1.0,,YES,N
0-2037M,"Брюки женские, черные с принтом ""грибы"", из батиста",STOCK_NO_SALES,HIGH,3.0,3.0,0.0,0.0,Склад ИМ|Склад оптовых продаж|Склад производства (Жукова),0.0,0.0,0,,0.0,0.0,0.0,0.0,0.0,0.0,IM_DEAD_CANDIDATE,YES,N
0-2037N,"Брюки женские, розовые с принтом ""девочки"", из вискозы",STOCK_AND_SALES,LOW,1.0,1.0,0.0,0.0,Aldo Coppola|Склад ИМ|Склад оптовых продаж,1.0,19413.0,1,B2B,0.0,0.0,0.0,0.0,1.0,0.5,IM_STOCK_SOLD_ELSEWHERE,YES,N
0-2050,"Шорты женские, белые с принтом ""цветы"", из батиста, декорированы каймой",STOCK_NO_SALES,MED,1.0,1.0,0.0,0.0,Склад ИМ|Склад оптовых продаж,0.0,0.0,0,,0.0,0.0,0.0,0.0,0.0,0.0,IM_DEAD_CANDIDATE,YES,N
0-2050A,"Шорты женские, черные с принтом ""цветные капли"", из батиста",SALES_NO_STOCK,LOW,0.0,0.0,0.0,0.0,Склад ИМ,2.0,32300.0,2,IM,2.0,32300.0,0.0,0.0,0.0,1.0,,YES,N
0-2050B,"Шорты женские, белые с принтом ""капли Гжель"", из батиста",STOCK_NO_SALES,MED,1.0,0.0,0.0,0.0,Подарки|Склад ИМ|Склад оптовых продаж|Склад производства (Жукова)|Склад производства (Захарова),0.0,0.0,0,,0.0,0.0,0.0,0.0,0.0,0.0,,YES,N
0-2050C,"Шорты женские, черные с принтом ""грибы"", из батиста",STOCK_NO_SALES,MED,1.0,1.0,0.0,0.0,Склад ИМ|Склад оптовых продаж,0.0,0.0,0,,0.0,0.0,0.0,0.0,0.0,0.0,IM_DEAD_CANDIDATE,YES,N
0-2050M,"Шорты женские, черные с принтом ""белые Y и грибы"", из батиста, с отделкой белым кантом",STOCK_AND_SALES,LOW,3.0,3.0,0.0,0.0,Склад ИМ|Склад оптовых продаж,8.0,240880.0,13,IM,8.0,240880.0,0.0,0.0,0.0,0.7273,IM_ALIGNED,YES,N
0-2053,"Платье женское, черное с принтом ""цветные капли"", из батиста, декорировано тесьмой",SALES_NO_STOCK,LOW,0.0,0.0,0.0,0.0,Aldo Coppola|Подарки|Склад ИМ|Склад оптовых продаж,1.0,87000.0,2,IM,1.0,87000.0,0.0,0.0,0.0,1.0,,YES,N
0-2061A,"Парео женское, черное с принтом ""арабеска"", из батиста",SALES_NO_STOCK,LOW,0.0,0.0,0.0,0.0,Подарки|Склад ИМ,1.0,12500.0,2,IM,1.0,12500.0,0.0,0.0,0.0,1.0,,YES,N
0-2073B,"Пальто женское, темно-синее, из шерсти, со съемным меховым воротником",STOCK_NO_SALES,MED,1.0,0.0,0.0,0.0,Салон (Лена М.)|Склад оптовых продаж,0.0,0.0,0,,0.0,0.0,0.0,0.0,0.0,0.0,,YES,N
0-2079,"Дубленка женская, светло-серая, из овчины, декорирована аппликацией из кожи",STOCK_NO_SALES,MED,1.0,0.0,0.0,0.0,Салон (Лена М.)|Склад оптовых продаж,0.0,0.0,0,,0.0,0.0,0.0,0.0,0.0,0.0,,YES,N
0-2084,"Брюки женские, черные, из джерси, с карманами и жестким поясом на пряжке",SALES_NO_STOCK,LOW,0.0,0.0,0.0,0.0,Склад ИМ,2.0,11101.0,4,IM,2.0,11101.0,0.0,0.0,0.0,1.0,,YES,N
0-2111A,"Юбка женская, черная, из джерси, трапециевидного силуэта",SALES_NO_STOCK,LOW,0.0,0.0,0.0,0.0,Склад ИМ,1.0,15000.0,2,IM,1.0,15000.0,0.0,0.0,0.0,1.0,,YES,N
0-2121,"Юбка женская, бежевая с принтом ""девочки"", из хлопка, со складками",SALES_NO_STOCK,LOW,0.0,0.0,0.0,0.0,Подарки|Склад ИМ|Склад оптовых продаж,1.0,39000.0,2,IM,1.0,39000.0,0.0,0.0,0.0,1.0,,YES,N
0-2121A,"Юбка женская, серая с принтом ""девочки"", из хлопка, со складками по правой стороне",SALES_NO_STOCK,LOW,0.0,0.0,0.0,0.0,Подарки|Склад ИМ|Склад оптовых продаж,1.0,22200.0,2,IM,1.0,22200.0,0.0,0.0,0.0,1.0,,YES,N
0-2122,"Платье женское, черное с принтом ""девочки"", из шелка, со съемным поясом",STOCK_NO_SALES,MED,1.0,1.0,0.0,0.0,Склад ИМ|Склад оптовых продаж,0.0,0.0,0,,0.0,0.0,0.0,0.0,0.0,0.0,IM_DEAD_CANDIDATE,YES,N
0-2122C,"Платье женское, желтое с принтом ""девочки"", из шелка, со съемным поясом",SALES_NO_STOCK,LOW,0.0,0.0,0.0,0.0,Подарки|Склад ИМ,1.0,23750.0,1,B2B,0.0,0.0,0.0,0.0,1.0,1.0,,YES,N
0-2125,"Платье женское, черное в белый горох, из шелка, декорировано белой брошью ""Цветок""",SALES_NO_STOCK,LOW,0.0,0.0,0.0,0.0,Остатки ЦУМ|Склад ИМ|Склад оптовых продаж,1.0,224000.0,1,TSUM,0.0,0.0,1.0,224000.0,0.0,1.0,,YES,N
0-2125I,"Платье женское, черное с принтом ""девочки"", из шелка, с брошью ""Цветок"", с поясом",SALES_NO_STOCK,LOW,0.0,0.0,0.0,0.0,Склад ИМ,2.0,106000.0,3,IM,2.0,106000.0,0.0,0.0,0.0,1.0,,YES,N
0-2127,"Свитер женский, бежевый, из кашемира, с вышивкой ""Цветок""",SALES_NO_STOCK,LOW,0.0,0.0,0.0,0.0,Склад ИМ|Склад производства (Жукова),2.0,223440.0,3,IM,2.0,223440.0,0.0,0.0,0.0,1.0,,YES,N
0-2137,"Блуза женская, черная, из трикотажа, с узким рукавом",STOCK_AND_SALES,LOW,1.0,1.0,0.0,0.0,Подарки|Склад ИМ|Склад оптовых продаж|Склад производства (Жукова),4.0,29205.0,7,IM,4.0,29205.0,0.0,0.0,0.0,0.8,IM_ALIGNED,YES,N
0-2137A,"Блуза женская, белая, из трикотажа, с узким рукавом",STOCK_AND_SALES,LOW,1.0,1.0,0.0,0.0,Склад ИМ|Склад оптовых продаж|Склад производства (Жукова),3.0,25950.0,3,IM,3.0,25950.0,0.0,0.0,0.0,0.75,IM_ALIGNED,YES,N
0-2143,"Рукава-балеро женские, черные, из фатина",STOCK_NO_SALES,MED,1.0,1.0,0.0,0.0,Склад ИМ,0.0,0.0,0,,0.0,0.0,0.0,0.0,0.0,0.0,IM_DEAD_CANDIDATE,YES,N
0-2144,"Платье женское, черное, из фатина, с геометричным принтом, c накидкой ""балеро"" из органзы",STOCK_NO_SALES,MED,1.0,1.0,0.0,0.0,Подарки|Склад ИМ|Склад оптовых продаж,0.0,0.0,0,,0.0,0.0,0.0,0.0,0.0,0.0,IM_DEAD_CANDIDATE,YES,N
0-2152A,"Платье женское, черное, из джерси, декорировано черным принтом и жемчугом",STOCK_NO_SALES,MED,1.0,1.0,0.0,0.0,Склад ИМ|Склад оптовых продаж,0.0,0.0,0,,0.0,0.0,0.0,0.0,0.0,0.0,IM_DEAD_CANDIDATE,YES,N
0-2163A,"Платье женское, черное с принтом ""цветы"", из шелковой тафты, с расшивкой ""Палочки""",SALES_NO_STOCK,LOW,0.0,0.0,0.0,0.0,Склад ИМ|Склад оптовых продаж,1.0,192000.0,2,IM,1.0,192000.0,0.0,0.0,0.0,1.0,,YES,N
0-2172,"Платок женский, черно-голубой с принтом ""леопард"", из шелка",STOCK_NO_SALES,MED,1.0,0.0,0.0,0.0,Подарки|Склад ИМ,0.0,0.0,0,,0.0,0.0,0.0,0.0,0.0,0.0,,YES,N
0-2173A,"Футболка женская, черная, из трикотажа, с рукавами из  пайеточной ткани",STOCK_AND_SALES,LOW,1.0,1.0,0.0,0.0,Склад ИМ|Склад оптовых продаж,2.0,17200.0,2,IM,2.0,17200.0,0.0,0.0,0.0,0.6667,IM_ALIGNED,YES,N
0-2185H,"Брюки женские, белые, из хлопка, расширенные к низу",SALES_NO_STOCK,LOW,0.0,0.0,0.0,0.0,Склад ИМ,1.0,7600.0,1,IM,1.0,7600.0,0.0,0.0,0.0,1.0,,YES,N
0-2204,"Блуза женская, черная, из трикотажа, с рукавами из пайеточной ткани",SALES_NO_STOCK,LOW,0.0,0.0,0.0,0.0,Склад ИМ,2.0,17480.0,2,IM,2.0,17480.0,0.0,0.0,0.0,1.0,,YES,N
0-2209,"Пальто женское, черное, из плащевой ткани, с меховым воротником",STOCK_NO_SALES,MED,1.0,0.0,0.0,0.0,Салон (Лена М.)|Склад оптовых продаж,0.0,0.0,0,,0.0,0.0,0.0,0.0,0.0,0.0,,YES,N
0-2214,"Пальто женское, черное, из плащевой ткани, объемное",STOCK_NO_SALES,MED,1.0,0.0,0.0,0.0,Салон (Лена М.)|Склад ИМ|Склад оптовых продаж,0.0,0.0,0,,0.0,0.0,0.0,0.0,0.0,0.0,,YES,N
0-2235A,"Платье женское, черное, из батиста, с принтом ""арабеска""",SALES_NO_STOCK,LOW,0.0,0.0,0.0,0.0,Склад ИМ|Склад производства (Жукова),1.0,56050.0,1,IM,1.0,56050.0,0.0,0.0,0.0,1.0,,YES,N
0-2244,"Рубашка женская, черная с принтом ""девочки"", из шелка",STOCK_NO_SALES,MED,1.0,1.0,0.0,0.0,Aldo Coppola|Склад ИМ|Склад оптовых продаж,0.0,0.0,0,,0.0,0.0,0.0,0.0,0.0,0.0,IM_DEAD_CANDIDATE,YES,N
0-2245,"Брюки женские, черные с принтом ""девочки"", из шелка",STOCK_AND_SALES,LOW,1.0,1.0,0.0,0.0,Aldo Coppola|Склад ИМ|Склад оптовых продаж,1.0,87300.0,2,IM,1.0,87300.0,0.0,0.0,0.0,0.5,IM_ALIGNED,YES,N
0-2246B,"Платье женское, розовое с принтом ""желто-черные Y"", из батиста, с поясом",STOCK_AND_SALES,LOW,1.0,0.0,0.0,0.0,Остатки ЦУМ|Подарки|Склад ИМ|Склад оптовых продаж,4.0,177402.03,2,B2B|TSUM,0.0,0.0,2.0,132948.03,2.0,0.8,,YES,N
0-2276B,"Юбка женская, серая с принтом ""дефиле"", из хлопка, с декором ""розовый бант""",SALES_NO_STOCK,LOW,0.0,0.0,0.0,0.0,Подарки|Склад ИМ,2.0,78000.0,3,IM,2.0,78000.0,0.0,0.0,0.0,1.0,,YES,N
0-2276C,"Юбка женская, розовая с принтом ""дефиле"", из хлопка",SALES_NO_STOCK,LOW,0.0,0.0,0.0,0.0,Склад ИМ,1.0,35100.0,1,IM,1.0,35100.0,0.0,0.0,0.0,1.0,,YES,N
0-2280,"Рубашка женская, белая с принтом ""пляж"", из хлопка, с отделкой черным кантом",SALES_NO_STOCK,LOW,0.0,0.0,0.0,0.0,Склад ИМ,1.0,57000.0,1,IM,1.0,57000.0,0.0,0.0,0.0,1.0,,YES,N
0-2286,"Шорты женские, синие с принтом ""микс"", из батиста",SALES_NO_STOCK,LOW,0.0,0.0,0.0,0.0,Склад ИМ,1.0,28980.0,1,IM,1.0,28980.0,0.0,0.0,0.0,1.0,,YES,N
0-2290,"Юбка женская, белая с принтом ""пляж"", из хлопка",STOCK_AND_SALES,LOW,1.0,0.0,0.0,0.0,Салон (Лена М.)|Склад ИМ|Склад оптовых продаж,2.0,88350.0,2,IM,2.0,88350.0,0.0,0.0,0.0,0.6667,,YES,N
0-2291,"Блуза женская, белая с принтом ""пляж"", из хлопка",STOCK_AND_SALES,LOW,1.0,0.0,0.0,0.0,Салон (Лена М.)|Склад ИМ|Склад оптовых продаж,1.0,31350.0,1,IM,1.0,31350.0,0.0,0.0,0.0,0.5,,YES,N
0-2320A,"Юбка женская, белая, из фатина, с декором принт ""черные камешки""",SALES_NO_STOCK,LOW,0.0,0.0,0.0,0.0,Склад ИМ|Склад оптовых продаж,1.0,17378.0,1,B2B,0.0,0.0,0.0,0.0,1.0,1.0,,YES,N
0-2321,"Платье женское ""ТЕРРА"", розовое, из шерстяного крепа, с вышивкой",STOCK_NO_SALES,MED,1.0,0.0,0.0,0.0,Салон (Лена М.),0.0,0.0,0,,0.0,0.0,0.0,0.0,0.0,0.0,,YES,N
0-2323B,"Юбка женская, белая, из шерстяного крепа, с вышивкой",STOCK_NO_SALES,MED,1.0,0.0,0.0,0.0,Салон (Лена М.),0.0,0.0,0,,0.0,0.0,0.0,0.0,0.0,0.0,,YES,N
0-2324,"Пальто женское, серое, из шелкового бархата, с расшитыми розовыми цветами на рукавах",STOCK_NO_SALES,MED,1.0,0.0,0.0,0.0,Подарки|Салон (Лена М.)|Склад ИМ|Склад оптовых продаж,0.0,0.0,0,,0.0,0.0,0.0,0.0,0.0,0.0,,YES,N
0-2325,"Пальто женское ""ТЕРРА"", серое, из шерстяного крепа, с вышивкой",STOCK_NO_SALES,MED,1.0,0.0,0.0,0.0,Салон (Лена М.),0.0,0.0,0,,0.0,0.0,0.0,0.0,0.0,0.0,,YES,N
0-2325A,"Пальто женское ""ТЕРРА"", белое, из шерстяного крепа, с вышивкой",STOCK_NO_SALES,MED,1.0,0.0,0.0,0.0,Салон (Лена М.),0.0,0.0,0,,0.0,0.0,0.0,0.0,0.0,0.0,,YES,N
0-2325B,"Пальто женское ""ТЕРРА"", розовое, из шерстяного крепа, с вышивкой",STOCK_NO_SALES,MED,1.0,0.0,0.0,0.0,Салон (Лена М.),0.0,0.0,0,,0.0,0.0,0.0,0.0,0.0,0.0,,YES,N
0-2325E,"Пальто женское ""ТЕРРА"", темно-розовое, из шерстяного крепа, с вышивкой",STOCK_NO_SALES,MED,1.0,0.0,0.0,0.0,Салон (Лена М.),0.0,0.0,0,,0.0,0.0,0.0,0.0,0.0,0.0,,YES,N
0-2326,"Юбка женская ""ТЕРРА"", серая, из шерстяного крепа, прямого силуэта",STOCK_NO_SALES,MED,1.0,0.0,0.0,0.0,Салон (Лена М.),0.0,0.0,0,,0.0,0.0,0.0,0.0,0.0,0.0,,YES,N
0-2326B,"Юбка женская ""ТЕРРА"", розовая, из шерстяного крепа, с вышивкой",STOCK_NO_SALES,MED,1.0,0.0,0.0,0.0,Салон (Лена М.),0.0,0.0,0,,0.0,0.0,0.0,0.0,0.0,0.0,,YES,N
0-2328,"Юбка женская, серая, из шерсти, с аппликационной вышивкой ""Хризантемы""",STOCK_AND_SALES,LOW,1.0,0.0,0.0,0.0,Салон (Лена М.),2.0,300080.0,4,IM,2.0,300080.0,0.0,0.0,0.0,0.6667,,YES,N
0-2328B,"Юбка женская, красная, из шерсти, с аппликационной вышивкой ""Хризантемы""",STOCK_NO_SALES,MED,1.0,0.0,0.0,0.0,Салон (Лена М.),0.0,0.0,0,,0.0,0.0,0.0,0.0,0.0,0.0,,YES,N
0-2330,"Платье женское, розовое с принтом ""многоцветные разводы"", из шелка",SALES_NO_STOCK,LOW,0.0,0.0,0.0,0.0,Склад ИМ,1.0,100000.0,2,IM,1.0,100000.0,0.0,0.0,0.0,1.0,,YES,N
0-2336B,"Брюки женские, черные, из джерси, без подкладки",SALES_NO_STOCK,LOW,0.0,0.0,0.0,0.0,Склад ИМ,1.0,48240.0,1,IM,1.0,48240.0,0.0,0.0,0.0,1.0,,YES,N
0-2340A,"Пальто женское, черное, из шерстяного крепа, с белой кожаной аппликацией",STOCK_NO_SALES,MED,1.0,0.0,0.0,0.0,Салон (Лена М.),0.0,0.0,0,,0.0,0.0,0.0,0.0,0.0,0.0,,YES,N
0-2347,"Пальто женское ""ДИАГОНАЛЬ"", черное, из шерсти, с отделкой кожей",STOCK_NO_SALES,MED,1.0,0.0,0.0,0.0,Салон (Лена М.)|Склад ИМ|Склад оптовых продаж,0.0,0.0,0,,0.0,0.0,0.0,0.0,0.0,0.0,,YES,N
0-2352,"Пальто женское, коричневое, из пальтовой ткани, декорировано бахромой",SALES_NO_STOCK,LOW,0.0,0.0,0.0,0.0,Склад ИМ|Склад оптовых продаж,2.0,117458.0,2,B2B|IM,1.0,88110.0,0.0,0.0,1.0,1.0,,YES,N
0-2353,"Юбка женская, коричневая, из пальтовой ткани, с отделкой бахромой по низу юбки",SALES_NO_STOCK,LOW,0.0,0.0,0.0,0.0,Склад ИМ|Склад оптовых продаж|Склад производства (Жукова),1.0,16391.0,1,B2B,0.0,0.0,0.0,0.0,1.0,1.0,,YES,N
0-2356,"Юбка женская, черная, из костюмной ткани, декорирована бахромой по низу",SALES_NO_STOCK,LOW,0.0,0.0,0.0,0.0,Склад ИМ,2.0,53050.0,3,IM,2.0,53050.0,0.0,0.0,0.0,1.0,,YES,N
0-2359,"Свитшот женский, черный, из футера, с декором принт ""сердце, Yanina""",STOCK_NO_SALES,HIGH,10.0,4.0,0.0,0.0,Подарки|Салон (Лена М.)|Склад ИМ|Склад оптовых продаж|Склад производства (Жукова),0.0,0.0,0,,0.0,0.0,0.0,0.0,0.0,0.0,IM_DEAD_CANDIDATE,YES,N
0-2359A,"Свитшот женский, черный, из футера, с декором принт ""дерево, птица, Yanina""",STOCK_AND_SALES,LOW,4.0,2.0,0.0,0.0,Подарки|Салон (Лена М.)|Склад ИМ|Склад оптовых продаж|Склад производства (Жукова),70.0,1531286.0,59,B2B|IM,33.0,969195.0,0.0,0.0,37.0,0.9459,IM_ALIGNED,YES,N
0-2362,"Юбка женская, коричневая, из шерсти, со складками и отделкой из коричневой тафты по борту",SALES_NO_STOCK,LOW,0.0,0.0,0.0,0.0,Склад ИМ|Склад оптовых продаж,1.0,18985.0,1,B2B,0.0,0.0,0.0,0.0,1.0,1.0,,YES,N
0-2364A,"Блуза женская, черная, из бархата, с объемными, декорированными белыми бантами по низу рукавами",SALES_NO_STOCK,LOW,0.0,0.0,0.0,0.0,Склад ИМ|Склад оптовых продаж,4.0,73875.0,5,IM,4.0,73875.0,0.0,0.0,0.0,1.0,,YES,N
0-2364B,"Блуза женская, черная, из крепа, с объемным рукавом, декорирована бантом по низу рукавов",SALES_NO_STOCK,LOW,0.0,0.0,0.0,0.0,Остатки ЦУМ|Подарки|Склад ИМ|Склад производства (Жукова),1.0,15760.0,1,IM,1.0,15760.0,0.0,0.0,0.0,1.0,,YES,N
0-2365,"Юбка женская, черная, из фатина, с декором принт ""черные цветы"" по передней половине юбки",SALES_NO_STOCK,LOW,0.0,0.0,0.0,0.0,Склад ИМ,1.0,18950.0,1,IM,1.0,18950.0,0.0,0.0,0.0,1.0,,YES,N
0-2367,"Платье женское, многоцветное, из шелка, декорировано серыми перьями страуса по рукавам",SALES_NO_STOCK,LOW,0.0,0.0,0.0,0.0,Склад ИМ,1.0,76140.0,1,IM,1.0,76140.0,0.0,0.0,0.0,1.0,,YES,N
0-2368,"Пальто женское, черное, из костюмной ткани, декорировано бахромой",SALES_NO_STOCK,LOW,0.0,0.0,0.0,0.0,Склад ИМ|Склад производства (Жукова),1.0,168435.0,2,IM,1.0,168435.0,0.0,0.0,0.0,1.0,,YES,N
0-2384,"Брюки женские, черные, из шелкового бархата, с отделкой белым кантом по бокам",SALES_NO_STOCK,LOW,0.0,0.0,0.0,0.0,Остатки ЦУМ|Склад ИМ|Склад оптовых продаж,1.0,66447.0,2,IM,1.0,66447.0,0.0,0.0,0.0,1.0,,YES,N
0-2393,"Платье женское, черное, из шелка, с бахромой и кокеткой расшитой бисером",SALES_NO_STOCK,LOW,0.0,0.0,0.0,0.0,Остатки ЦУМ|Подарки|Склад ИМ|Склад оптовых продаж|Склад производства (Жукова),3.0,1016600.0,6,IM,3.0,1016600.0,0.0,0.0,0.0,1.0,,YES,N
0-2396,"Платье женское, черное, из крепа, с декором ""Листья"" на манжетах",STOCK_NO_SALES,MED,1.0,0.0,0.0,0.0,Остатки ЦУМ|Салон (Лена М.)|Склад ИМ,0.0,0.0,0,,0.0,0.0,0.0,0.0,0.0,0.0,,YES,N
0-2397,"Платье женское, черное, из стрейч бархата, с разрезом и декором из страз",STOCK_AND_SALES,LOW,1.0,1.0,0.0,0.0,Остатки ЦУМ|Подарки|Склад ИМ|Склад оптовых продаж,1.0,199500.0,1,TSUM,0.0,0.0,1.0,199500.0,0.0,0.5,IM_STOCK_SOLD_ELSEWHERE,YES,N
0-2397B,,SALES_NO_STOCK,LOW,0.0,0.0,0.0,0.0,,1.0,238050.0,1,TSUM,0.0,0.0,1.0,238050.0,0.0,1.0,,YES,N
0-2400,"Платье женское, черное, из стрейч бархата, с вышивкой ""Цветы""",SALES_NO_STOCK,LOW,0.0,0.0,0.0,0.0,Остатки ЦУМ|Подарки|Склад ИМ|Склад оптовых продаж,1.0,244800.0,1,IM,1.0,244800.0,0.0,0.0,0.0,1.0,,YES,N
0-2404,"Платье женское, черное, с принтом ""девочки"", из шелка, на тонких бретелях",SALES_NO_STOCK,LOW,0.0,0.0,0.0,0.0,Aldo Coppola|Остатки ЦУМ|Склад ИМ|Склад оптовых продаж,4.0,291060.0,6,IM,4.0,291060.0,0.0,0.0,0.0,1.0,,YES,N
0-2406,"Юбка женская, черная, из бархата, средней длины, с поясом",SALES_NO_STOCK,LOW,0.0,0.0,0.0,0.0,Остатки ЦУМ|Подарки|Склад ИМ|Склад оптовых продаж,6.0,436984.0,11,IM,6.0,436984.0,0.0,0.0,0.0,1.0,,YES,N
0-2409,"Платье женское, черное, из шерсти, с декором из сетки и перьев",STOCK_NO_SALES,MED,1.0,0.0,0.0,0.0,Остатки ЦУМ|Салон (Лена М.)|Склад ИМ|Склад оптовых продаж,0.0,0.0,0,,0.0,0.0,0.0,0.0,0.0,0.0,,YES,N
0-2419A,"Брюки женские, черные, из шелкового бархата, с отделкой белым кантом",STOCK_NO_SALES,MED,1.0,1.0,0.0,0.0,Салон (Лена М.)|Склад ИМ|Склад оптовых продаж,0.0,0.0,0,,0.0,0.0,0.0,0.0,0.0,0.0,IM_DEAD_CANDIDATE,YES,N
0-2420A,"Жакет женский, черный, из шелкового бархата, с вышивкой ""Птицы"" на карманах",STOCK_NO_SALES,MED,1.0,1.0,0.0,0.0,Салон (Лена М.)|Склад ИМ|Склад оптовых продаж,0.0,0.0,0,,0.0,0.0,0.0,0.0,0.0,0.0,IM_DEAD_CANDIDATE,YES,N
0-2421,"Платье женское, розовое, из шелкового бархата, с воротником и манжетами из пайеток",STOCK_NO_SALES,HIGH,4.0,1.0,0.0,2.0,Остатки ЦУМ|Салон (Лена М.)|Склад ИМ|Склад оптовых продаж,0.0,0.0,0,,0.0,0.0,0.0,0.0,0.0,0.0,IM_DEAD_CANDIDATE,YES,N
0-2431A,"Шорты женские, черные, из стрейч бархата, с вышивкой ""Yanina""",STOCK_AND_SALES,LOW,1.0,0.0,0.0,0.0,Подарки|Склад ИМ|Склад производства (Жукова),2.0,42750.0,2,IM,2.0,42750.0,0.0,0.0,0.0,0.6667,,YES,N
0-2431B,"Шорты женские, черные с принтом ""цветы, грибы"", из хлопка",STOCK_AND_SALES,LOW,4.0,4.0,0.0,0.0,Aldo Coppola|Подарки|Салон (Лена М.)|Склад ИМ|Склад оптовых продаж|Склад производства (Жукова),10.0,74143.0,6,B2B|IM,2.0,33790.0,0.0,0.0,8.0,0.7143,IM_ALIGNED,YES,N
0-2436A,"Платье женское, зеленое, из шифона, с расшивкой бисером, корсетное",STOCK_NO_SALES,MED,1.0,0.0,0.0,0.0,Салон (Лена М.)|Склад ИМ,0.0,0.0,0,,0.0,0.0,0.0,0.0,0.0,0.0,,YES,N
0-2437,"Платье вечернее женское, серебряное, из пайеточной ткани, с расшивкой пайетками по горловине",STOCK_NO_SALES,MED,1.0,0.0,0.0,0.0,Салон (Лена М.)|Склад ИМ,0.0,0.0,0,,0.0,0.0,0.0,0.0,0.0,0.0,,YES,N
0-2455A,"Юбка женская, черная, из фатина, с декором принт ""дерево, птицы, Yanina""",STOCK_AND_SALES,LOW,3.0,0.0,0.0,0.0,Подарки|Склад ИМ|Склад оптовых продаж,17.0,541438.97,11,B2B|IM|TSUM,2.0,56640.0,3.0,272287.97,12.0,0.85,,YES,N
0-2456A,"Платье женское, черное, из крепа, короткое, с вышивкой ""Дерево, птица, Yanina""",SALES_NO_STOCK,LOW,0.0,0.0,0.0,0.0,Остатки ЦУМ|Подарки|Склад ИМ|Склад оптовых продаж,2.0,441508.84,2,TSUM,0.0,0.0,2.0,441508.84,0.0,1.0,,YES,N
0-2457A,"Платье женское, черное, из шерстяного крепа, с вышивкой ""Дерево, птица, Yanina""",SALES_NO_STOCK,LOW,0.0,0.0,0.0,0.0,Склад ИМ,2.0,352000.0,4,IM,2.0,352000.0,0.0,0.0,0.0,1.0,,YES,N
0-2458,"Блуза-боди женская, черная, из стрейч бархата, с белым воротником",SALES_NO_STOCK,LOW,0.0,0.0,0.0,0.0,Остатки ЦУМ|Склад ИМ|Склад оптовых продаж,3.0,146386.0,2,B2B|TSUM,0.0,0.0,1.0,78300.0,2.0,1.0,,YES,N
0-2459A,"Юбка женская, белая, из фатина, с декором принт ""птицы""",SALES_NO_STOCK,LOW,0.0,0.0,0.0,0.0,Склад ИМ|Склад оптовых продаж,4.0,55480.0,2,B2B,0.0,0.0,0.0,0.0,4.0,1.0,,YES,N
0-2460A,"Блуза женская, черная, из батиста, декорирована расшивкой кристаллами по воротнику",STOCK_AND_SALES,LOW,1.0,1.0,0.0,0.0,Aldo Coppola|Подарки|Салон (Лена М.)|Склад ИМ|Склад оптовых продаж,3.0,343308.0,6,IM,3.0,343308.0,0.0,0.0,0.0,0.75,IM_ALIGNED,YES,N
0-2461,"Платье женское, черное, из искусственного шелка, с вышивкой ""Дерево, птица"", с рукавом ""фонарик""",SALES_NO_STOCK,LOW,0.0,0.0,0.0,0.0,Склад ИМ,2.0,388800.0,2,IM|TSUM,1.0,172800.0,1.0,216000.0,0.0,1.0,,YES,N
0-2462A,"Жакет женский, черный, из стрейч бархата, с вышивкой ""Птицы и Yanina"" и отделкой белым кантом",SALES_NO_STOCK,LOW,0.0,0.0,0.0,0.0,Остатки ЦУМ|Склад ИМ,4.0,321300.0,7,IM|TSUM,3.0,195300.0,1.0,126000.0,0.0,1.0,,YES,N
0-2463A,"Брюки женские, черные, из стрейч бархата, с вышивкой ""Yanina""",SALES_NO_STOCK,LOW,0.0,0.0,0.0,0.0,Склад ИМ,1.0,48015.0,1,IM,1.0,48015.0,0.0,0.0,0.0,1.0,,YES,N
0-2464,"Пальто женское, черное, из стрейч-бархата, с вышивкой ""Дерево, птицы, Yanina""",SALES_NO_STOCK,LOW,0.0,0.0,0.0,0.0,Подарки|Склад ИМ,1.0,86496.64,1,TSUM,0.0,0.0,1.0,86496.64,0.0,1.0,,YES,N
0-2465A,"Блуза женская, белая, из хлопка, с вышивкой ""Дерево, птицы, Yanina"", с длинным рукавом",STOCK_AND_SALES,LOW,1.0,1.0,0.0,0.0,Склад ИМ,1.0,31825.0,2,IM,1.0,31825.0,0.0,0.0,0.0,0.5,IM_ALIGNED,YES,N
0-2468A,"Платье женское, черное в белый горох, из шелка, со съемным воротником и белыми манжетами",STOCK_AND_SALES,LOW,1.0,0.0,0.0,0.0,Остатки ЦУМ|Подарки|Салон (Лена М.)|Склад ИМ|Склад оптовых продаж,2.0,504000.0,2,TSUM,0.0,0.0,2.0,504000.0,0.0,0.6667,,YES,N
0-2469A,"Платье женское, черное в белый горох, из шифона, длинное, декорировано брошью ""Белый цветок""",SALES_NO_STOCK,LOW,0.0,0.0,0.0,0.0,Остатки ЦУМ|Подарки|Склад ИМ|Склад оптовых продаж,3.0,558350.17,3,TSUM,0.0,0.0,3.0,558350.17,0.0,1.0,,YES,N
0-2470,"Юбка женская, черная, из футера, с декором принт ""дерево, Yanina"", с отделкой ""лампас""",STOCK_AND_SALES,LOW,6.0,4.0,0.0,0.0,Подарки|Салон (Лена М.)|Склад ИМ|Склад оптовых продаж|Склад производства (Жукова),33.0,925960.0,37,B2B|IM,22.0,726975.0,0.0,0.0,11.0,0.8462,IM_ALIGNED,YES,N
0-2471,"Свитшот женский, черный, из футера, с декором принт ""дерево, птица, Yanina"" и отделкой ""лампас""",STOCK_AND_SALES,LOW,2.0,0.0,0.0,0.0,Салон (Лена М.)|Склад ИМ|Склад оптовых продаж,4.0,150680.0,7,IM,4.0,150680.0,0.0,0.0,0.0,0.6667,,YES,N
0-2472,"Брюки женские, черные, из футера, с декором принт ""дерево, Yanina"", отделкой ""лампас""",STOCK_AND_SALES,LOW,11.0,4.0,0.0,3.0,Салон (Лена М.)|Склад ИМ|Склад оптовых продаж|Склад производства (Жукова),25.0,624198.0,22,B2B|IM,12.0,381435.0,0.0,0.0,13.0,0.6944,IM_ALIGNED,YES,N
0-2473,"Блуза женская, черная, из футера, с декором принт ""птицы"" и белой отделкой",SALES_NO_STOCK,LOW,0.0,0.0,0.0,0.0,Подарки|Склад ИМ|Склад оптовых продаж|Склад производства (Жукова),10.0,600750.0,14,IM,10.0,600750.0,0.0,0.0,0.0,1.0,,YES,N
0-2475A,"Рубашка женская свободного силуэта, белая, из шелка, с вышивкой на кармане YC",STOCK_AND_SALES,LOW,1.0,0.0,0.0,0.0,Остатки ЦУМ|Подарки|Склад ИМ|Склад оптовых продаж|Склад производства (Захарова),1.0,60260.0,1,TSUM,0.0,0.0,1.0,60260.0,0.0,0.5,,YES,N
0-2475B,"Рубашка женская свободного силуэта, серая, из батиста, с вышивкой на кармане YC",SALES_NO_STOCK,LOW,0.0,0.0,0.0,0.0,Остатки ЦУМ|Подарки|Склад ИМ|Склад оптовых продаж,4.0,198073.53,5,IM|TSUM,1.0,33695.0,3.0,164378.53,0.0,1.0,,YES,N
0-2476,"Рубашка женская, белая с принтом ""девочки"", из шелка, с отделкой черным кантом, короткий рукав",STOCK_NO_SALES,MED,1.0,1.0,0.0,0.0,Остатки ЦУМ|Склад ИМ|Склад оптовых продаж,0.0,0.0,0,,0.0,0.0,0.0,0.0,0.0,0.0,IM_DEAD_CANDIDATE,YES,N
0-2477,"Рубашка женская, белая с принтом ""девочки"", из шелка, с отделкой черным кантом, с длинными рукавами",STOCK_NO_SALES,MED,2.0,2.0,0.0,0.0,Остатки ЦУМ|Склад ИМ|Склад оптовых продаж,0.0,0.0,0,,0.0,0.0,0.0,0.0,0.0,0.0,IM_DEAD_CANDIDATE,YES,N
0-2477A,"Рубашка женская, черная с принтом ""девочки"", из шелка, с отделкой белым кантом, длинный рукав",SALES_NO_STOCK,LOW,0.0,0.0,0.0,0.0,Остатки ЦУМ|Склад ИМ,2.0,285171.0,2,IM|TSUM,1.0,135171.0,1.0,150000.0,0.0,1.0,,YES,N
0-2478,"Рубашка женская, белая, из хлопка, с отделкой ""YANINA"" спереди",STOCK_AND_SALES,LOW,1.0,0.0,0.0,0.0,Остатки ЦУМ|Подарки|Склад ИМ|Склад оптовых продаж,3.0,147219.97,3,IM|TSUM,1.0,51220.0,2.0,95999.97,0.0,0.75,,YES,N
0-2479A,"Рубашка женская, чёрная с принтом ""белые Y"", из батиста, с отделкой ""лампас"", с поясом",STOCK_AND_SALES,LOW,1.0,1.0,0.0,0.0,Остатки ЦУМ|Подарки|Склад ИМ|Склад оптовых продаж,4.0,371504.0,6,IM|TSUM,3.0,257194.0,1.0,114310.0,0.0,0.8,IM_ALIGNED,YES,N
0-2480,"Блуза женская, белая с принтом ""оранжевые Y"", из шёлка, с отделкой ""лампас""",STOCK_AND_SALES,LOW,3.0,2.0,0.0,0.0,Aldo Coppola|Остатки ЦУМ|Салон (Лена М.)|Склад ИМ|Склад оптовых продаж,6.0,457489.51,9,IM|TSUM,5.0,325239.51,1.0,132250.0,0.0,0.6667,IM_ALIGNED,YES,N
0-2480B,"Блуза женская, белая с принтом ""оранжевые Y"", из батиста, с отделкой ""лампас""",STOCK_NO_SALES,HIGH,5.0,4.0,0.0,0.0,Остатки ЦУМ|Салон (Лена М.)|Склад ИМ|Склад оптовых продаж,0.0,0.0,0,,0.0,0.0,0.0,0.0,0.0,0.0,IM_DEAD_CANDIDATE,YES,N
0-2480C,"Блуза женская, розовая с принтом ""цветы и грибы"", из батиста, с отделкой ""Лампас""",STOCK_NO_SALES,MED,1.0,1.0,0.0,0.0,Aldo Coppola|Салон (Лена М.)|Склад ИМ,0.0,0.0,0,,0.0,0.0,0.0,0.0,0.0,0.0,IM_DEAD_CANDIDATE,YES,N
0-2481,"Брюки женские, белые с принтом ""черные Y и девочки"", из шёлка, с отделкой чёрным кантом",STOCK_NO_SALES,MED,1.0,1.0,0.0,0.0,Остатки ЦУМ|Склад ИМ,0.0,0.0,0,,0.0,0.0,0.0,0.0,0.0,0.0,IM_DEAD_CANDIDATE,YES,N
0-2481A,"Брюки женские, чёрные с принтом ""белые Y и девочки"", из шёлка, с отделкой белым кантом",STOCK_NO_SALES,MED,1.0,1.0,0.0,0.0,Остатки ЦУМ|Склад ИМ|Склад оптовых продаж,0.0,0.0,0,,0.0,0.0,0.0,0.0,0.0,0.0,IM_DEAD_CANDIDATE,YES,N
0-2481B,"Брюки женские, белые с принтом ""оранжевые Y"", из шёлка, с оранжевым кантом",STOCK_AND_SALES,LOW,1.0,0.0,0.0,0.0,Aldo Coppola|Остатки ЦУМ|Салон (Лена М.)|Склад ИМ|Склад оптовых продаж,8.0,491353.74,14,IM|TSUM,6.0,330353.74,2.0,161000.0,0.0,0.8889,,YES,N
0-2481C,"Брюки женские, белые с принтом ""серые Y"", из шёлка, с отделкой черным кантом",STOCK_NO_SALES,MED,1.0,1.0,0.0,0.0,Остатки ЦУМ|Склад ИМ,0.0,0.0,0,,0.0,0.0,0.0,0.0,0.0,0.0,IM_DEAD_CANDIDATE,YES,N
0-2481D,"Брюки женские, белые с принтом ""оранжево-черные Y"", из батиста, с оранжевым кантом",STOCK_NO_SALES,HIGH,4.0,3.0,0.0,0.0,Остатки ЦУМ|Салон (Лена М.)|Склад ИМ|Склад оптовых продаж,0.0,0.0,0,,0.0,0.0,0.0,0.0,0.0,0.0,IM_DEAD_CANDIDATE,YES,N
0-2481E,"Брюки женские, розовые с принтом "" цветы и грибы"" из батиста, с отделкой ""Лампас""",STOCK_NO_SALES,MED,1.0,1.0,0.0,0.0,Aldo Coppola|Салон (Лена М.)|Склад ИМ,0.0,0.0,0,,0.0,0.0,0.0,0.0,0.0,0.0,IM_DEAD_CANDIDATE,YES,N
0-2481F,"Брюки женские, красные с принтом "" цветы и грибы"" из батиста, с отделкой ""Лампас""",SALES_NO_STOCK,LOW,0.0,0.0,0.0,0.0,Aldo Coppola|Салон (Лена М.)|Склад ИМ,1.0,21400.0,2,IM,1.0,21400.0,0.0,0.0,0.0,1.0,,YES,N
0-2482A,"Брюки женские, чёрные с принтом ""белые Y"", из батиста, с отделкой ""лампас"" по низу",STOCK_AND_SALES,LOW,2.0,0.0,0.0,1.0,Остатки ЦУМ|Подарки|Склад ИМ|Склад оптовых продаж|Склад производства (Захарова),3.0,167099.0,3,IM|TSUM,1.0,66240.0,2.0,100859.0,0.0,0.6,,YES,N
0-2483,"Брюки женские, чёрные с принтом ""девочки"", из шёлка, с отделкой ""лампас""",STOCK_NO_SALES,MED,1.0,1.0,0.0,0.0,Остатки ЦУМ|Склад ИМ|Склад оптовых продаж,0.0,0.0,0,,0.0,0.0,0.0,0.0,0.0,0.0,IM_DEAD_CANDIDATE,YES,N
0-2485A,"Шорты женские, чёрные с принтом ""белые Y и девочки"", из батиста, с отделкой ""лампас"" по низу",SALES_NO_STOCK,LOW,0.0,0.0,0.0,0.0,Aldo Coppola|Остатки ЦУМ|Подарки|Склад ИМ|Склад оптовых продаж,1.0,28980.0,1,IM,1.0,28980.0,0.0,0.0,0.0,1.0,,YES,N
0-2487,"Пальто-халат женское, белое с принтом ""оранжевые буквы Y"", из шелка, с отделкой ""лампас"", длинное",STOCK_NO_SALES,HIGH,3.0,1.0,0.0,0.0,Салон (Лена М.)|Склад ИМ|Склад оптовых продаж,0.0,0.0,4,IM,0.0,0.0,0.0,0.0,0.0,0.0,IM_DEAD_CANDIDATE,YES,N
0-2487A,"Пальто-халат женское, белое с принтом ""Y"", из шелка, длинное",SALES_NO_STOCK,LOW,0.0,0.0,0.0,0.0,Подарки|Склад оптовых продаж,1.0,145040.0,1,TSUM,0.0,0.0,1.0,145040.0,0.0,1.0,,YES,N
0-2487B,"Пальто-халат женское, черное с принтом ""девочки"", из батиста, с отделкой ""лампас"", длинное",STOCK_AND_SALES,LOW,1.0,1.0,0.0,0.0,Склад ИМ|Склад оптовых продаж,1.0,114532.0,1,TSUM,0.0,0.0,1.0,114532.0,0.0,0.5,IM_STOCK_SOLD_ELSEWHERE,YES,N
0-2487C,"Пальто-халат женское, черное с принтом ""Y, грибы"", из шелка, с отделкой кайма",SALES_NO_STOCK,LOW,0.0,0.0,0.0,0.0,Склад ИМ|Склад оптовых продаж,1.0,177300.0,2,IM,1.0,177300.0,0.0,0.0,0.0,1.0,,YES,N
0-2488,"Брюки женские, синие с принтом ""белые Y и грибочки"", из денима",STOCK_AND_SALES,MED,8.0,5.0,0.0,0.0,Остатки ЦУМ|Подарки|Салон (Лена М.)|Склад ИМ|Склад оптовых продаж,3.0,150520.0,5,IM,3.0,150520.0,0.0,0.0,0.0,0.2727,IM_ALIGNED,YES,N
0-2489,"Куртка женская, синяя, из денима с принтом Грибочки",STOCK_AND_SALES,LOW,1.0,0.0,0.0,0.0,Остатки ЦУМ|Подарки|Салон (Лена М.)|Склад ИМ|Склад оптовых продаж,2.0,336490.0,2,IM|TSUM,1.0,159390.0,1.0,177100.0,0.0,0.6667,,YES,N
0-2490,"Юбка женская, синяя с принтом ""белые Y и грибочки"", из денима",STOCK_AND_SALES,MED,6.0,4.0,0.0,0.0,Остатки ЦУМ|Подарки|Салон (Лена М.)|Склад ИМ|Склад оптовых продаж,2.0,88711.0,2,IM|TSUM,1.0,42021.0,1.0,46690.0,0.0,0.25,IM_ALIGNED,YES,N
0-2491,,SALES_NO_STOCK,LOW,0.0,0.0,0.0,0.0,,1.0,53326.0,1,TSUM,0.0,0.0,1.0,53326.0,0.0,1.0,,YES,N
0-2492,"Платье женское, черное с 3D принтом ""Y"", из шелка, длинное",STOCK_AND_SALES,LOW,3.0,0.0,0.0,0.0,Остатки ЦУМ|Салон (Лена М.)|Склад ИМ|Склад оптовых продаж,2.0,342765.57,2,TSUM,0.0,0.0,2.0,342765.57,0.0,0.4,,YES,N
0-2493,"Платье женское, белое с принтом ""оранжево-черные Y"", из батиста, с широкими бретелями-завязками",STOCK_AND_SALES,LOW,1.0,0.0,0.0,0.0,Aldo Coppola|Остатки ЦУМ|Подарки|Салон (Лена М.)|Склад ИМ|Склад оптовых продаж,7.0,521695.99,6,B2B|IM|TSUM,1.0,54050.0,5.0,457645.99,1.0,0.875,,YES,N
0-2493A,"Платье женское, белое с принтом ""серо-черные Y"", из батиста, с широкими бретелями-завязками",STOCK_AND_SALES,LOW,2.0,0.0,0.0,1.0,Остатки ЦУМ|Подарки|Салон (Лена М.)|Склад ИМ|Склад оптовых продаж,3.0,30000.0,2,B2B,0.0,0.0,0.0,0.0,3.0,0.6,,YES,N
0-2494,"Платье женское, белое с принтом ""оранжево-черные Y"", из батиста, с поясом",STOCK_AND_SALES,LOW,3.0,0.0,0.0,1.0,Aldo Coppola|Остатки ЦУМ|Подарки|Салон (Лена М.)|Склад ИМ|Склад оптовых продаж,2.0,130240.0,2,B2B|IM,1.0,72740.0,0.0,0.0,1.0,0.4,,YES,N
0-2494A,"Платье женское, чёрное с принтом ""белые Y"", из батиста, с отделкой ""лампас"" на рукавах, с поясом",STOCK_NO_SALES,MED,1.0,0.0,0.0,0.0,Остатки ЦУМ|Салон (Лена М.)|Склад ИМ|Склад оптовых продаж,0.0,0.0,0,,0.0,0.0,0.0,0.0,0.0,0.0,,YES,N
0-2495,"Платье женское, чёрное с принтом ""хаотичные буквы Y"", из шёлка, длинное",STOCK_NO_SALES,MED,2.0,1.0,0.0,0.0,Остатки ЦУМ|Салон (Лена М.)|Склад ИМ|Склад оптовых продаж,0.0,0.0,0,,0.0,0.0,0.0,0.0,0.0,0.0,IM_DEAD_CANDIDATE,YES,N
0-2496,"Платье женское, белое с принтом ""черные Y и девочки"", из батиста, с открытыми плечами",SALES_NO_STOCK,LOW,0.0,0.0,0.0,0.0,Aldo Coppola|Остатки ЦУМ|Подарки|Склад ИМ|Склад оптовых продаж,6.0,60000.05,2,B2B,0.0,0.0,0.0,0.0,6.0,1.0,,YES,N
0-2497,"Платье женское, белое с принтом ""черные Y и девочки"", из батиста, с длинными рукавами и поясом",STOCK_AND_SALES,LOW,2.0,0.0,0.0,2.0,Остатки ЦУМ|Подарки|Склад ИМ|Склад оптовых продаж,7.0,70000.04,4,B2B,0.0,0.0,0.0,0.0,7.0,0.7778,,YES,N
0-2498,"Платье женское, розовое с принтом ""пион"", из штапеля, без рукавов",STOCK_AND_SALES,LOW,3.0,3.0,0.0,0.0,Остатки ЦУМ|Подарки|Склад ИМ|Склад оптовых продаж|Склад производства (Захарова),1.0,7000.0,5,B2B|IM,0.0,0.0,0.0,0.0,1.0,0.25,IM_STOCK_SOLD_ELSEWHERE,YES,N
0-2499,"Платье женское, розовое с принтом ""пион"", из батиста, приталенного силуэта",STOCK_AND_SALES,LOW,1.0,1.0,0.0,0.0,Остатки ЦУМ|Склад ИМ|Склад оптовых продаж,5.0,306037.0,4,B2B|TSUM,0.0,0.0,4.0,296037.0,1.0,0.8333,IM_STOCK_SOLD_ELSEWHERE,YES,N
0-2500,"Платье-кафтан женское, серое с большим цветком, из штапеля, рукав декорирован пайетками",SALES_NO_STOCK,LOW,0.0,0.0,0.0,0.0,Остатки ЦУМ|Подарки|Склад ИМ|Склад оптовых продаж|Склад производства (Жукова),5.0,206080.0,7,IM,5.0,206080.0,0.0,0.0,0.0,1.0,,YES,N
0-2502,"Юбка женская, черная с принтом ""девочки"", из шёлка, c отделкой ""лампас""",SALES_NO_STOCK,LOW,0.0,0.0,0.0,0.0,Остатки ЦУМ|Склад ИМ,1.0,30130.0,2,IM,1.0,30130.0,0.0,0.0,0.0,1.0,,YES,N
0-2503,"Юбка женская, черная с принтом ""девочки"", из хлопка, с лампасами ""YANINA""",STOCK_AND_SALES,LOW,2.0,0.0,0.0,0.0,Остатки ЦУМ|Подарки|Склад ИМ|Склад оптовых продаж,3.0,126546.0,5,IM,3.0,126546.0,0.0,0.0,0.0,0.6,,YES,N
0-2504,"Юбка женская, серая с принтом ""пион"", из батиста",STOCK_NO_SALES,MED,2.0,2.0,0.0,0.0,Остатки ЦУМ|Подарки|Склад ИМ|Склад оптовых продаж,0.0,0.0,0,,0.0,0.0,0.0,0.0,0.0,0.0,IM_DEAD_CANDIDATE,YES,N
0-2506,"Шорты женские удлиненные, черные, из стрейч бархата",SALES_NO_STOCK,LOW,0.0,0.0,0.0,0.0,Склад ИМ,1.0,3500.0,1,IM,1.0,3500.0,0.0,0.0,0.0,1.0,,YES,N
0-2511A,"Футболка женская, розовая с принтом ""Y"", из трикотажа",SALES_NO_STOCK,LOW,0.0,0.0,0.0,0.0,Подарки|Склад ИМ|Склад оптовых продаж,1.0,10304.0,2,IM,1.0,10304.0,0.0,0.0,0.0,1.0,,YES,N
0-2512,"Юбка женская, черная, из пайеточной ткани, длина мини",SALES_NO_STOCK,LOW,0.0,0.0,0.0,0.0,Склад ИМ,1.0,18850.0,1,IM,1.0,18850.0,0.0,0.0,0.0,1.0,,YES,N
0-2514,"Брюки женские, белые, из шифона",SALES_NO_STOCK,LOW,0.0,0.0,0.0,0.0,Склад ИМ,1.0,13850.0,1,IM,1.0,13850.0,0.0,0.0,0.0,1.0,,YES,N
0-2515,"Пальто женское, розовое, из костюмной ткани ""Шанель"", декорировано тесьмой по низу рукава",SALES_NO_STOCK,LOW,0.0,0.0,0.0,0.0,Склад ИМ|Склад оптовых продаж,2.0,49900.0,3,IM,2.0,49900.0,0.0,0.0,0.0,1.0,,YES,N
0-2516,"Платье женское, черное, из костюмной ткани ""шанель"" и шифона, декорировано тесьмой",STOCK_AND_SALES,LOW,2.0,0.0,0.0,0.0,Подарки|Салон (Лена М.)|Склад ИМ|Склад оптовых продаж,3.0,136586.0,3,B2B|IM,1.0,85500.0,0.0,0.0,2.0,0.6,,YES,N
0-2517,"Юбка женская, черная, из фатина, с декором принт ""белая Y""",SALES_NO_STOCK,LOW,0.0,0.0,0.0,0.0,Склад ИМ|Склад оптовых продаж,1.0,13870.0,1,B2B,0.0,0.0,0.0,0.0,1.0,1.0,,YES,N
0-2518,"Платье женское, розовое, из костюмной ткани ""шанель"", декорировано тесьмой и ниткой жемчуга по горло",SALES_NO_STOCK,LOW,0.0,0.0,0.0,0.0,Склад ИМ,1.0,28950.0,1,IM,1.0,28950.0,0.0,0.0,0.0,1.0,,YES,N
0-2519,"Куртка-бомбер женская, черная, из пайеточной ткани",SALES_NO_STOCK,LOW,0.0,0.0,0.0,0.0,Склад ИМ|Склад производства (Жукова),2.0,154260.0,2,IM,2.0,154260.0,0.0,0.0,0.0,1.0,,YES,N
0-2523,"Брюки женские, белые с принтом ""голубые цветы"", из батиста",SALES_NO_STOCK,LOW,0.0,0.0,0.0,0.0,Aldo Coppola|Салон (Лена М.)|Склад ИМ|Склад оптовых продаж,1.0,6986.0,1,B2B,0.0,0.0,0.0,0.0,1.0,1.0,,YES,N
0-2524,"Рубашка женская, белая с принтом ""голубые цветы"", из батиста, с рукавом ""кимоно""",STOCK_AND_SALES,LOW,1.0,1.0,0.0,0.0,Aldo Coppola|Салон (Лена М.)|Склад ИМ|Склад оптовых продаж,1.0,12909.0,1,B2B,0.0,0.0,0.0,0.0,1.0,0.5,IM_STOCK_SOLD_ELSEWHERE,YES,N
0-2527,"Шорты женские, белые с принтом ""синие цветы"", из батиста",STOCK_NO_SALES,MED,1.0,1.0,0.0,0.0,Aldo Coppola|Салон (Лена М.)|Склад ИМ,0.0,0.0,0,,0.0,0.0,0.0,0.0,0.0,0.0,IM_DEAD_CANDIDATE,YES,N
0-2532,"Блуза женская, белая с принтом ""голубые цветы"", из батиста",STOCK_NO_SALES,MED,1.0,1.0,0.0,0.0,Aldo Coppola|Салон (Лена М.)|Склад ИМ,0.0,0.0,0,,0.0,0.0,0.0,0.0,0.0,0.0,IM_DEAD_CANDIDATE,YES,N
0-2533,"Брюки женские, белые с принтом ""голубые цветы"", из батиста, зауженые к низу",STOCK_NO_SALES,MED,1.0,1.0,0.0,0.0,Aldo Coppola|Салон (Лена М.)|Склад ИМ,0.0,0.0,0,,0.0,0.0,0.0,0.0,0.0,0.0,IM_DEAD_CANDIDATE,YES,N
0-2536,"Платье женское, белое с принтом ""голубые цветы"", из батиста",SALES_NO_STOCK,LOW,0.0,0.0,0.0,0.0,Aldo Coppola|Подарки|Салон (Лена М.)|Склад ИМ|Склад оптовых продаж,1.0,20761.0,1,B2B,0.0,0.0,0.0,0.0,1.0,1.0,,YES,N
0-2540,"Блуза женская, голубая с принтом ""большие синие капли"", из шелка",SALES_NO_STOCK,LOW,0.0,0.0,0.0,0.0,Склад ИМ|Склад оптовых продаж,2.0,330840.0,3,IM,2.0,330840.0,0.0,0.0,0.0,1.0,,YES,N
0-2541,"Брюки женские, голубые с принтом ""большие синие капли"", из шелка",STOCK_AND_SALES,LOW,1.0,0.0,0.0,0.0,Салон (Лена М.)|Склад ИМ|Склад оптовых продаж,2.0,203688.0,4,IM,2.0,203688.0,0.0,0.0,0.0,0.6667,,YES,N
0-2545,"Футболка женская, голубая с принтом ""грибы"", из трикотажа",STOCK_AND_SALES,LOW,1.0,0.0,0.0,0.0,Aldo Coppola|Подарки|Салон (Лена М.)|Склад ИМ|Склад оптовых продаж,4.0,71340.0,5,B2B|IM,3.0,59340.0,0.0,0.0,1.0,0.8,,YES,N
0-2545A,"Футболка женская, черная с принтом ""грибы"" по горловине, из трикотажа",SALES_NO_STOCK,LOW,0.0,0.0,0.0,0.0,Aldo Coppola|Подарки|Склад ИМ|Склад оптовых продаж,1.0,16560.0,1,IM,1.0,16560.0,0.0,0.0,0.0,1.0,,YES,N
0-2548,"Платье-кафтан женское, черное с принтом ""цветок"", из шелка, с длинным рукавом",SALES_NO_STOCK,LOW,0.0,0.0,0.0,0.0,Склад ИМ|Склад оптовых продаж,1.0,150300.0,2,IM,1.0,150300.0,0.0,0.0,0.0,1.0,,YES,N
0-2549,"Блуза женская, розовая с принтом ""девочки, грибы, цветы"", из шелка, декорирована контрастной тесьмой",STOCK_AND_SALES,LOW,1.0,1.0,0.0,0.0,Aldo Coppola|Склад ИМ|Склад оптовых продаж,1.0,70200.0,2,IM,1.0,70200.0,0.0,0.0,0.0,0.5,IM_ALIGNED,YES,N
0-2550,"Брюки женские, розовые с принтом ""девочки, грибы, цветы"", из шелка, с отделкой ""лампас""",STOCK_NO_SALES,MED,2.0,2.0,0.0,0.0,Aldo Coppola|Склад ИМ|Склад оптовых продаж,0.0,0.0,0,,0.0,0.0,0.0,0.0,0.0,0.0,IM_DEAD_CANDIDATE,YES,N
0-2554A,"Платье-кафтан женское, черное, из хлопка, декорировано тесьмой ""YANINA""",SALES_NO_STOCK,LOW,0.0,0.0,0.0,0.0,Aldo Coppola|Склад ИМ|Склад оптовых продаж,3.0,234000.0,5,IM,3.0,234000.0,0.0,0.0,0.0,1.0,,YES,N
0-2556B,"Брюки женские, черные с принтом ""белые Y и девочки"", из шелка, с отделкой ""белый лампас""",SALES_NO_STOCK,LOW,0.0,0.0,0.0,0.0,Склад ИМ|Склад производства (Жукова),1.0,55200.0,2,IM,1.0,55200.0,0.0,0.0,0.0,1.0,,YES,N
0-2558,"Блуза женская, черная с белым принтом ""Y"", из шелка, с поясом",SALES_NO_STOCK,LOW,0.0,0.0,0.0,0.0,Склад ИМ,1.0,64868.1,2,IM,1.0,64868.1,0.0,0.0,0.0,1.0,,YES,N
0-2559,"Брюки женские, черные с белым принтом ""Y"", из шелка, с отделкой ""лампас""",STOCK_NO_SALES,MED,1.0,0.0,0.0,0.0,Салон (Лена М.)|Склад ИМ|Склад оптовых продаж,0.0,0.0,0,,0.0,0.0,0.0,0.0,0.0,0.0,,YES,N
0-2560,"Пальто-халат женское, черное с принтом ""балерины"", из батиста",SALES_NO_STOCK,LOW,0.0,0.0,0.0,0.0,Склад ИМ,6.0,534658.0,9,IM,6.0,534658.0,0.0,0.0,0.0,1.0,,YES,N
0-2560D,"Пальто-халат женское, синее с принтом ""цветы грибы"", из батиста",STOCK_NO_SALES,MED,1.0,1.0,0.0,0.0,Склад ИМ|Склад оптовых продаж|Склад производства (Жукова),0.0,0.0,0,,0.0,0.0,0.0,0.0,0.0,0.0,IM_DEAD_CANDIDATE,YES,N
0-2566,"Платье-рубашка женское, белое, из батиста, с принтом ""черные Y и грибы"" с надписью ""YANINA""",STOCK_NO_SALES,MED,1.0,1.0,0.0,0.0,Aldo Coppola|Салон (Лена М.)|Склад ИМ,0.0,0.0,0,,0.0,0.0,0.0,0.0,0.0,0.0,IM_DEAD_CANDIDATE,YES,N
0-2567A,"Платье-рубашка женское, белое, из батиста, с принтом ""черные Y и грибы""",STOCK_NO_SALES,MED,1.0,1.0,0.0,0.0,Aldo Coppola|Салон (Лена М.)|Склад ИМ,0.0,0.0,0,,0.0,0.0,0.0,0.0,0.0,0.0,IM_DEAD_CANDIDATE,YES,N
0-2572,"Блуза женская, черная с принтом ""Y"", из батиста, декорирована контрастной тесьмой",STOCK_AND_SALES,LOW,2.0,1.0,0.0,0.0,Aldo Coppola|Салон (Лена М.)|Склад ИМ|Склад оптовых продаж,1.0,55217.0,1,B2B,0.0,0.0,0.0,0.0,1.0,0.3333,IM_STOCK_SOLD_ELSEWHERE,YES,N
0-2573A,,SALES_NO_STOCK,LOW,0.0,0.0,0.0,0.0,,1.0,14500.0,1,B2B,0.0,0.0,0.0,0.0,1.0,1.0,,YES,N
0-2576,"Платье женское, разноцветное с принтом ""черная Y"", из фатина, с драпированным лифом",STOCK_NO_SALES,MED,1.0,0.0,0.0,0.0,Подарки|Склад ИМ,0.0,0.0,0,,0.0,0.0,0.0,0.0,0.0,0.0,,YES,N
0-2589,"Платье женское, черное, из хлопкового кружева, с вышивкой ""Цветы""",STOCK_NO_SALES,MED,2.0,1.0,0.0,0.0,Остатки ЦУМ|Подарки|Склад ИМ|Склад оптовых продаж,0.0,0.0,0,,0.0,0.0,0.0,0.0,0.0,0.0,IM_DEAD_CANDIDATE,YES,N
0-2590,"Платье женское, черное, корсетное, из сетки, с декором ""Красный цветок""",STOCK_NO_SALES,MED,1.0,0.0,0.0,0.0,Остатки ЦУМ|Салон (Лена М.)|Склад ИМ|Склад оптовых продаж,0.0,0.0,0,,0.0,0.0,0.0,0.0,0.0,0.0,,YES,N
0-2592,"Свитер женский, зеленый, из кашемира, с вышивкой ""зеленая Y""",STOCK_AND_SALES,LOW,2.0,2.0,0.0,0.0,Остатки ЦУМ|Склад ИМ|Склад оптовых продаж,8.0,718260.0,13,IM|TSUM,6.0,529000.0,2.0,189260.0,0.0,0.8,IM_ALIGNED,YES,N
0-2593,,SALES_NO_STOCK,LOW,0.0,0.0,0.0,0.0,,1.0,132300.0,1,TSUM,0.0,0.0,1.0,132300.0,0.0,1.0,,YES,N
0-2594,,SALES_NO_STOCK,LOW,0.0,0.0,0.0,0.0,,2.0,648000.0,1,TSUM,0.0,0.0,2.0,648000.0,0.0,1.0,,YES,N
0-2595,"Жакет женский, черный, из шелкового бархата, с вышивкой ""Цветок"" из пайеток",SALES_NO_STOCK,LOW,0.0,0.0,0.0,0.0,Остатки ЦУМ|Склад ИМ,2.0,362700.0,2,IM|TSUM,1.0,128700.0,1.0,234000.0,0.0,1.0,,YES,N
0-2596,,SALES_NO_STOCK,LOW,0.0,0.0,0.0,0.0,,2.0,491400.0,2,TSUM,0.0,0.0,2.0,491400.0,0.0,1.0,,YES,N
0-2597,"Пальто женское, черное, из шерсти, длинное, с поясом, с аппликацией ""Цветок"" из бархата",STOCK_AND_SALES,LOW,1.0,0.0,0.0,0.0,Салон (Лена М.)|Склад оптовых продаж,1.0,222000.0,1,TSUM,0.0,0.0,1.0,222000.0,0.0,0.5,,YES,N
0-2598,"Брюки женские, черные, из шелкового бархата, на подкладке",SALES_NO_STOCK,LOW,0.0,0.0,0.0,0.0,Остатки ЦУМ|Склад ИМ|Склад оптовых продаж,6.0,658567.75,6,TSUM,0.0,0.0,6.0,658567.75,0.0,1.0,,YES,N
0-2599,,SALES_NO_STOCK,LOW,0.0,0.0,0.0,0.0,,1.0,125217.0,1,TSUM,0.0,0.0,1.0,125217.0,0.0,1.0,,YES,N
0-2600,"Брюки-капри женские, чёрные, из шёлка дюшес",STOCK_AND_SALES,LOW,2.0,2.0,0.0,0.0,Остатки ЦУМ|Склад ИМ|Склад оптовых продаж|Склад производства (Жукова)|Склад производства (Захарова),17.0,1192403.78,29,IM|TSUM,16.0,1105103.78,1.0,87300.0,0.0,0.8947,IM_ALIGNED,YES,N
0-2600A,"Брюки-капри женские, коричневые, из шёлка дюшес",SALES_NO_STOCK,LOW,0.0,0.0,0.0,0.0,Склад ИМ|Склад оптовых продаж,2.0,152770.0,3,IM,2.0,152770.0,0.0,0.0,0.0,1.0,,YES,N
0-2603A,"Юбка женская, черная, из пайеточной ткани, короткая, с вышивкой ""Красный цветок""",SALES_NO_STOCK,LOW,0.0,0.0,0.0,0.0,Остатки ЦУМ|Склад ИМ,2.0,592000.0,3,IM,2.0,592000.0,0.0,0.0,0.0,1.0,,YES,N
0-2604,"Юбка женская, черная, из стрейч бархата, прямая, зауженная к низу, средней длины",STOCK_AND_SALES,LOW,4.0,3.0,0.0,0.0,Остатки ЦУМ|Салон (Лена М.)|Склад ИМ|Склад оптовых продаж,7.0,414000.0,12,IM|TSUM,5.0,276000.0,2.0,138000.0,0.0,0.6364,IM_ALIGNED,YES,N
0-2613,"Рубашка женская, белая с принтом ""грибы"", из батиста",STOCK_NO_SALES,MED,1.0,1.0,0.0,0.0,Склад ИМ|Склад оптовых продаж,0.0,0.0,0,,0.0,0.0,0.0,0.0,0.0,0.0,IM_DEAD_CANDIDATE,YES,N
0-2613A,"Блуза женская, черная с принтом ""Y и девочки"", из батиста, декорирована кантом ""YANINA""",STOCK_NO_SALES,MED,2.0,2.0,0.0,0.0,Склад ИМ|Склад оптовых продаж,0.0,0.0,0,,0.0,0.0,0.0,0.0,0.0,0.0,IM_DEAD_CANDIDATE,YES,N
0-2614A,"Брюки-капри женские, черные, из хлопка, с принтом ""Y и девочки""",STOCK_NO_SALES,MED,2.0,2.0,0.0,0.0,Склад ИМ|Склад оптовых продаж,0.0,0.0,0,,0.0,0.0,0.0,0.0,0.0,0.0,IM_DEAD_CANDIDATE,YES,N
0-2623,"Туфли женские, бежевые, из кожи, без каблука, расшиты цветными камнями",STOCK_AND_SALES,LOW,3.0,2.0,0.0,0.0,Склад ИМ|Склад производства (Жукова),1.0,58320.0,2,IM,1.0,58320.0,0.0,0.0,0.0,0.25,IM_ALIGNED,YES,N
0-2624,"Туфли женские, черные с белым принтом ""Y"", из кожи, без каблука",STOCK_NO_SALES,HIGH,3.0,3.0,0.0,0.0,Склад ИМ,0.0,0.0,0,,0.0,0.0,0.0,0.0,0.0,0.0,IM_DEAD_CANDIDATE,YES,N
0-2625,"Туфли женские, серебряные, из кожи, расшиты большими камнями",SALES_NO_STOCK,LOW,0.0,0.0,0.0,0.0,Склад ИМ,1.0,39150.0,2,IM,1.0,39150.0,0.0,0.0,0.0,1.0,,YES,N
0-2626,"Туфли женские, черные, из кожи, без каблука, расшиты кристаллами",STOCK_AND_SALES,MED,5.0,5.0,0.0,0.0,Склад ИМ,1.0,43065.0,1,IM,1.0,43065.0,0.0,0.0,0.0,0.1667,IM_ALIGNED,YES,N
0-2627,"Туфли женские, черные, из атласа, без каблука, декорированы пряжкой",SALES_NO_STOCK,LOW,0.0,0.0,0.0,0.0,Склад ИМ,3.0,127675.0,4,IM,3.0,127675.0,0.0,0.0,0.0,1.0,,YES,N
0-2628,"Туфли женские, серебряные, из кожи, расшиты стразами",STOCK_NO_SALES,HIGH,4.0,4.0,0.0,0.0,Склад ИМ,0.0,0.0,0,,0.0,0.0,0.0,0.0,0.0,0.0,IM_DEAD_CANDIDATE,YES,N
0-2630,"Лоферы женские, бежевые, из натуральной кожи, с вышивкой ""YC""",STOCK_AND_SALES,LOW,1.0,1.0,0.0,0.0,Склад ИМ,1.0,86400.0,1,IM,1.0,86400.0,0.0,0.0,0.0,0.5,IM_ALIGNED,YES,N
0-2631,"Лоферы женские, бежевые, из кожи, на меховой подкладке",STOCK_NO_SALES,MED,1.0,1.0,0.0,0.0,Склад ИМ,0.0,0.0,0,,0.0,0.0,0.0,0.0,0.0,0.0,IM_DEAD_CANDIDATE,YES,N
0-2631A,"Лоферы женские, черные, из кожи, на меховой подкладке",STOCK_NO_SALES,MED,2.0,2.0,0.0,0.0,Склад ИМ,0.0,0.0,0,,0.0,0.0,0.0,0.0,0.0,0.0,IM_DEAD_CANDIDATE,YES,N
0-2645,"Туфли женские, бежевые, из кожи, на высоком каблуке",STOCK_NO_SALES,HIGH,5.0,4.0,0.0,0.0,Подарки|Склад ИМ,0.0,0.0,0,,0.0,0.0,0.0,0.0,0.0,0.0,IM_DEAD_CANDIDATE,YES,N
0-2655,Косметичка пляжная,STOCK_AND_SALES,LOW,7.0,0.0,0.0,0.0,Aldo Coppola|Салон (Лена М.)|Склад ИМ|Склад оптовых продаж|Склад производства (Жукова),13.0,362591.0,12,B2B|IM,2.0,73865.0,0.0,0.0,11.0,0.65,,YES,N
0-2655A,"Сумка-тоут  женская, черная, с принтом ""YANINA""",STOCK_NO_SALES,HIGH,4.0,0.0,0.0,2.0,Aldo Coppola|Салон (Лена М.)|Склад ИМ|Склад оптовых продаж,0.0,0.0,0,,0.0,0.0,0.0,0.0,0.0,0.0,,YES,N
0-2658,"Платье женское, черное, из бархата стрейч, с аппликацией ""Цветок""",SALES_NO_STOCK,LOW,0.0,0.0,0.0,0.0,Остатки ЦУМ|Подарки|Склад ИМ|Склад оптовых продаж,10.0,1358399.1,8,TSUM,0.0,0.0,10.0,1358399.1,0.0,1.0,,YES,N
0-2661,"Платье женское, черное, из шелкового бархата, с рукавом из шифона с боа по низу",SALES_NO_STOCK,LOW,0.0,0.0,0.0,0.0,Остатки ЦУМ|Подарки|Склад ИМ|Склад оптовых продаж,2.0,608000.0,2,TSUM,0.0,0.0,2.0,608000.0,0.0,1.0,,YES,N
0-2665,"Блуза женская, белая, из шелка, с аппликацией ""Цветы""",SALES_NO_STOCK,LOW,0.0,0.0,0.0,0.0,Остатки ЦУМ|Склад ИМ|Склад оптовых продаж,6.0,569480.0,5,TSUM,0.0,0.0,6.0,569480.0,0.0,1.0,,YES,N
0-2666,"Юбка женская, серебро, из пайеток, с аппликацией ""Цветы""",SALES_NO_STOCK,LOW,0.0,0.0,0.0,0.0,Остатки ЦУМ|Склад ИМ|Склад оптовых продаж,7.0,1035600.0,8,IM|TSUM,2.0,273600.0,5.0,762000.0,0.0,1.0,,YES,N
0-2668,"Платье женское, черное, длинное, из бархата стрейч, с аппликацией ""Цветок""",SALES_NO_STOCK,LOW,0.0,0.0,0.0,0.0,Остатки ЦУМ|Подарки|Склад ИМ|Склад оптовых продаж,2.0,424662.0,2,TSUM,0.0,0.0,2.0,424662.0,0.0,1.0,,YES,N
0-2669A,"Платье женское, черное, из бархата стрейч, с аппликацией ""Цветок"", с длинным рукавом",SALES_NO_STOCK,LOW,0.0,0.0,0.0,0.0,Остатки ЦУМ|Подарки|Склад ИМ|Склад оптовых продаж,5.0,1185754.0,5,TSUM,0.0,0.0,5.0,1185754.0,0.0,1.0,,YES,N
0-2671,"Блуза женская, черная, из шифона, с кружевом",STOCK_AND_SALES,LOW,1.0,0.0,0.0,0.0,Остатки ЦУМ|Подарки|Склад ИМ|Склад оптовых продаж,4.0,333600.0,5,TSUM,0.0,0.0,4.0,333600.0,0.0,0.8,,YES,N
0-2672,"Юбка женская, черная, из пайеток, с аппликацией ""Цветок""",STOCK_AND_SALES,LOW,1.0,1.0,0.0,0.0,Остатки ЦУМ|Склад ИМ|Склад оптовых продаж,2.0,227059.0,2,IM|TSUM,1.0,91200.0,1.0,135859.0,0.0,0.6667,IM_ALIGNED,YES,N
0-2673,"Блуза женская, черная, из бархата стрейч, с аппликацией ""Цветок""",STOCK_AND_SALES,LOW,1.0,1.0,0.0,0.0,Остатки ЦУМ|Склад ИМ|Склад оптовых продаж,9.0,949864.0,13,IM|TSUM,6.0,579777.0,3.0,370087.0,0.0,0.9,IM_ALIGNED,YES,N
0-2674,"Брюки женские, черные, из бархата стрейч, с аппликацией ""Цветок""",SALES_NO_STOCK,LOW,0.0,0.0,0.0,0.0,Остатки ЦУМ|Склад ИМ|Склад оптовых продаж,6.0,385603.0,10,IM|TSUM,5.0,345538.0,1.0,40065.0,0.0,1.0,,YES,N
0-2675,"Жакет женский, черный, из бархата шелкового с аппликацией ""Цветок""",SALES_NO_STOCK,LOW,0.0,0.0,0.0,0.0,Остатки ЦУМ|Салон (Лена М.)|Склад ИМ|Склад оптовых продаж,7.0,1307997.0,8,IM|TSUM,2.0,334800.0,5.0,973197.0,0.0,1.0,,YES,N
0-2676,"Брюки женские, черные, из бархата шелкового, с аппликацией ""Цветок""",SALES_NO_STOCK,LOW,0.0,0.0,0.0,0.0,Остатки ЦУМ|Склад ИМ|Склад оптовых продаж,5.0,556733.0,3,TSUM,0.0,0.0,5.0,556733.0,0.0,1.0,,YES,N
0-2676A,"Брюки женские, черные, из бархата, с аппликацией ""Цветок""",SALES_NO_STOCK,LOW,0.0,0.0,0.0,0.0,Салон (Лена М.)|Склад ИМ|Склад оптовых продаж,1.0,68400.0,2,IM,1.0,68400.0,0.0,0.0,0.0,1.0,,YES,N
0-2677,"Жакет женский, черный, из бархата и крепа, декорирован объемным цветком",SALES_NO_STOCK,LOW,0.0,0.0,0.0,0.0,Склад ИМ|Склад производства (Жукова),1.0,121600.0,1,IM,1.0,121600.0,0.0,0.0,0.0,1.0,,YES,N
0-2678,"Брюки женские, черные, из крепа, со складками по талии",SALES_NO_STOCK,LOW,0.0,0.0,0.0,0.0,Склад ИМ|Склад производства (Жукова),2.0,108205.0,2,IM,2.0,108205.0,0.0,0.0,0.0,1.0,,YES,N
0-2679,"Жакет женский, черный, из джерси, декорирован отлетными деталями",STOCK_NO_SALES,MED,1.0,1.0,0.0,0.0,Подарки|Склад ИМ|Склад оптовых продаж|Склад производства (Жукова),0.0,0.0,0,,0.0,0.0,0.0,0.0,0.0,0.0,IM_DEAD_CANDIDATE,YES,N
0-2680,"Брюки женские, черные, из джерси, со стрелками, расклешенные к низу",STOCK_AND_SALES,LOW,1.0,1.0,0.0,0.0,Подарки|Склад ИМ|Склад оптовых продаж|Склад производства (Жукова),2.0,42956.0,1,B2B,0.0,0.0,0.0,0.0,2.0,0.6667,IM_STOCK_SOLD_ELSEWHERE,YES,N
0-2683,"Платье женское, черное в белый горох, из шелка, с поясом-завязка",SALES_NO_STOCK,LOW,0.0,0.0,0.0,0.0,Остатки ЦУМ|Подарки|Склад ИМ|Склад оптовых продаж,6.0,1288572.0,8,IM|TSUM,2.0,452200.0,4.0,836372.0,0.0,1.0,,YES,N
0-2685,"Юбка женская, белая, из кружевной ткани",SALES_NO_STOCK,LOW,0.0,0.0,0.0,0.0,Склад ИМ,1.0,24560.0,1,IM,1.0,24560.0,0.0,0.0,0.0,1.0,,YES,N
0-2686,"Блуза женская, черная, из бархата, с декором ""бант"" и вставками из сетки",SALES_NO_STOCK,LOW,0.0,0.0,0.0,0.0,Склад ИМ|Склад оптовых продаж|Склад производства (Жукова),7.0,628140.0,10,IM,7.0,628140.0,0.0,0.0,0.0,1.0,,YES,N
0-2687,"Брюки женские, черные, из бархата, расклешенные к низу",SALES_NO_STOCK,LOW,0.0,0.0,0.0,0.0,Подарки|Склад ИМ|Склад оптовых продаж|Склад производства (Жукова),2.0,175085.0,3,IM,2.0,175085.0,0.0,0.0,0.0,1.0,,YES,N
0-2688,"Блуза женская, белая, из хлопка, с вышивкой ""Yanina"" и съемным декором ""бант""",STOCK_NO_SALES,MED,1.0,0.0,0.0,0.0,Подарки|Склад ИМ,0.0,0.0,0,,0.0,0.0,0.0,0.0,0.0,0.0,,YES,N
0-2689,"Юбка женская, черная, из пайеток, с боа",SALES_NO_STOCK,LOW,0.0,0.0,0.0,0.0,Остатки ЦУМ|Склад ИМ|Склад оптовых продаж,4.0,508431.0,5,IM|TSUM,1.0,67213.0,3.0,441218.0,0.0,1.0,,YES,N
0-2690,"Блуза женская, черная, из ткани с пайетками, топ с баской",STOCK_AND_SALES,LOW,1.0,1.0,0.0,0.0,Остатки ЦУМ|Салон (Лена М.)|Склад ИМ|Склад оптовых продаж,1.0,209000.0,1,TSUM,0.0,0.0,1.0,209000.0,0.0,0.5,IM_STOCK_SOLD_ELSEWHERE,YES,N
0-2691,"Брюки женские, черные, из бархата стрейч",STOCK_AND_SALES,LOW,1.0,1.0,0.0,0.0,Остатки ЦУМ|Салон (Лена М.)|Склад ИМ|Склад оптовых продаж,3.0,279318.94,3,TSUM,0.0,0.0,3.0,279318.94,0.0,0.75,IM_STOCK_SOLD_ELSEWHERE,YES,N
0-2702,"Платье женское, черное, из джерси, с расшивной аппликацией ""Цветок""",SALES_NO_STOCK,LOW,0.0,0.0,0.0,0.0,Склад ИМ|Склад оптовых продаж|Склад производства (Жукова),2.0,212800.0,4,IM,2.0,212800.0,0.0,0.0,0.0,1.0,,YES,N
0-2703,"Блуза женская, черная, из шифона, с аппликацией ""Цветок""",SALES_NO_STOCK,LOW,0.0,0.0,0.0,0.0,Склад ИМ|Склад оптовых продаж|Склад производства (Жукова),2.0,215685.0,3,IM,2.0,215685.0,0.0,0.0,0.0,1.0,,YES,N
0-2705,"Платье женское, черное, из крепа, с декором ""Y"" из белой кожи",STOCK_AND_SALES,LOW,2.0,2.0,0.0,0.0,Склад ИМ|Склад производства (Жукова),1.0,167200.0,1,IM,1.0,167200.0,0.0,0.0,0.0,0.3333,IM_ALIGNED,YES,N
0-2706,"Платье женское, синее, из шелкового бархата, с вышивкой ""Y"" на карманах",STOCK_NO_SALES,MED,1.0,1.0,0.0,0.0,Склад ИМ|Склад производства (Жукова),0.0,0.0,0,,0.0,0.0,0.0,0.0,0.0,0.0,IM_DEAD_CANDIDATE,YES,N
0-2709,"Жакет женский, синий, из шелкового бархата, с вышивкой ""Ласточка""",SALES_NO_STOCK,LOW,0.0,0.0,0.0,0.0,Склад ИМ|Склад оптовых продаж|Склад производства (Жукова),1.0,180500.0,1,B2B,0.0,0.0,0.0,0.0,1.0,1.0,,YES,N
0-2710,"Брюки женские, синие, из шелкового бархата, широкие",SALES_NO_STOCK,LOW,0.0,0.0,0.0,0.0,Склад ИМ|Склад оптовых продаж|Склад производства (Жукова),1.0,66500.0,1,B2B,0.0,0.0,0.0,0.0,1.0,1.0,,YES,N
0-2711,"Жакет женский, синий, из шерсти, с объемным декором из бархата",STOCK_NO_SALES,MED,1.0,0.0,0.0,0.0,Салон (Лена М.)|Склад ИМ|Склад производства (Жукова),0.0,0.0,0,,0.0,0.0,0.0,0.0,0.0,0.0,,YES,N
0-2712,"Юбка-карандаш женская, синяя, из шерсти",STOCK_NO_SALES,MED,1.0,0.0,0.0,0.0,Салон (Лена М.)|Склад ИМ|Склад производства (Жукова),0.0,0.0,0,,0.0,0.0,0.0,0.0,0.0,0.0,,YES,N
0-2715,"Жакет женский, черный, из шерсти, с аппликационной вышивкой ""Листья"", с баской",STOCK_NO_SALES,MED,1.0,0.0,0.0,0.0,Салон (Лена М.)|Склад ИМ|Склад оптовых продаж|Склад производства (Жукова),0.0,0.0,0,,0.0,0.0,0.0,0.0,0.0,0.0,,YES,N
0-2716,"Юбка женская, черная, из шерсти, с аппликационной вышивкой ""Листья""",STOCK_NO_SALES,MED,1.0,0.0,0.0,0.0,Салон (Лена М.)|Склад ИМ|Склад оптовых продаж|Склад производства (Жукова),0.0,0.0,0,,0.0,0.0,0.0,0.0,0.0,0.0,,YES,N
0-2717,"Жакет женский, коричневый, из шерсти, с аппликационной вышивкой ""Листья""",STOCK_NO_SALES,MED,1.0,0.0,0.0,0.0,Салон (Лена М.)|Склад ИМ|Склад оптовых продаж|Склад производства (Жукова),0.0,0.0,0,,0.0,0.0,0.0,0.0,0.0,0.0,,YES,N
0-2718,"Брюки женские, коричневые, из шерсти, со стрелками, расклешенные к низу",STOCK_NO_SALES,MED,1.0,0.0,0.0,0.0,Салон (Лена М.)|Склад ИМ|Склад оптовых продаж|Склад производства (Жукова),0.0,0.0,0,,0.0,0.0,0.0,0.0,0.0,0.0,,YES,N
0-2721,"Платье женское, бежевое, из шифона, длинное",STOCK_AND_SALES,LOW,3.0,2.0,0.0,0.0,Остатки ЦУМ|Подарки|Склад ИМ|Склад оптовых продаж,2.0,577714.0,3,IM|TSUM,1.0,273654.0,1.0,304060.0,0.0,0.4,IM_ALIGNED,YES,N
0-2727,"Жакет женский, бежевый, из шелка",SALES_NO_STOCK,LOW,0.0,0.0,0.0,0.0,Склад ИМ|Склад оптовых продаж,1.0,369000.0,2,IM,1.0,369000.0,0.0,0.0,0.0,1.0,,YES,N
0-2756D,"Свитер женский, серый, из кашемира, с вышивкой ""ласточка""",SALES_NO_STOCK,LOW,0.0,0.0,0.0,0.0,Склад ИМ|Склад производства (Жукова),2.0,344850.0,3,IM,2.0,344850.0,0.0,0.0,0.0,1.0,,YES,N
0-2761,"Босоножки женские, серые, из кожи, состоящие из плетеных ремешков, без каблука",STOCK_NO_SALES,MED,1.0,0.0,0.0,0.0,Склад производства (Жукова),0.0,0.0,0,,0.0,0.0,0.0,0.0,0.0,0.0,,YES,N
0-2763,"Юбка женская, черная, из костюмной ткани, с застежкой",SALES_NO_STOCK,LOW,0.0,0.0,0.0,0.0,Склад ИМ,1.0,27900.0,2,IM,1.0,27900.0,0.0,0.0,0.0,1.0,,YES,N
0-2771,"Платье женское, черное, из пайеточной ткани, с вышивкой ""Серебряный цветок""",SALES_NO_STOCK,LOW,0.0,0.0,0.0,0.0,Склад ИМ|Склад оптовых продаж,1.0,194736.0,2,IM,1.0,194736.0,0.0,0.0,0.0,1.0,,YES,N
0-2778,"Платье женское, черное, из джерси, декорировано ""перьями"" на рукавах",SALES_NO_STOCK,LOW,0.0,0.0,0.0,0.0,Склад ИМ|Склад производства (Жукова),1.0,168435.0,2,IM,1.0,168435.0,0.0,0.0,0.0,1.0,,YES,N
0-2779A,,SALES_NO_STOCK,LOW,0.0,0.0,0.0,0.0,,1.0,324900.0,1,IM,1.0,324900.0,0.0,0.0,0.0,1.0,,YES,N
0-2782,"Блуза женская, черная, из фатина, с аппликационной вышивкой",SALES_NO_STOCK,LOW,0.0,0.0,0.0,0.0,Склад ИМ|Склад производства (Жукова),1.0,96000.0,2,IM,1.0,96000.0,0.0,0.0,0.0,1.0,,YES,N
0-2785,"Плед бежевый, из кашемира, с авторским принтом ""Дерево жизни""",STOCK_AND_SALES,LOW,1.0,0.0,0.0,0.0,Салон (Лена М.)|Склад оптовых продаж,2.0,136522.0,1,B2B,0.0,0.0,0.0,0.0,2.0,0.6667,,YES,N
0-2814,"Платье женское, красное, из дюшеса, с объемным декором ""Цветок""",SALES_NO_STOCK,LOW,0.0,0.0,0.0,0.0,Остатки ЦУМ|Подарки|Склад ИМ|Склад оптовых продаж,3.0,874020.81,2,TSUM,0.0,0.0,3.0,874020.81,0.0,1.0,,YES,N
0-2815,"Платье женское, черное, из джерси, с рукавами из тафты",STOCK_AND_SALES,LOW,1.0,0.0,0.0,0.0,Остатки ЦУМ|Подарки|Склад ИМ|Склад оптовых продаж,6.0,835089.93,5,TSUM,0.0,0.0,6.0,835089.93,0.0,0.8571,,YES,N
0-2816,"Платье женское, черное, из бархата хлопчатобумажного, с декором ""Бант с цветком""",STOCK_AND_SALES,LOW,1.0,1.0,0.0,0.0,Остатки ЦУМ|Склад ИМ|Склад оптовых продаж,3.0,703256.94,3,TSUM,0.0,0.0,3.0,703256.94,0.0,0.75,IM_STOCK_SOLD_ELSEWHERE,YES,N
0-2817,"Блуза женская, белая, из тафты",STOCK_AND_SALES,LOW,1.0,1.0,0.0,0.0,Остатки ЦУМ|Склад ИМ|Склад оптовых продаж,4.0,472855.29,4,TSUM,0.0,0.0,4.0,472855.29,0.0,0.8,IM_STOCK_SOLD_ELSEWHERE,YES,N
0-2818,"Плед бежевый, из кашемира, с авторским рисунком",STOCK_AND_SALES,LOW,2.0,0.0,0.0,0.0,Остатки ЦУМ|Подарки|Салон (Лена М.)|Склад оптовых продаж,2.0,104348.0,1,B2B,0.0,0.0,0.0,0.0,2.0,0.5,,YES,N
0-2818A,"Плед серый, из кашемира, с авторским рисунком",STOCK_AND_SALES,LOW,2.0,0.0,0.0,0.0,Остатки ЦУМ|Салон (Лена М.)|Склад оптовых продаж,2.0,104348.0,1,B2B,0.0,0.0,0.0,0.0,2.0,0.5,,YES,N
0-2818B,"Плед темно-серый, из кашемира, с авторским рисунком",STOCK_NO_SALES,HIGH,4.0,0.0,0.0,0.0,Салон (Лена М.)|Склад оптовых продаж,0.0,0.0,0,,0.0,0.0,0.0,0.0,0.0,0.0,,YES,N
0-2828,"Платье женское, черное, из крепа, с лифом из сетки, с кружевным декором",STOCK_NO_SALES,MED,1.0,0.0,0.0,0.0,Салон (Лена М.)|Склад ИМ|Склад оптовых продаж,0.0,0.0,0,,0.0,0.0,0.0,0.0,0.0,0.0,,YES,N
0-2829,"Платье женское, белое, из шелка, с рисунком ""ЦВЕТЫ""",SALES_NO_STOCK,LOW,0.0,0.0,0.0,0.0,Склад ИМ|Склад производства (Жукова),1.0,20000.0,1,IM,1.0,20000.0,0.0,0.0,0.0,1.0,,YES,N
0-2845,"Свитшот женский, бежевый, из футера, с декором принт ""Champayne o' clock""",STOCK_NO_SALES,MED,2.0,2.0,0.0,0.0,Склад ИМ|Склад оптовых продаж,0.0,0.0,0,,0.0,0.0,0.0,0.0,0.0,0.0,IM_DEAD_CANDIDATE,YES,N
0-2845A,"Свитшот женский, розовый, из футера, с декором принт ""Champayne o' clock""",STOCK_AND_SALES,LOW,2.0,1.0,0.0,0.0,Салон (Лена М.)|Склад ИМ|Склад оптовых продаж|Склад производства (Жукова),21.0,359277.0,12,B2B|IM,3.0,77000.0,0.0,0.0,18.0,0.913,IM_ALIGNED,YES,N
0-2854,,SALES_NO_STOCK,LOW,0.0,0.0,0.0,0.0,,3.0,475950.0,6,IM,3.0,475950.0,0.0,0.0,0.0,1.0,,YES,N
0-2861,"Футболка женская, белая с принтом ""цветы"", из трикотажа",SALES_NO_STOCK,LOW,0.0,0.0,0.0,0.0,Склад ИМ|Склад производства (Жукова),2.0,69240.0,3,IM,2.0,69240.0,0.0,0.0,0.0,1.0,,YES,N
0-2861A,"Футболка женская, белая с принтом ""дерево"", из трикотажа",STOCK_NO_SALES,MED,1.0,1.0,0.0,0.0,Склад ИМ|Склад оптовых продаж,0.0,0.0,0,,0.0,0.0,0.0,0.0,0.0,0.0,IM_DEAD_CANDIDATE,YES,N
0-2931A,"Платье женское, синее с принтом ""голубые капли"", из шелка",SALES_NO_STOCK,LOW,0.0,0.0,0.0,0.0,Склад ИМ|Склад оптовых продаж,1.0,187000.0,2,IM,1.0,187000.0,0.0,0.0,0.0,1.0,,YES,N
0-2959,"Топ-майка женская, белая, из хлопка, с вышивкой ""BE AN ICONIC""",STOCK_AND_SALES,MED,22.0,1.0,0.0,16.0,Подарки|Салон (Лена М.)|Склад ИМ|Склад оптовых продаж|Склад производства (Жукова),7.0,59610.0,5,B2B|IM,2.0,27000.0,0.0,0.0,5.0,0.2414,IM_ALIGNED,YES,N
0-2959A,"Топ-майка женская, черная, из хлопка, с вышивкой ""BE AN ICONIC""",STOCK_AND_SALES,LOW,15.0,1.0,0.0,11.0,Салон (Лена М.)|Склад ИМ|Склад оптовых продаж,10.0,65220.0,4,B2B,0.0,0.0,0.0,0.0,10.0,0.4,IM_STOCK_SOLD_ELSEWHERE,YES,N
0-2974A,"Рубашка женская, белая, хлопок, с принтом ""цветы""",SALES_NO_STOCK,LOW,0.0,0.0,0.0,0.0,Склад ИМ|Склад производства (Жукова),1.0,132300.0,1,IM,1.0,132300.0,0.0,0.0,0.0,1.0,,YES,N
0-2985,"Юбка женская, черная, из шелка, с аппликацией ""Листья""",STOCK_AND_SALES,LOW,1.0,1.0,0.0,0.0,Склад ИМ|Склад оптовых продаж,1.0,178800.05,2,IM,1.0,178800.05,0.0,0.0,0.0,0.5,IM_ALIGNED,YES,N
0-3006,"Шорты женские, черные, из тафты",STOCK_NO_SALES,MED,1.0,1.0,0.0,0.0,Склад ИМ|Склад оптовых продаж,0.0,0.0,0,,0.0,0.0,0.0,0.0,0.0,0.0,IM_DEAD_CANDIDATE,YES,N
0-3009,"Куртка женская, черная, из плащевой ткани, с вышивкой ""Цветы"" на рукавах",STOCK_NO_SALES,MED,1.0,0.0,0.0,0.0,Салон (Лена М.)|Склад оптовых продаж,0.0,0.0,0,,0.0,0.0,0.0,0.0,0.0,0.0,,YES,N
0-3024,"Юбка женская, черная, из трикотажа, декорирована листьями из натуральной кожи",STOCK_AND_SALES,LOW,3.0,2.0,0.0,0.0,Салон (Лена М.)|Склад ИМ|Склад оптовых продаж,2.0,70845.0,4,IM,2.0,70845.0,0.0,0.0,0.0,0.4,IM_ALIGNED,YES,N
0-3025,"Блуза женская, черная, из стрейч бархата, с отделкой белым кантом",SALES_NO_STOCK,LOW,0.0,0.0,0.0,0.0,Склад ИМ|Склад оптовых продаж,5.0,263466.0,10,IM,5.0,263466.0,0.0,0.0,0.0,1.0,,YES,N
0-3026,"Брюки женские, черные, из стрейч бархата, с отделкой белым кантом",STOCK_AND_SALES,LOW,1.0,1.0,0.0,0.0,Склад ИМ|Склад оптовых продаж,1.0,33480.0,2,IM,1.0,33480.0,0.0,0.0,0.0,0.5,IM_ALIGNED,YES,N
0-3027,"Куртка женская, черная, из шелка на синтепоне",STOCK_NO_SALES,MED,1.0,0.0,0.0,0.0,Подарки|Склад ИМ|Склад оптовых продаж,0.0,0.0,0,,0.0,0.0,0.0,0.0,0.0,0.0,,YES,N
0-3028,"Жилет женский, черный, из шифона",SALES_NO_STOCK,LOW,0.0,0.0,0.0,0.0,Склад ИМ|Склад оптовых продаж,1.0,51850.0,2,IM,1.0,51850.0,0.0,0.0,0.0,1.0,,YES,N
0-3029,"Брюки женские, черные, из шелка",SALES_NO_STOCK,LOW,0.0,0.0,0.0,0.0,Склад ИМ|Склад оптовых продаж,6.0,159034.0,8,B2B|IM,4.0,121120.0,0.0,0.0,2.0,1.0,,YES,N
0-3030,"Свитшот женский, черный, из стрейч бархата, с декором из тафты",STOCK_NO_SALES,MED,1.0,0.0,0.0,0.0,Салон (Лена М.)|Склад ИМ|Склад оптовых продаж,0.0,0.0,0,,0.0,0.0,0.0,0.0,0.0,0.0,,YES,N
0-3030A,"Свитшот женский, синий, из стрейч бархата, с декором из тафты",SALES_NO_STOCK,LOW,0.0,0.0,0.0,0.0,Склад ИМ|Склад оптовых продаж,8.0,359790.0,14,IM,8.0,359790.0,0.0,0.0,0.0,1.0,,YES,N
0-3030B,"Свитшот женский, бежевый, из стрейч бархата, с декором из тафты",STOCK_NO_SALES,MED,1.0,0.0,0.0,0.0,Подарки|Склад ИМ|Склад оптовых продаж,0.0,0.0,0,,0.0,0.0,0.0,0.0,0.0,0.0,,YES,N
0-3031,"Брюки-джоггеры женские, черные, из стрейч бархата, с отделкой ""лампас""",STOCK_NO_SALES,MED,1.0,0.0,0.0,0.0,Салон (Лена М.)|Склад ИМ|Склад оптовых продаж,0.0,0.0,0,,0.0,0.0,0.0,0.0,0.0,0.0,,YES,N
0-3031A,"Брюки-джоггеры женские, синие, из стрейч бархата, с отделкой ""лампас""",STOCK_AND_SALES,LOW,1.0,1.0,0.0,0.0,Склад ИМ|Склад оптовых продаж,5.0,154795.0,9,IM,5.0,154795.0,0.0,0.0,0.0,0.8333,IM_ALIGNED,YES,N
0-3031B,"Брюки-джоггеры женские, бежевые, из стрейч бархата, с отделкой ""лампас""",STOCK_NO_SALES,MED,1.0,0.0,0.0,0.0,Подарки|Склад ИМ|Склад оптовых продаж,0.0,0.0,0,,0.0,0.0,0.0,0.0,0.0,0.0,,YES,N
0-3032A,"Юбка женская, черная, из фатина, с вышивкой ""Герда""",SALES_NO_STOCK,LOW,0.0,0.0,0.0,0.0,Склад ИМ|Склад оптовых продаж,4.0,211440.0,7,IM,4.0,211440.0,0.0,0.0,0.0,1.0,,YES,N
0-3032B,"Юбка женская, белая, из фатина, с вышивкой ""Герда""",STOCK_AND_SALES,LOW,1.0,0.0,0.0,0.0,Салон (Лена М.)|Склад ИМ|Склад оптовых продаж,1.0,51480.0,2,IM,1.0,51480.0,0.0,0.0,0.0,0.5,,YES,N
0-3033,"Куртка женская, черная, из эко-кожи, с аппликацией из камней ""Y"" на рукаве",STOCK_NO_SALES,MED,1.0,0.0,0.0,0.0,Подарки|Склад ИМ|Склад оптовых продаж,0.0,0.0,0,,0.0,0.0,0.0,0.0,0.0,0.0,,YES,N
0-3033A,"Куртка женская, белая, из эко-кожи",STOCK_NO_SALES,MED,1.0,0.0,0.0,0.0,Подарки|Склад ИМ|Склад оптовых продаж,0.0,0.0,0,,0.0,0.0,0.0,0.0,0.0,0.0,,YES,N
0-3034,"Блуза женская, белая, из шелка, с вышивкой ""Балерина""",STOCK_NO_SALES,MED,1.0,0.0,0.0,0.0,Салон (Лена М.)|Склад ИМ|Склад оптовых продаж,0.0,0.0,0,,0.0,0.0,0.0,0.0,0.0,0.0,,YES,N
0-3034A,"Блуза женская, серая, из шелка, с вышивкой ""Арлекин""",STOCK_NO_SALES,MED,1.0,0.0,0.0,0.0,Салон (Лена М.)|Склад ИМ|Склад оптовых продаж,0.0,0.0,0,,0.0,0.0,0.0,0.0,0.0,0.0,,YES,N
0-3035,"Куртка-бомбер женская, черная, из эко-кожи, с расшивкой камнями",SALES_NO_STOCK,LOW,0.0,0.0,0.0,0.0,Склад ИМ|Склад оптовых продаж,1.0,53300.0,2,IM,1.0,53300.0,0.0,0.0,0.0,1.0,,YES,N
0-3035A,"Куртка-бомбер женская, белая, из эко-кожи, с расшивкой камнями",STOCK_NO_SALES,MED,1.0,1.0,0.0,0.0,Склад ИМ|Склад оптовых продаж,0.0,0.0,0,,0.0,0.0,0.0,0.0,0.0,0.0,IM_DEAD_CANDIDATE,YES,N
0-3036,"Юбка женская, черная, из искусственного крепа, расклешенная к низу",STOCK_AND_SALES,LOW,4.0,3.0,0.0,0.0,Подарки|Склад ИМ|Склад оптовых продаж,2.0,53595.0,8,IM,2.0,53595.0,0.0,0.0,0.0,0.3333,IM_ALIGNED,YES,N
0-3037,"Платье женское, светло-коричневое, из тафты, с кружевным воротником",STOCK_NO_SALES,MED,1.0,1.0,0.0,0.0,Склад ИМ|Склад оптовых продаж,0.0,0.0,0,,0.0,0.0,0.0,0.0,0.0,0.0,IM_DEAD_CANDIDATE,YES,N
0-3038,"Платье женское, черное, из стрейч бархата, с кружевными рукавами",SALES_NO_STOCK,LOW,0.0,0.0,0.0,0.0,Подарки|Салон (Лена М.)|Склад ИМ|Склад оптовых продаж,1.0,102765.0,2,IM,1.0,102765.0,0.0,0.0,0.0,1.0,,YES,N
0-3039,"Блуза женская, черная, из футера, с отделкой ""лампас""",SALES_NO_STOCK,LOW,0.0,0.0,0.0,0.0,Подарки|Склад ИМ|Склад оптовых продаж,4.0,128880.0,7,IM,4.0,128880.0,0.0,0.0,0.0,1.0,,YES,N
0-3039A,"Блуза женская, белая, из футера, с отделкой ""лампас""",SALES_NO_STOCK,LOW,0.0,0.0,0.0,0.0,Склад ИМ|Склад оптовых продаж,1.0,48330.0,1,IM,1.0,48330.0,0.0,0.0,0.0,1.0,,YES,N
0-3039B,"Блуза женская, серая, из футера, с отделкой ""лампас""",SALES_NO_STOCK,LOW,0.0,0.0,0.0,0.0,Склад ИМ|Склад оптовых продаж,1.0,48330.0,2,IM,1.0,48330.0,0.0,0.0,0.0,1.0,,YES,N
0-3040,"Брюки женские, черные, из футера, с отделкой ""лампас""",STOCK_AND_SALES,LOW,1.0,1.0,0.0,0.0,Подарки|Склад ИМ|Склад оптовых продаж,6.0,209760.0,11,IM,6.0,209760.0,0.0,0.0,0.0,0.8571,IM_ALIGNED,YES,N
0-3040A,"Брюки женские, белые, из футера, с отделкой ""лампас""",SALES_NO_STOCK,LOW,0.0,0.0,0.0,0.0,Склад ИМ|Склад оптовых продаж,1.0,39330.0,1,IM,1.0,39330.0,0.0,0.0,0.0,1.0,,YES,N
0-3041,"Платье женское, черное, из шелк бархата, с воротником из кружева",STOCK_NO_SALES,MED,1.0,0.0,0.0,0.0,Подарки|Салон (Лена М.)|Склад ИМ|Склад оптовых продаж,0.0,0.0,0,,0.0,0.0,0.0,0.0,0.0,0.0,,YES,N
0-3042A,"Блуза женская, белая, из хлопка, с декором ""Цветок""",SALES_NO_STOCK,LOW,0.0,0.0,0.0,0.0,Склад ИМ|Склад оптовых продаж,1.0,51930.0,2,IM,1.0,51930.0,0.0,0.0,0.0,1.0,,YES,N
0-3042C,"Блуза женская, розовая, из хлопка, с декором ""Цветок""",STOCK_AND_SALES,LOW,1.0,0.0,0.0,0.0,Салон (Лена М.)|Склад ИМ|Склад оптовых продаж,2.0,100975.0,4,IM,2.0,100975.0,0.0,0.0,0.0,0.6667,,YES,N
0-3043,"Блуза женская, черная, из футера, декорирована шифоновым кружевом, с коротким рукавом",SALES_NO_STOCK,LOW,0.0,0.0,0.0,0.0,Склад ИМ|Склад оптовых продаж,3.0,110170.0,6,IM,3.0,110170.0,0.0,0.0,0.0,1.0,,YES,N
0-3043A,"Блуза женская, фуксия, из футера, декорирована шифоновым кружевом",STOCK_NO_SALES,MED,1.0,1.0,0.0,0.0,Подарки|Склад ИМ|Склад оптовых продаж,0.0,0.0,0,,0.0,0.0,0.0,0.0,0.0,0.0,IM_DEAD_CANDIDATE,YES,N
0-3043B,"Блуза женская, бежевая, из футера, декорирована шифоновым кружевом",SALES_NO_STOCK,LOW,0.0,0.0,0.0,0.0,Склад ИМ|Склад оптовых продаж,1.0,49900.0,1,IM,1.0,49900.0,0.0,0.0,0.0,1.0,,YES,N
0-3044A,"Шорты женские, фуксия, из футера",STOCK_NO_SALES,MED,1.0,1.0,0.0,0.0,Подарки|Склад ИМ|Склад оптовых продаж,0.0,0.0,0,,0.0,0.0,0.0,0.0,0.0,0.0,IM_DEAD_CANDIDATE,YES,N
0-3047,"Юбка женская, черная, из шелка",STOCK_NO_SALES,MED,1.0,0.0,0.0,0.0,Салон (Лена М.)|Склад ИМ|Склад оптовых продаж,0.0,0.0,0,,0.0,0.0,0.0,0.0,0.0,0.0,,YES,N
0-3047A,"Юбка женская, серая, из шелка",STOCK_NO_SALES,MED,1.0,1.0,0.0,0.0,Склад ИМ|Склад оптовых продаж,0.0,0.0,0,,0.0,0.0,0.0,0.0,0.0,0.0,IM_DEAD_CANDIDATE,YES,N
0-3049,"Куртка-бомбер женская, черная, из стрейч бархата, с декором ""Жучки""",STOCK_AND_SALES,LOW,1.0,0.0,0.0,0.0,Подарки|Склад ИМ|Склад оптовых продаж,2.0,185895.0,4,IM,2.0,185895.0,0.0,0.0,0.0,0.6667,,YES,N
0-3049B,"Куртка-бомбер, женская, бирюзовая, из стрейч бархата, с декором ""Жучки""",SALES_NO_STOCK,LOW,0.0,0.0,0.0,0.0,Склад ИМ|Склад оптовых продаж,1.0,82620.0,2,IM,1.0,82620.0,0.0,0.0,0.0,1.0,,YES,N
0-3050,"Шорты женские, черные, из стрейч бархата",SALES_NO_STOCK,LOW,0.0,0.0,0.0,0.0,Подарки|Склад ИМ|Склад оптовых продаж,2.0,33180.0,4,IM,2.0,33180.0,0.0,0.0,0.0,1.0,,YES,N
0-3050B,"Шорты женские, бирюзовые, из стрейч бархата",STOCK_NO_SALES,MED,1.0,1.0,0.0,0.0,Склад ИМ|Склад оптовых продаж,0.0,0.0,0,,0.0,0.0,0.0,0.0,0.0,0.0,IM_DEAD_CANDIDATE,YES,N
0-3051,"Брюки женские, черные, из стрейч бархата, с отделкой ""лампас""",SALES_NO_STOCK,LOW,0.0,0.0,0.0,0.0,Склад ИМ|Склад оптовых продаж,3.0,91770.0,6,IM,3.0,91770.0,0.0,0.0,0.0,1.0,,YES,N
0-3052,"Юбка женская, черная, из эко-кожи, с поясом из бархата",STOCK_AND_SALES,LOW,4.0,2.0,0.0,0.0,Салон (Лена М.)|Склад ИМ|Склад оптовых продаж,12.0,333985.0,22,IM,12.0,333985.0,0.0,0.0,0.0,0.75,IM_ALIGNED,YES,N
0-3053,"Платье женское, черное, из джерси, декорировано кружевом",SALES_NO_STOCK,LOW,0.0,0.0,0.0,0.0,Склад ИМ|Склад оптовых продаж,1.0,48550.0,2,IM,1.0,48550.0,0.0,0.0,0.0,1.0,,YES,N
0-3054,"Платье женское, черное, из шифона, декорировано бантами на рукавах",STOCK_NO_SALES,MED,1.0,0.0,0.0,0.0,Салон (Лена М.)|Склад ИМ|Склад оптовых продаж,0.0,0.0,0,,0.0,0.0,0.0,0.0,0.0,0.0,,YES,N
0-3054A,"Платье женское, черное с принтом ""белый горох"", из шелка, декорировано белыми бантами на рукавах",STOCK_NO_SALES,MED,1.0,0.0,0.0,0.0,Салон (Лена М.)|Склад ИМ|Склад оптовых продаж,0.0,0.0,0,,0.0,0.0,0.0,0.0,0.0,0.0,,YES,N
0-3055,"Рубашка женская, белая с принтом ""черные Y, балерины"", из шелка",SALES_NO_STOCK,LOW,0.0,0.0,0.0,0.0,Склад ИМ|Склад оптовых продаж,7.0,479050.0,13,IM,7.0,479050.0,0.0,0.0,0.0,1.0,,YES,N
0-3055B,"Рубашка женская, черная с принтом ""белые Y, балерины"", из шелка",SALES_NO_STOCK,LOW,0.0,0.0,0.0,0.0,Склад ИМ|Склад оптовых продаж,2.0,156780.0,4,IM,2.0,156780.0,0.0,0.0,0.0,1.0,,YES,N
0-3056,"Брюки женские, черные, из искусственного крепа, со скрытым поясом",SALES_NO_STOCK,LOW,0.0,0.0,0.0,0.0,Склад ИМ|Склад оптовых продаж,1.0,43600.0,1,IM,1.0,43600.0,0.0,0.0,0.0,1.0,,YES,N
0-3058,"Блуза женская, черная, из футера, с декором принт ""бусы, бантик""",SALES_NO_STOCK,LOW,0.0,0.0,0.0,0.0,Склад ИМ|Склад оптовых продаж,7.0,278320.0,12,IM,7.0,278320.0,0.0,0.0,0.0,1.0,,YES,N
0-3058A,"Блуза женская, голубая, из футера, с декором принт ""бусы, бантик""",SALES_NO_STOCK,LOW,0.0,0.0,0.0,0.0,Склад ИМ|Склад оптовых продаж,1.0,44730.0,2,IM,1.0,44730.0,0.0,0.0,0.0,1.0,,YES,N
0-3058B,"Блуза женская, серая, из футера, с декором принт  ""бусы, бантик""",STOCK_AND_SALES,LOW,1.0,0.0,0.0,0.0,Подарки|Склад ИМ|Склад оптовых продаж,1.0,44730.0,2,IM,1.0,44730.0,0.0,0.0,0.0,0.5,,YES,N
0-3058C,"Блуза женская, бежевая, из футера, с декором принт ""бусы, бантик""",SALES_NO_STOCK,LOW,0.0,0.0,0.0,0.0,Склад ИМ|Склад оптовых продаж,1.0,49700.0,2,IM,1.0,49700.0,0.0,0.0,0.0,1.0,,YES,N
0-3059,"Брюки женские, черные, из футера, с отделкой ""лампас""",STOCK_AND_SALES,LOW,1.0,0.0,0.0,0.0,Салон (Лена М.)|Склад ИМ|Склад оптовых продаж,5.0,161158.34,10,IM,5.0,161158.34,0.0,0.0,0.0,0.8333,,YES,N
0-3059B,"Брюки женские, серые, из футера, с отделкой ""лампас""",STOCK_AND_SALES,LOW,1.0,1.0,0.0,0.0,Склад ИМ|Склад оптовых продаж,1.0,35190.0,2,IM,1.0,35190.0,0.0,0.0,0.0,0.5,IM_ALIGNED,YES,N
0-306,"Брюки женские, черные, из крепа, со складками спереди, зауженные к низу",STOCK_NO_SALES,MED,1.0,1.0,0.0,0.0,Склад ИМ,0.0,0.0,0,,0.0,0.0,0.0,0.0,0.0,0.0,IM_DEAD_CANDIDATE,YES,N
0-3060,"Юбка женская, черная, из футера, с отделкой ""лампас""",SALES_NO_STOCK,LOW,0.0,0.0,0.0,0.0,Подарки|Склад ИМ|Склад оптовых продаж,8.0,331200.0,15,IM,8.0,331200.0,0.0,0.0,0.0,1.0,,YES,N
0-3060B,"Юбка женская, серая, из футера, с отделкой ""лампас""",STOCK_NO_SALES,MED,1.0,0.0,0.0,0.0,Салон (Лена М.)|Склад ИМ|Склад оптовых продаж,0.0,0.0,0,,0.0,0.0,0.0,0.0,0.0,0.0,,YES,N
0-3060C,"Юбка женская, бежевая, из футера, с отделкой ""лампас""",STOCK_NO_SALES,MED,1.0,1.0,0.0,0.0,Склад ИМ|Склад оптовых продаж,0.0,0.0,0,,0.0,0.0,0.0,0.0,0.0,0.0,IM_DEAD_CANDIDATE,YES,N
0-3061,"Пальто-халат женское, черное, из стрейч бархата, с расшивкой пайетками на манжетах",STOCK_AND_SALES,LOW,1.0,1.0,0.0,0.0,Склад ИМ|Склад оптовых продаж,2.0,78658.78,4,IM,2.0,78658.78,0.0,0.0,0.0,0.6667,IM_ALIGNED,YES,N
0-3061A,"Пальто-халат женское, бежевое, из стрейч бархата, с пайетками на манжетах",STOCK_NO_SALES,MED,1.0,0.0,0.0,0.0,Салон (Лена М.)|Склад ИМ|Склад оптовых продаж,0.0,0.0,0,,0.0,0.0,0.0,0.0,0.0,0.0,,YES,N
0-3061B,"Пальто-халат женское, синее, из стрейч бархата, с пайетками на манжетах",SALES_NO_STOCK,LOW,0.0,0.0,0.0,0.0,Склад ИМ|Склад оптовых продаж,1.0,41850.0,1,IM,1.0,41850.0,0.0,0.0,0.0,1.0,,YES,N
0-3061C,"Пальто-халат женское, голубое, из стрейч бархата, с пайетками на манжетах",STOCK_NO_SALES,MED,1.0,1.0,0.0,0.0,Склад ИМ|Склад оптовых продаж,0.0,0.0,0,,0.0,0.0,0.0,0.0,0.0,0.0,IM_DEAD_CANDIDATE,YES,N
0-3061D,"Пальто-халат бирюзовое, из стрейч бархата, с пайетками на манжетах",SALES_NO_STOCK,LOW,0.0,0.0,0.0,0.0,Склад ИМ|Склад оптовых продаж,1.0,77570.0,2,IM,1.0,77570.0,0.0,0.0,0.0,1.0,,YES,N
0-3062,"Блуза-топ женская, черная с принтом ""многоцветные капли"", из шелка",SALES_NO_STOCK,LOW,0.0,0.0,0.0,0.0,Склад ИМ|Склад оптовых продаж,1.0,39510.0,2,IM,1.0,39510.0,0.0,0.0,0.0,1.0,,YES,N
0-3062A,"Блуза-топ женская, бежевая, из шелка, на тонких бретелях",STOCK_NO_SALES,MED,1.0,0.0,0.0,0.0,Салон (Лена М.)|Склад ИМ|Склад оптовых продаж,0.0,0.0,0,,0.0,0.0,0.0,0.0,0.0,0.0,,YES,N
0-3062B,"Блуза-топ женская, черная с принтом ""синие капли"", из шелка",SALES_NO_STOCK,LOW,0.0,0.0,0.0,0.0,Склад ИМ|Склад оптовых продаж,1.0,35120.0,2,IM,1.0,35120.0,0.0,0.0,0.0,1.0,,YES,N
0-3062C,"Блуза-топ женская, голубая, с принтом ""синие капли"", из шелка",SALES_NO_STOCK,LOW,0.0,0.0,0.0,0.0,Склад ИМ|Склад оптовых продаж,2.0,61460.0,4,IM,2.0,61460.0,0.0,0.0,0.0,1.0,,YES,N
0-3063,"Брюки женские, черные, из стрейч бархата, на широкой резинке",STOCK_AND_SALES,LOW,7.0,1.0,0.0,1.0,Подарки|Салон (Лена М.)|Склад ИМ|Склад оптовых продаж,7.0,217940.0,13,IM,7.0,217940.0,0.0,0.0,0.0,0.5,IM_ALIGNED,YES,N
0-3063A,"Брюки женские, бежевые, из стрейч бархата, на широкой резинке",STOCK_NO_SALES,MED,1.0,0.0,0.0,0.0,Салон (Лена М.)|Склад ИМ|Склад оптовых продаж,0.0,0.0,0,,0.0,0.0,0.0,0.0,0.0,0.0,,YES,N
0-3063B,"Брюки женские, синие, из стрейч бархата, на широкой резинке",SALES_NO_STOCK,LOW,0.0,0.0,0.0,0.0,Склад ИМ|Склад оптовых продаж,2.0,58660.0,4,IM,2.0,58660.0,0.0,0.0,0.0,1.0,,YES,N
0-3063C,"Брюки женские, голубые, из стрейч бархата, на широкой резинке",STOCK_NO_SALES,MED,1.0,1.0,0.0,0.0,Склад ИМ|Склад оптовых продаж,0.0,0.0,0,,0.0,0.0,0.0,0.0,0.0,0.0,IM_DEAD_CANDIDATE,YES,N
0-3064A,"Платье женское, бежевое, из шелка, на тонких бретелях",STOCK_AND_SALES,LOW,2.0,2.0,0.0,0.0,Склад ИМ|Склад оптовых продаж,6.0,316040.0,12,IM,6.0,316040.0,0.0,0.0,0.0,0.75,IM_ALIGNED,YES,N
0-3064B,"Платье женское, синее, из шелка, на тонких бретелях",STOCK_NO_SALES,MED,1.0,1.0,0.0,0.0,Склад ИМ|Склад оптовых продаж,0.0,0.0,0,,0.0,0.0,0.0,0.0,0.0,0.0,IM_DEAD_CANDIDATE,YES,N
0-3065,"Блуза женская, серая, из искусственного крепа, с декором ""Бант""",SALES_NO_STOCK,LOW,0.0,0.0,0.0,0.0,Склад ИМ|Склад оптовых продаж,3.0,99850.0,4,IM,3.0,99850.0,0.0,0.0,0.0,1.0,,YES,N
0-3065A,"Блуза женская, бежевая, из искусственного крепа, с декором ""Бант""",STOCK_NO_SALES,MED,1.0,0.0,0.0,0.0,Салон (Лена М.)|Склад ИМ|Склад оптовых продаж,0.0,0.0,0,,0.0,0.0,0.0,0.0,0.0,0.0,,YES,N
0-3066,"Брюки женские, серые, из искусственного крепа",SALES_NO_STOCK,LOW,0.0,0.0,0.0,0.0,Склад ИМ|Склад оптовых продаж,2.0,46700.0,2,IM,2.0,46700.0,0.0,0.0,0.0,1.0,,YES,N
0-3066A,"Брюки женские, бежевые, из искусственного крепа",STOCK_NO_SALES,MED,1.0,0.0,0.0,0.0,Салон (Лена М.)|Склад ИМ|Склад оптовых продаж,0.0,0.0,0,,0.0,0.0,0.0,0.0,0.0,0.0,,YES,N
0-3066B,"Брюки женские, черные, из искусственного крепа",SALES_NO_STOCK,LOW,0.0,0.0,0.0,0.0,Склад ИМ|Склад оптовых продаж,1.0,15850.0,2,IM,1.0,15850.0,0.0,0.0,0.0,1.0,,YES,N
0-3067A,"Блуза женская, серая, из стрейч бархата, с отделкой белым кантом и поясом",SALES_NO_STOCK,LOW,0.0,0.0,0.0,0.0,Подарки|Склад ИМ|Склад оптовых продаж,1.0,79110.0,2,IM,1.0,79110.0,0.0,0.0,0.0,1.0,,YES,N
0-3067B,"Блуза женская, бирюзовая, из стрейч бархата, с отделкой белым кантом и поясом",SALES_NO_STOCK,LOW,0.0,0.0,0.0,0.0,Склад ИМ|Склад оптовых продаж,4.0,254885.0,7,IM,4.0,254885.0,0.0,0.0,0.0,1.0,,YES,N
0-3068,"Брюки женские, черные, из стрейч бархата, с отделкой белым кантом по низу",STOCK_NO_SALES,MED,2.0,2.0,0.0,0.0,Салон (Лена М.)|Склад ИМ|Склад оптовых продаж,0.0,0.0,0,,0.0,0.0,0.0,0.0,0.0,0.0,IM_DEAD_CANDIDATE,YES,N
0-3068A,"Брюки женские, серые, из стрейч бархата, с отделкой белым кантом по низу",SALES_NO_STOCK,LOW,0.0,0.0,0.0,0.0,Подарки|Склад ИМ|Склад оптовых продаж,5.0,195715.0,9,IM,5.0,195715.0,0.0,0.0,0.0,1.0,,YES,N
0-3069,"Блуза-топ женская, черная, из шелка, на тонких бретелях",SALES_NO_STOCK,LOW,0.0,0.0,0.0,0.0,Склад ИМ|Склад оптовых продаж,1.0,26945.0,2,IM,1.0,26945.0,0.0,0.0,0.0,1.0,,YES,N
0-3069A,"Блуза-топ женская, белая, из шелка, на тонких бретелях",STOCK_NO_SALES,MED,1.0,0.0,0.0,0.0,Салон (Лена М.)|Склад ИМ|Склад оптовых продаж,0.0,0.0,0,,0.0,0.0,0.0,0.0,0.0,0.0,,YES,N
0-3070,"Блуза женская, бежевая, из крепа, декорирована жемчужными бусами и черным бантом",SALES_NO_STOCK,LOW,0.0,0.0,0.0,0.0,Склад ИМ|Склад оптовых продаж,1.0,59800.0,2,IM,1.0,59800.0,0.0,0.0,0.0,1.0,,YES,N
0-3070A,"Блуза женская, серая, из крепа, декорирована жемчужными бусами и черным бантом",SALES_NO_STOCK,LOW,0.0,0.0,0.0,0.0,Склад ИМ|Склад оптовых продаж,1.0,53820.0,2,IM,1.0,53820.0,0.0,0.0,0.0,1.0,,YES,N
0-3070B,"Блуза женская, белая, из крепа, декорирована жемчужными бусами и черным бантом",SALES_NO_STOCK,LOW,0.0,0.0,0.0,0.0,Склад ИМ|Склад оптовых продаж,1.0,70380.0,2,IM,1.0,70380.0,0.0,0.0,0.0,1.0,,YES,N
0-3073,"Свитшот женский, черный, с декором принт ""MY YANINA COUTURE"", с коротким рукавом",STOCK_AND_SALES,LOW,1.0,1.0,0.0,0.0,Подарки|Склад ИМ|Склад оптовых продаж,52.0,1692739.74,86,B2B|IM|TSUM,42.0,1480794.74,4.0,143545.0,6.0,0.9811,IM_ALIGNED,YES,N
0-3073A,"Свитшот женский, белый, с декором принт ""MY YANINA COUTURE"", с коротким рукавом",STOCK_AND_SALES,LOW,7.0,5.0,0.0,0.0,Подарки|Салон (Лена М.)|Склад ИМ|Склад оптовых продаж,5.0,171209.45,8,IM|TSUM,3.0,96140.0,2.0,75069.45,0.0,0.4167,IM_ALIGNED,YES,N
0-3073B,"Свитшот женский, серый, с декором принт ""MY YANINA COUTURE"", с коротким рукавом",STOCK_NO_SALES,HIGH,4.0,2.0,0.0,0.0,Подарки|Салон (Лена М.)|Склад ИМ|Склад оптовых продаж,0.0,0.0,0,,0.0,0.0,0.0,0.0,0.0,0.0,IM_DEAD_CANDIDATE,YES,N
0-3073C,"Свитшот женский, голубой, с декором принт ""MY YANINA COUTURE"", с коротким рукавом",STOCK_NO_SALES,HIGH,5.0,2.0,0.0,0.0,Подарки|Салон (Лена М.)|Склад ИМ|Склад оптовых продаж,0.0,0.0,0,,0.0,0.0,0.0,0.0,0.0,0.0,IM_DEAD_CANDIDATE,YES,N
0-3075,"Футболка женская, черная, из трикотажа, с надписью ""MY YANINA COUTURE""",STOCK_AND_SALES,LOW,1.0,0.0,0.0,0.0,Подарки|Склад ИМ|Склад оптовых продаж,7.0,132030.0,13,IM,7.0,132030.0,0.0,0.0,0.0,0.875,,YES,N
0-3075A,"Футболка женская, белая, из трикотажа, с надписью ""MY YANINA COUTURE""",STOCK_NO_SALES,MED,2.0,0.0,0.0,0.0,Подарки|Салон (Лена М.)|Склад ИМ|Склад оптовых продаж,0.0,0.0,0,,0.0,0.0,0.0,0.0,0.0,0.0,,YES,N
0-3075B,"Футболка женская, серая, из трикотажа, с надписью ""MY YANINA COUTURE""",STOCK_NO_SALES,MED,1.0,1.0,0.0,0.0,Подарки|Склад ИМ|Склад оптовых продаж,0.0,0.0,0,,0.0,0.0,0.0,0.0,0.0,0.0,IM_DEAD_CANDIDATE,YES,N
0-3076A,"Свитшот женский, черный, с декором принт ""MY YANINA COUTURE""",SALES_NO_STOCK,LOW,0.0,0.0,0.0,0.0,Склад ИМ|Склад оптовых продаж,3.0,90630.0,6,IM,3.0,90630.0,0.0,0.0,0.0,1.0,,YES,N
0-3076B,"Свитшот женский, фуксия, с декором принт ""MY YANINA COUTURE""",SALES_NO_STOCK,LOW,0.0,0.0,0.0,0.0,Склад ИМ|Склад оптовых продаж,1.0,35790.0,2,IM,1.0,35790.0,0.0,0.0,0.0,1.0,,YES,N
0-3077A,"Лонгслив женский, черный, из хлопкового трикотажа",STOCK_AND_SALES,LOW,1.0,1.0,0.0,0.0,Склад ИМ|Склад оптовых продаж,4.0,45210.0,8,IM,4.0,45210.0,0.0,0.0,0.0,0.8,IM_ALIGNED,YES,N
0-3078,"Юбка женская, черная, из кружева",STOCK_AND_SALES,LOW,2.0,2.0,0.0,0.0,Склад ИМ|Склад оптовых продаж,19.0,1145970.0,35,IM,19.0,1145970.0,0.0,0.0,0.0,0.9048,IM_ALIGNED,YES,N
0-3094,"Чокер женский, с серебряными стразами, широкий",STOCK_NO_SALES,MED,1.0,1.0,0.0,0.0,Склад ИМ|Склад оптовых продаж,0.0,0.0,0,,0.0,0.0,0.0,0.0,0.0,0.0,IM_DEAD_CANDIDATE,YES,N
0-3109A,,SALES_NO_STOCK,LOW,0.0,0.0,0.0,0.0,,1.0,82501.0,2,IM,1.0,82501.0,0.0,0.0,0.0,1.0,,YES,N
0-3182,"Свитшот женский, серый из футера, с вышивкой ""Ришелье""",STOCK_AND_SALES,LOW,1.0,1.0,0.0,0.0,Склад ИМ|Склад оптовых продаж,2.0,48800.0,8,IM,2.0,48800.0,0.0,0.0,0.0,0.6667,IM_ALIGNED,YES,N
0-3182A,"Свитшот женский, белый, из футера, с вышивкой ""Ришелье""",SALES_NO_STOCK,LOW,0.0,0.0,0.0,0.0,Склад ИМ|Склад оптовых продаж,1.0,43920.0,2,IM,1.0,43920.0,0.0,0.0,0.0,1.0,,YES,N
0-3183,"Юбка женская, серая, из футера, с вышивкой ""Ришелье""",STOCK_AND_SALES,LOW,1.0,1.0,0.0,0.0,Склад ИМ|Склад оптовых продаж,3.0,107300.0,9,IM,3.0,107300.0,0.0,0.0,0.0,0.75,IM_ALIGNED,YES,N
0-3184,"Бомбер женский, синий, из стрейч бархата, с вышивкой ""YANINA""",STOCK_NO_SALES,MED,1.0,1.0,0.0,0.0,Склад ИМ|Склад оптовых продаж,0.0,0.0,0,,0.0,0.0,0.0,0.0,0.0,0.0,IM_DEAD_CANDIDATE,YES,N
0-3185,"Блуза женская, черная, из трикотажа, с вышивкой ""Ришелье""",SALES_NO_STOCK,LOW,0.0,0.0,0.0,0.0,Склад ИМ|Склад оптовых продаж,3.0,108100.0,6,IM,3.0,108100.0,0.0,0.0,0.0,1.0,,YES,N
0-3208A,"Свитшот женский, черный, из бархата, с декоративными оборками из кружева на рукавах",STOCK_AND_SALES,LOW,3.0,1.0,0.0,0.0,Подарки|Склад ИМ|Склад оптовых продаж,3.0,109200.0,6,IM,3.0,109200.0,0.0,0.0,0.0,0.5,IM_ALIGNED,YES,N
0-3208B,"Свитшот женский, коричневый, из бархата, с декоративными оборками на рукавах",STOCK_AND_SALES,LOW,1.0,0.0,0.0,0.0,Подарки|Салон (Лена М.)|Склад ИМ|Склад оптовых продаж,6.0,200382.0,11,IM,6.0,200382.0,0.0,0.0,0.0,0.8571,,YES,N
0-3209A,"Брюки женские, черные, из бархата, с шелковым лампасом, прямого кроя",STOCK_NO_SALES,HIGH,4.0,2.0,0.0,0.0,Подарки|Салон (Лена М.)|Склад ИМ|Склад оптовых продаж,0.0,0.0,0,,0.0,0.0,0.0,0.0,0.0,0.0,IM_DEAD_CANDIDATE,YES,N
0-3209B,"Брюки женские, коричневые, из бархата, с шелковыи лампасом, прямого кроя",STOCK_NO_SALES,MED,1.0,0.0,0.0,0.0,Подарки|Салон (Лена М.)|Склад ИМ|Склад оптовых продаж,0.0,0.0,0,,0.0,0.0,0.0,0.0,0.0,0.0,,YES,N
0-3209C,"Брюки женсие, черные, из стрейч бархата, на широкой резинке, прямые",SALES_NO_STOCK,LOW,0.0,0.0,0.0,0.0,Склад ИМ|Склад оптовых продаж,12.0,346285.0,22,IM,12.0,346285.0,0.0,0.0,0.0,1.0,,YES,N
0-321,"Брюки женские, белые, из хлопка, зауженные к низу",STOCK_AND_SALES,LOW,1.0,0.0,0.0,0.0,Aldo Coppola|ДЕМИ|Салон (Лена М.),1.0,15500.0,1,IM,1.0,15500.0,0.0,0.0,0.0,0.5,,YES,N
0-3210,"Платье женское, белое, из хлопка ""шитье"", с поясом",STOCK_NO_SALES,MED,1.0,1.0,0.0,0.0,Склад ИМ|Склад оптовых продаж,0.0,0.0,0,,0.0,0.0,0.0,0.0,0.0,0.0,IM_DEAD_CANDIDATE,YES,N
0-3221,"Футболка женская, розовая, из трикотажа, с декором принт ""Горох""",STOCK_NO_SALES,HIGH,5.0,4.0,0.0,0.0,Салон (Лена М.)|Склад ИМ|Склад оптовых продаж,0.0,0.0,0,,0.0,0.0,0.0,0.0,0.0,0.0,IM_DEAD_CANDIDATE,YES,N
0-3221A,"Футболка женская, белая, из трикотажа, с декором принт ""My real job""",STOCK_NO_SALES,HIGH,5.0,3.0,0.0,0.0,Подарки|Склад ИМ|Склад оптовых продаж,0.0,0.0,0,,0.0,0.0,0.0,0.0,0.0,0.0,IM_DEAD_CANDIDATE,YES,N
0-3221B,"Футботка женская, белая, из трикотажа, с декором принт ""Couture""",STOCK_NO_SALES,HIGH,3.0,2.0,0.0,0.0,Подарки|Склад ИМ|Склад оптовых продаж,0.0,0.0,0,,0.0,0.0,0.0,0.0,0.0,0.0,IM_DEAD_CANDIDATE,YES,N
0-3221C,"Футболка женская, белая, из трикотажа, с декором принт ""Папайя""",STOCK_AND_SALES,MED,10.0,6.0,0.0,0.0,Подарки|Салон (Лена М.)|Склад ИМ|Склад оптовых продаж,3.0,51300.0,5,IM,3.0,51300.0,0.0,0.0,0.0,0.2308,IM_ALIGNED,YES,N
0-3221D,"Футболка женская, голубая, из трикотажа, с декором принт ""Арбуз""",STOCK_NO_SALES,HIGH,8.0,3.0,0.0,0.0,Подарки|Салон (Лена М.)|Склад ИМ|Склад оптовых продаж,0.0,0.0,0,,0.0,0.0,0.0,0.0,0.0,0.0,IM_DEAD_CANDIDATE,YES,N
0-3221E,,SALES_NO_STOCK,LOW,0.0,0.0,0.0,0.0,,14.0,270950.0,22,IM,14.0,270950.0,0.0,0.0,0.0,1.0,,YES,N
0-3238,"Жакет женский, черный, из костюмной ткани ""шанель"", декорирован черной тесьмой",STOCK_NO_SALES,MED,1.0,0.0,0.0,0.0,Подарки|Склад ИМ|Склад оптовых продаж,0.0,0.0,0,,0.0,0.0,0.0,0.0,0.0,0.0,,YES,N
0-3239,"Шорты женские, черные, из костюмной ткани ""шанель""",STOCK_NO_SALES,MED,1.0,0.0,0.0,0.0,Подарки|Склад ИМ|Склад оптовых продаж,0.0,0.0,0,,0.0,0.0,0.0,0.0,0.0,0.0,,YES,N
0-3240,"Юбка женская, черная, из сетки, с шелковым поясом, А-силуэт",STOCK_AND_SALES,LOW,1.0,0.0,0.0,0.0,Подарки|Склад ИМ|Склад оптовых продаж,1.0,31450.0,2,IM,1.0,31450.0,0.0,0.0,0.0,0.5,,YES,N
0-3243,"Свитшот женский, черный, из футера, с капюшоном, с вышивкой ""Be a poem""",SALES_NO_STOCK,LOW,0.0,0.0,0.0,0.0,Склад ИМ|Склад оптовых продаж,1.0,30250.0,2,IM,1.0,30250.0,0.0,0.0,0.0,1.0,,YES,N
0-3244,"Юбка женская, черная, из костюмной ткани, расклешенная к низу",STOCK_NO_SALES,MED,1.0,1.0,0.0,0.0,Склад ИМ|Склад оптовых продаж,0.0,0.0,0,,0.0,0.0,0.0,0.0,0.0,0.0,IM_DEAD_CANDIDATE,YES,N
0-3246A,"Брюки женские, черные, из дюшеса, со стрелками, без карманов",STOCK_NO_SALES,MED,2.0,2.0,0.0,0.0,Склад ИМ|Склад оптовых продаж,0.0,0.0,0,,0.0,0.0,0.0,0.0,0.0,0.0,IM_DEAD_CANDIDATE,YES,N
0-3246B,"Брюки женские, черные, из шерсти, с отворотами по низу",STOCK_NO_SALES,MED,1.0,1.0,0.0,0.0,Склад ИМ|Склад оптовых продаж,0.0,0.0,0,,0.0,0.0,0.0,0.0,0.0,0.0,IM_DEAD_CANDIDATE,YES,N
0-3248,"Юбка женская, черная, из сетки, с боковым разрезом и шелковым поясом, А-силуэт",STOCK_NO_SALES,MED,1.0,1.0,0.0,0.0,Склад ИМ|Склад оптовых продаж,0.0,0.0,0,,0.0,0.0,0.0,0.0,0.0,0.0,IM_DEAD_CANDIDATE,YES,N
0-3254,"Платье женское, черное, из шелка, с декором ""буфы"", А-силуэт",STOCK_NO_SALES,MED,1.0,1.0,0.0,0.0,Склад ИМ|Склад оптовых продаж,0.0,0.0,0,,0.0,0.0,0.0,0.0,0.0,0.0,IM_DEAD_CANDIDATE,YES,N
0-3255,"Блуза женская, черная, из шелка, с объемным рукавом и аппликацией ""Цветы""",STOCK_NO_SALES,MED,1.0,1.0,0.0,0.0,Склад ИМ|Склад оптовых продаж,0.0,0.0,0,,0.0,0.0,0.0,0.0,0.0,0.0,IM_DEAD_CANDIDATE,YES,N
0-3287,"Дубленка женская, серая, из овчины, с вышивкой шнуром",STOCK_NO_SALES,MED,1.0,0.0,0.0,0.0,Салон (Лена М.)|Склад оптовых продаж,0.0,0.0,0,,0.0,0.0,0.0,0.0,0.0,0.0,,YES,N
0-3290,"Дубленка женская, черная, из овчины, с вышивкой ""Цветы"" на рукавах",STOCK_NO_SALES,MED,1.0,0.0,0.0,0.0,Салон (Лена М.)|Склад оптовых продаж,0.0,0.0,0,,0.0,0.0,0.0,0.0,0.0,0.0,,YES,N
0-3337,"Блуза женская, черная, из органзы, с вышивкой ""YC"" на кармане",STOCK_AND_SALES,LOW,5.0,5.0,0.0,0.0,Склад ИМ|Склад оптовых продаж,3.0,104000.0,6,IM,3.0,104000.0,0.0,0.0,0.0,0.375,IM_ALIGNED,YES,N
0-3338,"Блуза женская, белая, из кружева, прямого силуэта, без карманов",STOCK_AND_SALES,LOW,2.0,1.0,0.0,1.0,Склад ИМ|Склад оптовых продаж,2.0,126000.0,4,IM,2.0,126000.0,0.0,0.0,0.0,0.5,IM_ALIGNED,YES,N
0-3338A,"Блуза женская, черная, из кружева, прямого силуэта, без карманов",STOCK_NO_SALES,MED,2.0,2.0,0.0,0.0,Склад ИМ|Склад оптовых продаж,0.0,0.0,0,,0.0,0.0,0.0,0.0,0.0,0.0,IM_DEAD_CANDIDATE,YES,N
0-3338B,"Блуза женская, зеленая, из кружева, прямого силуэта, без карманов",STOCK_AND_SALES,LOW,1.0,1.0,0.0,0.0,Склад ИМ|Склад оптовых продаж,1.0,59500.0,2,IM,1.0,59500.0,0.0,0.0,0.0,0.5,IM_ALIGNED,YES,N
0-3339,"Платье женское, черное, из крепового шифона, с вышивкой из страз на воротнике",STOCK_AND_SALES,LOW,3.0,3.0,0.0,0.0,Склад ИМ|Склад оптовых продаж,1.0,100725.0,2,IM,1.0,100725.0,0.0,0.0,0.0,0.25,IM_ALIGNED,YES,N
0-3340,"Блуза женская, черная с принтом ""белые Y"", из шелка, с рукавами ""летучая мышь""",STOCK_NO_SALES,MED,1.0,1.0,0.0,0.0,Склад ИМ|Склад оптовых продаж,0.0,0.0,0,,0.0,0.0,0.0,0.0,0.0,0.0,IM_DEAD_CANDIDATE,YES,N
0-3341,"Брюки женские, черные, из костюмной ткани, зауженные к низу",STOCK_AND_SALES,LOW,2.0,2.0,0.0,0.0,Склад ИМ|Склад оптовых продаж,2.0,68000.0,4,IM,2.0,68000.0,0.0,0.0,0.0,0.5,IM_ALIGNED,YES,N
0-3342,"Брюки женские, черные, из костюмной ткани, прямые",STOCK_AND_SALES,MED,5.0,5.0,0.0,0.0,Склад ИМ|Склад оптовых продаж,1.0,36125.0,2,IM,1.0,36125.0,0.0,0.0,0.0,0.1667,IM_ALIGNED,YES,N
0-3342A,"Брюки женские, серые в полоску, из костюмной ткани, прямые",STOCK_NO_SALES,MED,2.0,2.0,0.0,0.0,Склад ИМ|Склад оптовых продаж,0.0,0.0,0,,0.0,0.0,0.0,0.0,0.0,0.0,IM_DEAD_CANDIDATE,YES,N
0-3344,"Платье женское, черное с принтом ""белые Y и балерины"", из шелка, со складками ""плиссе""",SALES_NO_STOCK,LOW,0.0,0.0,0.0,0.0,Склад ИМ|Склад оптовых продаж,1.0,100300.0,2,IM,1.0,100300.0,0.0,0.0,0.0,1.0,,YES,N
0-3346,"Платье женское, черное, из стрейч-бархата, двубортное, с поясом",STOCK_AND_SALES,LOW,1.0,1.0,0.0,0.0,Склад ИМ|Склад оптовых продаж,3.0,273000.0,6,IM,3.0,273000.0,0.0,0.0,0.0,0.75,IM_ALIGNED,YES,N
0-3347,"Жакет женский, черный, из стрейч-бархата, с вышивкой ""Y"" на карманах и поясом",STOCK_AND_SALES,LOW,4.0,4.0,0.0,0.0,Склад ИМ|Склад оптовых продаж,5.0,532875.0,10,IM,5.0,532875.0,0.0,0.0,0.0,0.5556,IM_ALIGNED,YES,N
0-3348,"Брюки-палаццо женские, черные, из стрейч-бархата, с широким поясом",STOCK_AND_SALES,LOW,4.0,3.0,0.0,1.0,Склад ИМ|Склад оптовых продаж,5.0,195750.0,10,IM,5.0,195750.0,0.0,0.0,0.0,0.5556,IM_ALIGNED,YES,N
0-3349,"Брюки женские, черные, из крепа, широкие, со складками по талии",STOCK_AND_SALES,LOW,2.0,2.0,0.0,0.0,Склад ИМ|Склад оптовых продаж,2.0,184450.0,4,IM,2.0,184450.0,0.0,0.0,0.0,0.5,IM_ALIGNED,YES,N
0-3350,,SALES_NO_STOCK,LOW,0.0,0.0,0.0,0.0,,1.0,252000.0,2,IM,1.0,252000.0,0.0,0.0,0.0,1.0,,YES,N
0-3351,"Рубашка женская, белая, из хлопка, удлиненная со складками и вышивкой ""Yanina""",STOCK_NO_SALES,MED,2.0,2.0,0.0,0.0,Склад ИМ|Склад оптовых продаж,0.0,0.0,0,,0.0,0.0,0.0,0.0,0.0,0.0,IM_DEAD_CANDIDATE,YES,N
0-3352,"Юбка женская, черная, из вискозы, расклешенная к низу",STOCK_AND_SALES,LOW,1.0,1.0,0.0,0.0,Склад ИМ|Склад оптовых продаж,2.0,127500.0,3,IM,2.0,127500.0,0.0,0.0,0.0,0.6667,IM_ALIGNED,YES,N
0-3353,"Жакет женский, черный, из вискозы, со съемным белым воротником",STOCK_NO_SALES,MED,2.0,2.0,0.0,0.0,Склад ИМ|Склад оптовых продаж,0.0,0.0,0,,0.0,0.0,0.0,0.0,0.0,0.0,IM_DEAD_CANDIDATE,YES,N
0-3355,"Блуза женская, белая с принтом ""черные листья"", из шифона, с объемными рукавами",STOCK_AND_SALES,LOW,1.0,1.0,0.0,0.0,Склад ИМ|Склад оптовых продаж,6.0,331500.0,12,IM,6.0,331500.0,0.0,0.0,0.0,0.8571,IM_ALIGNED,YES,N
0-3355A,"Блуза женская, серая с принтом ""розовые листья"", из шифона, с объемными рукавами",STOCK_NO_SALES,MED,1.0,1.0,0.0,0.0,Склад ИМ|Склад оптовых продаж,0.0,0.0,0,,0.0,0.0,0.0,0.0,0.0,0.0,IM_DEAD_CANDIDATE,YES,N
0-3356,"Платье женское, черное с принтом ""белые листья"", из шелка, с объемными рукавами на резинке",SALES_NO_STOCK,LOW,0.0,0.0,0.0,0.0,Склад ИМ|Склад оптовых продаж,1.0,81600.0,2,IM,1.0,81600.0,0.0,0.0,0.0,1.0,,YES,N
0-3357,"Пальто женское, серое, из хлопка, удлиненное, свободного силуэта",SALES_NO_STOCK,LOW,0.0,0.0,0.0,0.0,Склад ИМ|Склад оптовых продаж,1.0,80750.0,2,IM,1.0,80750.0,0.0,0.0,0.0,1.0,,YES,N
0-3357A,"Пальто женское, черное, из костюмной ткани, удлиненное, свободного силуэта",STOCK_NO_SALES,MED,1.0,1.0,0.0,0.0,Склад ИМ|Склад оптовых продаж,0.0,0.0,0,,0.0,0.0,0.0,0.0,0.0,0.0,IM_DEAD_CANDIDATE,YES,N
0-3358,"Блуза женская, черная, из крепового шифона, с кокеткой из сетки с камнями",STOCK_NO_SALES,MED,2.0,2.0,0.0,0.0,Склад ИМ|Склад оптовых продаж,0.0,0.0,0,,0.0,0.0,0.0,0.0,0.0,0.0,IM_DEAD_CANDIDATE,YES,N
0-3362,"Блуза-топ женская, белая, из эко шелка, с вытачками",STOCK_AND_SALES,LOW,1.0,1.0,0.0,0.0,Склад ИМ|Склад оптовых продаж,1.0,39950.0,2,IM,1.0,39950.0,0.0,0.0,0.0,0.5,IM_ALIGNED,YES,N
0-3363,"Блуза-топ женская, черная, из эко-шелка, на тонких бретелях",STOCK_AND_SALES,LOW,1.0,1.0,0.0,0.0,Склад ИМ|Склад оптовых продаж,1.0,11200.0,2,IM,1.0,11200.0,0.0,0.0,0.0,0.5,IM_ALIGNED,YES,N
0-3363A,"Блуза-топ женская, белая, из эко-шелка, на тонких бретелях",STOCK_NO_SALES,MED,1.0,1.0,0.0,0.0,Склад ИМ|Склад оптовых продаж,0.0,0.0,0,,0.0,0.0,0.0,0.0,0.0,0.0,IM_DEAD_CANDIDATE,YES,N
0-3364,"Брошь серая, из рафия, ""колосок""",SALES_NO_STOCK,LOW,0.0,0.0,0.0,0.0,Склад ИМ|Склад оптовых продаж,8.0,88065.0,16,IM,8.0,88065.0,0.0,0.0,0.0,1.0,,YES,N
0-3364A,"Брошь бежевая, из рафия, ""колосок""",STOCK_NO_SALES,MED,1.0,1.0,0.0,0.0,Склад ИМ|Склад оптовых продаж,0.0,0.0,0,,0.0,0.0,0.0,0.0,0.0,0.0,IM_DEAD_CANDIDATE,YES,N
0-3421,"Пояс женский, черный, из стрейч бархата, с декором кисточка",STOCK_NO_SALES,MED,1.0,1.0,0.0,0.0,Склад ИМ|Склад оптовых продаж,0.0,0.0,0,,0.0,0.0,0.0,0.0,0.0,0.0,IM_DEAD_CANDIDATE,YES,N
0-3422,"Пояс женский, черный, из стрейч бархата, с декором бахрома",STOCK_NO_SALES,MED,1.0,1.0,0.0,0.0,Склад ИМ|Склад оптовых продаж,0.0,0.0,0,,0.0,0.0,0.0,0.0,0.0,0.0,IM_DEAD_CANDIDATE,YES,N
0-3430,"Ободок черный, на металлической основе, декорирован бантом и сеткой",STOCK_AND_SALES,LOW,2.0,2.0,0.0,0.0,Склад ИМ|Склад оптовых продаж,1.0,29750.0,2,IM,1.0,29750.0,0.0,0.0,0.0,0.3333,IM_ALIGNED,YES,N
0-3432,"Свитшот женский, голубой, из футера",STOCK_NO_SALES,MED,1.0,1.0,0.0,0.0,Склад ИМ|Склад оптовых продаж,0.0,0.0,0,,0.0,0.0,0.0,0.0,0.0,0.0,IM_DEAD_CANDIDATE,YES,N
0-435A,"Блуза-парео женская, черная с принтом ""многоцветные разводы"", из батиста",SALES_NO_STOCK,LOW,0.0,0.0,0.0,0.0,Склад ИМ,1.0,20000.0,1,IM,1.0,20000.0,0.0,0.0,0.0,1.0,,YES,N
0-969,"Платье женское, зеленое, из шелка, с расшивкой пайетками по лифу",STOCK_NO_SALES,MED,1.0,1.0,0.0,0.0,Склад ИМ,0.0,0.0,0,,0.0,0.0,0.0,0.0,0.0,0.0,IM_DEAD_CANDIDATE,YES,N
36-08Б,"Блуза-корсет женская, черный, из натуральной кожи",STOCK_NO_SALES,MED,1.0,0.0,0.0,0.0,Салон (Лена М.),0.0,0.0,0,,0.0,0.0,0.0,0.0,0.0,0.0,,YES,N
SS1730-PA,"Брюки женские, серые, из шерсти, с молнией, зауженные к низу",SALES_NO_STOCK,LOW,0.0,0.0,0.0,0.0,Подарки|Склад ИМ,1.0,15500.0,2,IM,1.0,15500.0,0.0,0.0,0.0,1.0,,YES,N
SS1731,"Брюки женские, черные, из шерсти, с отделкой ""лампас"" из шелка",STOCK_NO_SALES,MED,1.0,1.0,0.0,0.0,Склад ИМ,0.0,0.0,0,,0.0,0.0,0.0,0.0,0.0,0.0,IM_DEAD_CANDIDATE,YES,N
T-1416,"Брюки-джоггеры женские, черные, из стрейч бархата, с шелковым лампасом",STOCK_AND_SALES,LOW,2.0,0.0,0.0,0.0,Салон (Лена М.)|Склад ИМ|Склад оптовых продаж,18.0,591078.47,15,IM|TSUM,4.0,75110.0,14.0,515968.47,0.0,0.9,,YES,N
T-1418,"Свитшот женский, черный, из бархата, с декоративными оборками на рукавах",STOCK_AND_SALES,LOW,7.0,6.0,0.0,0.0,Салон (Лена М.)|Склад ИМ|Склад оптовых продаж,18.0,863821.89,16,IM|TSUM,4.0,105820.0,14.0,758001.89,0.0,0.72,IM_ALIGNED,YES,N
T-1444A,"Свитшот женский, черный, из футера, с декором принт ""дерево, птица, Yanina"", удлененный с капюшоном",SALES_NO_STOCK,LOW,0.0,0.0,0.0,0.0,Склад оптовых продаж,5.0,259527.75,4,TSUM,0.0,0.0,5.0,259527.75,0.0,1.0,,YES,N
T-1672F,"Рубашка женская, черная, из хлопка, прямого кроя, с вышивкой по планке и манжетам",STOCK_AND_SALES,LOW,11.0,8.0,0.0,0.0,Салон (Лена М.)|Склад ИМ|Склад оптовых продаж,8.0,229680.0,16,IM,8.0,229680.0,0.0,0.0,0.0,0.4211,IM_ALIGNED,YES,N
T-1879B,"Юбка женская, черная, из стрейч бархата, миди",SALES_NO_STOCK,LOW,0.0,0.0,0.0,0.0,Склад оптовых продаж,7.0,494626.75,5,B2B|TSUM,0.0,0.0,4.0,380755.75,3.0,1.0,,YES,N
T-1879C,"Юбка женская, черная, из натурального шелка, миди",SALES_NO_STOCK,LOW,0.0,0.0,0.0,0.0,Склад оптовых продаж,3.0,156522.0,2,B2B,0.0,0.0,0.0,0.0,3.0,1.0,,YES,N
T-1960,"Блуза женская, черная, из шифона, с воротником ""стойка"", переходящая в бант",STOCK_AND_SALES,LOW,2.0,1.0,0.0,0.0,Подарки|Склад ИМ|Склад оптовых продаж|Склад производства (Захарова),24.0,1903068.14,20,B2B|IM|TSUM,2.0,126856.0,18.0,1615812.14,4.0,0.9231,IM_ALIGNED,YES,N
T-1984P,"Футболка женская, белая, из трикотажа, с декором принт ""дерево, птица, Yanina""",SALES_NO_STOCK,LOW,0.0,0.0,0.0,0.0,Склад оптовых продаж,11.0,383507.68,8,TSUM,0.0,0.0,11.0,383507.68,0.0,1.0,,YES,N
T-2032C,"Блуза женская, зеленая с принтом ""капли"", из батиста",STOCK_AND_SALES,LOW,3.0,2.0,0.0,0.0,Остатки ЦУМ|Подарки|Салон (Лена М.)|Склад ИМ|Склад оптовых продаж,7.0,497380.0,7,B2B|TSUM,0.0,0.0,5.0,395780.0,2.0,0.7,IM_STOCK_SOLD_ELSEWHERE,YES,N
T-2037C,"Брюки-капри женские, зеленые с принтом ""капли"", из батиста",STOCK_AND_SALES,LOW,5.0,4.0,0.0,0.0,Салон (Лена М.)|Склад ИМ|Склад оптовых продаж,7.0,395903.88,9,IM|TSUM,1.0,55476.0,6.0,340427.88,0.0,0.5833,IM_ALIGNED,YES,N
T-2037E,"Брюки женские, черные, из шелка, с отделкой черной каймой по низу",SALES_NO_STOCK,LOW,0.0,0.0,0.0,0.0,Склад оптовых продаж,4.0,338167.43,4,TSUM,0.0,0.0,4.0,338167.43,0.0,1.0,,YES,N
T-2050B,"Шорты женские, зеленые с принтом ""капли"", из батиста",STOCK_AND_SALES,LOW,2.0,2.0,0.0,0.0,Остатки ЦУМ|Подарки|Склад ИМ|Склад оптовых продаж,5.0,111297.65,5,TSUM,0.0,0.0,5.0,111297.65,0.0,0.7143,IM_STOCK_SOLD_ELSEWHERE,YES,N
T-2050M,"Шорты женские, черные с принтом ""белые Y и грибы"", из батиста",SALES_NO_STOCK,LOW,0.0,0.0,0.0,0.0,Склад оптовых продаж,2.0,28000.0,2,B2B,0.0,0.0,0.0,0.0,2.0,1.0,,YES,N
T-2234A,"Платье женское, белое, изо льна, с ярусом по низу",STOCK_AND_SALES,LOW,1.0,0.0,0.0,0.0,Салон (Лена М.)|Склад ИМ|Склад оптовых продаж,5.0,356700.0,9,IM,5.0,356700.0,0.0,0.0,0.0,0.8333,,YES,N
T-2251A,"Платье женское, белое с принтом ""черные Y и девочки"", из хлопка, с разрезами по бокам",STOCK_AND_SALES,LOW,1.0,0.0,0.0,0.0,Подарки|Склад ИМ|Склад оптовых продаж,25.0,2640729.77,19,IM|TSUM,2.0,154236.0,23.0,2486493.77,0.0,0.9615,,YES,N
T-2324B,"Пальто женское, бордовое, из шелкового бархата, с расшивкой по рукавам, миди",SALES_NO_STOCK,LOW,0.0,0.0,0.0,0.0,Склад оптовых продаж,1.0,180870.0,1,B2B,0.0,0.0,0.0,0.0,1.0,1.0,,YES,N
T-2324C,"Пальто женское, синее, из шелкового бархата, с расшивкой по рукавам, миди",SALES_NO_STOCK,LOW,0.0,0.0,0.0,0.0,Склад оптовых продаж,1.0,180870.0,1,B2B,0.0,0.0,0.0,0.0,1.0,1.0,,YES,N
T-2359,"Свитшот женский, черный, из футера, с декором принт ""сердце, Yanina"", с белой обтачкой",STOCK_AND_SALES,LOW,5.0,3.0,0.0,0.0,Салон (Лена М.)|Склад ИМ|Склад оптовых продаж,30.0,1271714.58,25,IM|TSUM,6.0,185950.0,24.0,1085764.58,0.0,0.8571,IM_ALIGNED,YES,N
T-2359A,"Свитшот женский, черный, из футера, с декором принт ""дерево, птица, Yanina"", с белой обтачкой",STOCK_NO_SALES,MED,1.0,0.0,0.0,0.0,Салон (Лена М.)|Склад ИМ|Склад оптовых продаж,0.0,0.0,0,,0.0,0.0,0.0,0.0,0.0,0.0,,YES,N
T-2381,"Блуза-топ женская, черная, из шелка, на тонких бретельках",STOCK_AND_SALES,LOW,1.0,1.0,0.0,0.0,Салон (Лена М.)|Склад ИМ|Склад оптовых продаж,17.0,644339.32,15,B2B|IM|TSUM,2.0,60800.0,12.0,523539.32,3.0,0.9444,IM_ALIGNED,YES,N
T-2401B,"Брюки женские, черные с принтом ""белые балерины"", из шелка, с отделкой белым кантом",STOCK_AND_SALES,LOW,12.0,1.0,0.0,0.0,Aldo Coppola|Салон (Лена М.)|Склад ИМ|Склад оптовых продаж,27.0,2536451.77,20,B2B|IM|TSUM,1.0,92736.0,20.0,2155715.77,6.0,0.6923,IM_ALIGNED,YES,N
T-2420A,"Блуза женская, черная с принтом ""белые балерины"", из шелка, с отделкой белым кантом",STOCK_AND_SALES,LOW,13.0,0.0,0.0,0.0,Aldo Coppola|Салон (Лена М.)|Склад ИМ|Склад оптовых продаж,23.0,2803679.27,14,B2B|IM|TSUM,1.0,129056.0,16.0,2273823.27,6.0,0.6389,,YES,N
T-2470,"Юбка женская, черная, из футера, с декором принт ""дерево, Yanina"", с отделкой ""лампас"" прямая",STOCK_AND_SALES,LOW,2.0,2.0,0.0,0.0,Склад ИМ|Склад оптовых продаж,14.0,685174.77,11,IM|TSUM,2.0,53700.0,12.0,631474.77,0.0,0.875,IM_ALIGNED,YES,N
T-2472,"Брюки женские, черные, из футера, с декором принт ""дерево, Yanina"", отделкой ""лампас"", широкие",SALES_NO_STOCK,LOW,0.0,0.0,0.0,0.0,Склад ИМ|Склад оптовых продаж,16.0,650294.14,9,IM|TSUM,1.0,24000.0,15.0,626294.14,0.0,1.0,,YES,N
T-2475B,"Рубашка женская свободного силуэта, синяя, из батиста, с вышивкой YC на кармане",STOCK_AND_SALES,LOW,8.0,3.0,0.0,0.0,Подарки|Салон (Лена М.)|Склад ИМ|Склад оптовых продаж|Склад производства (Жукова),28.0,1714271.14,20,IM|TSUM,3.0,163305.0,25.0,1550966.14,0.0,0.7778,IM_ALIGNED,YES,N
T-2480B,"Блуза женская, голубая с принтом ""цветы"", из хлопка, с отделкой ""лампас""",SALES_NO_STOCK,LOW,0.0,0.0,0.0,0.0,Склад оптовых продаж,2.0,115000.0,1,B2B,0.0,0.0,0.0,0.0,2.0,1.0,,YES,N
T-2481,"Брюки женские, голубые с принтом ""цветы"", из хлопка",SALES_NO_STOCK,LOW,0.0,0.0,0.0,0.0,Склад оптовых продаж,2.0,76000.0,1,B2B,0.0,0.0,0.0,0.0,2.0,1.0,,YES,N
T-2495A,"Платье женское, синее с принтом ""белые Y и девочки"", из шелкового шифона",STOCK_AND_SALES,LOW,1.0,1.0,0.0,0.0,Подарки|Склад ИМ|Склад оптовых продаж,15.0,2121873.9,13,B2B|TSUM,0.0,0.0,10.0,1932873.9,5.0,0.9375,IM_STOCK_SOLD_ELSEWHERE,YES,N
T-2495B,"Платье женское, черное с принтом ""белые балерины"", из шелка, длина миди",SALES_NO_STOCK,LOW,0.0,0.0,0.0,0.0,Склад ИМ|Склад оптовых продаж,12.0,2763964.74,11,IM|TSUM,3.0,527150.0,9.0,2236814.74,0.0,1.0,,YES,N
T-2531,"Платье женское, белое с принтом «голубые цветы», из батиста, со съемным поясом",SALES_NO_STOCK,LOW,0.0,0.0,0.0,0.0,Склад оптовых продаж,4.0,256000.0,2,B2B,0.0,0.0,0.0,0.0,4.0,1.0,,YES,N
T-2537,"Платье женское, белое с принтом «голубые цветы», из батиста, длины миди",SALES_NO_STOCK,LOW,0.0,0.0,0.0,0.0,Склад оптовых продаж,2.0,96000.0,1,B2B,0.0,0.0,0.0,0.0,2.0,1.0,,YES,N
T-2540,"Блуза женская, голубая с принтом ""большие синие капли"", из шелка",STOCK_AND_SALES,LOW,4.0,1.0,0.0,0.0,Подарки|Салон (Лена М.)|Склад ИМ|Склад оптовых продаж,20.0,3038703.55,17,B2B|IM|TSUM,3.0,414423.0,16.0,2546280.55,1.0,0.8333,IM_ALIGNED,YES,N
T-2541,"Брюки женские, голубые с принтом ""большие синие капли"", из шелка",STOCK_AND_SALES,LOW,5.0,1.0,0.0,1.0,Подарки|Салон (Лена М.)|Склад ИМ|Склад оптовых продаж|Склад производства (Жукова),19.0,1754672.26,17,B2B|IM|TSUM,4.0,346968.0,14.0,1359704.26,1.0,0.7917,IM_ALIGNED,YES,N
T-2546,"Пальто-халат женское, серое с принтом ""пион"", из шелка",STOCK_AND_SALES,LOW,9.0,4.0,0.0,0.0,Остатки ЦУМ|Подарки|Салон (Лена М.)|Склад ИМ|Склад оптовых продаж,7.0,1242117.76,7,IM|TSUM,1.0,163116.0,6.0,1079001.76,0.0,0.4375,IM_ALIGNED,YES,N
T-2547,"Брюки женские, серые с принтом ""пион"", из шелка",STOCK_AND_SALES,LOW,9.0,1.0,0.0,0.0,Остатки ЦУМ|Подарки|Салон (Лена М.)|Склад ИМ|Склад оптовых продаж,10.0,955658.94,10,B2B|IM|TSUM,1.0,104328.0,8.0,803330.94,1.0,0.5263,IM_ALIGNED,YES,N
T-2556B,"Брюки женские, черные с принтом ""белые Y и девочки"", из шелка, с отделкой ""лампас""",SALES_NO_STOCK,LOW,0.0,0.0,0.0,0.0,Склад ИМ|Склад оптовых продаж|Склад производства (Жукова),15.0,1482164.74,9,IM|TSUM,2.0,143520.0,13.0,1338644.74,0.0,1.0,,YES,N
T-2560A,"Пальто-халат женское, белое с принтом ""оранжевые Y"", из шелка",STOCK_AND_SALES,LOW,1.0,1.0,0.0,0.0,Склад ИМ|Склад оптовых продаж,5.0,763868.93,2,TSUM,0.0,0.0,5.0,763868.93,0.0,0.8333,IM_STOCK_SOLD_ELSEWHERE,YES,N
T-2560B,"Пальто-халат женское, зеленое с принтом ""капли"", из батиста",STOCK_AND_SALES,LOW,2.0,1.0,0.0,0.0,Салон (Лена М.)|Склад ИМ|Склад оптовых продаж,5.0,582808.23,7,IM|TSUM,1.0,105156.0,4.0,477652.23,0.0,0.7143,IM_ALIGNED,YES,N
T-2572,"Блуза женская, белая с принтом ""черные Y и девочки"", из батиста, с отделкой ""лампас""",STOCK_AND_SALES,LOW,1.0,1.0,0.0,0.0,Склад ИМ|Склад оптовых продаж,10.0,660796.0,10,B2B|IM|TSUM,2.0,76450.0,4.0,403860.0,4.0,0.9091,IM_ALIGNED,YES,N
T-2573,"Шорты женские, белые с принтом ""черные Y и девочки"", из батиста",STOCK_NO_SALES,MED,2.0,2.0,0.0,0.0,Склад ИМ|Склад оптовых продаж,0.0,0.0,0,,0.0,0.0,0.0,0.0,0.0,0.0,IM_DEAD_CANDIDATE,YES,N
T-2573A,"Шорты женские, белые с принтом ""оранжевые Y"", из шелка, с отделкой ""лампас""",STOCK_AND_SALES,LOW,1.0,0.0,0.0,0.0,Aldo Coppola|Салон (Лена М.)|Склад оптовых продаж,21.0,571950.77,19,B2B|IM|TSUM,2.0,33810.0,14.0,468420.77,5.0,0.9545,,YES,N
T-2592,"Свитер женский, серый, из кашемира, с расшивкой ""серая Y""",SALES_NO_STOCK,LOW,0.0,0.0,0.0,0.0,Склад оптовых продаж|Склад производства (Захарова),9.0,422613.0,3,B2B,0.0,0.0,0.0,0.0,9.0,1.0,,YES,N
T-2593,"Свитер женский, черный, из кашемира, с расшивкой ""Черный мак""",SALES_NO_STOCK,LOW,0.0,0.0,0.0,0.0,Склад оптовых продаж|Склад производства (Захарова),2.0,115044.0,1,B2B,0.0,0.0,0.0,0.0,2.0,1.0,,YES,N
T-2604,"Юбка-карандаш женская, черная, из стрейч бархата",STOCK_AND_SALES,LOW,2.0,2.0,0.0,0.0,Склад ИМ|Склад оптовых продаж,7.0,547308.35,4,TSUM,0.0,0.0,7.0,547308.35,0.0,0.7778,IM_STOCK_SOLD_ELSEWHERE,YES,N
T-2699,"Юбка женская, черная, из пайеточной ткани, с вышивкой ""Ласточки""",STOCK_AND_SALES,LOW,2.0,2.0,0.0,0.0,Склад ИМ|Склад оптовых продаж|Склад производства (Захарова),3.0,977000.56,3,TSUM,0.0,0.0,3.0,977000.56,0.0,0.6,IM_STOCK_SOLD_ELSEWHERE,YES,N
T-2701,"Куртка женская, коричневая, из натуральной кожи, двубортная, с поясом",STOCK_AND_SALES,LOW,1.0,0.0,0.0,1.0,Склад ИМ|Склад оптовых продаж|Склад производства (Захарова),5.0,1896544.0,4,IM|TSUM,1.0,356450.0,4.0,1540094.0,0.0,0.8333,,YES,N
T-2702,"Платье женское, черное, из джерси, с аппликацией ""Цветок""",STOCK_AND_SALES,LOW,4.0,3.0,0.0,0.0,Подарки|Склад ИМ|Склад оптовых продаж|Склад производства (Захарова),12.0,1678340.0,10,B2B|TSUM,0.0,0.0,10.0,1546140.0,2.0,0.75,IM_STOCK_SOLD_ELSEWHERE,YES,N
T-2703,"Блуза женская, черная, из шелка, с декором ""Цветок""",STOCK_AND_SALES,LOW,1.0,1.0,0.0,0.0,Салон (Лена М.)|Склад ИМ|Склад оптовых продаж,15.0,1727263.53,12,IM|TSUM,4.0,469123.0,11.0,1258140.53,0.0,0.9375,IM_ALIGNED,YES,N
T-2704,"Платье женское, черное, из крепа, с аппликацией ""Цветок""",STOCK_AND_SALES,LOW,2.0,2.0,0.0,0.0,Склад ИМ|Склад оптовых продаж|Склад производства (Захарова),4.0,804663.56,4,TSUM,0.0,0.0,4.0,804663.56,0.0,0.6667,IM_STOCK_SOLD_ELSEWHERE,YES,N
T-2705,"Платье женское, черное, из крепа, с декором ""белая Y"" из кожи",SALES_NO_STOCK,LOW,0.0,0.0,0.0,0.0,Склад оптовых продаж|Склад производства (Захарова),2.0,263814.18,2,TSUM,0.0,0.0,2.0,263814.18,0.0,1.0,,YES,N
T-2707,"Жакет женский, синий, из шелкового бархата, с вышивкой ""Птицы""",SALES_NO_STOCK,LOW,0.0,0.0,0.0,0.0,Склад оптовых продаж|Склад производства (Захарова),7.0,1614035.6,4,TSUM,0.0,0.0,7.0,1614035.6,0.0,1.0,,YES,N
T-2708,"Брюки женские, синие, из шелкового бархата, с отделкой белым кантом",STOCK_AND_SALES,LOW,1.0,0.0,0.0,1.0,Склад оптовых продаж|Склад производства (Захарова),6.0,662413.16,3,TSUM,0.0,0.0,6.0,662413.16,0.0,0.8571,,YES,N
T-2719,"Пальто женское, серое, из натуральной кожи, с поясом",SALES_NO_STOCK,LOW,0.0,0.0,0.0,0.0,Склад оптовых продаж,4.0,1860850.89,4,TSUM,0.0,0.0,4.0,1860850.89,0.0,1.0,,YES,N
T-2720,"Пальто женское, бежевое, из замши, на запах",STOCK_AND_SALES,LOW,3.0,1.0,0.0,1.0,Салон (Лена М.)|Склад ИМ|Склад оптовых продаж|Склад производства (Захарова),3.0,1076410.0,2,B2B|TSUM,0.0,0.0,2.0,881910.0,1.0,0.5,IM_STOCK_SOLD_ELSEWHERE,YES,N
T-2750A,"Блуза-топ женская, белая с принтом ""оранжевые Y"", из шелка",STOCK_NO_SALES,HIGH,7.0,0.0,0.0,1.0,Салон (Лена М.)|Склад оптовых продаж,0.0,0.0,0,,0.0,0.0,0.0,0.0,0.0,0.0,,YES,N
T-2750B,"Блуза-топ женская, черная, из шелка, на бретелях",STOCK_AND_SALES,LOW,3.0,2.0,0.0,0.0,Салон (Лена М.)|Склад ИМ|Склад оптовых продаж,22.0,1009708.33,15,TSUM,0.0,0.0,22.0,1009708.33,0.0,0.88,IM_STOCK_SOLD_ELSEWHERE,YES,N
T-2750C,"Блуза-топ женская, мятная, из шелка, на бретелях",SALES_NO_STOCK,LOW,0.0,0.0,0.0,0.0,Склад оптовых продаж,7.0,309700.0,9,TSUM,0.0,0.0,7.0,309700.0,0.0,1.0,,YES,N
T-2750D,"Блуза-топ женская, голубая, из шелка, на бретелях",SALES_NO_STOCK,LOW,0.0,0.0,0.0,0.0,Склад оптовых продаж,4.0,166630.98,2,TSUM,0.0,0.0,4.0,166630.98,0.0,1.0,,YES,N
T-2751,"Юбка женская, синяя с принтом ""белые Y и девочки"", из хлопка, с карманами",STOCK_AND_SALES,LOW,1.0,0.0,0.0,0.0,Подарки|Склад ИМ|Склад оптовых продаж,8.0,401668.16,8,IM|TSUM,2.0,64720.0,6.0,336948.16,0.0,0.8889,,YES,N
T-2752,"Блуза женская, черная с принтом "" белые Y и девочки"", из шелка, с отделкой ""лампас""",STOCK_AND_SALES,LOW,1.0,1.0,0.0,0.0,Склад ИМ|Склад оптовых продаж|Склад производства (Жукова),18.0,1998951.62,18,IM|TSUM,7.0,464702.0,11.0,1534249.62,0.0,0.9474,IM_ALIGNED,YES,N
T-2753,"Блуза женская, синяя с принтом ""белые Y и девочки"", из хлопка, со съемным бантом",SALES_NO_STOCK,LOW,0.0,0.0,0.0,0.0,Склад ИМ|Склад оптовых продаж,10.0,1128572.4,10,IM|TSUM,3.0,227200.0,7.0,901372.4,0.0,1.0,,YES,N
T-2754,"Платье женское, черное с принтом ""белые балерины"", из шелка, на бретелях",STOCK_AND_SALES,LOW,3.0,2.0,0.0,0.0,Подарки|Салон (Лена М.)|Склад ИМ|Склад оптовых продаж|Склад производства (Жукова)|Склад производства (Захарова),28.0,2911212.92,15,IM|TSUM,3.0,289919.0,25.0,2621293.92,0.0,0.9032,IM_ALIGNED,YES,N
T-2754A,"Платье женское, белое с принтом ""черные балерины"", из шелка, на бретелях",STOCK_NO_SALES,MED,1.0,0.0,0.0,0.0,Салон (Лена М.)|Склад ИМ|Склад оптовых продаж|Склад производства (Жукова)|Склад производства (Захарова),0.0,0.0,0,,0.0,0.0,0.0,0.0,0.0,0.0,,YES,N
T-2756,"Свитер женский, черный, из кашемира, с расшивкой ""Россыпь""",SALES_NO_STOCK,LOW,0.0,0.0,0.0,0.0,Склад ИМ|Склад оптовых продаж|Склад производства (Захарова),12.0,1373750.83,10,B2B|IM|TSUM,1.0,154007.0,7.0,855743.83,4.0,1.0,,YES,N
T-2756A,"Свитер женский, серый, из кашемира, с расшивкой ""Колье""",STOCK_AND_SALES,LOW,2.0,1.0,0.0,0.0,Салон (Лена М.)|Склад ИМ|Склад оптовых продаж|Склад производства (Захарова),5.0,770880.0,5,B2B|IM|TSUM,2.0,379350.0,1.0,209530.0,2.0,0.7143,IM_ALIGNED,YES,N
T-2756B,"Свитер женский, белый, из кашемира, с расшивкой ""Колье""",STOCK_AND_SALES,LOW,8.0,1.0,0.0,6.0,Салон (Лена М.)|Склад ИМ|Склад оптовых продаж|Склад производства (Захарова),5.0,513100.0,6,B2B|IM|TSUM,2.0,240000.0,1.0,91100.0,2.0,0.3846,IM_ALIGNED,YES,N
T-2756C,"Свитер женский, черный, из кашемира, с расшивкой на манжетах",STOCK_NO_SALES,HIGH,6.0,3.0,0.0,2.0,Салон (Лена М.)|Склад ИМ|Склад оптовых продаж|Склад производства (Захарова),0.0,0.0,0,,0.0,0.0,0.0,0.0,0.0,0.0,IM_DEAD_CANDIDATE,YES,N
T-2756D,"Свитер женский, белый, из кашемира, с расшивкой ""Ласточка""",SALES_NO_STOCK,LOW,0.0,0.0,0.0,0.0,Склад оптовых продаж|Склад производства (Захарова),10.0,948601.72,6,B2B|TSUM,0.0,0.0,6.0,704601.72,4.0,1.0,,YES,N
T-2757,"Брюки женские, коричневые, из натуральной замши",STOCK_AND_SALES,LOW,2.0,1.0,0.0,0.0,Салон (Лена М.)|Склад ИМ|Склад оптовых продаж,6.0,825424.37,4,TSUM,0.0,0.0,6.0,825424.37,0.0,0.75,IM_STOCK_SOLD_ELSEWHERE,YES,N
T-2758,"Юбка женская, черная, из шелка, зауженная в области колена и расширенная к низу",STOCK_AND_SALES,LOW,1.0,1.0,0.0,0.0,Склад ИМ|Склад оптовых продаж,10.0,1064009.89,5,TSUM,0.0,0.0,10.0,1064009.89,0.0,0.9091,IM_STOCK_SOLD_ELSEWHERE,YES,N
T-2759,"Юбка женская, коричневая, из натуральной замши, мини",SALES_NO_STOCK,LOW,0.0,0.0,0.0,0.0,Склад оптовых продаж,1.0,96840.0,1,TSUM,0.0,0.0,1.0,96840.0,0.0,1.0,,YES,N
T-2760,"Юбка женская, черная, из натуральной кожи",SALES_NO_STOCK,LOW,0.0,0.0,0.0,0.0,Склад оптовых продаж|Склад производства (Захарова),9.0,775496.08,5,TSUM,0.0,0.0,9.0,775496.08,0.0,1.0,,YES,N
T-2788,"Платье женское, белое с принтом ""черный горох"", из шифона, с коротким рукавом",SALES_NO_STOCK,LOW,0.0,0.0,0.0,0.0,Склад оптовых продаж,4.0,671322.88,3,TSUM,0.0,0.0,4.0,671322.88,0.0,1.0,,YES,N
T-2792,"Платье женское, белое с принтом ""черный горох"", из шифона, с поясом",SALES_NO_STOCK,LOW,0.0,0.0,0.0,0.0,Салон (Лена М.)|Склад ИМ|Склад оптовых продаж,8.0,1956623.2,8,IM|TSUM,1.0,204750.0,7.0,1751873.2,0.0,1.0,,YES,N
T-2792A,"Платья женское, серое с принтом ""белый горох"", из шифона, с поясом",STOCK_NO_SALES,MED,2.0,2.0,0.0,0.0,Склад ИМ|Склад оптовых продаж,0.0,0.0,0,,0.0,0.0,0.0,0.0,0.0,0.0,IM_DEAD_CANDIDATE,YES,N
T-2804,"Жакет женский, черный с принтом ""белый горох"", из шелка, с кливанте",SALES_NO_STOCK,LOW,0.0,0.0,0.0,0.0,Склад оптовых продаж,5.0,838334.39,2,TSUM,0.0,0.0,5.0,838334.39,0.0,1.0,,YES,N
T-2805,"Жилет женский, черный в белый горох, из шифона",SALES_NO_STOCK,LOW,0.0,0.0,0.0,0.0,Склад оптовых продаж,3.0,526200.0,2,TSUM,0.0,0.0,3.0,526200.0,0.0,1.0,,YES,N
T-2806,"Брюки женские, черные с принтом ""белый горох"", из шелка, широкие",SALES_NO_STOCK,LOW,0.0,0.0,0.0,0.0,Склад оптовых продаж,5.0,608418.64,5,TSUM,0.0,0.0,5.0,608418.64,0.0,1.0,,YES,N
T-2846,"Платье женское, черное, из хлопчатобумажного бархата, с вышивкой ""Ласточки""",SALES_NO_STOCK,LOW,0.0,0.0,0.0,0.0,Склад оптовых продаж,5.0,1138651.6,3,B2B|TSUM,0.0,0.0,3.0,903739.6,2.0,1.0,,YES,N
T-2847,"Платье женское, черное, из дабл-крепа, с кружевным воротником",SALES_NO_STOCK,LOW,0.0,0.0,0.0,0.0,Склад оптовых продаж,3.0,463378.51,3,B2B|TSUM,0.0,0.0,1.0,248596.51,2.0,1.0,,YES,N
T-2856,"Платье женское, розовое, из шифона, с вышивкой по горловине",SALES_NO_STOCK,LOW,0.0,0.0,0.0,0.0,Подарки|Склад ИМ|Склад оптовых продаж,2.0,181800.0,1,B2B,0.0,0.0,0.0,0.0,2.0,1.0,,YES,N
T-2857,"Платье женское, черное, из вискозы, с вышивкой «Цветок»",SALES_NO_STOCK,LOW,0.0,0.0,0.0,0.0,Подарки|Склад ИМ|Склад оптовых продаж,2.0,181800.0,1,B2B,0.0,0.0,0.0,0.0,2.0,1.0,,YES,N
T-2858,"Платье женское, черное, из вискозы, с отделкой ""белый лампас"" и вышивкой ""Цветок""",SALES_NO_STOCK,LOW,0.0,0.0,0.0,0.0,Подарки|Склад ИМ|Склад оптовых продаж,2.0,162800.0,1,B2B,0.0,0.0,0.0,0.0,2.0,1.0,,YES,N
T-2861,"Футболка женская, белая с принтом ""цветы"", из трикотажа",STOCK_AND_SALES,LOW,1.0,1.0,0.0,0.0,Склад ИМ|Склад оптовых продаж,5.0,284252.24,4,TSUM,0.0,0.0,5.0,284252.24,0.0,0.8333,IM_STOCK_SOLD_ELSEWHERE,YES,N
T-2861A,"Футболка женская, белая с принтом ""дерево"", из трикотажа",STOCK_AND_SALES,LOW,1.0,0.0,0.0,0.0,Подарки|Склад ИМ|Склад оптовых продаж,2.0,85034.28,1,TSUM,0.0,0.0,2.0,85034.28,0.0,0.6667,,YES,N
T-2862,"Рубашка женская, белая  из хлопка, с декором принт ""дерево""",STOCK_AND_SALES,LOW,1.0,0.0,0.0,0.0,Подарки|Склад ИМ|Склад оптовых продаж,9.0,859995.03,6,TSUM,0.0,0.0,9.0,859995.03,0.0,0.9,,YES,N
T-2865A,"Платье женское, черное с принтом ""белый горох"", из хлопка, с пелериной",SALES_NO_STOCK,LOW,0.0,0.0,0.0,0.0,Салон (Лена М.)|Склад ИМ|Склад оптовых продаж,8.0,2366745.72,7,IM|TSUM,1.0,233887.0,7.0,2132858.72,0.0,1.0,,YES,N
T-2871A,"Блуза женская, белая, из хлопка, с коротким рукавом и декором ""Бант""",STOCK_AND_SALES,LOW,1.0,1.0,0.0,0.0,Склад ИМ|Склад оптовых продаж,5.0,451152.64,7,TSUM,0.0,0.0,5.0,451152.64,0.0,0.8333,IM_STOCK_SOLD_ELSEWHERE,YES,N
T-2872,"Блуза женская, черная с принтом ""хаотичные Y"", из шелка",STOCK_AND_SALES,LOW,2.0,2.0,0.0,0.0,Склад ИМ|Склад оптовых продаж,8.0,1290283.72,4,TSUM,0.0,0.0,8.0,1290283.72,0.0,0.8,IM_STOCK_SOLD_ELSEWHERE,YES,N
T-2873,"Брюки женские, черные с принтом ""хаотичные Y"", из шелка",STOCK_AND_SALES,LOW,2.0,2.0,0.0,0.0,Склад ИМ|Склад оптовых продаж,8.0,900084.36,4,TSUM,0.0,0.0,8.0,900084.36,0.0,0.8,IM_STOCK_SOLD_ELSEWHERE,YES,N
T-2873C,"Брюки женские, бежевые с принтом ""голубые капли"", из шелка",STOCK_AND_SALES,LOW,3.0,3.0,0.0,0.0,Склад ИМ|Склад оптовых продаж,3.0,300733.18,3,TSUM,0.0,0.0,3.0,300733.18,0.0,0.5,IM_STOCK_SOLD_ELSEWHERE,YES,N
T-2885,"Пальто-халат женское, розовое с принтом ""цветы"", из хлопка",SALES_NO_STOCK,LOW,0.0,0.0,0.0,0.0,Склад оптовых продаж,1.0,175288.91,1,TSUM,0.0,0.0,1.0,175288.91,0.0,1.0,,YES,N
T-2892,"Жакет женский, черный с принтом ""белый горох"", из шелка",SALES_NO_STOCK,LOW,0.0,0.0,0.0,0.0,Склад оптовых продаж,3.0,427239.0,3,TSUM,0.0,0.0,3.0,427239.0,0.0,1.0,,YES,N
T-2893,"Брюки женские, черные с принтом ""белый горох"", из шелка",SALES_NO_STOCK,LOW,0.0,0.0,0.0,0.0,Склад оптовых продаж,3.0,336487.0,3,TSUM,0.0,0.0,3.0,336487.0,0.0,1.0,,YES,N
T-2909,"Брюки женские, розовые, из шелка",SALES_NO_STOCK,LOW,0.0,0.0,0.0,0.0,Склад оптовых продаж,1.0,101850.0,3,TSUM,0.0,0.0,1.0,101850.0,0.0,1.0,,YES,N
T-2910,"Блуза-топ женский, розовый, из шелка, с декором ""сетка с камнями""",SALES_NO_STOCK,LOW,0.0,0.0,0.0,0.0,Склад ИМ|Склад оптовых продаж,4.0,446546.96,4,IM|TSUM,1.0,66675.0,3.0,379871.96,0.0,1.0,,YES,N
T-2911,"Пальто-халат женское, розовое, из сетки со стразами",SALES_NO_STOCK,LOW,0.0,0.0,0.0,0.0,Склад оптовых продаж,4.0,533400.0,4,TSUM,0.0,0.0,4.0,533400.0,0.0,1.0,,YES,N
T-2921,"Шорты женские, черные, из шелка, с закруглением по боковому шву",SALES_NO_STOCK,LOW,0.0,0.0,0.0,0.0,Склад оптовых продаж,5.0,226643.66,6,TSUM,0.0,0.0,5.0,226643.66,0.0,1.0,,YES,N
T-2923,"Блуза-топ женский, черный, из шелка, с декором ""сетка с камнями""",SALES_NO_STOCK,LOW,0.0,0.0,0.0,0.0,Склад оптовых продаж,3.0,395272.73,3,TSUM,0.0,0.0,3.0,395272.73,0.0,1.0,,YES,N
T-2924,"Пальто-халат женское, черное, из шифона",SALES_NO_STOCK,LOW,0.0,0.0,0.0,0.0,Склад оптовых продаж,4.0,480516.03,3,TSUM,0.0,0.0,4.0,480516.03,0.0,1.0,,YES,N
T-2928,"Блуза женская, бежевая с принтом ""голубые капли"", из шелка, с камнями по планке",STOCK_AND_SALES,LOW,3.0,3.0,0.0,0.0,Склад ИМ|Склад оптовых продаж,3.0,406983.27,3,TSUM,0.0,0.0,3.0,406983.27,0.0,0.5,IM_STOCK_SOLD_ELSEWHERE,YES,N
T-2933,"Блуза женская, черная, из шелка, с бантом и апликацией ""Цветок""",SALES_NO_STOCK,LOW,0.0,0.0,0.0,0.0,Склад оптовых продаж,5.0,552808.68,3,B2B|TSUM,0.0,0.0,3.0,424982.68,2.0,1.0,,YES,N
T-2936,"Жакет женский, черный, из шелк бархата, приталенного силуэта",SALES_NO_STOCK,LOW,0.0,0.0,0.0,0.0,Склад ИМ|Склад оптовых продаж,3.0,454060.0,3,B2B|IM,1.0,242640.0,0.0,0.0,2.0,1.0,,YES,N
T-2937,"Брюки женские, черные, из шелк бархата",SALES_NO_STOCK,LOW,0.0,0.0,0.0,0.0,Склад ИМ|Склад оптовых продаж,3.0,201644.0,3,B2B|IM,1.0,107730.0,0.0,0.0,2.0,1.0,,YES,N
T-2938,"Блуза женская, белая, с вышивкой гладью ""Цветы""",SALES_NO_STOCK,LOW,0.0,0.0,0.0,0.0,Склад оптовых продаж,5.0,490609.0,3,B2B|TSUM,0.0,0.0,3.0,380175.0,2.0,1.0,,YES,N
T-2939,"Юбка женская, черная, из шелка, макси, с бантом",SALES_NO_STOCK,LOW,0.0,0.0,0.0,0.0,Склад оптовых продаж,4.0,198262.0,2,B2B,0.0,0.0,0.0,0.0,4.0,1.0,,YES,N
T-2940,"Жакет женский,черный, из шелка, с вышивкой ""Ласточки"", с поясом",SALES_NO_STOCK,LOW,0.0,0.0,0.0,0.0,Склад оптовых продаж,7.0,1319598.05,6,B2B|TSUM,0.0,0.0,4.0,980469.05,3.0,1.0,,YES,N
T-2941,"Брюки женские, черные, из шелкового бархата, с белым кантом",SALES_NO_STOCK,LOW,0.0,0.0,0.0,0.0,Склад оптовых продаж,6.0,483046.18,5,B2B|TSUM,0.0,0.0,3.0,326524.18,3.0,1.0,,YES,N
T-2944,"Платье женское, черное, из стрейч бархата, с вышивками ""Птица"" и белыми манжетами",SALES_NO_STOCK,LOW,0.0,0.0,0.0,0.0,Склад оптовых продаж,3.0,317130.0,1,B2B,0.0,0.0,0.0,0.0,3.0,1.0,,YES,N
T-2945,"Платье женское, черное, из дабл крепа, с вышивкой ""Птица""",SALES_NO_STOCK,LOW,0.0,0.0,0.0,0.0,Склад оптовых продаж,4.0,1009588.92,3,B2B|TSUM,0.0,0.0,2.0,727848.92,2.0,1.0,,YES,N
T-2947,"Жакет женский, черный, из хлопкового бархата, приталенного силуэта",SALES_NO_STOCK,LOW,0.0,0.0,0.0,0.0,Склад оптовых продаж,5.0,367827.0,2,B2B,0.0,0.0,0.0,0.0,5.0,1.0,,YES,N
T-2948,"Юбка женская, бежевая, миди с апликацией ""Цветок""",SALES_NO_STOCK,LOW,0.0,0.0,0.0,0.0,Склад оптовых продаж,4.0,264348.0,2,B2B,0.0,0.0,0.0,0.0,4.0,1.0,,YES,N
T-2949,"Платье женское, черное, из хлопкового бархата, с вышивками ""Птица""",SALES_NO_STOCK,LOW,0.0,0.0,0.0,0.0,Салон (Лена М.)|Склад ИМ|Склад оптовых продаж,3.0,821270.0,4,B2B|IM,2.0,680400.0,0.0,0.0,1.0,1.0,,YES,N
T-2956,"Платье женское, черное, из стрейч бархата с апликацией ""Цветы""",SALES_NO_STOCK,LOW,0.0,0.0,0.0,0.0,Склад оптовых продаж,4.0,631302.36,2,B2B|TSUM,0.0,0.0,2.0,459128.36,2.0,1.0,,YES,N
T-2960,"Юбка женская, черная  из стрейч-бархата, длина макси",STOCK_AND_SALES,LOW,1.0,1.0,0.0,0.0,Склад ИМ|Склад оптовых продаж,5.0,482348.0,3,B2B|TSUM,0.0,0.0,3.0,378000.0,2.0,0.8333,IM_STOCK_SOLD_ELSEWHERE,YES,N
T-2963,"Платье женское, черное, из пайеточной ткани, с вышивкой ""Цветок""",SALES_NO_STOCK,LOW,0.0,0.0,0.0,0.0,Склад оптовых продаж,1.0,273010.0,1,TSUM,0.0,0.0,1.0,273010.0,0.0,1.0,,YES,N
T-2964,"Брюки женские, черные, из стрейч-бархата, расклешённые",SALES_NO_STOCK,LOW,0.0,0.0,0.0,0.0,Склад оптовых продаж,8.0,622471.55,5,B2B|TSUM,0.0,0.0,5.0,465949.55,3.0,1.0,,YES,N
T-2966A,"Платье женское, черное, из стрейч-бархата, на одно плечо, с вышивкой ""Ласточка""",SALES_NO_STOCK,LOW,0.0,0.0,0.0,0.0,Склад оптовых продаж,3.0,653066.93,3,B2B|TSUM,0.0,0.0,2.0,531327.93,1.0,1.0,,YES,N
T-2967,"Платье женское, черное, из стрейч бархата, с объемными рукавами",STOCK_AND_SALES,LOW,1.0,1.0,0.0,0.0,Склад ИМ|Склад оптовых продаж,2.0,882000.0,2,TSUM,0.0,0.0,2.0,882000.0,0.0,0.6667,IM_STOCK_SOLD_ELSEWHERE,YES,N
T-2973,"Блуза женская, белая, из хлопка, с вышивкой ""YC"" на кармане",STOCK_AND_SALES,LOW,1.0,1.0,0.0,0.0,Склад ИМ|Склад оптовых продаж,7.0,448244.81,7,IM|TSUM,1.0,35000.0,6.0,413244.81,0.0,0.875,IM_ALIGNED,YES,N
T-2973A,"Блуза женская, розовая, из хлопка, с вышивкой ""YC"" на кармане",STOCK_AND_SALES,LOW,5.0,3.0,0.0,0.0,Подарки|Салон (Лена М.)|Склад ИМ|Склад оптовых продаж,9.0,554093.59,11,IM|TSUM,3.0,170100.0,6.0,383993.59,0.0,0.6429,IM_ALIGNED,YES,N
T-2973B,"Блуза женская, голубая, из хлопка, с вышивкой ""YC"" на кармане",STOCK_AND_SALES,LOW,1.0,0.0,0.0,0.0,Подарки|Склад ИМ|Склад оптовых продаж,7.0,473688.24,5,IM|TSUM,1.0,64260.0,6.0,409428.24,0.0,0.875,,YES,N
T-2973C,"Блуза женская, черная, из хлопка, с вышивкой ""YC"" на кармане",SALES_NO_STOCK,LOW,0.0,0.0,0.0,0.0,Склад ИМ|Склад оптовых продаж,2.0,60600.0,4,IM,2.0,60600.0,0.0,0.0,0.0,1.0,,YES,N
T-2974A,"Рубашка женская, белая, из хлопка, с декором принт ""цветы""",SALES_NO_STOCK,LOW,0.0,0.0,0.0,0.0,Склад оптовых продаж,8.0,1041067.66,3,TSUM,0.0,0.0,8.0,1041067.66,0.0,1.0,,YES,N
T-2984,"Дубленка женская, черная, из овчины, с аппликацией ""Y"" на рукаве",STOCK_AND_SALES,LOW,2.0,0.0,0.0,2.0,Склад оптовых продаж,2.0,831389.59,2,TSUM,0.0,0.0,2.0,831389.59,0.0,0.5,,YES,N
T-2985,"Юбка женская, розовая, из натурального шелка, с аппликацией ""Листья""",STOCK_AND_SALES,LOW,1.0,1.0,0.0,0.0,Салон (Лена М.)|Склад ИМ|Склад оптовых продаж,10.0,1370420.0,8,TSUM,0.0,0.0,10.0,1370420.0,0.0,0.9091,IM_STOCK_SOLD_ELSEWHERE,YES,N
T-2987,"Куртка женская, черная, из натуральной кожи, со съемным декором ""Бант""",SALES_NO_STOCK,LOW,0.0,0.0,0.0,0.0,Склад оптовых продаж,1.0,416070.0,1,TSUM,0.0,0.0,1.0,416070.0,0.0,1.0,,YES,N
T-2988,"Брюки-палаццо женские, черные, из шерсти",STOCK_AND_SALES,LOW,2.0,2.0,0.0,0.0,Склад ИМ|Склад оптовых продаж,7.0,880579.63,8,IM|TSUM,2.0,194085.0,5.0,686494.63,0.0,0.7778,IM_ALIGNED,YES,N
T-2988A,"Брюки-палаццо женские, серые в полоску, из шерсти",STOCK_NO_SALES,MED,1.0,1.0,0.0,0.0,Склад ИМ|Склад оптовых продаж,0.0,0.0,0,,0.0,0.0,0.0,0.0,0.0,0.0,IM_DEAD_CANDIDATE,YES,N
T-3001,"Куртка женская, черная, из шелкового бархата, с вышитым декором ""Цветы""",STOCK_AND_SALES,LOW,1.0,1.0,0.0,0.0,Склад ИМ|Склад оптовых продаж,9.0,3330492.09,9,IM|TSUM,2.0,746065.0,7.0,2584427.09,0.0,0.9,IM_ALIGNED,YES,N
T-3014B,"Свитер женский, черный, из кашемира, с расшивкой камнями на рукавах",SALES_NO_STOCK,LOW,0.0,0.0,0.0,0.0,Склад оптовых продаж,6.0,1229531.42,5,TSUM,0.0,0.0,6.0,1229531.42,0.0,1.0,,YES,N
T-3023,"Платье женское, черное, из шелкового бархата, с кружевом и аппликацией ""Цветы""",STOCK_AND_SALES,LOW,1.0,1.0,0.0,0.0,Склад ИМ|Склад оптовых продаж,3.0,1105861.48,2,TSUM,0.0,0.0,3.0,1105861.48,0.0,0.75,IM_STOCK_SOLD_ELSEWHERE,YES,N
T-3049,"Куртка-бомбер женская, черная, из стрейч бархата, с вышивкой ""Мушка""",SALES_NO_STOCK,LOW,0.0,0.0,0.0,0.0,Склад оптовых продаж,4.0,558678.82,2,TSUM,0.0,0.0,4.0,558678.82,0.0,1.0,,YES,N
T-3062,"Блуза-топ женская, черная, из шелка, без рукавов",SALES_NO_STOCK,LOW,0.0,0.0,0.0,0.0,Салон (Лена М.)|Склад ИМ|Склад оптовых продаж,8.0,387999.88,7,IM|TSUM,1.0,45747.0,7.0,342252.88,0.0,1.0,,YES,N
T-3069A,"Блуза-топ женская, белая, из шелка, на тонких бретелях c вытачками",STOCK_NO_SALES,HIGH,3.0,3.0,0.0,0.0,Склад ИМ|Склад оптовых продаж,0.0,0.0,0,,0.0,0.0,0.0,0.0,0.0,0.0,IM_DEAD_CANDIDATE,YES,N
T-3069B,"Блуза-топ женская, голубая, из шелка, на тонких бретелях с вытачками",STOCK_AND_SALES,LOW,2.0,2.0,0.0,0.0,Склад ИМ|Склад оптовых продаж,8.0,355265.0,7,IM|TSUM,1.0,39984.0,7.0,315281.0,0.0,0.8,IM_ALIGNED,YES,N
T-3069C,"Блуза-топ женская, светло-голубая, из шелка, на тонких бретелях с вытачками",STOCK_NO_SALES,HIGH,9.0,9.0,0.0,0.0,Склад ИМ|Склад оптовых продаж,0.0,0.0,0,,0.0,0.0,0.0,0.0,0.0,0.0,IM_DEAD_CANDIDATE,YES,N
T-3079,"Платье женское, черное, из стрейч бархата, длинное",SALES_NO_STOCK,LOW,0.0,0.0,0.0,0.0,Склад ИМ|Склад оптовых продаж,4.0,1040080.0,3,IM|TSUM,1.0,260020.0,3.0,780060.0,0.0,1.0,,YES,N
T-3088,"Кейп-накидка женская, черная, из шелкового бархата, с завязкой на вортнике, длинная",SALES_NO_STOCK,LOW,0.0,0.0,0.0,0.0,Склад оптовых продаж,2.0,554521.12,2,TSUM,0.0,0.0,2.0,554521.12,0.0,1.0,,YES,N
T-3090,"Кейп-накидка женская, черная, из тафты, с вышивкой и бахромой",SALES_NO_STOCK,LOW,0.0,0.0,0.0,0.0,Склад оптовых продаж,2.0,1029035.74,2,TSUM,0.0,0.0,2.0,1029035.74,0.0,1.0,,YES,N
T-3091D,"Блуза-топ женская, черная, из бисерной ткани",STOCK_AND_SALES,LOW,2.0,2.0,0.0,0.0,Склад ИМ|Склад оптовых продаж,2.0,194120.0,1,TSUM,0.0,0.0,2.0,194120.0,0.0,0.5,IM_STOCK_SOLD_ELSEWHERE,YES,N
T-3092A,"Кейп-накидка женская, черная, из х/б бархата, с вышивкой ""Цветы"" и бахромой",SALES_NO_STOCK,LOW,0.0,0.0,0.0,0.0,Склад ИМ|Склад оптовых продаж,7.0,1744894.8,6,IM|TSUM,1.0,221017.0,6.0,1523877.8,0.0,1.0,,YES,N
T-3092C,"Кейп-накидка женская, черная, из стрейч бархата, с вышивкой ""Цветы"" и бахромой",STOCK_AND_SALES,LOW,1.0,1.0,0.0,0.0,Склад ИМ|Склад оптовых продаж,3.0,611018.0,6,IM,3.0,611018.0,0.0,0.0,0.0,0.75,IM_ALIGNED,YES,N
T-3102,"Пальто женское, темно-синее, из шелкового бархата, с декором ""Перья"" на рукавах",STOCK_NO_SALES,MED,1.0,1.0,0.0,0.0,Склад ИМ|Склад оптовых продаж,0.0,0.0,0,,0.0,0.0,0.0,0.0,0.0,0.0,IM_DEAD_CANDIDATE,YES,N
T-3108,"Брюки женские, белые, из хлопка, прямого кроя",STOCK_AND_SALES,LOW,1.0,1.0,0.0,0.0,Склад ИМ|Склад оптовых продаж,1.0,101850.0,1,TSUM,0.0,0.0,1.0,101850.0,0.0,0.5,IM_STOCK_SOLD_ELSEWHERE,YES,N
T-3109,"Жилет женский, голубой с принтом ""крупный микс"", из шифона",STOCK_NO_SALES,MED,1.0,1.0,0.0,0.0,Склад ИМ|Склад оптовых продаж,0.0,0.0,0,,0.0,0.0,0.0,0.0,0.0,0.0,IM_DEAD_CANDIDATE,YES,N
T-3109B,"Жилет женский, белый с принтом ""крупный микс"", из шифона",STOCK_AND_SALES,LOW,1.0,1.0,0.0,0.0,Склад ИМ|Склад оптовых продаж,9.0,800977.26,4,TSUM,0.0,0.0,9.0,800977.26,0.0,0.9,IM_STOCK_SOLD_ELSEWHERE,YES,N
T-3110,"Брюки женские, голубые с принтом ""крупный микс"", из шелка",STOCK_NO_SALES,MED,1.0,1.0,0.0,0.0,Склад ИМ|Склад оптовых продаж,0.0,0.0,0,,0.0,0.0,0.0,0.0,0.0,0.0,IM_DEAD_CANDIDATE,YES,N
T-3110B,"Брюки женские, белые с принтом ""крупный микс"", из шелка",STOCK_AND_SALES,LOW,1.0,1.0,0.0,0.0,Склад ИМ|Склад оптовых продаж,7.0,774100.19,5,TSUM,0.0,0.0,7.0,774100.19,0.0,0.875,IM_STOCK_SOLD_ELSEWHERE,YES,N
T-3118A,"Платье-кафтан, женское, синее с принтом ""белые Y, грибы"", из шелка, декорировано брошью ""Попугай""",SALES_NO_STOCK,LOW,0.0,0.0,0.0,0.0,Склад оптовых продаж,4.0,668400.0,3,TSUM,0.0,0.0,4.0,668400.0,0.0,1.0,,YES,N
T-3120A,"Платье женское, синее с принтом "" маленькие девочки"", из шелка, длина миди",STOCK_AND_SALES,LOW,4.0,2.0,0.0,2.0,Склад ИМ|Склад оптовых продаж,1.0,158923.2,1,TSUM,0.0,0.0,1.0,158923.2,0.0,0.2,IM_STOCK_SOLD_ELSEWHERE,YES,N
T-3122,"Блуза женская, синяя с принтом ""маленькие девочки"", из шелка, с декором ""Попугай""",STOCK_AND_SALES,LOW,1.0,1.0,0.0,0.0,Склад ИМ|Склад оптовых продаж,5.0,702463.83,4,TSUM,0.0,0.0,5.0,702463.83,0.0,0.8333,IM_STOCK_SOLD_ELSEWHERE,YES,N
T-3133A,"Платье женское, черное с принтом ""зеленый горох"", из батиста, длина мини",STOCK_AND_SALES,LOW,1.0,1.0,0.0,0.0,Склад ИМ|Склад оптовых продаж,2.0,168926.0,2,TSUM,0.0,0.0,2.0,168926.0,0.0,0.6667,IM_STOCK_SOLD_ELSEWHERE,YES,N
T-3136A,"Брюки женские, черные с принтом ""белые ласточки"", из шелка, с отделкой ""лампас",STOCK_AND_SALES,LOW,2.0,2.0,0.0,0.0,Склад ИМ|Склад оптовых продаж,3.0,292320.0,2,TSUM,0.0,0.0,3.0,292320.0,0.0,0.6,IM_STOCK_SOLD_ELSEWHERE,YES,N
T-3137A,"Пальто-халат женское, черное с принтом ""белые ласточки"", из шелка, с рукавами ""кимоно"" и поясом",STOCK_AND_SALES,LOW,2.0,2.0,0.0,0.0,Склад ИМ|Склад оптовых продаж,3.0,479920.0,3,TSUM,0.0,0.0,3.0,479920.0,0.0,0.6,IM_STOCK_SOLD_ELSEWHERE,YES,N
T-3140,"Платье женское, черное с принтом ""белые листья"" из шифона, декорировано объемной вышивкой",STOCK_NO_SALES,MED,1.0,1.0,0.0,0.0,Склад ИМ|Склад оптовых продаж,0.0,0.0,0,,0.0,0.0,0.0,0.0,0.0,0.0,IM_DEAD_CANDIDATE,YES,N
T-3140A,"Платье женское, белое с принтом ""черные листья"", из шифона, декорировано объемной вышивкой",STOCK_AND_SALES,LOW,1.0,1.0,0.0,0.0,Склад ИМ|Склад оптовых продаж,10.0,3041140.0,5,TSUM,0.0,0.0,10.0,3041140.0,0.0,0.9091,IM_STOCK_SOLD_ELSEWHERE,YES,N
T-3152,"Платье-кафтан женское, розовое с принтом ""зеленый горох"", из батиста, с вышивкой",STOCK_NO_SALES,HIGH,3.0,3.0,0.0,0.0,Склад ИМ|Склад оптовых продаж,0.0,0.0,0,,0.0,0.0,0.0,0.0,0.0,0.0,IM_DEAD_CANDIDATE,YES,N
T-3152A,"Платье-кафтан, женское, черное с принтом ""перцы"", из батиста, с вышивкой",STOCK_NO_SALES,HIGH,4.0,4.0,0.0,0.0,Склад ИМ|Склад оптовых продаж,0.0,0.0,0,,0.0,0.0,0.0,0.0,0.0,0.0,IM_DEAD_CANDIDATE,YES,N
T-3152B,"Платье-кафтан женское, черное с принтом ""папайя"", из батиста, с вышивкой",STOCK_AND_SALES,LOW,6.0,5.0,0.0,1.0,Склад ИМ|Склад оптовых продаж,7.0,863947.19,8,IM|TSUM,1.0,101600.0,6.0,762347.19,0.0,0.5385,IM_ALIGNED,YES,N
T-3156,"Брюки-капри женские, белые с принтом ""зеленый горох"", из батиста, с отделкой бело-зеленой каймой",STOCK_NO_SALES,HIGH,3.0,2.0,0.0,1.0,Склад ИМ|Склад оптовых продаж,0.0,0.0,0,,0.0,0.0,0.0,0.0,0.0,0.0,IM_DEAD_CANDIDATE,YES,N
T-3156D,"Брюки-капри женские, черные с принтом ""зеленый горох"", из батиста, с отделкой черно-зеленой каймой",STOCK_AND_SALES,LOW,1.0,1.0,0.0,0.0,Склад ИМ|Склад оптовых продаж,4.0,258320.35,4,TSUM,0.0,0.0,4.0,258320.35,0.0,0.8,IM_STOCK_SOLD_ELSEWHERE,YES,N
T-3168,"Рубашка женская, белая с принтом ""перец"", из батиста, удлиненная",STOCK_NO_SALES,HIGH,3.0,3.0,0.0,0.0,Склад ИМ|Склад оптовых продаж,0.0,0.0,0,,0.0,0.0,0.0,0.0,0.0,0.0,IM_DEAD_CANDIDATE,YES,N
T-3168A,"Рубашка женская, белая с принтом ""зеленый горох"", из батиста, удлиненная",STOCK_AND_SALES,LOW,3.0,3.0,0.0,0.0,Склад ИМ|Склад оптовых продаж,11.0,935490.48,7,TSUM,0.0,0.0,11.0,935490.48,0.0,0.7857,IM_STOCK_SOLD_ELSEWHERE,YES,N
T-3168B,"Рубашка женская, розовая с принтом ""зеленый горох"", из батиста, удлиненная",STOCK_NO_SALES,HIGH,3.0,3.0,0.0,0.0,Склад ИМ|Склад оптовых продаж,0.0,0.0,0,,0.0,0.0,0.0,0.0,0.0,0.0,IM_DEAD_CANDIDATE,YES,N
T-3178,"Майка женская, белая, из трикотажа, с вышивкой ""Перец""",STOCK_AND_SALES,LOW,5.0,4.0,0.0,0.0,Подарки|Склад ИМ|Склад оптовых продаж,11.0,146763.85,7,IM|TSUM,1.0,13563.0,10.0,133200.85,0.0,0.6875,IM_ALIGNED,YES,N
T-3179,"Футболка женская, черная, из трикотажа, декорирована вышивкой ""Папайя""",STOCK_NO_SALES,HIGH,6.0,6.0,0.0,0.0,Склад ИМ|Склад оптовых продаж,0.0,0.0,0,,0.0,0.0,0.0,0.0,0.0,0.0,IM_DEAD_CANDIDATE,YES,N
T-3179A,"Футболка женская, белая, из трикотажа, декорирована вышивкой ""Горох",STOCK_AND_SALES,LOW,5.0,5.0,0.0,0.0,Склад ИМ|Склад оптовых продаж,11.0,396654.53,7,IM|TSUM,1.0,31476.0,10.0,365178.53,0.0,0.6875,IM_ALIGNED,YES,N
T-3186,"Юбка женская, черная, из стрейч бархата, длинная",SALES_NO_STOCK,LOW,0.0,0.0,0.0,0.0,Склад оптовых продаж,5.0,490860.93,3,TSUM,0.0,0.0,5.0,490860.93,0.0,1.0,,YES,N
T-3187,"Платье женское, голубое, из стрейч бархата, длина миди",STOCK_NO_SALES,MED,1.0,1.0,0.0,0.0,Склад ИМ|Склад оптовых продаж,0.0,0.0,0,,0.0,0.0,0.0,0.0,0.0,0.0,IM_DEAD_CANDIDATE,YES,N
T-3187A,"Платье женское, темно-синее, из стрейч бархата, длина миди",SALES_NO_STOCK,LOW,0.0,0.0,0.0,0.0,Склад оптовых продаж,7.0,808400.0,6,TSUM,0.0,0.0,7.0,808400.0,0.0,1.0,,YES,N
T-3196,"Куртка-бомбер женская, серая, из шерсти, с вышивкой-аппликацией ""Роза""",STOCK_NO_SALES,MED,2.0,0.0,0.0,2.0,Склад оптовых продаж,0.0,0.0,0,,0.0,0.0,0.0,0.0,0.0,0.0,,YES,N
T-3197,"Юбка женская, серая, из шерсти, с вышивкой-аппликация ""Роза""",STOCK_NO_SALES,MED,2.0,0.0,0.0,2.0,Склад оптовых продаж,0.0,0.0,0,,0.0,0.0,0.0,0.0,0.0,0.0,,YES,N
T-3275,"Брюки-палаццо женские, черные, из шерсти, широкие с манжетами",STOCK_NO_SALES,MED,2.0,0.0,0.0,2.0,Склад оптовых продаж,0.0,0.0,0,,0.0,0.0,0.0,0.0,0.0,0.0,,YES,N
T-878A,,SALES_NO_STOCK,LOW,0.0,0.0,0.0,0.0,,2.0,76000.0,1,B2B,0.0,0.0,0.0,0.0,2.0,1.0,,YES,N
WF-17-41,"Дубленка женская, черная, из овчины, с вязанными рукавами и вышивкой шнуром",STOCK_NO_SALES,MED,1.0,0.0,0.0,0.0,Салон (Лена М.)|Склад оптовых продаж,0.0,0.0,0,,0.0,0.0,0.0,0.0,0.0,0.0,,YES,N
WF-17-41A,"Дубленка женская, экрю, из овчины, с вязанными рукавами и вышивкой шнуром",STOCK_NO_SALES,MED,1.0,0.0,0.0,0.0,Салон (Лена М.)|Склад оптовых продаж,0.0,0.0,0,,0.0,0.0,0.0,0.0,0.0,0.0,,YES,N
ДK-19,"Платье женское, черное, из сетки, с аппликацией ""Лотос"" и бархатным поясом",STOCK_NO_SALES,MED,1.0,1.0,0.0,0.0,Склад ИМ,0.0,0.0,0,,0.0,0.0,0.0,0.0,0.0,0.0,IM_DEAD_CANDIDATE,YES,N
