material_movement_id,material_id,name,article_hint,qty_in,qty_out,qty_end,value_unit,snapshot_date,warehouse,movement_type,source_file_id,source_row_id
MAT-a282b3cf0f33dba7,MAT-a282b3cf0f33dba7,Атлас (дюшес) темно-коричневый  20-006,20-006,14000.0,9940.0,4060.0,AMBIGUOUS_QTY_OR_AMOUNT,2026-07-24,Основной склад,FABRIC_MOVEMENT_H4,FILE-097,r6
MAT-bc481f60b089168e,MAT-bc481f60b089168e,Бархат  Х/Б темно-синий 6-015,,6600.0,,6600.0,AMBIGUOUS_QTY_OR_AMOUNT,2026-07-24,Основной склад,FABRIC_MOVEMENT_H4,FILE-097,r20
MAT-55352f40de015264,MAT-55352f40de015264,Бархат стрейч голубой  6-026,,6316.09,,6316.09,AMBIGUOUS_QTY_OR_AMOUNT,2026-07-24,Основной склад,FABRIC_MOVEMENT_H4,FILE-097,r24
MAT-8dfc12660717353b,MAT-8dfc12660717353b,Бархат стрейч коричневый  6-029,,2550.0,2550.0,,AMBIGUOUS_QTY_OR_AMOUNT,2026-07-24,Основной склад,FABRIC_MOVEMENT_H4,FILE-097,r28
MAT-f423e3cbdb816ab5,MAT-f423e3cbdb816ab5,Бархат стрейч коричневый  6-056,,23106.23,13138.02,9968.21,AMBIGUOUS_QTY_OR_AMOUNT,2026-07-24,Основной склад,FABRIC_MOVEMENT_H4,FILE-097,r34
MAT-b6703cf5999da371,MAT-b6703cf5999da371,Бархат стрейч плотный черный 6-028,,46468.75,15312.5,31156.25,AMBIGUOUS_QTY_OR_AMOUNT,2026-07-24,Основной склад,FABRIC_MOVEMENT_H4,FILE-097,r44
MAT-d11a0a6e0727c7ac,MAT-d11a0a6e0727c7ac,"Бархат стрейч, бежевый 6-047",,7134.0,,7134.0,AMBIGUOUS_QTY_OR_AMOUNT,2026-07-24,Основной склад,FABRIC_MOVEMENT_H4,FILE-097,r56
MAT-38189d92b0d4cd2d,MAT-38189d92b0d4cd2d,"Бархат стрейч, бирюзовый 6-049",,13735.0,3690.0,10045.0,AMBIGUOUS_QTY_OR_AMOUNT,2026-07-24,Основной склад,FABRIC_MOVEMENT_H4,FILE-097,r60
MAT-73618a743dd75f06,MAT-73618a743dd75f06,"Бархат стрейч, морская волна 6-053",,11685.0,61.5,11623.5,AMBIGUOUS_QTY_OR_AMOUNT,2026-07-24,Основной склад,FABRIC_MOVEMENT_H4,FILE-097,r68
MAT-bd127b8210286c84,MAT-bd127b8210286c84,"Бархат стрейч, светло-серый 6-048",,16748.5,9676.0,7072.5,AMBIGUOUS_QTY_OR_AMOUNT,2026-07-24,Основной склад,FABRIC_MOVEMENT_H4,FILE-097,r74
MAT-1a9742ac01e1757d,MAT-1a9742ac01e1757d,"Бархат стрейч, серо-зеленый 6-050",,10250.0,2460.0,7790.0,AMBIGUOUS_QTY_OR_AMOUNT,2026-07-24,Основной склад,FABRIC_MOVEMENT_H4,FILE-097,r84
MAT-007dc03a914183b4,MAT-007dc03a914183b4,"Бархат стрейч, синий 6-052",,29991.5,12074.5,17917.0,AMBIGUOUS_QTY_OR_AMOUNT,2026-07-24,Основной склад,FABRIC_MOVEMENT_H4,FILE-097,r90
MAT-74c305fb5451a5ba,MAT-74c305fb5451a5ba,"Бархат стрейч, темно-синий 6-051",,13820.5,12344.5,1476.0,AMBIGUOUS_QTY_OR_AMOUNT,2026-07-24,Основной склад,FABRIC_MOVEMENT_H4,FILE-097,r108
MAT-feabf9f181798e70,MAT-feabf9f181798e70,"Бархат стрейч, темно-синий 6-055",,2378.0,2378.0,,AMBIGUOUS_QTY_OR_AMOUNT,2026-07-24,Основной склад,FABRIC_MOVEMENT_H4,FILE-097,r124
MAT-db8ceb969f2d979b,MAT-db8ceb969f2d979b,"Бархат стрейч, фиолетовый 6-057",,4050.0,,4050.0,AMBIGUOUS_QTY_OR_AMOUNT,2026-07-24,Основной склад,FABRIC_MOVEMENT_H4,FILE-097,r130
MAT-cc71919d75ff5d40,MAT-cc71919d75ff5d40,"Бархат стрейч, черный 6-030",,227096.66,217885.97,9210.69,AMBIGUOUS_QTY_OR_AMOUNT,2026-07-24,Основной склад,FABRIC_MOVEMENT_H4,FILE-097,r134
MAT-43820d4b5803e404,MAT-43820d4b5803e404,"Бархат стрейч,черный, стрейч плотный 6-054",,32187.5,,32187.5,AMBIGUOUS_QTY_OR_AMOUNT,2026-07-24,Основной склад,FABRIC_MOVEMENT_H4,FILE-097,r250
MAT-72338c147258464e,MAT-72338c147258464e,"Бархат х/б стрейч, фуксия 6-041",,34250.0,,34250.0,AMBIGUOUS_QTY_OR_AMOUNT,2026-07-24,Основной склад,FABRIC_MOVEMENT_H4,FILE-097,r254
MAT-7d7ff594109ca818,MAT-7d7ff594109ca818,"Бархат х/б стреч, бирюзовый 6-040",,33500.0,15000.0,18500.0,AMBIGUOUS_QTY_OR_AMOUNT,2026-07-24,Основной склад,FABRIC_MOVEMENT_H4,FILE-097,r258
MAT-060ccf35f02f8ca4,MAT-060ccf35f02f8ca4,"Бархат х/б стреч, серый 6-045",,21250.0,,21250.0,AMBIGUOUS_QTY_OR_AMOUNT,2026-07-24,Основной склад,FABRIC_MOVEMENT_H4,FILE-097,r264
MAT-4f56f005e3b7d662,MAT-4f56f005e3b7d662,"Бархат х/б, баклажан 6-003",,11715.0,,11715.0,AMBIGUOUS_QTY_OR_AMOUNT,2026-07-24,Основной склад,FABRIC_MOVEMENT_H4,FILE-097,r268
MAT-fc5db8e2f7e7dc08,MAT-fc5db8e2f7e7dc08,"Бархат х/б, бежевый 6-039",,11875.0,7375.0,4500.0,AMBIGUOUS_QTY_OR_AMOUNT,2026-07-24,Основной склад,FABRIC_MOVEMENT_H4,FILE-097,r272
MAT-412b454ed1c1fa34,MAT-412b454ed1c1fa34,"Бархат х/б, голубой 6-014",,21450.0,,21450.0,AMBIGUOUS_QTY_OR_AMOUNT,2026-07-24,Основной склад,FABRIC_MOVEMENT_H4,FILE-097,r280
MAT-1b38f36b59b309e3,MAT-1b38f36b59b309e3,"Бархат х/б, зелено-голубой 6-012",,13860.0,,13860.0,AMBIGUOUS_QTY_OR_AMOUNT,2026-07-24,Основной склад,FABRIC_MOVEMENT_H4,FILE-097,r284
MAT-9d8349cd04f16204,MAT-9d8349cd04f16204,"Бархат х/б, зеленый 6-011",,23100.0,,23100.0,AMBIGUOUS_QTY_OR_AMOUNT,2026-07-24,Основной склад,FABRIC_MOVEMENT_H4,FILE-097,r288
MAT-e5a0764218bd4c6a,MAT-e5a0764218bd4c6a,"Бархат х/б, коричневый 6-007",,17160.0,,17160.0,AMBIGUOUS_QTY_OR_AMOUNT,2026-07-24,Основной склад,FABRIC_MOVEMENT_H4,FILE-097,r292
MAT-0f81940fe0bf7cd2,MAT-0f81940fe0bf7cd2,"Бархат х/б, розовый 6-016",,6930.0,,6930.0,AMBIGUOUS_QTY_OR_AMOUNT,2026-07-24,Основной склад,FABRIC_MOVEMENT_H4,FILE-097,r296
MAT-d7df703f33db78a8,MAT-d7df703f33db78a8,"Бархат х/б, светло-голубой 6-013",,22275.0,3795.0,18480.0,AMBIGUOUS_QTY_OR_AMOUNT,2026-07-24,Основной склад,FABRIC_MOVEMENT_H4,FILE-097,r300
MAT-45729c22f92dbe8c,MAT-45729c22f92dbe8c,"Бархат х/б, светло-коричневый 6-009",,24750.0,1650.0,23100.0,AMBIGUOUS_QTY_OR_AMOUNT,2026-07-24,Основной склад,FABRIC_MOVEMENT_H4,FILE-097,r306
MAT-4465be9e829059e4,MAT-4465be9e829059e4,"Бархат х/б, темно-синий, морская волна 6-042",,54500.0,28750.0,25750.0,AMBIGUOUS_QTY_OR_AMOUNT,2026-07-24,Основной склад,FABRIC_MOVEMENT_H4,FILE-097,r312
MAT-6ffbabcf24ac2274,MAT-6ffbabcf24ac2274,"Бархат х/б, фиолетовый 6-005",,19800.0,,19800.0,AMBIGUOUS_QTY_OR_AMOUNT,2026-07-24,Основной склад,FABRIC_MOVEMENT_H4,FILE-097,r320
MAT-c09ba17ead689d4d,MAT-c09ba17ead689d4d,"Бархат х/б, черный 6-001",,328790.7,291777.75,37012.95,AMBIGUOUS_QTY_OR_AMOUNT,2026-07-24,Основной склад,FABRIC_MOVEMENT_H4,FILE-097,r324
MAT-c0d5ebdedf3a60a0,MAT-c0d5ebdedf3a60a0,"Бархат х/б, черный со стрейчем 6-002",,51810.0,13200.0,38610.0,AMBIGUOUS_QTY_OR_AMOUNT,2026-07-24,Основной склад,FABRIC_MOVEMENT_H4,FILE-097,r376
MAT-13318c210cba5707,MAT-13318c210cba5707,"Бархат шелк, бордовый 6-017",,14950.0,,14950.0,AMBIGUOUS_QTY_OR_AMOUNT,2026-07-24,Основной склад,FABRIC_MOVEMENT_H4,FILE-097,r382
MAT-46d3c6987883ba98,MAT-46d3c6987883ba98,"Бархат шелк, бордовый 6-018",,4225.0,,4225.0,AMBIGUOUS_QTY_OR_AMOUNT,2026-07-24,Основной склад,FABRIC_MOVEMENT_H4,FILE-097,r386
MAT-857f7bf03f223009,MAT-857f7bf03f223009,"Бархат шелк, зелено-фиолетовый 6-037",,80600.0,9880.0,70720.0,AMBIGUOUS_QTY_OR_AMOUNT,2026-07-24,Основной склад,FABRIC_MOVEMENT_H4,FILE-097,r390
MAT-16de3e712a460a6e,MAT-16de3e712a460a6e,"Бархат шелк, зеленый 6-035",,17160.0,17160.0,,AMBIGUOUS_QTY_OR_AMOUNT,2026-07-24,Основной склад,FABRIC_MOVEMENT_H4,FILE-097,r398
MAT-cebf5d09fb011d56,MAT-cebf5d09fb011d56,"Бархат шелк, золото 6-025",,14300.0,,14300.0,AMBIGUOUS_QTY_OR_AMOUNT,2026-07-24,Основной склад,FABRIC_MOVEMENT_H4,FILE-097,r406
MAT-6579d10a7ab081dc,MAT-6579d10a7ab081dc,"Бархат шелк, красный 6-044",,93765.42,33466.99,60298.43,AMBIGUOUS_QTY_OR_AMOUNT,2026-07-24,Основной склад,FABRIC_MOVEMENT_H4,FILE-097,r410
MAT-471452e121ba66fb,MAT-471452e121ba66fb,"Бархат шелк, серый 6-031",,36530.0,4550.0,31980.0,AMBIGUOUS_QTY_OR_AMOUNT,2026-07-24,Основной склад,FABRIC_MOVEMENT_H4,FILE-097,r434
MAT-8187a789be2fdc81,MAT-8187a789be2fdc81,"Бархат шелк, синий 6-032",,38805.0,28860.0,9945.0,AMBIGUOUS_QTY_OR_AMOUNT,2026-07-24,Основной склад,FABRIC_MOVEMENT_H4,FILE-097,r444
MAT-aa5d5785db5cc0c4,MAT-aa5d5785db5cc0c4,"Бархат шелк, темно-синий 6-033",,36205.0,18460.0,17745.0,AMBIGUOUS_QTY_OR_AMOUNT,2026-07-24,Основной склад,FABRIC_MOVEMENT_H4,FILE-097,r456
MAT-a082ed8a954a9a3b,MAT-a082ed8a954a9a3b,"Бархат шелк, фиолетовый 6-038",,42640.0,8840.0,33800.0,AMBIGUOUS_QTY_OR_AMOUNT,2026-07-24,Основной склад,FABRIC_MOVEMENT_H4,FILE-097,r464
MAT-1f1bdf9049258c0f,MAT-1f1bdf9049258c0f,"Бархат шелк, черный 6-046",,304673.34,255500.0,49173.34,AMBIGUOUS_QTY_OR_AMOUNT,2026-07-24,Основной склад,FABRIC_MOVEMENT_H4,FILE-097,r472
MAT-d72cc7256c5e7068,MAT-d72cc7256c5e7068,"Бархат шелк, черный Италия 6-043",,43528.46,43528.46,,AMBIGUOUS_QTY_OR_AMOUNT,2026-07-24,Основной склад,FABRIC_MOVEMENT_H4,FILE-097,r520
MAT-f3987ab91431a641,MAT-f3987ab91431a641,"Батист серо-бежевый атласный, 4-028",,5110.0,980.0,4130.0,AMBIGUOUS_QTY_OR_AMOUNT,2026-07-24,Основной склад,FABRIC_MOVEMENT_H4,FILE-097,r618
MAT-80eabbaf927fa889,MAT-80eabbaf927fa889,Бифлекс бежевыфй 23-011,23-011,3100.0,3100.0,,AMBIGUOUS_QTY_OR_AMOUNT,2026-07-24,Основной склад,FABRIC_MOVEMENT_H4,FILE-097,r714
MAT-8d090a587834777f,MAT-8d090a587834777f,Вечерняя ткань бежевая сетка 12-012,12-012,2200.0,2200.0,,AMBIGUOUS_QTY_OR_AMOUNT,2026-07-24,Основной склад,FABRIC_MOVEMENT_H4,FILE-097,r820
MAT-88f63ecb1e34a43c,MAT-88f63ecb1e34a43c,Вечерняя ткань бежевая сетка со стеклярусом 12-010,12-010,6160.0,,6160.0,AMBIGUOUS_QTY_OR_AMOUNT,2026-07-24,Основной склад,FABRIC_MOVEMENT_H4,FILE-097,r826
MAT-ddca5c9fa2aed434,MAT-ddca5c9fa2aed434,Вечерняя ткань белая сетка с белыми пайетками 12-060,12-060,15750.0,,15750.0,AMBIGUOUS_QTY_OR_AMOUNT,2026-07-24,Основной склад,FABRIC_MOVEMENT_H4,FILE-097,r830
MAT-8a107cabcb407727,MAT-8a107cabcb407727,Вечерняя ткань белая сетка с жемчужинами белыми 12-059,12-059,21000.0,,21000.0,AMBIGUOUS_QTY_OR_AMOUNT,2026-07-24,Основной склад,FABRIC_MOVEMENT_H4,FILE-097,r834
MAT-b5a7ede530ded2c4,MAT-b5a7ede530ded2c4,Вечерняя ткань белая сетка с перьями 12-092,12-092,231750.0,231750.0,,AMBIGUOUS_QTY_OR_AMOUNT,2026-07-24,Основной склад,FABRIC_MOVEMENT_H4,FILE-097,r838
MAT-78861da6149efc87,MAT-78861da6149efc87,Вечерняя ткань белая сетка с перьями 12-095,12-095,64500.0,,64500.0,AMBIGUOUS_QTY_OR_AMOUNT,2026-07-24,Основной склад,FABRIC_MOVEMENT_H4,FILE-097,r844
MAT-b61415c3aeb72b47,MAT-b61415c3aeb72b47,"Вечерняя ткань белая сетка с перьями, расшивкой пайетками 12-090",12-090,280695.0,277320.0,3375.0,AMBIGUOUS_QTY_OR_AMOUNT,2026-07-24,Основной склад,FABRIC_MOVEMENT_H4,FILE-097,r848
MAT-20589f1b42ae9ce5,MAT-20589f1b42ae9ce5,Вечерняя ткань белые бусины на белой сетке 12-062,12-062,8680.0,,8680.0,AMBIGUOUS_QTY_OR_AMOUNT,2026-07-24,Основной склад,FABRIC_MOVEMENT_H4,FILE-097,r858
MAT-0bab5739a8d35da4,MAT-0bab5739a8d35da4,Вечерняя ткань белые пайетки на трикотаже 12-053,12-053,8910.0,1035.0,7875.0,AMBIGUOUS_QTY_OR_AMOUNT,2026-07-24,Основной склад,FABRIC_MOVEMENT_H4,FILE-097,r862
MAT-3f7cd7786700d106,MAT-3f7cd7786700d106,Вечерняя ткань белый шифон с пайетками камушки 12-019,12-019,9000.0,,9000.0,AMBIGUOUS_QTY_OR_AMOUNT,2026-07-24,Основной склад,FABRIC_MOVEMENT_H4,FILE-097,r868
MAT-5b1c12c5e3bf135a,MAT-5b1c12c5e3bf135a,Вечерняя ткань бронзовые пайетки квадраты 12-030,12-030,42900.0,,42900.0,AMBIGUOUS_QTY_OR_AMOUNT,2026-07-24,Основной склад,FABRIC_MOVEMENT_H4,FILE-097,r872
MAT-001e695141144e41,MAT-001e695141144e41,Вечерняя ткань бронзовые пайетки круглые 12-031,12-031,11220.0,,11220.0,AMBIGUOUS_QTY_OR_AMOUNT,2026-07-24,Основной склад,FABRIC_MOVEMENT_H4,FILE-097,r876
MAT-23a71f101fc7c9d9,MAT-23a71f101fc7c9d9,Вечерняя ткань голубые пайетки 12-036,12-036,38775.0,,38775.0,AMBIGUOUS_QTY_OR_AMOUNT,2026-07-24,Основной склад,FABRIC_MOVEMENT_H4,FILE-097,r880
MAT-0e583b96a98a9f0f,MAT-0e583b96a98a9f0f,Вечерняя ткань графит шелк с пайетками 12-003,12-003,5500.0,,5500.0,AMBIGUOUS_QTY_OR_AMOUNT,2026-07-24,Основной склад,FABRIC_MOVEMENT_H4,FILE-097,r884
MAT-f14c2b95e856003f,MAT-f14c2b95e856003f,Вечерняя ткань желтая сетка вышивка бисер 12-013,12-013,5280.0,,5280.0,AMBIGUOUS_QTY_OR_AMOUNT,2026-07-24,Основной склад,FABRIC_MOVEMENT_H4,FILE-097,r888
MAT-3b17a6c3abbdd848,MAT-3b17a6c3abbdd848,Вечерняя ткань зеленое с пайетками 12-040,12-040,4200.0,,4200.0,AMBIGUOUS_QTY_OR_AMOUNT,2026-07-24,Основной склад,FABRIC_MOVEMENT_H4,FILE-097,r892
MAT-a37306a7e7699b44,MAT-a37306a7e7699b44,Вечерняя ткань зеленые пайетки 12-034,12-034,118800.0,,118800.0,AMBIGUOUS_QTY_OR_AMOUNT,2026-07-24,Основной склад,FABRIC_MOVEMENT_H4,FILE-097,r896
MAT-383e5f80d6eaee28,MAT-383e5f80d6eaee28,Вечерняя ткань зеленые пайетки на сетке 12-070,12-070,5760.0,,5760.0,AMBIGUOUS_QTY_OR_AMOUNT,2026-07-24,Основной склад,FABRIC_MOVEMENT_H4,FILE-097,r900
MAT-f4e3ba399aecd2cf,MAT-f4e3ba399aecd2cf,Вечерняя ткань золото 12-068,12-068,7350.0,,7350.0,AMBIGUOUS_QTY_OR_AMOUNT,2026-07-24,Основной склад,FABRIC_MOVEMENT_H4,FILE-097,r904
MAT-4d6a8116d1f6afd5,MAT-4d6a8116d1f6afd5,Вечерняя ткань коричневые пайетки 12-025,12-025,95700.0,,95700.0,AMBIGUOUS_QTY_OR_AMOUNT,2026-07-24,Основной склад,FABRIC_MOVEMENT_H4,FILE-097,r908
MAT-cc1eb5c36bf88250,MAT-cc1eb5c36bf88250,Вечерняя ткань на белой сетки золотая вышивка канителью 12-014,12-014,8800.0,,8800.0,AMBIGUOUS_QTY_OR_AMOUNT,2026-07-24,Основной склад,FABRIC_MOVEMENT_H4,FILE-097,r912
MAT-8fada35dba27a6cb,MAT-8fada35dba27a6cb,"Вечерняя ткань розовая  сетка с перьями, расшивкой пайетками 12-089",12-089,172040.0,112200.0,59840.0,AMBIGUOUS_QTY_OR_AMOUNT,2026-07-24,Основной склад,FABRIC_MOVEMENT_H4,FILE-097,r916
MAT-8c508d44d36afeba,MAT-8c508d44d36afeba,Вечерняя ткань розовое кружево вышитое 12-039,12-039,4130.0,,4130.0,AMBIGUOUS_QTY_OR_AMOUNT,2026-07-24,Основной склад,FABRIC_MOVEMENT_H4,FILE-097,r924
MAT-4fdf31217309d721,MAT-4fdf31217309d721,Вечерняя ткань розовые пайетки прямоугольные 12-045,12-045,13650.0,,13650.0,AMBIGUOUS_QTY_OR_AMOUNT,2026-07-24,Основной склад,FABRIC_MOVEMENT_H4,FILE-097,r928
MAT-c07d7869843b283c,MAT-c07d7869843b283c,"Вечерняя ткань серая сетка с перьями, расшивкой пайетками 12-088",12-088,489940.0,489940.0,,AMBIGUOUS_QTY_OR_AMOUNT,2026-07-24,Основной склад,FABRIC_MOVEMENT_H4,FILE-097,r932
MAT-8a3c122937c832a5,MAT-8a3c122937c832a5,Вечерняя ткань серебро пайетки 12-026,12-026,109800.0,,109800.0,AMBIGUOUS_QTY_OR_AMOUNT,2026-07-24,Основной склад,FABRIC_MOVEMENT_H4,FILE-097,r948
MAT-f670eed997d6b9ae,MAT-f670eed997d6b9ae,Вечерняя ткань синие пайетки на сетке 12-069,12-069,4560.0,300.0,4260.0,AMBIGUOUS_QTY_OR_AMOUNT,2026-07-24,Основной склад,FABRIC_MOVEMENT_H4,FILE-097,r952
MAT-6809dab4fcb4d072,MAT-6809dab4fcb4d072,Вечерняя ткань черная сетка с глитером 12-058,12-058,21360.0,,21360.0,AMBIGUOUS_QTY_OR_AMOUNT,2026-07-24,Основной склад,FABRIC_MOVEMENT_H4,FILE-097,r958
MAT-ccbaeee1a3b19ea9,MAT-ccbaeee1a3b19ea9,Вечерняя ткань черная сетка с перьями 12-091,12-091,231750.0,231750.0,,AMBIGUOUS_QTY_OR_AMOUNT,2026-07-24,Основной склад,FABRIC_MOVEMENT_H4,FILE-097,r962
MAT-d4033ec781ecdf60,MAT-d4033ec781ecdf60,Вечерняя ткань черная сетка с перьями 12-096,12-096,67500.0,,67500.0,AMBIGUOUS_QTY_OR_AMOUNT,2026-07-24,Основной склад,FABRIC_MOVEMENT_H4,FILE-097,r968
MAT-630e9b88ed39be8c,MAT-630e9b88ed39be8c,Вечерняя ткань черная сетка с перьями и пайетками 12-094,12-094,327326.38,327326.38,,AMBIGUOUS_QTY_OR_AMOUNT,2026-07-24,Основной склад,FABRIC_MOVEMENT_H4,FILE-097,r972
MAT-87bcae44adc91363,MAT-87bcae44adc91363,"Вечерняя ткань черная сетка с перьями, расшивкой пайетками 12-087",12-087,106560.0,106560.0,,AMBIGUOUS_QTY_OR_AMOUNT,2026-07-24,Основной склад,FABRIC_MOVEMENT_H4,FILE-097,r996
MAT-420599675f532930,MAT-420599675f532930,Вечерняя ткань черная сетка с серым стеклярусом 12-005,12-005,9900.0,9900.0,,AMBIGUOUS_QTY_OR_AMOUNT,2026-07-24,Основной склад,FABRIC_MOVEMENT_H4,FILE-097,r1006
MAT-f43f7f2985076794,MAT-f43f7f2985076794,Вечерняя ткань черная сетка со стразами микс 12-086,12-086,10360.0,7000.0,3360.0,AMBIGUOUS_QTY_OR_AMOUNT,2026-07-24,Основной склад,FABRIC_MOVEMENT_H4,FILE-097,r1012
MAT-51f1cce175fa7a77,MAT-51f1cce175fa7a77,Вечерняя ткань черные бусины на черной сетке 12-061,12-061,2800.0,,2800.0,AMBIGUOUS_QTY_OR_AMOUNT,2026-07-24,Основной склад,FABRIC_MOVEMENT_H4,FILE-097,r1020
MAT-810ccdb4dd9fc8f7,MAT-810ccdb4dd9fc8f7,Вечерняя ткань черные пайетки матовые 12-024,12-024,266400.0,121500.0,144900.0,AMBIGUOUS_QTY_OR_AMOUNT,2026-07-24,Основной склад,FABRIC_MOVEMENT_H4,FILE-097,r1024
MAT-77b8bab8153bbcac,MAT-77b8bab8153bbcac,"Вечерняя ткань черные пайетки на трикотаже с серебром, мелкие 12-016",12-016,21675.0,4250.0,17425.0,AMBIGUOUS_QTY_OR_AMOUNT,2026-07-24,Основной склад,FABRIC_MOVEMENT_H4,FILE-097,r1034
MAT-db46381439bcd36f,MAT-db46381439bcd36f,Вечерняя ткань черный коричневый бисер 12-001,12-001,4180.0,,4180.0,AMBIGUOUS_QTY_OR_AMOUNT,2026-07-24,Основной склад,FABRIC_MOVEMENT_H4,FILE-097,r1040
MAT-1e2d10bb8317af4e,MAT-1e2d10bb8317af4e,"Вечерняя ткань, глитер на сетке,  зеленый 12-057",12-057,13800.0,,13800.0,AMBIGUOUS_QTY_OR_AMOUNT,2026-07-24,Основной склад,FABRIC_MOVEMENT_H4,FILE-097,r1044
MAT-c33141b8ecf01393,MAT-c33141b8ecf01393,"Вечерняя ткань, глитер на сетке, розовый 12-056",12-056,21300.0,2100.0,19200.0,AMBIGUOUS_QTY_OR_AMOUNT,2026-07-24,Основной склад,FABRIC_MOVEMENT_H4,FILE-097,r1048
MAT-be45df55415fc2a5,MAT-be45df55415fc2a5,"Вечерняя ткань, глитер на сетке, серебро 12-051",12-051,5700.0,,5700.0,AMBIGUOUS_QTY_OR_AMOUNT,2026-07-24,Основной склад,FABRIC_MOVEMENT_H4,FILE-097,r1054
MAT-cf7930ce3faf8cfe,MAT-cf7930ce3faf8cfe,"Вечерняя ткань, глитер на сетке, серебро 12-055",12-055,11220.0,,11220.0,AMBIGUOUS_QTY_OR_AMOUNT,2026-07-24,Основной склад,FABRIC_MOVEMENT_H4,FILE-097,r1058
MAT-ad7270fa2ab0cd9f,MAT-ad7270fa2ab0cd9f,"Вечерняя ткань, глитер на сетке, черный 12-054",12-054,19800.0,3300.0,16500.0,AMBIGUOUS_QTY_OR_AMOUNT,2026-07-24,Основной склад,FABRIC_MOVEMENT_H4,FILE-097,r1062
MAT-e8b41e4746557e1a,MAT-e8b41e4746557e1a,"Вечерняя ткань, графитовые пайетки 12-047",12-047,2150.0,,2150.0,AMBIGUOUS_QTY_OR_AMOUNT,2026-07-24,Основной склад,FABRIC_MOVEMENT_H4,FILE-097,r1068
MAT-d2685053bae0a7d8,MAT-d2685053bae0a7d8,"Вечерняя ткань, мелкие пайетки, серебро  12-017",12-017,15145.0,3900.0,11245.0,AMBIGUOUS_QTY_OR_AMOUNT,2026-07-24,Основной склад,FABRIC_MOVEMENT_H4,FILE-097,r1072
MAT-9965a979739e5c1e,MAT-9965a979739e5c1e,"Вечерняя ткань, на темной сетке серебро 12-052",12-052,4800.0,,4800.0,AMBIGUOUS_QTY_OR_AMOUNT,2026-07-24,Основной склад,FABRIC_MOVEMENT_H4,FILE-097,r1078
MAT-0c1570368cb427be,MAT-0c1570368cb427be,"Вечерняя ткань, пайетки крупные, на сетке, розовые 12-042",12-042,3000.0,,3000.0,AMBIGUOUS_QTY_OR_AMOUNT,2026-07-24,Основной склад,FABRIC_MOVEMENT_H4,FILE-097,r1082
MAT-3fd11c294db72e80,MAT-3fd11c294db72e80,"Вечерняя ткань, пайетки крупные, на сетке, синие 12-046",12-046,5750.0,250.0,5500.0,AMBIGUOUS_QTY_OR_AMOUNT,2026-07-24,Основной склад,FABRIC_MOVEMENT_H4,FILE-097,r1086
MAT-aff6100b670a217d,MAT-aff6100b670a217d,"Вечерняя ткань, пайетки на сетке, черно-серебрянные 12-049",12-049,1600.0,,1600.0,AMBIGUOUS_QTY_OR_AMOUNT,2026-07-24,Основной склад,FABRIC_MOVEMENT_H4,FILE-097,r1092
MAT-7585e6c354da156f,MAT-7585e6c354da156f,"Вечерняя ткань, пайетки серебро 12-008",12-008,79050.0,5100.0,73950.0,AMBIGUOUS_QTY_OR_AMOUNT,2026-07-24,Основной склад,FABRIC_MOVEMENT_H4,FILE-097,r1096
MAT-f28b17a54b78308b,MAT-f28b17a54b78308b,"Вечерняя ткань, сетка белая с серебрянными  стразами 12-081",12-081,53550.0,8400.0,45150.0,AMBIGUOUS_QTY_OR_AMOUNT,2026-07-24,Основной склад,FABRIC_MOVEMENT_H4,FILE-097,r1106
MAT-1795aa87c2744de9,MAT-1795aa87c2744de9,"Вечерняя ткань, сетка розовая со стразами 12-082",12-082,52220.0,18130.0,34090.0,AMBIGUOUS_QTY_OR_AMOUNT,2026-07-24,Основной склад,FABRIC_MOVEMENT_H4,FILE-097,r1116
MAT-d0e28e6065db0ae3,MAT-d0e28e6065db0ae3,"Вечерняя ткань, сетка с крупными стразами 12-084",12-084,42050.0,,42050.0,AMBIGUOUS_QTY_OR_AMOUNT,2026-07-24,Основной склад,FABRIC_MOVEMENT_H4,FILE-097,r1122
MAT-930eb41ba598b93b,MAT-930eb41ba598b93b,"Вечерняя ткань, сетка с черными стразами 12-079",12-079,45080.0,18060.0,27020.0,AMBIGUOUS_QTY_OR_AMOUNT,2026-07-24,Основной склад,FABRIC_MOVEMENT_H4,FILE-097,r1126
MAT-c8a9fe7bbac2e3b4,MAT-c8a9fe7bbac2e3b4,"Вечерняя ткань, сетка синяя с синими стразами 12-083",12-083,45920.0,22960.0,22960.0,AMBIGUOUS_QTY_OR_AMOUNT,2026-07-24,Основной склад,FABRIC_MOVEMENT_H4,FILE-097,r1142
MAT-7b49e2dc4d3a80bc,MAT-7b49e2dc4d3a80bc,"Вечерняя ткань, сетка черная со стразами 12-080",12-080,66080.0,38570.0,27510.0,AMBIGUOUS_QTY_OR_AMOUNT,2026-07-24,Основной склад,FABRIC_MOVEMENT_H4,FILE-097,r1158
MAT-10d7ba8a67032a81,MAT-10d7ba8a67032a81,"Вечерняя ткань, трикотаж с квадратиками приклеенные 12-050",12-050,27630.0,900.0,26730.0,AMBIGUOUS_QTY_OR_AMOUNT,2026-07-24,Основной склад,FABRIC_MOVEMENT_H4,FILE-097,r1182
MAT-49b6204d22d9a8e2,MAT-49b6204d22d9a8e2,"Вечерняя ткань, трикотаж с люрексом бежевая 12-064",12-064,12400.0,4000.0,8400.0,AMBIGUOUS_QTY_OR_AMOUNT,2026-07-24,Основной склад,FABRIC_MOVEMENT_H4,FILE-097,r1188
MAT-ac7bda5254444b2a,MAT-ac7bda5254444b2a,"Вечерняя ткань, трикотаж с люрексом бежевый 12-072",12-072,4800.0,3000.0,1800.0,AMBIGUOUS_QTY_OR_AMOUNT,2026-07-24,Основной склад,FABRIC_MOVEMENT_H4,FILE-097,r1194
MAT-01b590173cce8317,MAT-01b590173cce8317,"Вечерняя ткань, трикотаж с люрексом бордовый 12-075",12-075,12090.0,7950.0,4140.0,AMBIGUOUS_QTY_OR_AMOUNT,2026-07-24,Основной склад,FABRIC_MOVEMENT_H4,FILE-097,r1200
MAT-3badddf5e89c9d64,MAT-3badddf5e89c9d64,"Вечерняя ткань, трикотаж с люрексом бронзовая 12-063",12-063,3840.0,,3840.0,AMBIGUOUS_QTY_OR_AMOUNT,2026-07-24,Основной склад,FABRIC_MOVEMENT_H4,FILE-097,r1210
MAT-317982cf38ea1965,MAT-317982cf38ea1965,"Вечерняя ткань, трикотаж с люрексом серебро 12-071",12-071,6510.0,5100.0,1410.0,AMBIGUOUS_QTY_OR_AMOUNT,2026-07-24,Основной склад,FABRIC_MOVEMENT_H4,FILE-097,r1214
MAT-dade8ef2334293e4,MAT-dade8ef2334293e4,"Вечерняя ткань, трикотаж с люрексом синий 12-074",12-074,7095.0,5700.0,1395.0,AMBIGUOUS_QTY_OR_AMOUNT,2026-07-24,Основной склад,FABRIC_MOVEMENT_H4,FILE-097,r1224
MAT-40962af77518708a,MAT-40962af77518708a,"Вечерняя ткань, трикотаж с люрексом фиолетовая 12-065",12-065,14680.0,10000.0,4680.0,AMBIGUOUS_QTY_OR_AMOUNT,2026-07-24,Основной склад,FABRIC_MOVEMENT_H4,FILE-097,r1234
MAT-c584bb39dfc1a1d7,MAT-c584bb39dfc1a1d7,"Вечерняя ткань, трикотаж с люрексом черное серебро 12-077",12-077,2340.0,1800.0,540.0,AMBIGUOUS_QTY_OR_AMOUNT,2026-07-24,Основной склад,FABRIC_MOVEMENT_H4,FILE-097,r1242
MAT-a6158702821a7bab,MAT-a6158702821a7bab,"Вечерняя ткань, трикотаж с люрексом черный 12-066",12-066,10000.0,8400.0,1600.0,AMBIGUOUS_QTY_OR_AMOUNT,2026-07-24,Основной склад,FABRIC_MOVEMENT_H4,FILE-097,r1250
MAT-cd5dd91ff1e6e89c,MAT-cd5dd91ff1e6e89c,"Вечерняя ткань, трикотаж с люрексом черный 12-078",12-078,4500.0,4500.0,,AMBIGUOUS_QTY_OR_AMOUNT,2026-07-24,Основной склад,FABRIC_MOVEMENT_H4,FILE-097,r1260
MAT-00eb6c503003d545,MAT-00eb6c503003d545,"Вечерняя ткань, черно-фиолетовые пайетки, мелкие 12-048",12-048,5250.0,,5250.0,AMBIGUOUS_QTY_OR_AMOUNT,2026-07-24,Основной склад,FABRIC_MOVEMENT_H4,FILE-097,r1268
MAT-26296d9ce97dcde6,MAT-26296d9ce97dcde6,"Вечерняя ткань, черные пайетки 12-018",12-018,10625.0,8160.0,2465.0,AMBIGUOUS_QTY_OR_AMOUNT,2026-07-24,Основной склад,FABRIC_MOVEMENT_H4,FILE-097,r1272
MAT-7e5b3c57e0cf49ef,MAT-7e5b3c57e0cf49ef,"Вечерняя ткань, черные пайетки на атласе 12-093",12-093,75750.0,34500.0,41250.0,AMBIGUOUS_QTY_OR_AMOUNT,2026-07-24,Основной склад,FABRIC_MOVEMENT_H4,FILE-097,r1284
MAT-b8b6461a69794087,MAT-b8b6461a69794087,"Вечерняя ткань, черные пайетки на сетке 12-021",12-021,132675.0,111525.0,21150.0,AMBIGUOUS_QTY_OR_AMOUNT,2026-07-24,Основной склад,FABRIC_MOVEMENT_H4,FILE-097,r1294
MAT-2c270f9602fce123,MAT-2c270f9602fce123,"Дабл-креп, бордовый 11-015",11-015,44620.0,35075.0,9545.0,AMBIGUOUS_QTY_OR_AMOUNT,2026-07-24,Основной склад,FABRIC_MOVEMENT_H4,FILE-097,r1320
MAT-0ac52d2245170902,MAT-0ac52d2245170902,"Дабл-креп, васильковый 11-009",11-009,191705.0,80040.0,111665.0,AMBIGUOUS_QTY_OR_AMOUNT,2026-07-24,Основной склад,FABRIC_MOVEMENT_H4,FILE-097,r1334
MAT-c79b0e36561fdb82,MAT-c79b0e36561fdb82,"Дабл-креп, голубой 11-011",11-011,61180.0,35880.0,25300.0,AMBIGUOUS_QTY_OR_AMOUNT,2026-07-24,Основной склад,FABRIC_MOVEMENT_H4,FILE-097,r1352
MAT-30eb5c3ff0afc00e,MAT-30eb5c3ff0afc00e,"Дабл-креп, графит 11-002",11-002,60490.0,,60490.0,AMBIGUOUS_QTY_OR_AMOUNT,2026-07-24,Основной склад,FABRIC_MOVEMENT_H4,FILE-097,r1366
MAT-31096b7c8a67336d,MAT-31096b7c8a67336d,"Дабл-креп, деним 11-010",11-010,232185.0,86365.0,145820.0,AMBIGUOUS_QTY_OR_AMOUNT,2026-07-24,Основной склад,FABRIC_MOVEMENT_H4,FILE-097,r1370
MAT-9214fa6c46506b1e,MAT-9214fa6c46506b1e,"Дабл-креп, желтый 11-014",11-014,12880.0,,12880.0,AMBIGUOUS_QTY_OR_AMOUNT,2026-07-24,Основной склад,FABRIC_MOVEMENT_H4,FILE-097,r1382
MAT-efb18e32dab483ee,MAT-efb18e32dab483ee,"Дабл-креп, желтый 11-026",11-026,133975.0,60950.0,73025.0,AMBIGUOUS_QTY_OR_AMOUNT,2026-07-24,Основной склад,FABRIC_MOVEMENT_H4,FILE-097,r1386
MAT-f4e2e27233b436e7,MAT-f4e2e27233b436e7,"Дабл-креп, зеленый 11-007",11-007,15180.0,,15180.0,AMBIGUOUS_QTY_OR_AMOUNT,2026-07-24,Основной склад,FABRIC_MOVEMENT_H4,FILE-097,r1400
MAT-cc69b2fc318a260f,MAT-cc69b2fc318a260f,"Дабл-креп, зеленый 11-025",11-025,59800.0,,59800.0,AMBIGUOUS_QTY_OR_AMOUNT,2026-07-24,Основной склад,FABRIC_MOVEMENT_H4,FILE-097,r1404
MAT-34ec18536eaf7b49,MAT-34ec18536eaf7b49,"Дабл-креп, коралл 11-018",11-018,9200.0,,9200.0,AMBIGUOUS_QTY_OR_AMOUNT,2026-07-24,Основной склад,FABRIC_MOVEMENT_H4,FILE-097,r1408
MAT-b0a8567267aa965f,MAT-b0a8567267aa965f,"Дабл-креп, красный 11-016",11-016,13340.0,,13340.0,AMBIGUOUS_QTY_OR_AMOUNT,2026-07-24,Основной склад,FABRIC_MOVEMENT_H4,FILE-097,r1412
MAT-53fd3f0523c4149f,MAT-53fd3f0523c4149f,"Дабл-креп, красный 11-024",11-024,83720.0,,83720.0,AMBIGUOUS_QTY_OR_AMOUNT,2026-07-24,Основной склад,FABRIC_MOVEMENT_H4,FILE-097,r1416
MAT-72add14187d0d774,MAT-72add14187d0d774,"Дабл-креп, молочный 11-005",11-005,77740.0,77740.0,,AMBIGUOUS_QTY_OR_AMOUNT,2026-07-24,Основной склад,FABRIC_MOVEMENT_H4,FILE-097,r1420
MAT-98ee7d1cd022079d,MAT-98ee7d1cd022079d,"Дабл-креп, морская волна 11-008",11-008,21620.0,5750.0,15870.0,AMBIGUOUS_QTY_OR_AMOUNT,2026-07-24,Основной склад,FABRIC_MOVEMENT_H4,FILE-097,r1438
MAT-c7ab4a8999ee8e4f,MAT-c7ab4a8999ee8e4f,"Дабл-креп, мятный 11-013",11-013,52210.0,,52210.0,AMBIGUOUS_QTY_OR_AMOUNT,2026-07-24,Основной склад,FABRIC_MOVEMENT_H4,FILE-097,r1444
MAT-92aa82621ebc58f9,MAT-92aa82621ebc58f9,"Дабл-креп, оранжевый 11-019",11-019,30590.0,,30590.0,AMBIGUOUS_QTY_OR_AMOUNT,2026-07-24,Основной склад,FABRIC_MOVEMENT_H4,FILE-097,r1448
MAT-0276b681499acd5e,MAT-0276b681499acd5e,"Дабл-креп, роза 11-023",11-023,28520.0,,28520.0,AMBIGUOUS_QTY_OR_AMOUNT,2026-07-24,Основной склад,FABRIC_MOVEMENT_H4,FILE-097,r1452
MAT-9e3cf99a2761c66b,MAT-9e3cf99a2761c66b,"Дабл-креп, розовый 11-020",11-020,34960.0,,34960.0,AMBIGUOUS_QTY_OR_AMOUNT,2026-07-24,Основной склад,FABRIC_MOVEMENT_H4,FILE-097,r1456
MAT-430da330e82fdcf2,MAT-430da330e82fdcf2,"Дабл-креп, розовый 11-027",11-027,112700.0,44965.0,67735.0,AMBIGUOUS_QTY_OR_AMOUNT,2026-07-24,Основной склад,FABRIC_MOVEMENT_H4,FILE-097,r1460
MAT-8f9bb5ab191a35ca,MAT-8f9bb5ab191a35ca,"Дабл-креп, розовый 11-028",11-028,121670.0,7590.0,114080.0,AMBIGUOUS_QTY_OR_AMOUNT,2026-07-24,Основной склад,FABRIC_MOVEMENT_H4,FILE-097,r1476
MAT-bbe98cbce0c934f1,MAT-bbe98cbce0c934f1,"Дабл-креп, светло-розовый 11-021",11-021,30245.0,,30245.0,AMBIGUOUS_QTY_OR_AMOUNT,2026-07-24,Основной склад,FABRIC_MOVEMENT_H4,FILE-097,r1484
MAT-e556549eee2d159c,MAT-e556549eee2d159c,"Дабл-креп, светло-серый 11-004",11-004,22080.0,,22080.0,AMBIGUOUS_QTY_OR_AMOUNT,2026-07-24,Основной склад,FABRIC_MOVEMENT_H4,FILE-097,r1488
MAT-a0bd5b57473d7e42,MAT-a0bd5b57473d7e42,"Дабл-креп, светло-серый 11-012",11-012,97520.0,,97520.0,AMBIGUOUS_QTY_OR_AMOUNT,2026-07-24,Основной склад,FABRIC_MOVEMENT_H4,FILE-097,r1492
MAT-729d9034f0c7c577,MAT-729d9034f0c7c577,"Дабл-креп, серый 11-003",11-003,77510.0,25300.0,52210.0,AMBIGUOUS_QTY_OR_AMOUNT,2026-07-24,Основной склад,FABRIC_MOVEMENT_H4,FILE-097,r1496
MAT-c88555354364ba99,MAT-c88555354364ba99,"Дабл-креп, темно-зеленый 11-006",11-006,23000.0,,23000.0,AMBIGUOUS_QTY_OR_AMOUNT,2026-07-24,Основной склад,FABRIC_MOVEMENT_H4,FILE-097,r1506
MAT-a5c73e5c42d810a7,MAT-a5c73e5c42d810a7,"Дабл-креп, фуксия 11-017",11-017,45770.0,11500.0,34270.0,AMBIGUOUS_QTY_OR_AMOUNT,2026-07-24,Основной склад,FABRIC_MOVEMENT_H4,FILE-097,r1510
MAT-dc6cc8e84550dabb,MAT-dc6cc8e84550dabb,"Дабл-креп, черный 11-001",11-001,209530.0,178221.25,31308.75,AMBIGUOUS_QTY_OR_AMOUNT,2026-07-24,Основной склад,FABRIC_MOVEMENT_H4,FILE-097,r1518
MAT-be19856fabde7065,MAT-be19856fabde7065,"Джерси, черный 23-031",23-031,71126.28,71126.28,,AMBIGUOUS_QTY_OR_AMOUNT,2026-07-24,Основной склад,FABRIC_MOVEMENT_H4,FILE-097,r1552
MAT-a2cb6f74d141130e,MAT-a2cb6f74d141130e,"Джинсовая ткань, молочная 4-042",,63562.74,32342.24,31220.5,AMBIGUOUS_QTY_OR_AMOUNT,2026-07-24,Основной склад,FABRIC_MOVEMENT_H4,FILE-097,r1582
MAT-db7e0ca7acd5c593,MAT-db7e0ca7acd5c593,"Джинсовая ткань, черная 4-043",,45007.62,28107.62,16900.0,AMBIGUOUS_QTY_OR_AMOUNT,2026-07-24,Основной склад,FABRIC_MOVEMENT_H4,FILE-097,r1608
MAT-df2cb9606e1c8c30,MAT-df2cb9606e1c8c30,"Дюшес-дабл, бежевый 5-013",,53900.0,,53900.0,AMBIGUOUS_QTY_OR_AMOUNT,2026-07-24,Основной склад,FABRIC_MOVEMENT_H4,FILE-097,r1638
MAT-437ad8059d00d9ac,MAT-437ad8059d00d9ac,"Дюшес-дабл, темно-синий 5-015",,135000.0,35000.0,100000.0,AMBIGUOUS_QTY_OR_AMOUNT,2026-07-24,Основной склад,FABRIC_MOVEMENT_H4,FILE-097,r1642
MAT-153bccc1b7e8e149,MAT-153bccc1b7e8e149,"Дюшес-дабл, черный 5-014",,47250.0,8750.0,38500.0,AMBIGUOUS_QTY_OR_AMOUNT,2026-07-24,Основной склад,FABRIC_MOVEMENT_H4,FILE-097,r1648
MAT-3e14a7a556e1f7e9,MAT-3e14a7a556e1f7e9,"Дюшес, белый 5-001",,9240.0,9240.0,,AMBIGUOUS_QTY_OR_AMOUNT,2026-07-24,Основной склад,FABRIC_MOVEMENT_H4,FILE-097,r1656
MAT-79879dc0efdd3b95,MAT-79879dc0efdd3b95,"Дюшес, белый с принтом ""тюльпаны"" 5-009",,16000.0,,16000.0,AMBIGUOUS_QTY_OR_AMOUNT,2026-07-24,Основной склад,FABRIC_MOVEMENT_H4,FILE-097,r1666
MAT-a5730fe1c3ad4448,MAT-a5730fe1c3ad4448,"Дюшес, желтый 5-018",,64750.0,7000.0,57750.0,AMBIGUOUS_QTY_OR_AMOUNT,2026-07-24,Основной склад,FABRIC_MOVEMENT_H4,FILE-097,r1670
MAT-f8ae913e19f065db,MAT-f8ae913e19f065db,"Дюшес, золотой 5-003",,4950.0,,4950.0,AMBIGUOUS_QTY_OR_AMOUNT,2026-07-24,Основной склад,FABRIC_MOVEMENT_H4,FILE-097,r1676
MAT-41e217570e5d9123,MAT-41e217570e5d9123,"Дюшес, золотой 5-019",,164150.0,7350.0,156800.0,AMBIGUOUS_QTY_OR_AMOUNT,2026-07-24,Основной склад,FABRIC_MOVEMENT_H4,FILE-097,r1680
MAT-b0d2fc7d89971f4b,MAT-b0d2fc7d89971f4b,"Дюшес, красный 5-016",,86800.0,,86800.0,AMBIGUOUS_QTY_OR_AMOUNT,2026-07-24,Основной склад,FABRIC_MOVEMENT_H4,FILE-097,r1688
MAT-385f57c89bfd4c4c,MAT-385f57c89bfd4c4c,"Дюшес, оранжевый 5-004",,44000.0,,44000.0,AMBIGUOUS_QTY_OR_AMOUNT,2026-07-24,Основной склад,FABRIC_MOVEMENT_H4,FILE-097,r1692
MAT-1d17f26108e6d67c,MAT-1d17f26108e6d67c,"Дюшес, оранжевый с принтом ""акварель"" 5-012",,139000.0,78500.0,60500.0,AMBIGUOUS_QTY_OR_AMOUNT,2026-07-24,Основной склад,FABRIC_MOVEMENT_H4,FILE-097,r1696
MAT-7d81c56d74d97137,MAT-7d81c56d74d97137,"Дюшес, розовый 5-002",,31240.0,21560.0,9680.0,AMBIGUOUS_QTY_OR_AMOUNT,2026-07-24,Основной склад,FABRIC_MOVEMENT_H4,FILE-097,r1704
MAT-1087ace5dba78cee,MAT-1087ace5dba78cee,"Дюшес, серый с принтом ""акварель"" 5-010",,45500.0,,45500.0,AMBIGUOUS_QTY_OR_AMOUNT,2026-07-24,Основной склад,FABRIC_MOVEMENT_H4,FILE-097,r1716
MAT-e9f5308185d309e2,MAT-e9f5308185d309e2,"Дюшес, синий с принтом ""акварель"" 5-011",,49000.0,30500.0,18500.0,AMBIGUOUS_QTY_OR_AMOUNT,2026-07-24,Основной склад,FABRIC_MOVEMENT_H4,FILE-097,r1720
MAT-16a6a612c94a7650,MAT-16a6a612c94a7650,"Дюшес, сиреневый 5-005",,13860.0,11000.0,2860.0,AMBIGUOUS_QTY_OR_AMOUNT,2026-07-24,Основной склад,FABRIC_MOVEMENT_H4,FILE-097,r1728
MAT-6727ce2cd79dde8a,MAT-6727ce2cd79dde8a,"Дюшес, фиолетовый 5-020",,174650.0,26600.0,148050.0,AMBIGUOUS_QTY_OR_AMOUNT,2026-07-24,Основной склад,FABRIC_MOVEMENT_H4,FILE-097,r1734
MAT-e82ec627f5aba299,MAT-e82ec627f5aba299,"Дюшес, фуксия 5-017",,85750.0,3850.0,81900.0,AMBIGUOUS_QTY_OR_AMOUNT,2026-07-24,Основной склад,FABRIC_MOVEMENT_H4,FILE-097,r1746
MAT-e13e3816c902e990,MAT-e13e3816c902e990,"Искусственная шерсть, черная  8А-013",,11320.0,11320.0,,AMBIGUOUS_QTY_OR_AMOUNT,2026-07-24,Основной склад,FABRIC_MOVEMENT_H4,FILE-097,r1752
MAT-87f02a8c8f7f4091,MAT-87f02a8c8f7f4091,Клеевая белая (DG 6040 W) 28-020,28-020,5871.0,5871.0,,AMBIGUOUS_QTY_OR_AMOUNT,2026-07-24,Основной склад,FABRIC_MOVEMENT_H4,FILE-097,r1786
MAT-83c5cdf74021fe58,MAT-83c5cdf74021fe58,Клеевая белая (DG 8055 W) 28-022,28-022,5872.0,2055.2,3816.8,AMBIGUOUS_QTY_OR_AMOUNT,2026-07-24,Основной склад,FABRIC_MOVEMENT_H4,FILE-097,r1792
MAT-844c4c22c2061eae,MAT-844c4c22c2061eae,Клеевая воротничковая черная 28-017,28-017,13367.0,3742.76,9624.24,AMBIGUOUS_QTY_OR_AMOUNT,2026-07-24,Основной склад,FABRIC_MOVEMENT_H4,FILE-097,r1798
MAT-8b12181c50634bd4,MAT-8b12181c50634bd4,"Клеевая паутинка, белая (FG 60011) 28-018",28-018,5501.0,5501.0,,AMBIGUOUS_QTY_OR_AMOUNT,2026-07-24,Основной склад,FABRIC_MOVEMENT_H4,FILE-097,r1806
MAT-6f57d40d3f387b72,MAT-6f57d40d3f387b72,"Клеевая паутинка, белая 28-001",28-001,36774.28,17359.28,19415.0,AMBIGUOUS_QTY_OR_AMOUNT,2026-07-24,Основной склад,FABRIC_MOVEMENT_H4,FILE-097,r1812
MAT-a4892e22ea6d8a47,MAT-a4892e22ea6d8a47,"Клеевая паутинка, черная  28-005",28-005,29259.97,14253.55,15006.42,AMBIGUOUS_QTY_OR_AMOUNT,2026-07-24,Основной склад,FABRIC_MOVEMENT_H4,FILE-097,r1832
MAT-c7c95a1cc0f55866,MAT-c7c95a1cc0f55866,Клеевая средняя новая белая 28-014,28-014,9173.0,1009.03,8163.97,AMBIGUOUS_QTY_OR_AMOUNT,2026-07-24,Основной склад,FABRIC_MOVEMENT_H4,FILE-097,r1842
MAT-9908c6e47277c021,MAT-9908c6e47277c021,Клеевая средняя новая черная 28-015 (DG 61709 B),28-015,9685.0,869.58,8815.42,AMBIGUOUS_QTY_OR_AMOUNT,2026-07-24,Основной склад,FABRIC_MOVEMENT_H4,FILE-097,r1852
MAT-925c3aa2bf696cdc,MAT-925c3aa2bf696cdc,"Клеевая средняя, белая 28-003",28-003,28805.0,21597.08,7207.92,AMBIGUOUS_QTY_OR_AMOUNT,2026-07-24,Основной склад,FABRIC_MOVEMENT_H4,FILE-097,r1860
MAT-ab93219fb11d6dba,MAT-ab93219fb11d6dba,"Клеевая средняя, черная 28-002",28-002,29996.0,29915.63,80.37,AMBIGUOUS_QTY_OR_AMOUNT,2026-07-24,Основной склад,FABRIC_MOVEMENT_H4,FILE-097,r1904
MAT-9a8519303c1e7a5f,MAT-9a8519303c1e7a5f,"Клеевая средняя, черная плотная 28-009",28-009,10831.96,1841.43,8990.53,AMBIGUOUS_QTY_OR_AMOUNT,2026-07-24,Основной склад,FABRIC_MOVEMENT_H4,FILE-097,r1954
MAT-a9f4580fa7b330b4,MAT-a9f4580fa7b330b4,Клеевая черная (DG 6040 B) 28-019,28-019,6019.0,6019.0,,AMBIGUOUS_QTY_OR_AMOUNT,2026-07-24,Основной склад,FABRIC_MOVEMENT_H4,FILE-097,r1966
MAT-063460e6c04224ed,MAT-063460e6c04224ed,Клеевая черная (DG 8055 B) 28-021,28-021,6021.0,2107.35,3913.65,AMBIGUOUS_QTY_OR_AMOUNT,2026-07-24,Основной склад,FABRIC_MOVEMENT_H4,FILE-097,r1972
MAT-304df29d9bbb31f7,MAT-304df29d9bbb31f7,"Кожа натуральная, белая  26-002",26-002,25838.45,25838.45,,AMBIGUOUS_QTY_OR_AMOUNT,2026-07-24,Основной склад,FABRIC_MOVEMENT_H4,FILE-097,r1978
MAT-da1ca3aa22ae15e4,MAT-da1ca3aa22ae15e4,"Кожа натуральная, коричневая 26-004",26-004,19124.48,16999.54,2124.94,AMBIGUOUS_QTY_OR_AMOUNT,2026-07-24,Основной склад,FABRIC_MOVEMENT_H4,FILE-097,r2004
MAT-c1773648df15857c,MAT-c1773648df15857c,"Кожа натуральная, серая  26-003",26-003,35880.0,5980.0,29900.0,AMBIGUOUS_QTY_OR_AMOUNT,2026-07-24,Основной склад,FABRIC_MOVEMENT_H4,FILE-097,r2012
MAT-5d947be4efc39a29,MAT-5d947be4efc39a29,"Кожа натуральная, черный 26-001",26-001,190814.07,146062.16,44751.91,AMBIGUOUS_QTY_OR_AMOUNT,2026-07-24,Основной склад,FABRIC_MOVEMENT_H4,FILE-097,r2022
MAT-86970e78a4169b0f,MAT-86970e78a4169b0f,"Креп синтетический, бежевый 10А-003",,3675.0,,3675.0,AMBIGUOUS_QTY_OR_AMOUNT,2026-07-24,Основной склад,FABRIC_MOVEMENT_H4,FILE-097,r2062
MAT-c3c6118a5898c42a,MAT-c3c6118a5898c42a,"Креп синтетический, белый 10А-002",,80575.88,61670.11,18905.77,AMBIGUOUS_QTY_OR_AMOUNT,2026-07-24,Основной склад,FABRIC_MOVEMENT_H4,FILE-097,r2066
MAT-f237d03db8146e42,MAT-f237d03db8146e42,"Креп синтетический, белый 10А-009",,1980.0,1980.0,,AMBIGUOUS_QTY_OR_AMOUNT,2026-07-24,Основной склад,FABRIC_MOVEMENT_H4,FILE-097,r2098
MAT-a3afef59257cd1e3,MAT-a3afef59257cd1e3,"Креп синтетический, белый 10А-010",,870.0,870.0,,AMBIGUOUS_QTY_OR_AMOUNT,2026-07-24,Основной склад,FABRIC_MOVEMENT_H4,FILE-097,r2104
MAT-944d7d57520f1972,MAT-944d7d57520f1972,"Креп синтетический, графит 10А-007",,13950.0,,13950.0,AMBIGUOUS_QTY_OR_AMOUNT,2026-07-24,Основной склад,FABRIC_MOVEMENT_H4,FILE-097,r2110
MAT-40eeb0552fbcf722,MAT-40eeb0552fbcf722,"Креп синтетический, зеленый 10А-006",,8950.0,,8950.0,AMBIGUOUS_QTY_OR_AMOUNT,2026-07-24,Основной склад,FABRIC_MOVEMENT_H4,FILE-097,r2114
MAT-bd93a5ae64805fa6,MAT-bd93a5ae64805fa6,"Креп синтетический, молочный 10А-011",,870.0,870.0,,AMBIGUOUS_QTY_OR_AMOUNT,2026-07-24,Основной склад,FABRIC_MOVEMENT_H4,FILE-097,r2118
MAT-49bf99d97ead3e07,MAT-49bf99d97ead3e07,"Креп синтетический, розовый 10А-012",,11102.0,11102.0,,AMBIGUOUS_QTY_OR_AMOUNT,2026-07-24,Основной склад,FABRIC_MOVEMENT_H4,FILE-097,r2124
MAT-476a4bcdcc09369c,MAT-476a4bcdcc09369c,"Креп синтетический, серый 10А-005",,14000.0,,14000.0,AMBIGUOUS_QTY_OR_AMOUNT,2026-07-24,Основной склад,FABRIC_MOVEMENT_H4,FILE-097,r2130
MAT-922a77a9ccf59af1,MAT-922a77a9ccf59af1,"Креп синтетический, черный 10А-001",,53184.56,50722.45,2462.11,AMBIGUOUS_QTY_OR_AMOUNT,2026-07-24,Основной склад,FABRIC_MOVEMENT_H4,FILE-097,r2134
MAT-b555cdf6b0aa452a,MAT-b555cdf6b0aa452a,Креп тонкий шерсть черный 10-001,10-001,198655.0,127141.69,71513.31,AMBIGUOUS_QTY_OR_AMOUNT,2026-07-24,Основной склад,FABRIC_MOVEMENT_H4,FILE-097,r2180
MAT-f7bd4a7614ec49ef,MAT-f7bd4a7614ec49ef,"Креп тонкий шерсть, бордовый 10-004",10-004,19200.0,200.0,19000.0,AMBIGUOUS_QTY_OR_AMOUNT,2026-07-24,Основной склад,FABRIC_MOVEMENT_H4,FILE-097,r2206
MAT-2ca73eba1f995bb4,MAT-2ca73eba1f995bb4,"Креп тонкий шерсть, графит 10-002",10-002,61400.0,9000.0,52400.0,AMBIGUOUS_QTY_OR_AMOUNT,2026-07-24,Основной склад,FABRIC_MOVEMENT_H4,FILE-097,r2212
MAT-f3b49af40ceda367,MAT-f3b49af40ceda367,"Креп тонкий шерсть, желтый 10-011",10-011,81000.0,6000.0,75000.0,AMBIGUOUS_QTY_OR_AMOUNT,2026-07-24,Основной склад,FABRIC_MOVEMENT_H4,FILE-097,r2218
MAT-dacb1ba0e58936b4,MAT-dacb1ba0e58936b4,"Креп тонкий шерсть, красный 10-005",10-005,10800.0,,10800.0,AMBIGUOUS_QTY_OR_AMOUNT,2026-07-24,Основной склад,FABRIC_MOVEMENT_H4,FILE-097,r2224
MAT-5d7942a77c72a899,MAT-5d7942a77c72a899,"Креп тонкий шерсть, молочный 10-003",10-003,6000.0,,6000.0,AMBIGUOUS_QTY_OR_AMOUNT,2026-07-24,Основной склад,FABRIC_MOVEMENT_H4,FILE-097,r2228
MAT-c7de0ad1279b2bd2,MAT-c7de0ad1279b2bd2,"Креп тонкий шерсть, морская волна 0-009",,21000.0,,21000.0,AMBIGUOUS_QTY_OR_AMOUNT,2026-07-24,Основной склад,FABRIC_MOVEMENT_H4,FILE-097,r2232
MAT-ed6f34d14a43b4c1,MAT-ed6f34d14a43b4c1,"Креп тонкий шерсть, оранжевый 10-006",10-006,14600.0,,14600.0,AMBIGUOUS_QTY_OR_AMOUNT,2026-07-24,Основной склад,FABRIC_MOVEMENT_H4,FILE-097,r2236
MAT-7a7ab7c1b0ad735f,MAT-7a7ab7c1b0ad735f,"Креп тонкий шерсть, розовый 10-012",10-012,24000.0,,24000.0,AMBIGUOUS_QTY_OR_AMOUNT,2026-07-24,Основной склад,FABRIC_MOVEMENT_H4,FILE-097,r2240
MAT-359fe87bdb4a9949,MAT-359fe87bdb4a9949,"Креп тонкий шерсть, синий 10-008",10-008,21900.0,13400.0,8500.0,AMBIGUOUS_QTY_OR_AMOUNT,2026-07-24,Основной склад,FABRIC_MOVEMENT_H4,FILE-097,r2244
MAT-bb0cc3d3cd2649d8,MAT-bb0cc3d3cd2649d8,"Креп тонкий шерсть, сиреневый 10-010",10-010,14800.0,,14800.0,AMBIGUOUS_QTY_OR_AMOUNT,2026-07-24,Основной склад,FABRIC_MOVEMENT_H4,FILE-097,r2252
MAT-eb7905d788a417f7,MAT-eb7905d788a417f7,"Креп тонкий шерсть, фуксия 10-007",10-007,23400.0,2600.0,20800.0,AMBIGUOUS_QTY_OR_AMOUNT,2026-07-24,Основной склад,FABRIC_MOVEMENT_H4,FILE-097,r2256
MAT-879e10032442d36b,MAT-879e10032442d36b,Кружево белое 13-004,13-004,51150.0,5197.5,45952.5,AMBIGUOUS_QTY_OR_AMOUNT,2026-07-24,Основной склад,FABRIC_MOVEMENT_H4,FILE-097,r2262
MAT-7f11faadb5f25883,MAT-7f11faadb5f25883,"Кружево плотное, бежевый 13-040",13-040,6765.0,6765.0,,AMBIGUOUS_QTY_OR_AMOUNT,2026-07-24,Основной склад,FABRIC_MOVEMENT_H4,FILE-097,r2270
MAT-49bc13408cab780d,MAT-49bc13408cab780d,"Кружево плотное, белый 13-016",13-016,13530.0,13200.0,330.0,AMBIGUOUS_QTY_OR_AMOUNT,2026-07-24,Основной склад,FABRIC_MOVEMENT_H4,FILE-097,r2278
MAT-4ee3646d1677b69f,MAT-4ee3646d1677b69f,"Кружево плотное, мятный 13-021",13-021,10000.0,,10000.0,AMBIGUOUS_QTY_OR_AMOUNT,2026-07-24,Основной склад,FABRIC_MOVEMENT_H4,FILE-097,r2286
MAT-4588b093e8ab89dc,MAT-4588b093e8ab89dc,"Кружево плотное, розовый 13-042",13-042,5610.0,,5610.0,AMBIGUOUS_QTY_OR_AMOUNT,2026-07-24,Основной склад,FABRIC_MOVEMENT_H4,FILE-097,r2290
MAT-e4c905fb75e883c3,MAT-e4c905fb75e883c3,"Кружево стрейч, черный 13-028",13-028,57750.0,,57750.0,AMBIGUOUS_QTY_OR_AMOUNT,2026-07-24,Основной склад,FABRIC_MOVEMENT_H4,FILE-097,r2294
MAT-8eac48775fc91c6a,MAT-8eac48775fc91c6a,"Кружево стрейч, черный 13-038",13-038,17300.0,,17300.0,AMBIGUOUS_QTY_OR_AMOUNT,2026-07-24,Основной склад,FABRIC_MOVEMENT_H4,FILE-097,r2298
MAT-b55c60f6ab77c2ee,MAT-b55c60f6ab77c2ee,"Кружево, бежевое 13-099",13-099,12446.7,2406.36,10040.34,AMBIGUOUS_QTY_OR_AMOUNT,2026-07-24,Основной склад,FABRIC_MOVEMENT_H4,FILE-097,r2302
MAT-e107ad4dd3c8dcd0,MAT-e107ad4dd3c8dcd0,"Кружево, бежевый 13-041",13-041,5940.0,5940.0,,AMBIGUOUS_QTY_OR_AMOUNT,2026-07-24,Основной склад,FABRIC_MOVEMENT_H4,FILE-097,r2312
MAT-efdbf3107dd958e8,MAT-efdbf3107dd958e8,"Кружево, бежевый 13-058",13-058,47168.0,,47168.0,AMBIGUOUS_QTY_OR_AMOUNT,2026-07-24,Основной склад,FABRIC_MOVEMENT_H4,FILE-097,r2320
MAT-d64730c4042f3905,MAT-d64730c4042f3905,"Кружево, бежевый 13-088",13-088,48928.0,880.0,48048.0,AMBIGUOUS_QTY_OR_AMOUNT,2026-07-24,Основной склад,FABRIC_MOVEMENT_H4,FILE-097,r2324
MAT-4d6292de14e2df2f,MAT-4d6292de14e2df2f,"Кружево, белый 13-003",13-003,4042.5,,4042.5,AMBIGUOUS_QTY_OR_AMOUNT,2026-07-24,Основной склад,FABRIC_MOVEMENT_H4,FILE-097,r2330
MAT-699812fdda323813,MAT-699812fdda323813,"Кружево, белый 13-061",13-061,10560.0,10560.0,,AMBIGUOUS_QTY_OR_AMOUNT,2026-07-24,Основной склад,FABRIC_MOVEMENT_H4,FILE-097,r2334
MAT-15a6494a8269752a,MAT-15a6494a8269752a,"Кружево, белый 13-097",13-097,44000.0,20950.0,23050.0,AMBIGUOUS_QTY_OR_AMOUNT,2026-07-24,Основной склад,FABRIC_MOVEMENT_H4,FILE-097,r2342
MAT-0268f9aac0e63988,MAT-0268f9aac0e63988,"Кружево, белый, узор ""листья"" 13-005",13-005,2970.0,,2970.0,AMBIGUOUS_QTY_OR_AMOUNT,2026-07-24,Основной склад,FABRIC_MOVEMENT_H4,FILE-097,r2354
MAT-17d92ec571f87406,MAT-17d92ec571f87406,"Кружево, белый, узор ""листья"" 13-095",13-095,16000.0,,16000.0,AMBIGUOUS_QTY_OR_AMOUNT,2026-07-24,Основной склад,FABRIC_MOVEMENT_H4,FILE-097,r2358
MAT-2b7a29b5d7f45b12,MAT-2b7a29b5d7f45b12,"Кружево, белый, узор ""фестоны"" 13-002",13-002,1980.0,,1980.0,AMBIGUOUS_QTY_OR_AMOUNT,2026-07-24,Основной склад,FABRIC_MOVEMENT_H4,FILE-097,r2362
MAT-9009e49b908e5d11,MAT-9009e49b908e5d11,"Кружево, белый, узор черный 13-010",13-010,3135.0,,3135.0,AMBIGUOUS_QTY_OR_AMOUNT,2026-07-24,Основной склад,FABRIC_MOVEMENT_H4,FILE-097,r2366
MAT-05e33513a3d06486,MAT-05e33513a3d06486,"Кружево, бирюзовый 13-024",13-024,2805.0,,2805.0,AMBIGUOUS_QTY_OR_AMOUNT,2026-07-24,Основной склад,FABRIC_MOVEMENT_H4,FILE-097,r2370
MAT-38afac3fcdc3f8b6,MAT-38afac3fcdc3f8b6,"Кружево, бирюзовый 13-032",13-032,6600.0,,6600.0,AMBIGUOUS_QTY_OR_AMOUNT,2026-07-24,Основной склад,FABRIC_MOVEMENT_H4,FILE-097,r2374
MAT-1ed3fc16ab65d1d1,MAT-1ed3fc16ab65d1d1,"Кружево, бордовый 13-020",13-020,11880.0,,11880.0,AMBIGUOUS_QTY_OR_AMOUNT,2026-07-24,Основной склад,FABRIC_MOVEMENT_H4,FILE-097,r2378
MAT-37dd36c572f58211,MAT-37dd36c572f58211,"Кружево, голубой 13-069",13-069,8960.0,,8960.0,AMBIGUOUS_QTY_OR_AMOUNT,2026-07-24,Основной склад,FABRIC_MOVEMENT_H4,FILE-097,r2382
MAT-05315a1d61cad059,MAT-05315a1d61cad059,"Кружево, голубой 13-080",13-080,26048.0,,26048.0,AMBIGUOUS_QTY_OR_AMOUNT,2026-07-24,Основной склад,FABRIC_MOVEMENT_H4,FILE-097,r2386
MAT-0b448d08ada706a4,MAT-0b448d08ada706a4,"Кружево, желто-зеленый 13-008",13-008,6270.0,,6270.0,AMBIGUOUS_QTY_OR_AMOUNT,2026-07-24,Основной склад,FABRIC_MOVEMENT_H4,FILE-097,r2390
MAT-706913703d3c3367,MAT-706913703d3c3367,"Кружево, желтый 13-007",13-007,7095.0,,7095.0,AMBIGUOUS_QTY_OR_AMOUNT,2026-07-24,Основной склад,FABRIC_MOVEMENT_H4,FILE-097,r2394
MAT-4df61de65be87a37,MAT-4df61de65be87a37,"Кружево, желтый 13-087",13-087,6512.0,,6512.0,AMBIGUOUS_QTY_OR_AMOUNT,2026-07-24,Основной склад,FABRIC_MOVEMENT_H4,FILE-097,r2398
MAT-8c71be388f2c99b3,MAT-8c71be388f2c99b3,"Кружево, жемчужный 13-089",13-089,39424.0,,39424.0,AMBIGUOUS_QTY_OR_AMOUNT,2026-07-24,Основной склад,FABRIC_MOVEMENT_H4,FILE-097,r2402
MAT-e5b6edf23dd3d9b1,MAT-e5b6edf23dd3d9b1,"Кружево, зеленое 13-100",13-100,23648.73,12446.7,11202.03,AMBIGUOUS_QTY_OR_AMOUNT,2026-07-24,Основной склад,FABRIC_MOVEMENT_H4,FILE-097,r2406
MAT-7f8017e4c797be64,MAT-7f8017e4c797be64,"Кружево, зеленый 13-011",13-011,5445.0,,5445.0,AMBIGUOUS_QTY_OR_AMOUNT,2026-07-24,Основной склад,FABRIC_MOVEMENT_H4,FILE-097,r2414
MAT-dba34e0d6bbe4326,MAT-dba34e0d6bbe4326,"Кружево, зеленый 13-030",13-030,8500.0,5000.0,3500.0,AMBIGUOUS_QTY_OR_AMOUNT,2026-07-24,Основной склад,FABRIC_MOVEMENT_H4,FILE-097,r2418
MAT-d3dea1ac1541ceea,MAT-d3dea1ac1541ceea,"Кружево, зеленый 13-052",13-052,23760.0,,23760.0,AMBIGUOUS_QTY_OR_AMOUNT,2026-07-24,Основной склад,FABRIC_MOVEMENT_H4,FILE-097,r2424
MAT-2d54ffaf6e68a382,MAT-2d54ffaf6e68a382,"Кружево, зеленый 13-053",13-053,23232.0,,23232.0,AMBIGUOUS_QTY_OR_AMOUNT,2026-07-24,Основной склад,FABRIC_MOVEMENT_H4,FILE-097,r2428
MAT-233455bc1736a066,MAT-233455bc1736a066,"Кружево, зеленый 13-067",13-067,29760.0,,29760.0,AMBIGUOUS_QTY_OR_AMOUNT,2026-07-24,Основной склад,FABRIC_MOVEMENT_H4,FILE-097,r2432
MAT-8bd9ed678305f5e1,MAT-8bd9ed678305f5e1,"Кружево, зеленый 13-082",13-082,28864.0,,28864.0,AMBIGUOUS_QTY_OR_AMOUNT,2026-07-24,Основной склад,FABRIC_MOVEMENT_H4,FILE-097,r2436
MAT-00993c513e4e4b8b,MAT-00993c513e4e4b8b,"Кружево, золотой 13-013",13-013,4042.5,,4042.5,AMBIGUOUS_QTY_OR_AMOUNT,2026-07-24,Основной склад,FABRIC_MOVEMENT_H4,FILE-097,r2440
MAT-3a80eff8879745f5,MAT-3a80eff8879745f5,"Кружево, золотой 13-014",13-014,5610.0,,5610.0,AMBIGUOUS_QTY_OR_AMOUNT,2026-07-24,Основной склад,FABRIC_MOVEMENT_H4,FILE-097,r2444
MAT-e6ef70d861214352,MAT-e6ef70d861214352,"Кружево, золотой, на бордовой сетке 13-017",13-017,6600.0,,6600.0,AMBIGUOUS_QTY_OR_AMOUNT,2026-07-24,Основной склад,FABRIC_MOVEMENT_H4,FILE-097,r2448
MAT-33eabb97d3b7bb0a,MAT-33eabb97d3b7bb0a,"Кружево, золотой, на серой сетке 13-019",13-019,12210.0,6105.0,6105.0,AMBIGUOUS_QTY_OR_AMOUNT,2026-07-24,Основной склад,FABRIC_MOVEMENT_H4,FILE-097,r2452
MAT-12a3d61f547db338,MAT-12a3d61f547db338,"Кружево, коралловый 13-055",13-055,15840.0,,15840.0,AMBIGUOUS_QTY_OR_AMOUNT,2026-07-24,Основной склад,FABRIC_MOVEMENT_H4,FILE-097,r2458
MAT-a5634e2d6343775b,MAT-a5634e2d6343775b,"Кружево, коралловый 13-085",13-085,17600.0,,17600.0,AMBIGUOUS_QTY_OR_AMOUNT,2026-07-24,Основной склад,FABRIC_MOVEMENT_H4,FILE-097,r2462
MAT-a9fdee4cc2a8b424,MAT-a9fdee4cc2a8b424,"Кружево, коричневый 13-012",13-012,4620.0,4620.0,,AMBIGUOUS_QTY_OR_AMOUNT,2026-07-24,Основной склад,FABRIC_MOVEMENT_H4,FILE-097,r2466
MAT-77361248803086bd,MAT-77361248803086bd,"Кружево, красный 13-054",13-054,34848.0,,34848.0,AMBIGUOUS_QTY_OR_AMOUNT,2026-07-24,Основной склад,FABRIC_MOVEMENT_H4,FILE-097,r2472
MAT-6cd387fa3ea0f758,MAT-6cd387fa3ea0f758,"Кружево, красный 13-070",13-070,20800.0,,20800.0,AMBIGUOUS_QTY_OR_AMOUNT,2026-07-24,Основной склад,FABRIC_MOVEMENT_H4,FILE-097,r2476
MAT-3719deb5ff321734,MAT-3719deb5ff321734,"Кружево, красный 13-084",13-084,5632.0,,5632.0,AMBIGUOUS_QTY_OR_AMOUNT,2026-07-24,Основной склад,FABRIC_MOVEMENT_H4,FILE-097,r2480
MAT-64ad92698146a4b8,MAT-64ad92698146a4b8,"Кружево, молочный 13-001",13-001,5940.0,,5940.0,AMBIGUOUS_QTY_OR_AMOUNT,2026-07-24,Основной склад,FABRIC_MOVEMENT_H4,FILE-097,r2484
MAT-3781d609c485b3a1,MAT-3781d609c485b3a1,"Кружево, молочный 13-045",13-045,4950.0,4950.0,,AMBIGUOUS_QTY_OR_AMOUNT,2026-07-24,Основной склад,FABRIC_MOVEMENT_H4,FILE-097,r2488
MAT-50bd39532c6a96c2,MAT-50bd39532c6a96c2,"Кружево, молочный 13-076",13-076,36480.0,,36480.0,AMBIGUOUS_QTY_OR_AMOUNT,2026-07-24,Основной склад,FABRIC_MOVEMENT_H4,FILE-097,r2494
MAT-c01507b0c356f286,MAT-c01507b0c356f286,"Кружево, морская волна 13-068",13-068,7680.0,,7680.0,AMBIGUOUS_QTY_OR_AMOUNT,2026-07-24,Основной склад,FABRIC_MOVEMENT_H4,FILE-097,r2498
MAT-bd6a39d5f81179f8,MAT-bd6a39d5f81179f8,"Кружево, морская волна 13-081",13-081,15840.0,,15840.0,AMBIGUOUS_QTY_OR_AMOUNT,2026-07-24,Основной склад,FABRIC_MOVEMENT_H4,FILE-097,r2502
MAT-163c4048d84bc60e,MAT-163c4048d84bc60e,"Кружево, оранжевый 13-015",13-015,5775.0,,5775.0,AMBIGUOUS_QTY_OR_AMOUNT,2026-07-24,Основной склад,FABRIC_MOVEMENT_H4,FILE-097,r2506
MAT-f76042a4ad4b31c6,MAT-f76042a4ad4b31c6,"Кружево, оранжевый 13-056",13-056,23936.0,,23936.0,AMBIGUOUS_QTY_OR_AMOUNT,2026-07-24,Основной склад,FABRIC_MOVEMENT_H4,FILE-097,r2510
MAT-6bab3d9640386bd1,MAT-6bab3d9640386bd1,"Кружево, оранжевый 13-086",13-086,23408.0,16544.0,6864.0,AMBIGUOUS_QTY_OR_AMOUNT,2026-07-24,Основной склад,FABRIC_MOVEMENT_H4,FILE-097,r2514
MAT-2819bcfb4baab63b,MAT-2819bcfb4baab63b,"Кружево, разноцветный (оттенки синего) 13-026",13-026,11100.0,,11100.0,AMBIGUOUS_QTY_OR_AMOUNT,2026-07-24,Основной склад,FABRIC_MOVEMENT_H4,FILE-097,r2522
MAT-4cd23e7ed850ce26,MAT-4cd23e7ed850ce26,"Кружево, розовый 13-009",13-009,7177.5,,7177.5,AMBIGUOUS_QTY_OR_AMOUNT,2026-07-24,Основной склад,FABRIC_MOVEMENT_H4,FILE-097,r2526
MAT-45f3d522b2c247f4,MAT-45f3d522b2c247f4,"Кружево, розовый 13-018",13-018,6105.0,6105.0,,AMBIGUOUS_QTY_OR_AMOUNT,2026-07-24,Основной склад,FABRIC_MOVEMENT_H4,FILE-097,r2530
MAT-f5b437f0e7a27fbf,MAT-f5b437f0e7a27fbf,"Кружево, розовый 13-043",13-043,5610.0,,5610.0,AMBIGUOUS_QTY_OR_AMOUNT,2026-07-24,Основной склад,FABRIC_MOVEMENT_H4,FILE-097,r2536
MAT-34654021e79fd09c,MAT-34654021e79fd09c,"Кружево, розовый 13-071",13-071,3520.0,,3520.0,AMBIGUOUS_QTY_OR_AMOUNT,2026-07-24,Основной склад,FABRIC_MOVEMENT_H4,FILE-097,r2540
MAT-5594421d2e2894de,MAT-5594421d2e2894de,"Кружево, розовый 13-093",13-093,1248.0,,1248.0,AMBIGUOUS_QTY_OR_AMOUNT,2026-07-24,Основной склад,FABRIC_MOVEMENT_H4,FILE-097,r2544
MAT-0cf51a396da2a50f,MAT-0cf51a396da2a50f,"Кружево, светло-бежевый 13-059",13-059,30272.0,28864.0,1408.0,AMBIGUOUS_QTY_OR_AMOUNT,2026-07-24,Основной склад,FABRIC_MOVEMENT_H4,FILE-097,r2548
MAT-cb1b29aa5e3044d1,MAT-cb1b29aa5e3044d1,"Кружево, светло-бежевый 13-075",13-075,21280.0,,21280.0,AMBIGUOUS_QTY_OR_AMOUNT,2026-07-24,Основной склад,FABRIC_MOVEMENT_H4,FILE-097,r2562
MAT-07df790b90aa687b,MAT-07df790b90aa687b,"Кружево, светло-зеленый 13-083",13-083,23936.0,,23936.0,AMBIGUOUS_QTY_OR_AMOUNT,2026-07-24,Основной склад,FABRIC_MOVEMENT_H4,FILE-097,r2566
MAT-94c520f2af8d7507,MAT-94c520f2af8d7507,"Кружево, серый 13-060",13-060,20944.0,,20944.0,AMBIGUOUS_QTY_OR_AMOUNT,2026-07-24,Основной склад,FABRIC_MOVEMENT_H4,FILE-097,r2570
MAT-3430e8625728a222,MAT-3430e8625728a222,"Кружево, серый 13-074",13-074,16320.0,,16320.0,AMBIGUOUS_QTY_OR_AMOUNT,2026-07-24,Основной склад,FABRIC_MOVEMENT_H4,FILE-097,r2574
MAT-00a4b148c9e2a647,MAT-00a4b148c9e2a647,"Кружево, серый 13-078",13-078,10208.0,,10208.0,AMBIGUOUS_QTY_OR_AMOUNT,2026-07-24,Основной склад,FABRIC_MOVEMENT_H4,FILE-097,r2578
MAT-173318d2a5bc5f9f,MAT-173318d2a5bc5f9f,"Кружево, синий 13-023",13-023,13860.0,,13860.0,AMBIGUOUS_QTY_OR_AMOUNT,2026-07-24,Основной склад,FABRIC_MOVEMENT_H4,FILE-097,r2582
MAT-1bc89aa21f430d74,MAT-1bc89aa21f430d74,"Кружево, синий 13-025",13-025,11137.5,,11137.5,AMBIGUOUS_QTY_OR_AMOUNT,2026-07-24,Основной склад,FABRIC_MOVEMENT_H4,FILE-097,r2586
MAT-e6c6b62d290aabad,MAT-e6c6b62d290aabad,"Кружево, синий 13-049",13-049,8448.0,,8448.0,AMBIGUOUS_QTY_OR_AMOUNT,2026-07-24,Основной склад,FABRIC_MOVEMENT_H4,FILE-097,r2590
MAT-3baae299365d1d94,MAT-3baae299365d1d94,"Кружево, синий 13-063",13-063,16960.0,,16960.0,AMBIGUOUS_QTY_OR_AMOUNT,2026-07-24,Основной склад,FABRIC_MOVEMENT_H4,FILE-097,r2594
MAT-247459be6db88c19,MAT-247459be6db88c19,"Кружево, синий 13-079",13-079,13728.0,,13728.0,AMBIGUOUS_QTY_OR_AMOUNT,2026-07-24,Основной склад,FABRIC_MOVEMENT_H4,FILE-097,r2598
MAT-b1128a9930c2eef2,MAT-b1128a9930c2eef2,"Кружево, фиолетовый 13-022",13-022,7425.0,,7425.0,AMBIGUOUS_QTY_OR_AMOUNT,2026-07-24,Основной склад,FABRIC_MOVEMENT_H4,FILE-097,r2602
MAT-70371bb5a8ec822e,MAT-70371bb5a8ec822e,"Кружево, фиолетовый 13-033",13-033,5775.0,,5775.0,AMBIGUOUS_QTY_OR_AMOUNT,2026-07-24,Основной склад,FABRIC_MOVEMENT_H4,FILE-097,r2606
MAT-e75993ddf0f06a26,MAT-e75993ddf0f06a26,"Кружево, фиолетовый 13-065",13-065,5440.0,,5440.0,AMBIGUOUS_QTY_OR_AMOUNT,2026-07-24,Основной склад,FABRIC_MOVEMENT_H4,FILE-097,r2610
MAT-309fb9eddac82c19,MAT-309fb9eddac82c19,"Кружево, фиолетовый 13-094",13-094,12000.0,6000.0,6000.0,AMBIGUOUS_QTY_OR_AMOUNT,2026-07-24,Основной склад,FABRIC_MOVEMENT_H4,FILE-097,r2614
MAT-a7fb9f0595496729,MAT-a7fb9f0595496729,"Кружево, черный 13-027",13-027,3000.0,3000.0,,AMBIGUOUS_QTY_OR_AMOUNT,2026-07-24,Основной склад,FABRIC_MOVEMENT_H4,FILE-097,r2622
MAT-d6676b830b007f77,MAT-d6676b830b007f77,"Кружево, черный 13-029",13-029,4950.0,,4950.0,AMBIGUOUS_QTY_OR_AMOUNT,2026-07-24,Основной склад,FABRIC_MOVEMENT_H4,FILE-097,r2628
MAT-d0c9b525ff7bd122,MAT-d0c9b525ff7bd122,"Кружево, черный 13-031",13-031,18454.66,17844.98,609.68,AMBIGUOUS_QTY_OR_AMOUNT,2026-07-24,Основной склад,FABRIC_MOVEMENT_H4,FILE-097,r2632
MAT-f6d6ff176965e514,MAT-f6d6ff176965e514,"Кружево, черный 13-034",13-034,19300.0,6000.0,13300.0,AMBIGUOUS_QTY_OR_AMOUNT,2026-07-24,Основной склад,FABRIC_MOVEMENT_H4,FILE-097,r2654
MAT-1efb10e0b43cf31a,MAT-1efb10e0b43cf31a,"Кружево, черный 13-037",13-037,8700.0,6200.0,2500.0,AMBIGUOUS_QTY_OR_AMOUNT,2026-07-24,Основной склад,FABRIC_MOVEMENT_H4,FILE-097,r2660
MAT-1fd4943e28f04713,MAT-1fd4943e28f04713,"Кружево, черный 13-046",13-046,12140.72,10416.6,1724.12,AMBIGUOUS_QTY_OR_AMOUNT,2026-07-24,Основной склад,FABRIC_MOVEMENT_H4,FILE-097,r2666
MAT-a578416760cfc26e,MAT-a578416760cfc26e,"Кружево, черный 13-077",13-077,15136.0,,15136.0,AMBIGUOUS_QTY_OR_AMOUNT,2026-07-24,Основной склад,FABRIC_MOVEMENT_H4,FILE-097,r2690
MAT-d52b2abbbcdaa87f,MAT-d52b2abbbcdaa87f,"Кружево, черный 13-096",13-096,25500.0,18200.0,7300.0,AMBIGUOUS_QTY_OR_AMOUNT,2026-07-24,Основной склад,FABRIC_MOVEMENT_H4,FILE-097,r2694
MAT-22cf4fd6f967f1f4,MAT-22cf4fd6f967f1f4,"Кружево,синее 13-101",13-101,22403.52,12446.4,9957.12,AMBIGUOUS_QTY_OR_AMOUNT,2026-07-24,Основной склад,FABRIC_MOVEMENT_H4,FILE-097,r2708
MAT-0799f8fa00c42297,MAT-0799f8fa00c42297,"Лен бирюзовый, 3-003",,4275.0,,4275.0,AMBIGUOUS_QTY_OR_AMOUNT,2026-07-24,Основной склад,FABRIC_MOVEMENT_H4,FILE-097,r2716
MAT-8ba55a4f392e87ca,MAT-8ba55a4f392e87ca,"Лен деним, 3-006",,1725.0,,1725.0,AMBIGUOUS_QTY_OR_AMOUNT,2026-07-24,Основной склад,FABRIC_MOVEMENT_H4,FILE-097,r2720
MAT-ca1c486c75628c12,MAT-ca1c486c75628c12,"Лен красный, 3-005",,11325.0,,11325.0,AMBIGUOUS_QTY_OR_AMOUNT,2026-07-24,Основной склад,FABRIC_MOVEMENT_H4,FILE-097,r2724
MAT-05c90f133557ef01,MAT-05c90f133557ef01,"Лен молочный, 3-002",,27450.0,12750.0,14700.0,AMBIGUOUS_QTY_OR_AMOUNT,2026-07-24,Основной склад,FABRIC_MOVEMENT_H4,FILE-097,r2728
MAT-940f6ec8af46c706,MAT-940f6ec8af46c706,"Лен оранжевый, 3-004",,6975.0,,6975.0,AMBIGUOUS_QTY_OR_AMOUNT,2026-07-24,Основной склад,FABRIC_MOVEMENT_H4,FILE-097,r2736
MAT-ddedcd489ae5d858,MAT-ddedcd489ae5d858,"Лен синий, 3-007",,6900.0,,6900.0,AMBIGUOUS_QTY_OR_AMOUNT,2026-07-24,Основной склад,FABRIC_MOVEMENT_H4,FILE-097,r2740
MAT-1a78b25d8bc5c317,MAT-1a78b25d8bc5c317,"Лен черный, 3-001",,22050.0,11925.0,10125.0,AMBIGUOUS_QTY_OR_AMOUNT,2026-07-24,Основной склад,FABRIC_MOVEMENT_H4,FILE-097,r2744
MAT-19f99497e3f75e72,MAT-19f99497e3f75e72,"Мех, бордовый, длинный ворс 25-004",25-004,5500.0,,5500.0,AMBIGUOUS_QTY_OR_AMOUNT,2026-07-24,Основной склад,FABRIC_MOVEMENT_H4,FILE-097,r2752
MAT-fdbc8a296eff75d1,MAT-fdbc8a296eff75d1,"Мех, дубленка черный  27-004",27-004,109800.0,109800.0,,AMBIGUOUS_QTY_OR_AMOUNT,2026-07-24,Основной склад,FABRIC_MOVEMENT_H4,FILE-097,r2756
MAT-e1520d76b780b850,MAT-e1520d76b780b850,"Мех, дубленка черный со светлым ворсом 27-002",27-002,336402.86,301900.0,34502.86,AMBIGUOUS_QTY_OR_AMOUNT,2026-07-24,Основной склад,FABRIC_MOVEMENT_H4,FILE-097,r2762
MAT-cdbd3654b6d14a3d,MAT-cdbd3654b6d14a3d,"Мех, дубленка, рыжий  27-007",27-007,328518.29,328518.29,,AMBIGUOUS_QTY_OR_AMOUNT,2026-07-24,Основной склад,FABRIC_MOVEMENT_H4,FILE-097,r2770
MAT-acab90bc11af9237,MAT-acab90bc11af9237,"Мех, коричневый, длинный ворс 25-003",25-003,7700.0,,7700.0,AMBIGUOUS_QTY_OR_AMOUNT,2026-07-24,Основной склад,FABRIC_MOVEMENT_H4,FILE-097,r2788
MAT-f7e60a15b935c4cd,MAT-f7e60a15b935c4cd,"Мех, кролик под шиншиллу 27-003",27-003,33000.0,26400.0,6600.0,AMBIGUOUS_QTY_OR_AMOUNT,2026-07-24,Основной склад,FABRIC_MOVEMENT_H4,FILE-097,r2792
MAT-ecfdaa33070617d7,MAT-ecfdaa33070617d7,"Мех, куница 27-005",27-005,91800.0,91800.0,,AMBIGUOUS_QTY_OR_AMOUNT,2026-07-24,Основной склад,FABRIC_MOVEMENT_H4,FILE-097,r2800
MAT-c36b033dbbf15bbc,MAT-c36b033dbbf15bbc,"Мех, норка белая  27-010",27-010,5500.0,,5500.0,AMBIGUOUS_QTY_OR_AMOUNT,2026-07-24,Основной склад,FABRIC_MOVEMENT_H4,FILE-097,r2806
MAT-54100225528d60cb,MAT-54100225528d60cb,"Мех, норка коричневая не стриженная  27-011",27-011,5500.0,,5500.0,AMBIGUOUS_QTY_OR_AMOUNT,2026-07-24,Основной склад,FABRIC_MOVEMENT_H4,FILE-097,r2810
MAT-9c2cd2a74b8d3e4f,MAT-9c2cd2a74b8d3e4f,"Мех, норка коричневая стриженная  27-012",27-012,16500.0,,16500.0,AMBIGUOUS_QTY_OR_AMOUNT,2026-07-24,Основной склад,FABRIC_MOVEMENT_H4,FILE-097,r2814
MAT-af7078a29497ec96,MAT-af7078a29497ec96,"Мех, норка черная не стриженная 27-013",27-013,25600.0,12800.0,12800.0,AMBIGUOUS_QTY_OR_AMOUNT,2026-07-24,Основной склад,FABRIC_MOVEMENT_H4,FILE-097,r2818
MAT-fa6fb5e605529961,MAT-fa6fb5e605529961,"Мех, норка черная стриженная 27-001",27-001,365233.44,303377.8,61855.64,AMBIGUOUS_QTY_OR_AMOUNT,2026-07-24,Основной склад,FABRIC_MOVEMENT_H4,FILE-097,r2826
MAT-8715c50bc1201494,MAT-8715c50bc1201494,"Мех, песец 27-006",27-006,64300.0,64300.0,,AMBIGUOUS_QTY_OR_AMOUNT,2026-07-24,Основной склад,FABRIC_MOVEMENT_H4,FILE-097,r2868
MAT-82279562f866c386,MAT-82279562f866c386,"Мех, разноцветный 25-007",25-007,2200.0,,2200.0,AMBIGUOUS_QTY_OR_AMOUNT,2026-07-24,Основной склад,FABRIC_MOVEMENT_H4,FILE-097,r2892
MAT-dc179378cb64094d,MAT-dc179378cb64094d,"Мех, синий, длинный ворс 25-002",25-002,15400.0,,15400.0,AMBIGUOUS_QTY_OR_AMOUNT,2026-07-24,Основной склад,FABRIC_MOVEMENT_H4,FILE-097,r2896
MAT-f096666740e71a8a,MAT-f096666740e71a8a,"Мех, синий, очень длинный ворс 25-006",25-006,2200.0,,2200.0,AMBIGUOUS_QTY_OR_AMOUNT,2026-07-24,Основной склад,FABRIC_MOVEMENT_H4,FILE-097,r2900
MAT-a68ab7374a969b32,MAT-a68ab7374a969b32,"Мех, чернобурка  27-008",27-008,144000.0,144000.0,,AMBIGUOUS_QTY_OR_AMOUNT,2026-07-24,Основной склад,FABRIC_MOVEMENT_H4,FILE-097,r2904
MAT-1d34dc5c8e0ee146,MAT-1d34dc5c8e0ee146,"Мех, черный, длинный ворс 25-005",25-005,1980.0,,1980.0,AMBIGUOUS_QTY_OR_AMOUNT,2026-07-24,Основной склад,FABRIC_MOVEMENT_H4,FILE-097,r2932
MAT-17b7a57ccb0fa08a,MAT-17b7a57ccb0fa08a,"Мех, черный, короткий ворс 25-001",25-001,4840.0,,4840.0,AMBIGUOUS_QTY_OR_AMOUNT,2026-07-24,Основной склад,FABRIC_MOVEMENT_H4,FILE-097,r2936
MAT-857280c5027377c0,MAT-857280c5027377c0,"Органза жатая, белый 21-015",21-015,3400.0,,3400.0,AMBIGUOUS_QTY_OR_AMOUNT,2026-07-24,Основной склад,FABRIC_MOVEMENT_H4,FILE-097,r2940
MAT-f64d67705620305e,MAT-f64d67705620305e,"Органза плотная, черный 21-016",21-016,49820.0,37600.0,12220.0,AMBIGUOUS_QTY_OR_AMOUNT,2026-07-24,Основной склад,FABRIC_MOVEMENT_H4,FILE-097,r2944
MAT-252a9d23e505d2c4,MAT-252a9d23e505d2c4,"Органза, бело-черный 21-009",21-009,37500.0,,37500.0,AMBIGUOUS_QTY_OR_AMOUNT,2026-07-24,Основной склад,FABRIC_MOVEMENT_H4,FILE-097,r2952
MAT-3da110aaab9118b9,MAT-3da110aaab9118b9,"Органза, белый 21-008",21-008,25000.0,,25000.0,AMBIGUOUS_QTY_OR_AMOUNT,2026-07-24,Основной склад,FABRIC_MOVEMENT_H4,FILE-097,r2956
MAT-981f17540c3dc148,MAT-981f17540c3dc148,"Органза, белый 21-023",21-023,1650.0,1515.0,135.0,AMBIGUOUS_QTY_OR_AMOUNT,2026-07-24,Основной склад,FABRIC_MOVEMENT_H4,FILE-097,r2960
MAT-8b0bbaa0d6b4a6ab,MAT-8b0bbaa0d6b4a6ab,"Органза, белый 21-031",21-031,2240.0,1120.0,1120.0,AMBIGUOUS_QTY_OR_AMOUNT,2026-07-24,Основной склад,FABRIC_MOVEMENT_H4,FILE-097,r2974
MAT-99a74ef95a601444,MAT-99a74ef95a601444,"Органза, белый, принт черные полоски 21-011",21-011,33750.0,,33750.0,AMBIGUOUS_QTY_OR_AMOUNT,2026-07-24,Основной склад,FABRIC_MOVEMENT_H4,FILE-097,r2980
MAT-b3c56f901f7e7c1c,MAT-b3c56f901f7e7c1c,"Органза, голубой 21-027",21-027,4275.0,4275.0,,AMBIGUOUS_QTY_OR_AMOUNT,2026-07-24,Основной склад,FABRIC_MOVEMENT_H4,FILE-097,r2984
MAT-c0fb38abdea1760d,MAT-c0fb38abdea1760d,"Органза, графит 21-030",21-030,10400.0,,10400.0,AMBIGUOUS_QTY_OR_AMOUNT,2026-07-24,Основной склад,FABRIC_MOVEMENT_H4,FILE-097,r2990
MAT-8e38c888e7b4039b,MAT-8e38c888e7b4039b,"Органза, желтый 21-025",21-025,7125.0,,7125.0,AMBIGUOUS_QTY_OR_AMOUNT,2026-07-24,Основной склад,FABRIC_MOVEMENT_H4,FILE-097,r2994
MAT-71f4c8f98b2ed58a,MAT-71f4c8f98b2ed58a,"Органза, зеленый 21-017",21-017,52700.0,,52700.0,AMBIGUOUS_QTY_OR_AMOUNT,2026-07-24,Основной склад,FABRIC_MOVEMENT_H4,FILE-097,r2998
MAT-8b86124af393be50,MAT-8b86124af393be50,"Органза, зеленый 21-018",21-018,50320.0,1530.0,48790.0,AMBIGUOUS_QTY_OR_AMOUNT,2026-07-24,Основной склад,FABRIC_MOVEMENT_H4,FILE-097,r3002
MAT-d11906b017e62977,MAT-d11906b017e62977,"Органза, красная принт черные полоски 21-012",21-012,40750.0,,40750.0,AMBIGUOUS_QTY_OR_AMOUNT,2026-07-24,Основной склад,FABRIC_MOVEMENT_H4,FILE-097,r3008
MAT-378e4d111e4fc9ca,MAT-378e4d111e4fc9ca,"Органза, красный 21-004",21-004,4200.0,,4200.0,AMBIGUOUS_QTY_OR_AMOUNT,2026-07-24,Основной склад,FABRIC_MOVEMENT_H4,FILE-097,r3012
MAT-728dbca529f3a0d1,MAT-728dbca529f3a0d1,"Органза, красный 21-028",21-028,4410.0,,4410.0,AMBIGUOUS_QTY_OR_AMOUNT,2026-07-24,Основной склад,FABRIC_MOVEMENT_H4,FILE-097,r3016
MAT-62007405eb6d6834,MAT-62007405eb6d6834,"Органза, оранжевый 21-006",21-006,6900.0,,6900.0,AMBIGUOUS_QTY_OR_AMOUNT,2026-07-24,Основной склад,FABRIC_MOVEMENT_H4,FILE-097,r3020
MAT-273fb0c2c030bde7,MAT-273fb0c2c030bde7,"Органза, розовая 21-029",21-029,4960.0,480.0,4480.0,AMBIGUOUS_QTY_OR_AMOUNT,2026-07-24,Основной склад,FABRIC_MOVEMENT_H4,FILE-097,r3024
MAT-e9774eace62eed70,MAT-e9774eace62eed70,"Органза, розовая 21-033",21-033,2223.0,2223.0,,AMBIGUOUS_QTY_OR_AMOUNT,2026-07-24,Основной склад,FABRIC_MOVEMENT_H4,FILE-097,r3030
MAT-78e0f3ee460307ca,MAT-78e0f3ee460307ca,"Органза, розовый 21-005",21-005,7425.0,100.0,7325.0,AMBIGUOUS_QTY_OR_AMOUNT,2026-07-24,Основной склад,FABRIC_MOVEMENT_H4,FILE-097,r3036
MAT-724a2d5acf4d8c1e,MAT-724a2d5acf4d8c1e,"Органза, с блеском белый 21-032",21-032,1100.0,1100.0,,AMBIGUOUS_QTY_OR_AMOUNT,2026-07-24,Основной склад,FABRIC_MOVEMENT_H4,FILE-097,r3042
MAT-fa7af4dfb79e755c,MAT-fa7af4dfb79e755c,"Органза, серый 21-024",21-024,1680.0,1680.0,,AMBIGUOUS_QTY_OR_AMOUNT,2026-07-24,Основной склад,FABRIC_MOVEMENT_H4,FILE-097,r3048
MAT-fa82845527bb9e14,MAT-fa82845527bb9e14,"Органза, синий 21-001",21-001,5000.0,500.0,4500.0,AMBIGUOUS_QTY_OR_AMOUNT,2026-07-24,Основной склад,FABRIC_MOVEMENT_H4,FILE-097,r3054
MAT-8ddd0925131561d9,MAT-8ddd0925131561d9,"Органза, фиолетовый 21-003",21-003,16160.0,,16160.0,AMBIGUOUS_QTY_OR_AMOUNT,2026-07-24,Основной склад,FABRIC_MOVEMENT_H4,FILE-097,r3060
MAT-a74ed55d5bdf1a34,MAT-a74ed55d5bdf1a34,"Органза, фуксия 21-002",21-002,6640.0,,6640.0,AMBIGUOUS_QTY_OR_AMOUNT,2026-07-24,Основной склад,FABRIC_MOVEMENT_H4,FILE-097,r3064
MAT-4a635943a1826618,MAT-4a635943a1826618,"Органза, фуксия 21-019",21-019,3500.0,,3500.0,AMBIGUOUS_QTY_OR_AMOUNT,2026-07-24,Основной склад,FABRIC_MOVEMENT_H4,FILE-097,r3068
MAT-b37cf538b40a58dd,MAT-b37cf538b40a58dd,"Органза, черно-белая полоска 21-007",21-007,16875.0,,16875.0,AMBIGUOUS_QTY_OR_AMOUNT,2026-07-24,Основной склад,FABRIC_MOVEMENT_H4,FILE-097,r3072
MAT-281c7cb955beeff7,MAT-281c7cb955beeff7,"Органза, черный 21-026",21-026,24205.04,13572.32,10632.72,AMBIGUOUS_QTY_OR_AMOUNT,2026-07-24,Основной склад,FABRIC_MOVEMENT_H4,FILE-097,r3076
MAT-357ddf8e05e7c970,MAT-357ddf8e05e7c970,"Органза, черный, принт белые бантики 21-013",21-013,31500.0,,31500.0,AMBIGUOUS_QTY_OR_AMOUNT,2026-07-24,Основной склад,FABRIC_MOVEMENT_H4,FILE-097,r3118
MAT-1b6eb55c1c3ff806,MAT-1b6eb55c1c3ff806,"Органза, черный, принт полоски 21-010",21-010,17000.0,8750.0,8250.0,AMBIGUOUS_QTY_OR_AMOUNT,2026-07-24,Основной склад,FABRIC_MOVEMENT_H4,FILE-097,r3122
MAT-364ef0210371c7df,MAT-364ef0210371c7df,"Органза, черный, принт черные бантики 21-014",21-014,10000.0,,10000.0,AMBIGUOUS_QTY_OR_AMOUNT,2026-07-24,Основной склад,FABRIC_MOVEMENT_H4,FILE-097,r3128
MAT-449621c7cd44f8d8,MAT-449621c7cd44f8d8,"Парча, бежевый 15-001",15-001,5300.0,,5300.0,AMBIGUOUS_QTY_OR_AMOUNT,2026-07-24,Основной склад,FABRIC_MOVEMENT_H4,FILE-097,r3132
MAT-949d4a05120fbad6,MAT-949d4a05120fbad6,"Парча, бежевый 15-021",15-021,14800.0,,14800.0,AMBIGUOUS_QTY_OR_AMOUNT,2026-07-24,Основной склад,FABRIC_MOVEMENT_H4,FILE-097,r3136
MAT-811878f2790f49cb,MAT-811878f2790f49cb,"Парча, белый 15-022",15-022,17000.0,,17000.0,AMBIGUOUS_QTY_OR_AMOUNT,2026-07-24,Основной склад,FABRIC_MOVEMENT_H4,FILE-097,r3140
MAT-055993520a8fb829,MAT-055993520a8fb829,"Парча, бордовый 15-002",15-002,6200.0,,6200.0,AMBIGUOUS_QTY_OR_AMOUNT,2026-07-24,Основной склад,FABRIC_MOVEMENT_H4,FILE-097,r3144
MAT-6991246253b3fe1e,MAT-6991246253b3fe1e,"Парча, бордовый 15-013",15-013,23400.0,,23400.0,AMBIGUOUS_QTY_OR_AMOUNT,2026-07-24,Основной склад,FABRIC_MOVEMENT_H4,FILE-097,r3148
MAT-fc12f49a6ca3db19,MAT-fc12f49a6ca3db19,"Парча, бронзовый 15-009",15-009,8000.0,,8000.0,AMBIGUOUS_QTY_OR_AMOUNT,2026-07-24,Основной склад,FABRIC_MOVEMENT_H4,FILE-097,r3152
MAT-d6535fb02d6d35ea,MAT-d6535fb02d6d35ea,"Парча, зеленый 15-005",15-005,9400.0,,9400.0,AMBIGUOUS_QTY_OR_AMOUNT,2026-07-24,Основной склад,FABRIC_MOVEMENT_H4,FILE-097,r3156
MAT-3c463318118057b3,MAT-3c463318118057b3,"Парча, золотой 15-011",15-011,7500.0,,7500.0,AMBIGUOUS_QTY_OR_AMOUNT,2026-07-24,Основной склад,FABRIC_MOVEMENT_H4,FILE-097,r3160
MAT-7a1283c605e2eb46,MAT-7a1283c605e2eb46,"Парча, коричневый 15-029",15-029,11000.0,,11000.0,AMBIGUOUS_QTY_OR_AMOUNT,2026-07-24,Основной склад,FABRIC_MOVEMENT_H4,FILE-097,r3164
MAT-9770255d66c7702c,MAT-9770255d66c7702c,"Парча, коричневый 15-030",15-030,24000.0,,24000.0,AMBIGUOUS_QTY_OR_AMOUNT,2026-07-24,Основной склад,FABRIC_MOVEMENT_H4,FILE-097,r3168
MAT-7829baa5f157776b,MAT-7829baa5f157776b,"Парча, красный 15-007",15-007,17200.0,,17200.0,AMBIGUOUS_QTY_OR_AMOUNT,2026-07-24,Основной склад,FABRIC_MOVEMENT_H4,FILE-097,r3172
MAT-b9949a2fb730baa5,MAT-b9949a2fb730baa5,"Парча, оранжевая 15-003",15-003,11000.0,,11000.0,AMBIGUOUS_QTY_OR_AMOUNT,2026-07-24,Основной склад,FABRIC_MOVEMENT_H4,FILE-097,r3176
MAT-8f06137911072c08,MAT-8f06137911072c08,"Парча, принт акварель 15-010",15-010,21600.0,,21600.0,AMBIGUOUS_QTY_OR_AMOUNT,2026-07-24,Основной склад,FABRIC_MOVEMENT_H4,FILE-097,r3180
MAT-d285bf5837313c22,MAT-d285bf5837313c22,"Парча, розовый 15-012",15-012,15000.0,,15000.0,AMBIGUOUS_QTY_OR_AMOUNT,2026-07-24,Основной склад,FABRIC_MOVEMENT_H4,FILE-097,r3184
MAT-cdade2667a742c24,MAT-cdade2667a742c24,"Парча, серебряный 15-016",15-016,4400.0,,4400.0,AMBIGUOUS_QTY_OR_AMOUNT,2026-07-24,Основной склад,FABRIC_MOVEMENT_H4,FILE-097,r3188
MAT-106d2277754da598,MAT-106d2277754da598,"Парча, серебряный 15-017",15-017,13000.0,,13000.0,AMBIGUOUS_QTY_OR_AMOUNT,2026-07-24,Основной склад,FABRIC_MOVEMENT_H4,FILE-097,r3192
MAT-c27eadbc03c77019,MAT-c27eadbc03c77019,"Парча, синий 15-006",15-006,3000.0,,3000.0,AMBIGUOUS_QTY_OR_AMOUNT,2026-07-24,Основной склад,FABRIC_MOVEMENT_H4,FILE-097,r3196
MAT-bfcdcaa8835957da,MAT-bfcdcaa8835957da,"Парча, синий 15-027",15-027,22000.0,,22000.0,AMBIGUOUS_QTY_OR_AMOUNT,2026-07-24,Основной склад,FABRIC_MOVEMENT_H4,FILE-097,r3200
MAT-6c6ff2edace7a329,MAT-6c6ff2edace7a329,"Парча, темно-серебряный 15-015",15-015,3300.0,,3300.0,AMBIGUOUS_QTY_OR_AMOUNT,2026-07-24,Основной склад,FABRIC_MOVEMENT_H4,FILE-097,r3204
MAT-04a27ddcc20597e0,MAT-04a27ddcc20597e0,"Парча, черная цветы 15-026",15-026,19000.0,,19000.0,AMBIGUOUS_QTY_OR_AMOUNT,2026-07-24,Основной склад,FABRIC_MOVEMENT_H4,FILE-097,r3208
MAT-b69b840712bd203a,MAT-b69b840712bd203a,"Парча, черный 15-008",15-008,5400.0,,5400.0,AMBIGUOUS_QTY_OR_AMOUNT,2026-07-24,Основной склад,FABRIC_MOVEMENT_H4,FILE-097,r3212
MAT-32da53ae74190827,MAT-32da53ae74190827,"Парча, черный 15-014",15-014,7400.0,,7400.0,AMBIGUOUS_QTY_OR_AMOUNT,2026-07-24,Основной склад,FABRIC_MOVEMENT_H4,FILE-097,r3216
MAT-12c1ac5cc504e8ad,MAT-12c1ac5cc504e8ad,"Парча, черный 15-028",15-028,21400.0,,21400.0,AMBIGUOUS_QTY_OR_AMOUNT,2026-07-24,Основной склад,FABRIC_MOVEMENT_H4,FILE-097,r3220
MAT-8828f16748057ad6,MAT-8828f16748057ad6,"Парча, черный с белым 15-023",15-023,16000.0,,16000.0,AMBIGUOUS_QTY_OR_AMOUNT,2026-07-24,Основной склад,FABRIC_MOVEMENT_H4,FILE-097,r3224
MAT-1c8d1ca0d3c86dea,MAT-1c8d1ca0d3c86dea,Плащевка авторская с буквой 24-009,24-009,11430.0,,11430.0,AMBIGUOUS_QTY_OR_AMOUNT,2026-07-24,Основной склад,FABRIC_MOVEMENT_H4,FILE-097,r3234
MAT-c79622b4aab61f1c,MAT-c79622b4aab61f1c,Плащевка бежевая 24-008,24-008,4860.0,,4860.0,AMBIGUOUS_QTY_OR_AMOUNT,2026-07-24,Основной склад,FABRIC_MOVEMENT_H4,FILE-097,r3238
MAT-027af4a56a0fcebb,MAT-027af4a56a0fcebb,Плащевка белая 24-007,24-007,7740.0,270.0,7470.0,AMBIGUOUS_QTY_OR_AMOUNT,2026-07-24,Основной склад,FABRIC_MOVEMENT_H4,FILE-097,r3242
MAT-0965581298648244,MAT-0965581298648244,Плащевка коричневая 24-002,24-002,7200.0,,7200.0,AMBIGUOUS_QTY_OR_AMOUNT,2026-07-24,Основной склад,FABRIC_MOVEMENT_H4,FILE-097,r3250
MAT-c11c3e53f433be18,MAT-c11c3e53f433be18,Плащевка серая тонкая 24-005,24-005,84150.0,,84150.0,AMBIGUOUS_QTY_OR_AMOUNT,2026-07-24,Основной склад,FABRIC_MOVEMENT_H4,FILE-097,r3254
MAT-1eddee09e2b203f8,MAT-1eddee09e2b203f8,Плащевка темно-серая 24-001,24-001,13500.0,,13500.0,AMBIGUOUS_QTY_OR_AMOUNT,2026-07-24,Основной склад,FABRIC_MOVEMENT_H4,FILE-097,r3258
MAT-ac809858e7977dab,MAT-ac809858e7977dab,Плащевка черная 24-003,24-003,6750.0,,6750.0,AMBIGUOUS_QTY_OR_AMOUNT,2026-07-24,Основной склад,FABRIC_MOVEMENT_H4,FILE-097,r3262
MAT-1375f8efb5ad2f25,MAT-1375f8efb5ad2f25,Плащевка черная 24-010 с водоотталкивающей пропиткой,24-010,6000.0,6000.0,,AMBIGUOUS_QTY_OR_AMOUNT,2026-07-24,Основной склад,FABRIC_MOVEMENT_H4,FILE-097,r3266
MAT-1ac390d79550e047,MAT-1ac390d79550e047,Плащевка черная плотная 24-004,24-004,7200.0,,7200.0,AMBIGUOUS_QTY_OR_AMOUNT,2026-07-24,Основной склад,FABRIC_MOVEMENT_H4,FILE-097,r3272
MAT-3012cafb58c0ba7b,MAT-3012cafb58c0ba7b,Плащевка черная тонкая 24-006,24-006,81000.0,,81000.0,AMBIGUOUS_QTY_OR_AMOUNT,2026-07-24,Основной склад,FABRIC_MOVEMENT_H4,FILE-097,r3276
MAT-0a9c5a2f2c3a2779,MAT-0a9c5a2f2c3a2779,Подкатник белый 150 см 28-016,28-016,18800.0,940.0,17860.0,AMBIGUOUS_QTY_OR_AMOUNT,2026-07-24,Основной склад,FABRIC_MOVEMENT_H4,FILE-097,r3280
MAT-2ff195ac370ba6a2,MAT-2ff195ac370ba6a2,Сетка трикотажная фиолетовая 22-063,22-063,1300.0,,1300.0,AMBIGUOUS_QTY_OR_AMOUNT,2026-07-24,Основной склад,FABRIC_MOVEMENT_H4,FILE-097,r3444
MAT-5607ca0d56051433,MAT-5607ca0d56051433,"Сетка, бежевый 22-033",22-033,30630.57,24237.65,6392.92,AMBIGUOUS_QTY_OR_AMOUNT,2026-07-24,Основной склад,FABRIC_MOVEMENT_H4,FILE-097,r3498
MAT-5e8d47f1dd9278b1,MAT-5e8d47f1dd9278b1,"Сетка, бежевый 22-054",22-054,3690.0,2118.13,1571.87,AMBIGUOUS_QTY_OR_AMOUNT,2026-07-24,Основной склад,FABRIC_MOVEMENT_H4,FILE-097,r3542
MAT-e417329548653297,MAT-e417329548653297,"Сетка, бежевый 22-057",22-057,3300.0,3300.0,,AMBIGUOUS_QTY_OR_AMOUNT,2026-07-24,Основной склад,FABRIC_MOVEMENT_H4,FILE-097,r3550
MAT-80a005e32270da38,MAT-80a005e32270da38,"Сетка, бежевый, средней жесткости с блеском  22-023",22-023,2400.0,,2400.0,AMBIGUOUS_QTY_OR_AMOUNT,2026-07-24,Основной склад,FABRIC_MOVEMENT_H4,FILE-097,r3562
MAT-b5963413b473a2fa,MAT-b5963413b473a2fa,"Сетка, белая блестящая 22-029",22-029,5400.0,,5400.0,AMBIGUOUS_QTY_OR_AMOUNT,2026-07-24,Основной склад,FABRIC_MOVEMENT_H4,FILE-097,r3574
MAT-8f37cbed04a9e24a,MAT-8f37cbed04a9e24a,"Сетка, белая горошек 0,5 белый 22-006",22-006,7250.0,,7250.0,AMBIGUOUS_QTY_OR_AMOUNT,2026-07-24,Основной склад,FABRIC_MOVEMENT_H4,FILE-097,r3578
MAT-b104b140d9d7fb29,MAT-b104b140d9d7fb29,"Сетка, белая горошек белый 1см 22-009",22-009,5250.0,,5250.0,AMBIGUOUS_QTY_OR_AMOUNT,2026-07-24,Основной склад,FABRIC_MOVEMENT_H4,FILE-097,r3582
MAT-5c738346223d369f,MAT-5c738346223d369f,"Сетка, белая гофра 22-010",22-010,9500.0,,9500.0,AMBIGUOUS_QTY_OR_AMOUNT,2026-07-24,Основной склад,FABRIC_MOVEMENT_H4,FILE-097,r3586
MAT-cf70893671bf2f25,MAT-cf70893671bf2f25,"Сетка, белая пшенка белая 22-003",22-003,1650.0,,1650.0,AMBIGUOUS_QTY_OR_AMOUNT,2026-07-24,Основной склад,FABRIC_MOVEMENT_H4,FILE-097,r3590
MAT-6df5834b776637b6,MAT-6df5834b776637b6,"Сетка, белая с золотом 22-002",22-002,2200.0,,2200.0,AMBIGUOUS_QTY_OR_AMOUNT,2026-07-24,Основной склад,FABRIC_MOVEMENT_H4,FILE-097,r3594
MAT-61304fe6c3980636,MAT-61304fe6c3980636,"Сетка, белый 22-031",22-031,10990.0,7910.0,3080.0,AMBIGUOUS_QTY_OR_AMOUNT,2026-07-24,Основной склад,FABRIC_MOVEMENT_H4,FILE-097,r3598
MAT-84867c392d1659ae,MAT-84867c392d1659ae,"Сетка, бирюзовый 22-043",22-043,4320.0,100.0,4220.0,AMBIGUOUS_QTY_OR_AMOUNT,2026-07-24,Основной склад,FABRIC_MOVEMENT_H4,FILE-097,r3636
MAT-fb7f6a0e0c5fd5ec,MAT-fb7f6a0e0c5fd5ec,"Сетка, бордовый 22-046",22-046,3070.0,3070.0,,AMBIGUOUS_QTY_OR_AMOUNT,2026-07-24,Основной склад,FABRIC_MOVEMENT_H4,FILE-097,r3642
MAT-101c2864570c5f92,MAT-101c2864570c5f92,"Сетка, голубая, 22-039",22-039,4900.0,210.0,4690.0,AMBIGUOUS_QTY_OR_AMOUNT,2026-07-24,Основной склад,FABRIC_MOVEMENT_H4,FILE-097,r3648
MAT-1bc3b270e0ea41c0,MAT-1bc3b270e0ea41c0,"Сетка, голубой 22-040",22-040,6250.0,100.0,6150.0,AMBIGUOUS_QTY_OR_AMOUNT,2026-07-24,Основной склад,FABRIC_MOVEMENT_H4,FILE-097,r3658
MAT-4625e9ffa115cd65,MAT-4625e9ffa115cd65,"Сетка, желтая 22-035",22-035,5700.0,110.0,5590.0,AMBIGUOUS_QTY_OR_AMOUNT,2026-07-24,Основной склад,FABRIC_MOVEMENT_H4,FILE-097,r3664
MAT-f5c02216eaeaea87,MAT-f5c02216eaeaea87,"Сетка, зеленый 22-044",22-044,10880.0,6170.64,4709.36,AMBIGUOUS_QTY_OR_AMOUNT,2026-07-24,Основной склад,FABRIC_MOVEMENT_H4,FILE-097,r3672
MAT-ea301a970bb6f9a2,MAT-ea301a970bb6f9a2,"Сетка, зеленый, средней жесткости 22-026",22-026,7200.0,,7200.0,AMBIGUOUS_QTY_OR_AMOUNT,2026-07-24,Основной склад,FABRIC_MOVEMENT_H4,FILE-097,r3688
MAT-de4f2591348b050f,MAT-de4f2591348b050f,"Сетка, коралловый 22-037",22-037,3880.0,1550.0,2330.0,AMBIGUOUS_QTY_OR_AMOUNT,2026-07-24,Основной склад,FABRIC_MOVEMENT_H4,FILE-097,r3692
MAT-49660842bd436729,MAT-49660842bd436729,"Сетка, коричневая 22-024",22-024,5550.0,300.0,5250.0,AMBIGUOUS_QTY_OR_AMOUNT,2026-07-24,Основной склад,FABRIC_MOVEMENT_H4,FILE-097,r3700
MAT-151269d90dd99c02,MAT-151269d90dd99c02,"Сетка, красный 22-045",22-045,3470.0,360.0,3110.0,AMBIGUOUS_QTY_OR_AMOUNT,2026-07-24,Основной склад,FABRIC_MOVEMENT_H4,FILE-097,r3706
MAT-ef443cb36738290d,MAT-ef443cb36738290d,"Сетка, красный, средней жесткости 22-025",22-025,1290.0,,1290.0,AMBIGUOUS_QTY_OR_AMOUNT,2026-07-24,Основной склад,FABRIC_MOVEMENT_H4,FILE-097,r3716
MAT-9b1b174c224f26e1,MAT-9b1b174c224f26e1,"Сетка, молочный 22-052",22-052,6850.0,847.03,6002.97,AMBIGUOUS_QTY_OR_AMOUNT,2026-07-24,Основной склад,FABRIC_MOVEMENT_H4,FILE-097,r3720
MAT-d21d2372c02267f9,MAT-d21d2372c02267f9,"Сетка, оранжевый 22-036",22-036,4100.0,,4100.0,AMBIGUOUS_QTY_OR_AMOUNT,2026-07-24,Основной склад,FABRIC_MOVEMENT_H4,FILE-097,r3732
MAT-84241855acd1f71f,MAT-84241855acd1f71f,"Сетка, пудровый 22-047",22-047,2600.0,2600.0,,AMBIGUOUS_QTY_OR_AMOUNT,2026-07-24,Основной склад,FABRIC_MOVEMENT_H4,FILE-097,r3736
MAT-cb377a4dcc3b4bc0,MAT-cb377a4dcc3b4bc0,"Сетка, розовый 22-030",22-030,9300.0,150.0,9150.0,AMBIGUOUS_QTY_OR_AMOUNT,2026-07-24,Основной склад,FABRIC_MOVEMENT_H4,FILE-097,r3742
MAT-38fff971d309d981,MAT-38fff971d309d981,"Сетка, розовый 22-050",22-050,2450.0,705.0,1745.0,AMBIGUOUS_QTY_OR_AMOUNT,2026-07-24,Основной склад,FABRIC_MOVEMENT_H4,FILE-097,r3748
MAT-038cd3717904feed,MAT-038cd3717904feed,"Сетка, розовый 22-053",22-053,4780.0,4780.0,,AMBIGUOUS_QTY_OR_AMOUNT,2026-07-24,Основной склад,FABRIC_MOVEMENT_H4,FILE-097,r3760
MAT-4de41c5c8e1cc603,MAT-4de41c5c8e1cc603,"Сетка, салатовый 22-034",22-034,4690.0,100.0,4590.0,AMBIGUOUS_QTY_OR_AMOUNT,2026-07-24,Основной склад,FABRIC_MOVEMENT_H4,FILE-097,r3772
MAT-5a1dc24f10a3546e,MAT-5a1dc24f10a3546e,"Сетка, салатовый, средней жесткости 22-027",22-027,900.0,,900.0,AMBIGUOUS_QTY_OR_AMOUNT,2026-07-24,Основной склад,FABRIC_MOVEMENT_H4,FILE-097,r3782
MAT-5a683a01b4fe31d9,MAT-5a683a01b4fe31d9,"Сетка, серо-фиолетовый 22-051",22-051,2650.0,600.0,2050.0,AMBIGUOUS_QTY_OR_AMOUNT,2026-07-24,Основной склад,FABRIC_MOVEMENT_H4,FILE-097,r3786
MAT-7d84e5bce0320b8d,MAT-7d84e5bce0320b8d,"Сетка, серый 22-056",22-056,3440.0,3440.0,,AMBIGUOUS_QTY_OR_AMOUNT,2026-07-24,Основной склад,FABRIC_MOVEMENT_H4,FILE-097,r3794
MAT-fb67a3962849e176,MAT-fb67a3962849e176,"Сетка, серый 22-062",22-062,5500.0,1540.0,3960.0,AMBIGUOUS_QTY_OR_AMOUNT,2026-07-24,Основной склад,FABRIC_MOVEMENT_H4,FILE-097,r3824
MAT-ce06ca392fa61bf5,MAT-ce06ca392fa61bf5,"Сетка, синий 22-042",22-042,900.0,670.0,230.0,AMBIGUOUS_QTY_OR_AMOUNT,2026-07-24,Основной склад,FABRIC_MOVEMENT_H4,FILE-097,r3832
MAT-a68178bfe3bf6ff3,MAT-a68178bfe3bf6ff3,"Сетка, телесная 22-060 цвет №9",22-060,4500.0,3937.5,562.5,AMBIGUOUS_QTY_OR_AMOUNT,2026-07-24,Основной склад,FABRIC_MOVEMENT_H4,FILE-097,r3848
MAT-344b3e807e5176d5,MAT-344b3e807e5176d5,"Сетка, телесная пшенка черная 22-004",22-004,3800.0,,3800.0,AMBIGUOUS_QTY_OR_AMOUNT,2026-07-24,Основной склад,FABRIC_MOVEMENT_H4,FILE-097,r3860
MAT-2aa83a0cce314b39,MAT-2aa83a0cce314b39,"Сетка, темно-серый 22-058 ИТАЛИЯ",22-058,18200.0,14300.0,3900.0,AMBIGUOUS_QTY_OR_AMOUNT,2026-07-24,Основной склад,FABRIC_MOVEMENT_H4,FILE-097,r3864
MAT-587beb7372a97087,MAT-587beb7372a97087,"Сетка, темно-синий 22-049",22-049,2000.0,660.0,1340.0,AMBIGUOUS_QTY_OR_AMOUNT,2026-07-24,Основной склад,FABRIC_MOVEMENT_H4,FILE-097,r3874
MAT-e8de8bc829fa612a,MAT-e8de8bc829fa612a,"Сетка, трикотажная бежевая 22-021",22-021,9680.0,5280.0,4400.0,AMBIGUOUS_QTY_OR_AMOUNT,2026-07-24,Основной склад,FABRIC_MOVEMENT_H4,FILE-097,r3886
MAT-cb670c2c08e34295,MAT-cb670c2c08e34295,"Сетка, трикотажная светло-бежевая 22-059",22-059,6625.0,4966.71,1658.29,AMBIGUOUS_QTY_OR_AMOUNT,2026-07-24,Основной склад,FABRIC_MOVEMENT_H4,FILE-097,r3894
MAT-41e1eed74cf25cbe,MAT-41e1eed74cf25cbe,"Сетка, фиолетовый 22-041",22-041,3100.0,400.0,2700.0,AMBIGUOUS_QTY_OR_AMOUNT,2026-07-24,Основной склад,FABRIC_MOVEMENT_H4,FILE-097,r3908
MAT-98e7146d0db625e0,MAT-98e7146d0db625e0,"Сетка, фуксия 22-038",22-038,2400.0,460.0,1940.0,AMBIGUOUS_QTY_OR_AMOUNT,2026-07-24,Основной склад,FABRIC_MOVEMENT_H4,FILE-097,r3916
MAT-9540f293da4224ef,MAT-9540f293da4224ef,"Сетка, хлопок бордовый 22-013",22-013,1200.0,,1200.0,AMBIGUOUS_QTY_OR_AMOUNT,2026-07-24,Основной склад,FABRIC_MOVEMENT_H4,FILE-097,r3930
MAT-91ef36c6c74c35fe,MAT-91ef36c6c74c35fe,"Сетка, хлопок коричневый 22-014",22-014,25250.0,150.0,25100.0,AMBIGUOUS_QTY_OR_AMOUNT,2026-07-24,Основной склад,FABRIC_MOVEMENT_H4,FILE-097,r3934
MAT-216d75c4d470c109,MAT-216d75c4d470c109,"Сетка, черная горошек 0,5 черная 22-007",22-007,14750.0,14750.0,,AMBIGUOUS_QTY_OR_AMOUNT,2026-07-24,Основной склад,FABRIC_MOVEMENT_H4,FILE-097,r3940
MAT-82b788032418697b,MAT-82b788032418697b,"Сетка, черная горошек белый 1см 22-008",22-008,1350.0,,1350.0,AMBIGUOUS_QTY_OR_AMOUNT,2026-07-24,Основной склад,FABRIC_MOVEMENT_H4,FILE-097,r3948
MAT-329a03ff487ca602,MAT-329a03ff487ca602,"Сетка, черная пшенка черная 22-005",22-005,2500.0,2500.0,,AMBIGUOUS_QTY_OR_AMOUNT,2026-07-24,Основной склад,FABRIC_MOVEMENT_H4,FILE-097,r3952
MAT-297b62c37e3c8c9d,MAT-297b62c37e3c8c9d,"Сетка, черный 22-022",22-022,12780.0,6280.0,6500.0,AMBIGUOUS_QTY_OR_AMOUNT,2026-07-24,Основной склад,FABRIC_MOVEMENT_H4,FILE-097,r3964
MAT-26843fe8fe87c591,MAT-26843fe8fe87c591,"Сетка, черный 22-032",22-032,28078.0,28078.0,,AMBIGUOUS_QTY_OR_AMOUNT,2026-07-24,Основной склад,FABRIC_MOVEMENT_H4,FILE-097,r3980
MAT-e3add63d45667083,MAT-e3add63d45667083,"Сетка, ярко-розовый 22-055",22-055,730.0,,730.0,AMBIGUOUS_QTY_OR_AMOUNT,2026-07-24,Основной склад,FABRIC_MOVEMENT_H4,FILE-097,r4036
MAT-65ff039c6163a4b4,MAT-65ff039c6163a4b4,"Сетка, ярко-фиолетовый 22-061",22-061,5500.0,,5500.0,AMBIGUOUS_QTY_OR_AMOUNT,2026-07-24,Основной склад,FABRIC_MOVEMENT_H4,FILE-097,r4040
MAT-ff66dfa871ccb53e,MAT-ff66dfa871ccb53e,"Сетка,светло-серая, 22-048",22-048,1900.0,1900.0,,AMBIGUOUS_QTY_OR_AMOUNT,2026-07-24,Основной склад,FABRIC_MOVEMENT_H4,FILE-097,r4044
MAT-4f2fc91a0b64b100,MAT-4f2fc91a0b64b100,"Синтепон, белый 28-004",28-004,9108.0,2481.93,6626.07,AMBIGUOUS_QTY_OR_AMOUNT,2026-07-24,Основной склад,FABRIC_MOVEMENT_H4,FILE-097,r4050
MAT-a5860de86e0d3113,MAT-a5860de86e0d3113,Синтетическая ткань  белый эко-шелк 20-027,20-027,8250.0,8250.0,,AMBIGUOUS_QTY_OR_AMOUNT,2026-07-24,Основной склад,FABRIC_MOVEMENT_H4,FILE-097,r4066
MAT-731ea9b366592d7d,MAT-731ea9b366592d7d,Синтетическая ткань  бордовый эко-шелк 20-021,20-021,5000.0,,5000.0,AMBIGUOUS_QTY_OR_AMOUNT,2026-07-24,Основной склад,FABRIC_MOVEMENT_H4,FILE-097,r4078
MAT-a6f1cb677ae23af1,MAT-a6f1cb677ae23af1,"Синтетическая ткань (плотная) фуксия, эко-шелк 20-044",20-044,1560.0,1560.0,,AMBIGUOUS_QTY_OR_AMOUNT,2026-07-24,Основной склад,FABRIC_MOVEMENT_H4,FILE-097,r4082
MAT-0c9e4588f260c9e5,MAT-0c9e4588f260c9e5,Синтетическая ткань бежевый 20-017,20-017,1475.0,,1475.0,AMBIGUOUS_QTY_OR_AMOUNT,2026-07-24,Основной склад,FABRIC_MOVEMENT_H4,FILE-097,r4088
MAT-6f2a9293258855bf,MAT-6f2a9293258855bf,Синтетическая ткань бежевый эко-шелк 20-018,20-018,4500.0,600.0,3900.0,AMBIGUOUS_QTY_OR_AMOUNT,2026-07-24,Основной склад,FABRIC_MOVEMENT_H4,FILE-097,r4092
MAT-455c9dc41f1613c4,MAT-455c9dc41f1613c4,Синтетическая ткань белый атлас плотный  20-041,20-041,5930.0,5930.0,,AMBIGUOUS_QTY_OR_AMOUNT,2026-07-24,Основной склад,FABRIC_MOVEMENT_H4,FILE-097,r4098
MAT-ce3b6190bf639495,MAT-ce3b6190bf639495,Синтетическая ткань белый эко-шелк 20-015,20-015,33025.84,26744.97,6280.87,AMBIGUOUS_QTY_OR_AMOUNT,2026-07-24,Основной склад,FABRIC_MOVEMENT_H4,FILE-097,r4106
MAT-68307e6d4c4dce4b,MAT-68307e6d4c4dce4b,Синтетическая ткань белый-атлас  20-031,20-031,48425.0,37537.5,10887.5,AMBIGUOUS_QTY_OR_AMOUNT,2026-07-24,Основной склад,FABRIC_MOVEMENT_H4,FILE-097,r4140
MAT-bb8d22f4b662acea,MAT-bb8d22f4b662acea,Синтетическая ткань бордовый эко-шелк 20-032,20-032,4200.0,,4200.0,AMBIGUOUS_QTY_OR_AMOUNT,2026-07-24,Основной склад,FABRIC_MOVEMENT_H4,FILE-097,r4194
MAT-4898c02805abfc3f,MAT-4898c02805abfc3f,Синтетическая ткань голубой 20-007,20-007,4340.0,,4340.0,AMBIGUOUS_QTY_OR_AMOUNT,2026-07-24,Основной склад,FABRIC_MOVEMENT_H4,FILE-097,r4198
MAT-c1ac24e76d4d233f,MAT-c1ac24e76d4d233f,Синтетическая ткань жемчужный эко-шелк 20-026,20-026,8750.0,8750.0,,AMBIGUOUS_QTY_OR_AMOUNT,2026-07-24,Основной склад,FABRIC_MOVEMENT_H4,FILE-097,r4202
MAT-e3e97c84cc516d09,MAT-e3e97c84cc516d09,Синтетическая ткань зеленый светлый 20-009,20-009,7000.0,700.0,6300.0,AMBIGUOUS_QTY_OR_AMOUNT,2026-07-24,Основной склад,FABRIC_MOVEMENT_H4,FILE-097,r4208
MAT-abc19b6c9180e90c,MAT-abc19b6c9180e90c,Синтетическая ткань зеленый эко-шелк 20-024,20-024,2055.0,2055.0,,AMBIGUOUS_QTY_OR_AMOUNT,2026-07-24,Основной склад,FABRIC_MOVEMENT_H4,FILE-097,r4214
MAT-60e941d848a44044,MAT-60e941d848a44044,Синтетическая ткань коричневый атлас  20-037,20-037,592.5,,592.5,AMBIGUOUS_QTY_OR_AMOUNT,2026-07-24,Основной склад,FABRIC_MOVEMENT_H4,FILE-097,r4222
MAT-4f12231bb48d2e4e,MAT-4f12231bb48d2e4e,Синтетическая ткань красный 20-012,20-012,5250.0,,5250.0,AMBIGUOUS_QTY_OR_AMOUNT,2026-07-24,Основной склад,FABRIC_MOVEMENT_H4,FILE-097,r4226
MAT-c162ee66ffd3fa88,MAT-c162ee66ffd3fa88,Синтетическая ткань красный атлас  20-034,20-034,11330.0,,11330.0,AMBIGUOUS_QTY_OR_AMOUNT,2026-07-24,Основной склад,FABRIC_MOVEMENT_H4,FILE-097,r4230
MAT-258ddbe34a867771,MAT-258ddbe34a867771,Синтетическая ткань красный атлас плотный 20-030,20-030,38170.0,21340.0,16830.0,AMBIGUOUS_QTY_OR_AMOUNT,2026-07-24,Основной склад,FABRIC_MOVEMENT_H4,FILE-097,r4234
MAT-ae41d9aac72af4ca,MAT-ae41d9aac72af4ca,Синтетическая ткань красный эко-шелк 20-019,20-019,1005.0,30.0,975.0,AMBIGUOUS_QTY_OR_AMOUNT,2026-07-24,Основной склад,FABRIC_MOVEMENT_H4,FILE-097,r4250
MAT-8ce53583aa4e361a,MAT-8ce53583aa4e361a,Синтетическая ткань красный-морковный 20-005,20-005,3710.0,,3710.0,AMBIGUOUS_QTY_OR_AMOUNT,2026-07-24,Основной склад,FABRIC_MOVEMENT_H4,FILE-097,r4256
MAT-089e0c149a47554c,MAT-089e0c149a47554c,Синтетическая ткань мелкие цветы 20А-002,,22250.0,,22250.0,AMBIGUOUS_QTY_OR_AMOUNT,2026-07-24,Основной склад,FABRIC_MOVEMENT_H4,FILE-097,r4260
MAT-102ffaa5927d75b7,MAT-102ffaa5927d75b7,Синтетическая ткань оранжевый эко-шелк 20-023,20-023,11650.0,,11650.0,AMBIGUOUS_QTY_OR_AMOUNT,2026-07-24,Основной склад,FABRIC_MOVEMENT_H4,FILE-097,r4264
MAT-73348a4f6fe72dc5,MAT-73348a4f6fe72dc5,Синтетическая ткань полоска с барсуком 20-008,20-008,14000.0,,14000.0,AMBIGUOUS_QTY_OR_AMOUNT,2026-07-24,Основной склад,FABRIC_MOVEMENT_H4,FILE-097,r4268
MAT-ac43e705d3d7adf5,MAT-ac43e705d3d7adf5,Синтетическая ткань розовый 20-003,20-003,1890.0,700.0,1190.0,AMBIGUOUS_QTY_OR_AMOUNT,2026-07-24,Основной склад,FABRIC_MOVEMENT_H4,FILE-097,r4272
MAT-8b69a7590d405a62,MAT-8b69a7590d405a62,Синтетическая ткань розовый 20-013,20-013,24500.0,2100.0,22400.0,AMBIGUOUS_QTY_OR_AMOUNT,2026-07-24,Основной склад,FABRIC_MOVEMENT_H4,FILE-097,r4278
MAT-746be0e47c23bc28,MAT-746be0e47c23bc28,Синтетическая ткань розовый в белый горох 20-014,20-014,16100.0,,16100.0,AMBIGUOUS_QTY_OR_AMOUNT,2026-07-24,Основной склад,FABRIC_MOVEMENT_H4,FILE-097,r4284
MAT-582fa4e82f57127f,MAT-582fa4e82f57127f,Синтетическая ткань серый светлый эко-шелк 20-033,20-033,6750.0,,6750.0,AMBIGUOUS_QTY_OR_AMOUNT,2026-07-24,Основной склад,FABRIC_MOVEMENT_H4,FILE-097,r4288
MAT-bb61a3e1756e32d8,MAT-bb61a3e1756e32d8,Синтетическая ткань серый эко-шелк 20-025,20-025,10175.0,4750.0,5425.0,AMBIGUOUS_QTY_OR_AMOUNT,2026-07-24,Основной склад,FABRIC_MOVEMENT_H4,FILE-097,r4292
MAT-e2dfa3c7a7cd3c11,MAT-e2dfa3c7a7cd3c11,Синтетическая ткань темно-зеленый (изумрудный) атлас плотный  20-042,20-042,5591.14,,5591.14,AMBIGUOUS_QTY_OR_AMOUNT,2026-07-24,Основной склад,FABRIC_MOVEMENT_H4,FILE-097,r4302
MAT-33653211d799158a,MAT-33653211d799158a,Синтетическая ткань фиолетовый эко-шелк 20-022,20-022,12250.0,5000.0,7250.0,AMBIGUOUS_QTY_OR_AMOUNT,2026-07-24,Основной склад,FABRIC_MOVEMENT_H4,FILE-097,r4306
MAT-5698919eb4606eb2,MAT-5698919eb4606eb2,Синтетическая ткань фуксия эко-шелк 20-020,20-020,12250.0,12250.0,,AMBIGUOUS_QTY_OR_AMOUNT,2026-07-24,Основной склад,FABRIC_MOVEMENT_H4,FILE-097,r4312
MAT-3bb420109f28222b,MAT-3bb420109f28222b,Синтетическая ткань цветной атлас  20-036,20-036,3850.0,,3850.0,AMBIGUOUS_QTY_OR_AMOUNT,2026-07-24,Основной склад,FABRIC_MOVEMENT_H4,FILE-097,r4326
MAT-23024318615a65d8,MAT-23024318615a65d8,Синтетическая ткань черно-белый леопард 20-001,20-001,8750.0,,8750.0,AMBIGUOUS_QTY_OR_AMOUNT,2026-07-24,Основной склад,FABRIC_MOVEMENT_H4,FILE-097,r4330
MAT-adff5bb696bf875d,MAT-adff5bb696bf875d,Синтетическая ткань черный атлас без стрейча 20-035,20-035,1400.0,850.0,550.0,AMBIGUOUS_QTY_OR_AMOUNT,2026-07-24,Основной склад,FABRIC_MOVEMENT_H4,FILE-097,r4334
MAT-ba410086ea0e8d70,MAT-ba410086ea0e8d70,Синтетическая ткань черный атлас плотный  20-040,20-040,6162.0,5853.9,308.1,AMBIGUOUS_QTY_OR_AMOUNT,2026-07-24,Основной склад,FABRIC_MOVEMENT_H4,FILE-097,r4344
MAT-cea1f2e1bef57954,MAT-cea1f2e1bef57954,Синтетическая ткань черный в белая пшенка 20-002,20-002,1610.0,,1610.0,AMBIGUOUS_QTY_OR_AMOUNT,2026-07-24,Основной склад,FABRIC_MOVEMENT_H4,FILE-097,r4358
MAT-6f579d939d9c26ce,MAT-6f579d939d9c26ce,Синтетическая ткань черный в белый горох 20-004,20-004,12600.0,,12600.0,AMBIGUOUS_QTY_OR_AMOUNT,2026-07-24,Основной склад,FABRIC_MOVEMENT_H4,FILE-097,r4362
MAT-bb0a6e0f9d4924f9,MAT-bb0a6e0f9d4924f9,Синтетическая ткань черный эко-шелк 20-029,20-029,19526.81,12223.76,7303.05,AMBIGUOUS_QTY_OR_AMOUNT,2026-07-24,Основной склад,FABRIC_MOVEMENT_H4,FILE-097,r4366
MAT-9ae955d23b8dd965,MAT-9ae955d23b8dd965,Синтетическая ткань черный- атлас плотный 20-028,20-028,57151.76,56942.64,209.12,AMBIGUOUS_QTY_OR_AMOUNT,2026-07-24,Основной склад,FABRIC_MOVEMENT_H4,FILE-097,r4386
MAT-8ee6c57cadcdec01,MAT-8ee6c57cadcdec01,Синтетическая ткань ярко-розовый атлас  20-039,20-039,592.5,,592.5,AMBIGUOUS_QTY_OR_AMOUNT,2026-07-24,Основной склад,FABRIC_MOVEMENT_H4,FILE-097,r4428
MAT-ea15a0fc7d3b6153,MAT-ea15a0fc7d3b6153,"Синтетическая ткань, БРАК черный армани 20-016",20-016,5693.5,,5693.5,AMBIGUOUS_QTY_OR_AMOUNT,2026-07-24,Основной склад,FABRIC_MOVEMENT_H4,FILE-097,r4432
MAT-96e41204af71b1bf,MAT-96e41204af71b1bf,"Синтетическая ткань, черный армани 20-016",20-016,32957.6,29998.2,2959.4,AMBIGUOUS_QTY_OR_AMOUNT,2026-07-24,Основной склад,FABRIC_MOVEMENT_H4,FILE-097,r4436
MAT-26a8802d0e7507ba,MAT-26a8802d0e7507ba,"Синтетическая ткань, экошелк белый односторонний 20-043",20-043,1200.0,1200.0,,AMBIGUOUS_QTY_OR_AMOUNT,2026-07-24,Основной склад,FABRIC_MOVEMENT_H4,FILE-097,r4502
MAT-e657b8aef7999c21,MAT-e657b8aef7999c21,Трикотаж бежевый 23-010,23-010,15250.0,,15250.0,AMBIGUOUS_QTY_OR_AMOUNT,2026-07-24,Основной склад,FABRIC_MOVEMENT_H4,FILE-097,r4748
MAT-e5727fa44ee243a2,MAT-e5727fa44ee243a2,Трикотаж бежевый 23-038,23-038,4500.0,,4500.0,AMBIGUOUS_QTY_OR_AMOUNT,2026-07-24,Основной склад,FABRIC_MOVEMENT_H4,FILE-097,r4752
MAT-b022f5885bd3e4a0,MAT-b022f5885bd3e4a0,Трикотаж бежевый джерси 23-040,23-040,7470.0,,7470.0,AMBIGUOUS_QTY_OR_AMOUNT,2026-07-24,Основной склад,FABRIC_MOVEMENT_H4,FILE-097,r4756
MAT-b3c496e9fb6b3e4b,MAT-b3c496e9fb6b3e4b,Трикотаж бежевый масло  23-009,23-009,3700.0,,3700.0,AMBIGUOUS_QTY_OR_AMOUNT,2026-07-24,Основной склад,FABRIC_MOVEMENT_H4,FILE-097,r4760
MAT-14f8d6effcbcfb59,MAT-14f8d6effcbcfb59,Трикотаж бежевый тонкий 23-050,23-050,7000.0,,7000.0,AMBIGUOUS_QTY_OR_AMOUNT,2026-07-24,Основной склад,FABRIC_MOVEMENT_H4,FILE-097,r4764
MAT-86bd45e54d2fbf8d,MAT-86bd45e54d2fbf8d,"Трикотаж бежевый, под шерсть 23-020",23-020,7475.0,,7475.0,AMBIGUOUS_QTY_OR_AMOUNT,2026-07-24,Основной склад,FABRIC_MOVEMENT_H4,FILE-097,r4768
MAT-fa71b6de4ca3356a,MAT-fa71b6de4ca3356a,Трикотаж белый 23-048,23-048,38060.0,21644.35,16415.65,AMBIGUOUS_QTY_OR_AMOUNT,2026-07-24,Основной склад,FABRIC_MOVEMENT_H4,FILE-097,r4772
MAT-61851f9cf318dde9,MAT-61851f9cf318dde9,Трикотаж белый марля  23-014,23-014,2400.0,,2400.0,AMBIGUOUS_QTY_OR_AMOUNT,2026-07-24,Основной склад,FABRIC_MOVEMENT_H4,FILE-097,r4784
MAT-2fe830e55b951465,MAT-2fe830e55b951465,Трикотаж бифлекс бежевый 23-005,23-005,7500.0,,7500.0,AMBIGUOUS_QTY_OR_AMOUNT,2026-07-24,Основной склад,FABRIC_MOVEMENT_H4,FILE-097,r4788
MAT-b262e117cf7d829d,MAT-b262e117cf7d829d,Трикотаж бифлекс серый 23-015,23-015,19000.0,,19000.0,AMBIGUOUS_QTY_OR_AMOUNT,2026-07-24,Основной склад,FABRIC_MOVEMENT_H4,FILE-097,r4792
MAT-12362eda6f1a1ef1,MAT-12362eda6f1a1ef1,Трикотаж вязаный черный 23-036,23-036,3200.0,,3200.0,AMBIGUOUS_QTY_OR_AMOUNT,2026-07-24,Основной склад,FABRIC_MOVEMENT_H4,FILE-097,r4796
MAT-2e2054fa65179df1,MAT-2e2054fa65179df1,Трикотаж голубой футболочный 23-057,23-057,15850.0,,15850.0,AMBIGUOUS_QTY_OR_AMOUNT,2026-07-24,Основной склад,FABRIC_MOVEMENT_H4,FILE-097,r4800
MAT-81dad8edebdc5e08,MAT-81dad8edebdc5e08,Трикотаж горох шерсть 23-055,23-055,11500.0,5900.0,5600.0,AMBIGUOUS_QTY_OR_AMOUNT,2026-07-24,Основной склад,FABRIC_MOVEMENT_H4,FILE-097,r4804
MAT-2ad4d36e8cf106c7,MAT-2ad4d36e8cf106c7,"Трикотаж графит, под шерсть 23-021",23-021,10270.0,,10270.0,AMBIGUOUS_QTY_OR_AMOUNT,2026-07-24,Основной склад,FABRIC_MOVEMENT_H4,FILE-097,r4812
MAT-a6dfa85dbabdc66e,MAT-a6dfa85dbabdc66e,Трикотаж зеленый джерси 23-042,23-042,14085.0,9450.0,4635.0,AMBIGUOUS_QTY_OR_AMOUNT,2026-07-24,Основной склад,FABRIC_MOVEMENT_H4,FILE-097,r4816
MAT-b4b9df4af4ef5c11,MAT-b4b9df4af4ef5c11,Трикотаж зеленый футболочный 23-056,23-056,13300.0,,13300.0,AMBIGUOUS_QTY_OR_AMOUNT,2026-07-24,Основной склад,FABRIC_MOVEMENT_H4,FILE-097,r4826
MAT-36d9d0f10d7acbc6,MAT-36d9d0f10d7acbc6,"Трикотаж италия, голубой масло 23-052",23-052,10800.0,,10800.0,AMBIGUOUS_QTY_OR_AMOUNT,2026-07-24,Основной склад,FABRIC_MOVEMENT_H4,FILE-097,r4830
MAT-dde7c81f90b3f381,MAT-dde7c81f90b3f381,"Трикотаж италия, красный масло 23-053",23-053,13500.0,,13500.0,AMBIGUOUS_QTY_OR_AMOUNT,2026-07-24,Основной склад,FABRIC_MOVEMENT_H4,FILE-097,r4834
MAT-89bd2a563fc450ea,MAT-89bd2a563fc450ea,Трикотаж красный футболочный 23-060,23-060,15350.0,,15350.0,AMBIGUOUS_QTY_OR_AMOUNT,2026-07-24,Основной склад,FABRIC_MOVEMENT_H4,FILE-097,r4838
MAT-ff1e9cada099e595,MAT-ff1e9cada099e595,Трикотаж леопард 23-037,23-037,5600.0,5600.0,,AMBIGUOUS_QTY_OR_AMOUNT,2026-07-24,Основной склад,FABRIC_MOVEMENT_H4,FILE-097,r4842
MAT-a941d1f10e954f94,MAT-a941d1f10e954f94,Трикотаж масло крупные горохи 23-043,23-043,9500.0,,9500.0,AMBIGUOUS_QTY_OR_AMOUNT,2026-07-24,Основной склад,FABRIC_MOVEMENT_H4,FILE-097,r4848
MAT-3dcdb82ebfaaecb5,MAT-3dcdb82ebfaaecb5,Трикотаж масло пшенка 23-044,23-044,8700.0,,8700.0,AMBIGUOUS_QTY_OR_AMOUNT,2026-07-24,Основной склад,FABRIC_MOVEMENT_H4,FILE-097,r4852
MAT-0942faa9d4f73afe,MAT-0942faa9d4f73afe,Трикотаж масло разные горохи 23-045,23-045,7050.0,,7050.0,AMBIGUOUS_QTY_OR_AMOUNT,2026-07-24,Основной склад,FABRIC_MOVEMENT_H4,FILE-097,r4856
MAT-2534011917fc77c4,MAT-2534011917fc77c4,Трикотаж молочный 23-039,23-039,2610.0,2610.0,,AMBIGUOUS_QTY_OR_AMOUNT,2026-07-24,Основной склад,FABRIC_MOVEMENT_H4,FILE-097,r4860
MAT-4c2a706b431e986f,MAT-4c2a706b431e986f,Трикотаж розовый футболочный 23-058,23-058,16950.0,,16950.0,AMBIGUOUS_QTY_OR_AMOUNT,2026-07-24,Основной склад,FABRIC_MOVEMENT_H4,FILE-097,r4866
MAT-8e3bb6b35d98e2e3,MAT-8e3bb6b35d98e2e3,"Трикотаж серый, под шерсть 23-016",23-016,17225.0,,17225.0,AMBIGUOUS_QTY_OR_AMOUNT,2026-07-24,Основной склад,FABRIC_MOVEMENT_H4,FILE-097,r4870
MAT-9d6fc36aa044e4a3,MAT-9d6fc36aa044e4a3,Трикотаж синий джерси 23-041,23-041,4500.0,,4500.0,AMBIGUOUS_QTY_OR_AMOUNT,2026-07-24,Основной склад,FABRIC_MOVEMENT_H4,FILE-097,r4874
MAT-0915c278393b9a57,MAT-0915c278393b9a57,Трикотаж темно-синий 23-034,23-034,4000.0,,4000.0,AMBIGUOUS_QTY_OR_AMOUNT,2026-07-24,Основной склад,FABRIC_MOVEMENT_H4,FILE-097,r4878
MAT-7f1a829343aaaee4,MAT-7f1a829343aaaee4,Трикотаж темно-синий 23-035,23-035,5360.0,,5360.0,AMBIGUOUS_QTY_OR_AMOUNT,2026-07-24,Основной склад,FABRIC_MOVEMENT_H4,FILE-097,r4882
MAT-2ab5466c31b5faf1,MAT-2ab5466c31b5faf1,Трикотаж темно-синий с ворсом 23-046,23-046,5850.0,,5850.0,AMBIGUOUS_QTY_OR_AMOUNT,2026-07-24,Основной склад,FABRIC_MOVEMENT_H4,FILE-097,r4886
MAT-0bb889cfa1ac55b6,MAT-0bb889cfa1ac55b6,Трикотаж фуксия футболочный 23-059,23-059,20150.0,,20150.0,AMBIGUOUS_QTY_OR_AMOUNT,2026-07-24,Основной склад,FABRIC_MOVEMENT_H4,FILE-097,r4890
MAT-387b0af045bb5a08,MAT-387b0af045bb5a08,Трикотаж футболочный серый 23-047,23-047,15100.0,,15100.0,AMBIGUOUS_QTY_OR_AMOUNT,2026-07-24,Основной склад,FABRIC_MOVEMENT_H4,FILE-097,r4894
MAT-68ca5face747179e,MAT-68ca5face747179e,Трикотаж футер белый 23-018,23-018,13020.0,13020.0,,AMBIGUOUS_QTY_OR_AMOUNT,2026-07-24,Основной склад,FABRIC_MOVEMENT_H4,FILE-097,r4898
MAT-25dbcc8787e2de04,MAT-25dbcc8787e2de04,Трикотаж футер серый 23-019,23-019,4140.0,,4140.0,AMBIGUOUS_QTY_OR_AMOUNT,2026-07-24,Основной склад,FABRIC_MOVEMENT_H4,FILE-097,r4904
MAT-434d13bb9b34b0c3,MAT-434d13bb9b34b0c3,Трикотаж футер черный 23-017,23-017,184646.4,69824.27,114822.13,AMBIGUOUS_QTY_OR_AMOUNT,2026-07-24,Основной склад,FABRIC_MOVEMENT_H4,FILE-097,r4908
MAT-148e00b62da18872,MAT-148e00b62da18872,Трикотаж цветной 23-003,23-003,3250.0,,3250.0,AMBIGUOUS_QTY_OR_AMOUNT,2026-07-24,Основной склад,FABRIC_MOVEMENT_H4,FILE-097,r4924
MAT-df6f60c7b2f8ef21,MAT-df6f60c7b2f8ef21,Трикотаж цветной 23-051,23-051,4800.0,,4800.0,AMBIGUOUS_QTY_OR_AMOUNT,2026-07-24,Основной склад,FABRIC_MOVEMENT_H4,FILE-097,r4928
MAT-7149685ceba90fb4,MAT-7149685ceba90fb4,Трикотаж черный 23-032,23-032,11600.0,7200.0,4400.0,AMBIGUOUS_QTY_OR_AMOUNT,2026-07-24,Основной склад,FABRIC_MOVEMENT_H4,FILE-097,r4932
MAT-7d1f22fd88be4232,MAT-7d1f22fd88be4232,Трикотаж черный 23-049,23-049,38000.0,500.0,37500.0,AMBIGUOUS_QTY_OR_AMOUNT,2026-07-24,Основной склад,FABRIC_MOVEMENT_H4,FILE-097,r4940
MAT-4460164aeb93bc26,MAT-4460164aeb93bc26,"Трикотаж, бежевый ""кожа ангела"" 23-012",23-012,23700.0,23700.0,,AMBIGUOUS_QTY_OR_AMOUNT,2026-07-24,Основной склад,FABRIC_MOVEMENT_H4,FILE-097,r4946
MAT-0ffbf0174fa9edc6,MAT-0ffbf0174fa9edc6,"Трикотаж, белый, лапша тонкая 23-061",23-061,41925.0,,41925.0,AMBIGUOUS_QTY_OR_AMOUNT,2026-07-24,Основной склад,FABRIC_MOVEMENT_H4,FILE-097,r4966
MAT-83265e4ccd3aa3dd,MAT-83265e4ccd3aa3dd,"Трикотаж, бифлекс серый 23-025",23-025,30000.0,3300.0,26700.0,AMBIGUOUS_QTY_OR_AMOUNT,2026-07-24,Основной склад,FABRIC_MOVEMENT_H4,FILE-097,r4970
MAT-5bb4ab3fafd7659f,MAT-5bb4ab3fafd7659f,"Трикотаж, бифлекс серый 23-074",23-074,6000.0,,6000.0,AMBIGUOUS_QTY_OR_AMOUNT,2026-07-24,Основной склад,FABRIC_MOVEMENT_H4,FILE-097,r4976
MAT-f0722df3c0487fe0,MAT-f0722df3c0487fe0,"Трикотаж, бифлекс серый 23-081",23-081,1320.0,1320.0,,AMBIGUOUS_QTY_OR_AMOUNT,2026-07-24,Основной склад,FABRIC_MOVEMENT_H4,FILE-097,r4980
MAT-af95b73aea93a6fe,MAT-af95b73aea93a6fe,"Трикотаж, бифлекс фиолетовый 23-080",23-080,1700.0,1700.0,,AMBIGUOUS_QTY_OR_AMOUNT,2026-07-24,Основной склад,FABRIC_MOVEMENT_H4,FILE-097,r4986
MAT-bb751926611ee888,MAT-bb751926611ee888,"Трикотаж, голубой 23-023",23-023,7400.0,,7400.0,AMBIGUOUS_QTY_OR_AMOUNT,2026-07-24,Основной склад,FABRIC_MOVEMENT_H4,FILE-097,r4992
MAT-b0cf0c7f63722e28,MAT-b0cf0c7f63722e28,"Трикотаж, голубой футболочный 23-026",23-026,3000.0,,3000.0,AMBIGUOUS_QTY_OR_AMOUNT,2026-07-24,Основной склад,FABRIC_MOVEMENT_H4,FILE-097,r4996
MAT-8a3215ca2af3fa33,MAT-8a3215ca2af3fa33,"Трикотаж, джерси графит 23-071",23-071,3100.0,,3100.0,AMBIGUOUS_QTY_OR_AMOUNT,2026-07-24,Основной склад,FABRIC_MOVEMENT_H4,FILE-097,r5000
MAT-a142b1dc3de8d76e,MAT-a142b1dc3de8d76e,"Трикотаж, молочный ""кожа ангела"" 23-013",23-013,6000.0,6000.0,,AMBIGUOUS_QTY_OR_AMOUNT,2026-07-24,Основной склад,FABRIC_MOVEMENT_H4,FILE-097,r5004
MAT-c75eb8d6768b5760,MAT-c75eb8d6768b5760,"Трикотаж, оранжевый футболочный 23-028",23-028,2000.0,,2000.0,AMBIGUOUS_QTY_OR_AMOUNT,2026-07-24,Основной склад,FABRIC_MOVEMENT_H4,FILE-097,r5010
MAT-6b5991c7d5adf42f,MAT-6b5991c7d5adf42f,"Трикотаж, рибана, бежевый 23-068",23-068,1800.0,,1800.0,AMBIGUOUS_QTY_OR_AMOUNT,2026-07-24,Основной склад,FABRIC_MOVEMENT_H4,FILE-097,r5014
MAT-5a7b7336f190dff8,MAT-5a7b7336f190dff8,"Трикотаж, рибана, бежевый 23-076",23-076,2500.0,,2500.0,AMBIGUOUS_QTY_OR_AMOUNT,2026-07-24,Основной склад,FABRIC_MOVEMENT_H4,FILE-097,r5018
MAT-9a784f418136750f,MAT-9a784f418136750f,"Трикотаж, рибана, белый 23-063",23-063,500.0,500.0,,AMBIGUOUS_QTY_OR_AMOUNT,2026-07-24,Основной склад,FABRIC_MOVEMENT_H4,FILE-097,r5022
MAT-c5c3d439cee94c3a,MAT-c5c3d439cee94c3a,"Трикотаж, рибана, голубой 23-069",23-069,2650.0,,2650.0,AMBIGUOUS_QTY_OR_AMOUNT,2026-07-24,Основной склад,FABRIC_MOVEMENT_H4,FILE-097,r5028
MAT-cf9ff9abb1b12804,MAT-cf9ff9abb1b12804,"Трикотаж, рибана, розовый 23-070",23-070,4900.0,,4900.0,AMBIGUOUS_QTY_OR_AMOUNT,2026-07-24,Основной склад,FABRIC_MOVEMENT_H4,FILE-097,r5032
MAT-6a43f9e69ebecbf0,MAT-6a43f9e69ebecbf0,"Трикотаж, рибана, серая 23-065",23-065,2500.0,,2500.0,AMBIGUOUS_QTY_OR_AMOUNT,2026-07-24,Основной склад,FABRIC_MOVEMENT_H4,FILE-097,r5036
MAT-7764a87208bb99f0,MAT-7764a87208bb99f0,"Трикотаж, рибана, серый 23-067",23-067,3650.0,,3650.0,AMBIGUOUS_QTY_OR_AMOUNT,2026-07-24,Основной склад,FABRIC_MOVEMENT_H4,FILE-097,r5040
MAT-8c062849ba02180f,MAT-8c062849ba02180f,"Трикотаж, рибана, фуксия 23-075",23-075,3750.0,,3750.0,AMBIGUOUS_QTY_OR_AMOUNT,2026-07-24,Основной склад,FABRIC_MOVEMENT_H4,FILE-097,r5044
MAT-8acf6257da12789e,MAT-8acf6257da12789e,"Трикотаж, рибана, черный 23-064",23-064,5100.0,2900.0,2200.0,AMBIGUOUS_QTY_OR_AMOUNT,2026-07-24,Основной склад,FABRIC_MOVEMENT_H4,FILE-097,r5048
MAT-eb1e26a135b9573f,MAT-eb1e26a135b9573f,"Трикотаж, серый 23-072",23-072,4100.0,2500.0,1600.0,AMBIGUOUS_QTY_OR_AMOUNT,2026-07-24,Основной склад,FABRIC_MOVEMENT_H4,FILE-097,r5054
MAT-a059119fede87876,MAT-a059119fede87876,"Трикотаж, темно-серый 23-073",23-073,1500.0,,1500.0,AMBIGUOUS_QTY_OR_AMOUNT,2026-07-24,Основной склад,FABRIC_MOVEMENT_H4,FILE-097,r5062
MAT-2703285e63313de3,MAT-2703285e63313de3,"Трикотаж, темно-синий 23-029",23-029,4000.0,,4000.0,AMBIGUOUS_QTY_OR_AMOUNT,2026-07-24,Основной склад,FABRIC_MOVEMENT_H4,FILE-097,r5066
MAT-3bc4068c5686c832,MAT-3bc4068c5686c832,"Трикотаж, фуксия футболочный 23-027",23-027,11500.0,,11500.0,AMBIGUOUS_QTY_OR_AMOUNT,2026-07-24,Основной склад,FABRIC_MOVEMENT_H4,FILE-097,r5070
MAT-bee1913c1f452cab,MAT-bee1913c1f452cab,"Трикотаж, футер бежевый 23-077",23-077,9900.0,,9900.0,AMBIGUOUS_QTY_OR_AMOUNT,2026-07-24,Основной склад,FABRIC_MOVEMENT_H4,FILE-097,r5074
MAT-6eb9b35c23a0153b,MAT-6eb9b35c23a0153b,"Трикотаж, футер голубой 23-078",23-078,12513.5,,12513.5,AMBIGUOUS_QTY_OR_AMOUNT,2026-07-24,Основной склад,FABRIC_MOVEMENT_H4,FILE-097,r5078
MAT-040c55564f9b7555,MAT-040c55564f9b7555,"Трикотаж, футер розовый 23-079",23-079,16560.0,,16560.0,AMBIGUOUS_QTY_OR_AMOUNT,2026-07-24,Основной склад,FABRIC_MOVEMENT_H4,FILE-097,r5082
MAT-04710b4eaf9d0890,MAT-04710b4eaf9d0890,"Трикотаж, черный 23-022",23-022,10725.0,1495.0,9230.0,AMBIGUOUS_QTY_OR_AMOUNT,2026-07-24,Основной склад,FABRIC_MOVEMENT_H4,FILE-097,r5086
MAT-747565336a2cec09,MAT-747565336a2cec09,"Трикотаж, черный, лапша тонкая 23-062",23-062,51350.0,2600.0,48750.0,AMBIGUOUS_QTY_OR_AMOUNT,2026-07-24,Основной склад,FABRIC_MOVEMENT_H4,FILE-097,r5092
MAT-5a020426eddc277a,MAT-5a020426eddc277a,Флизелин белый  28-013,28-013,6322.0,1264.4,5057.6,AMBIGUOUS_QTY_OR_AMOUNT,2026-07-24,Основной склад,FABRIC_MOVEMENT_H4,FILE-097,r5098
MAT-822d66f4e36cd3b1,MAT-822d66f4e36cd3b1,Флизелин черный  28-012,28-012,6322.0,126.44,6195.56,AMBIGUOUS_QTY_OR_AMOUNT,2026-07-24,Основной склад,FABRIC_MOVEMENT_H4,FILE-097,r5106
MAT-52f794ad1b536e8e,MAT-52f794ad1b536e8e,"Х/Б белая атласная, 4-004",,6360.0,,6360.0,AMBIGUOUS_QTY_OR_AMOUNT,2026-07-24,Основной склад,FABRIC_MOVEMENT_H4,FILE-097,r5328
MAT-072ca64d4e6a4677,MAT-072ca64d4e6a4677,Х/Б сатин бежевый однотонный 4-061,,21839.55,21839.55,,AMBIGUOUS_QTY_OR_AMOUNT,2026-07-24,Основной склад,FABRIC_MOVEMENT_H4,FILE-097,r5862
MAT-f0eace59b6ff6212,MAT-f0eace59b6ff6212,"Х/Б сатин белый, однотонный 4А-126",,7045.2,2394.0,4651.2,AMBIGUOUS_QTY_OR_AMOUNT,2026-07-24,Основной склад,FABRIC_MOVEMENT_H4,FILE-097,r5878
MAT-25a005e50d30f2a5,MAT-25a005e50d30f2a5,"Х/Б сатин белый, принт красная вишня 4А-125",,12967.5,3328.33,9639.17,AMBIGUOUS_QTY_OR_AMOUNT,2026-07-24,Основной склад,FABRIC_MOVEMENT_H4,FILE-097,r5884
MAT-959f1eb2094ddf10,MAT-959f1eb2094ddf10,"Х/Б сатин голубой, однотонный 4А-124",,17290.0,,17290.0,AMBIGUOUS_QTY_OR_AMOUNT,2026-07-24,Основной склад,FABRIC_MOVEMENT_H4,FILE-097,r5894
MAT-b2fd644863d9f474,MAT-b2fd644863d9f474,"Х/Б сатин голубой, принт вишня 4А-123",,12103.0,,12103.0,AMBIGUOUS_QTY_OR_AMOUNT,2026-07-24,Основной склад,FABRIC_MOVEMENT_H4,FILE-097,r5898
MAT-c8d532826106a63b,MAT-c8d532826106a63b,"Х/Б сатин черный, принт красная вишня 4А-121",,12103.0,3198.65,8904.35,AMBIGUOUS_QTY_OR_AMOUNT,2026-07-24,Основной склад,FABRIC_MOVEMENT_H4,FILE-097,r5902
MAT-e22dded557b4b1ac,MAT-e22dded557b4b1ac,"Х/Б сиреневый атласный, 4-030",,9660.0,350.0,9310.0,AMBIGUOUS_QTY_OR_AMOUNT,2026-07-24,Основной склад,FABRIC_MOVEMENT_H4,FILE-097,r5940
MAT-1daa93e40306ed88,MAT-1daa93e40306ed88,Х/Б Хлопок гжель цветы 4А-070,,100050.0,,100050.0,AMBIGUOUS_QTY_OR_AMOUNT,2026-07-24,Основной склад,FABRIC_MOVEMENT_H4,FILE-097,r5980
MAT-43f30b49634c869b,MAT-43f30b49634c869b,Х/Б Хлопок грибочки белые 4А-059,,207350.0,106430.0,100920.0,AMBIGUOUS_QTY_OR_AMOUNT,2026-07-24,Основной склад,FABRIC_MOVEMENT_H4,FILE-097,r5984
MAT-05153d85f55ded1b,MAT-05153d85f55ded1b,Х/Б Хлопок грибочки синие 4А-061,,43355.0,580.0,42775.0,AMBIGUOUS_QTY_OR_AMOUNT,2026-07-24,Основной склад,FABRIC_MOVEMENT_H4,FILE-097,r5992
MAT-f7467bc20438163b,MAT-f7467bc20438163b,Х/Б Хлопок грибочки черные 4А-060,,44225.0,580.0,43645.0,AMBIGUOUS_QTY_OR_AMOUNT,2026-07-24,Основной склад,FABRIC_MOVEMENT_H4,FILE-097,r5998
MAT-620b61bc01dd6d6a,MAT-620b61bc01dd6d6a,Х/Б Хлопок девочки Y белый 4А-055,,48140.0,580.0,47560.0,AMBIGUOUS_QTY_OR_AMOUNT,2026-07-24,Основной склад,FABRIC_MOVEMENT_H4,FILE-097,r6004
MAT-f3488dc917376e1c,MAT-f3488dc917376e1c,Х/Б Хлопок девочки Y розовый 4А-058,,50170.0,580.0,49590.0,AMBIGUOUS_QTY_OR_AMOUNT,2026-07-24,Основной склад,FABRIC_MOVEMENT_H4,FILE-097,r6010
MAT-bef9aff0ad81392c,MAT-bef9aff0ad81392c,Х/Б Хлопок девочки Y синий 4А-057,,99180.0,6090.0,93090.0,AMBIGUOUS_QTY_OR_AMOUNT,2026-07-24,Основной склад,FABRIC_MOVEMENT_H4,FILE-097,r6016
MAT-0c61cb53f798ccff,MAT-0c61cb53f798ccff,Х/Б Хлопок девочки Y черный 4А-056,,53360.0,22330.0,31030.0,AMBIGUOUS_QTY_OR_AMOUNT,2026-07-24,Основной склад,FABRIC_MOVEMENT_H4,FILE-097,r6026
MAT-bacccd3e0ae649c8,MAT-bacccd3e0ae649c8,Х/Б Хлопок кайма YANINA белая 4А-075,,7500.0,,7500.0,AMBIGUOUS_QTY_OR_AMOUNT,2026-07-24,Основной склад,FABRIC_MOVEMENT_H4,FILE-097,r6034
MAT-2ab929512eb5b720,MAT-2ab929512eb5b720,Х/Б Хлопок кайма YANINA розовая 4А-078,,13200.0,,13200.0,AMBIGUOUS_QTY_OR_AMOUNT,2026-07-24,Основной склад,FABRIC_MOVEMENT_H4,FILE-097,r6038
MAT-69a7b18d78cc923e,MAT-69a7b18d78cc923e,Х/Б Хлопок кайма YANINA синяя 4А-077,,7500.0,,7500.0,AMBIGUOUS_QTY_OR_AMOUNT,2026-07-24,Основной склад,FABRIC_MOVEMENT_H4,FILE-097,r6042
MAT-be96a51251622c25,MAT-be96a51251622c25,Х/Б Хлопок микс средний белый 4А-063,,21315.0,580.0,20735.0,AMBIGUOUS_QTY_OR_AMOUNT,2026-07-24,Основной склад,FABRIC_MOVEMENT_H4,FILE-097,r6046
MAT-b5e9476112d59d35,MAT-b5e9476112d59d35,Х/Б Хлопок микс средний голубой 4А-065,,60030.0,580.0,59450.0,AMBIGUOUS_QTY_OR_AMOUNT,2026-07-24,Основной склад,FABRIC_MOVEMENT_H4,FILE-097,r6052
MAT-3040b3fc9f35c29d,MAT-3040b3fc9f35c29d,Х/Б Хлопок микс средний красный 4А-067,,15283.0,6583.0,8700.0,AMBIGUOUS_QTY_OR_AMOUNT,2026-07-24,Основной склад,FABRIC_MOVEMENT_H4,FILE-097,r6058
MAT-29f421c9358e4f57,MAT-29f421c9358e4f57,Х/Б Хлопок микс средний розовый 4А-068,,31755.0,12180.0,19575.0,AMBIGUOUS_QTY_OR_AMOUNT,2026-07-24,Основной склад,FABRIC_MOVEMENT_H4,FILE-097,r6064
MAT-55bf6a02493b1161,MAT-55bf6a02493b1161,Х/Б Хлопок микс средний синий 4А-066,,5510.0,,5510.0,AMBIGUOUS_QTY_OR_AMOUNT,2026-07-24,Основной склад,FABRIC_MOVEMENT_H4,FILE-097,r6072
MAT-c79ecc90787af5ca,MAT-c79ecc90787af5ca,Х/Б Хлопок микс средний черный 4А-064,,111505.0,10150.0,101355.0,AMBIGUOUS_QTY_OR_AMOUNT,2026-07-24,Основной склад,FABRIC_MOVEMENT_H4,FILE-097,r6076
MAT-1abf9ca5435781e5,MAT-1abf9ca5435781e5,Х/Б Хлопок полоски роз/зел/роз 4А-074,,11850.0,4443.75,7406.25,AMBIGUOUS_QTY_OR_AMOUNT,2026-07-24,Основной склад,FABRIC_MOVEMENT_H4,FILE-097,r6088
MAT-522872bf08a3f64a,MAT-522872bf08a3f64a,"Х/Б Хлопок, синие цветы 4А-054",,51500.0,,51500.0,AMBIGUOUS_QTY_OR_AMOUNT,2026-07-24,Основной склад,FABRIC_MOVEMENT_H4,FILE-097,r6094
MAT-23fe8197fb23c29f,MAT-23fe8197fb23c29f,Х/Бхлопок белый однотонный 4-055,,22738.02,15819.86,6918.16,AMBIGUOUS_QTY_OR_AMOUNT,2026-07-24,Основной склад,FABRIC_MOVEMENT_H4,FILE-097,r6308
MAT-63baceb41d07e882,MAT-63baceb41d07e882,"Хлопок белый, 4-057",,19350.0,15000.0,4350.0,AMBIGUOUS_QTY_OR_AMOUNT,2026-07-24,Основной склад,FABRIC_MOVEMENT_H4,FILE-097,r6326
MAT-c3092ee19c6520d1,MAT-c3092ee19c6520d1,"Хлопок голубой, 4-053",,19252.8,19252.8,,AMBIGUOUS_QTY_OR_AMOUNT,2026-07-24,Основной склад,FABRIC_MOVEMENT_H4,FILE-097,r6334
MAT-42e0ed58b8f30bc8,MAT-42e0ed58b8f30bc8,Хлопок грибочки розовые 4А-062,,53577.5,580.0,52997.5,AMBIGUOUS_QTY_OR_AMOUNT,2026-07-24,Основной склад,FABRIC_MOVEMENT_H4,FILE-097,r6340
MAT-2a8ff6aba6676fab,MAT-2a8ff6aba6676fab,"Хлопок желтый, 4-050",,11250.0,11250.0,,AMBIGUOUS_QTY_OR_AMOUNT,2026-07-24,Основной склад,FABRIC_MOVEMENT_H4,FILE-097,r6346
MAT-b90704ae31468c90,MAT-b90704ae31468c90,"Хлопок молочный, 4-051",,30000.0,30000.0,,AMBIGUOUS_QTY_OR_AMOUNT,2026-07-24,Основной склад,FABRIC_MOVEMENT_H4,FILE-097,r6352
MAT-db402c2bb03acb7d,MAT-db402c2bb03acb7d,"Хлопок розовый, 4-052",,11001.6,11001.6,,AMBIGUOUS_QTY_OR_AMOUNT,2026-07-24,Основной склад,FABRIC_MOVEMENT_H4,FILE-097,r6360
MAT-860ef90f07311bbf,MAT-860ef90f07311bbf,"Хлопок серый с в/о пропиткой, 4-060",,3400.0,3400.0,,AMBIGUOUS_QTY_OR_AMOUNT,2026-07-24,Основной склад,FABRIC_MOVEMENT_H4,FILE-097,r6366
MAT-a4a8298309971a6f,MAT-a4a8298309971a6f,"Хлопок серый, 4-056",,22080.0,12600.0,9480.0,AMBIGUOUS_QTY_OR_AMOUNT,2026-07-24,Основной склад,FABRIC_MOVEMENT_H4,FILE-097,r6372
MAT-5e80f4e4325c76d2,MAT-5e80f4e4325c76d2,"Хлопок темно-синий, 4-038",,10800.0,800.0,10000.0,AMBIGUOUS_QTY_OR_AMOUNT,2026-07-24,Основной склад,FABRIC_MOVEMENT_H4,FILE-097,r6380
MAT-d85f8c517024d45d,MAT-d85f8c517024d45d,"Хлопок черный, 4-058",,15000.0,15000.0,,AMBIGUOUS_QTY_OR_AMOUNT,2026-07-24,Основной склад,FABRIC_MOVEMENT_H4,FILE-097,r6386
MAT-f770381c9bbe2016,MAT-f770381c9bbe2016,"Шелк белый, принт ""Y"" в ряд серые с черным 17A-057",,64380.0,44370.0,20010.0,AMBIGUOUS_QTY_OR_AMOUNT,2026-07-24,Основной склад,FABRIC_MOVEMENT_H4,FILE-097,r6658
MAT-3c743142fb763899,MAT-3c743142fb763899,"Шелк белый, принт грибы 17A-012",,104400.0,7250.0,97150.0,AMBIGUOUS_QTY_OR_AMOUNT,2026-07-24,Основной склад,FABRIC_MOVEMENT_H4,FILE-097,r6666
MAT-4252c39379c7468e,MAT-4252c39379c7468e,"Шелк белый, принт деревья, феечки 17А-067",,223418.49,171750.0,51668.49,AMBIGUOUS_QTY_OR_AMOUNT,2026-07-24,Основной склад,FABRIC_MOVEMENT_H4,FILE-097,r6672
MAT-9ff2310c42325e82,MAT-9ff2310c42325e82,"Шелк белый, принт капли сине-голубые деград 17A-033       деграде голубые с синим",,147250.0,16120.0,131130.0,AMBIGUOUS_QTY_OR_AMOUNT,2026-07-24,Основной склад,FABRIC_MOVEMENT_H4,FILE-097,r6690
MAT-0de3754c5d4ee4c4,MAT-0de3754c5d4ee4c4,"Шелк белый, принт лошади 17А-065",,136290.26,126114.74,10175.52,AMBIGUOUS_QTY_OR_AMOUNT,2026-07-24,Основной склад,FABRIC_MOVEMENT_H4,FILE-097,r6698
MAT-1f483743590b4dfd,MAT-1f483743590b4dfd,"Шелк белый, принт микс крупный 17A-029",,164149.63,107146.87,57002.76,AMBIGUOUS_QTY_OR_AMOUNT,2026-07-24,Основной склад,FABRIC_MOVEMENT_H4,FILE-097,r6716
MAT-feeef026f22c86e8,MAT-feeef026f22c86e8,"Шелк белый, принт микс средний 17A-018",,106020.0,22630.0,83390.0,AMBIGUOUS_QTY_OR_AMOUNT,2026-07-24,Основной склад,FABRIC_MOVEMENT_H4,FILE-097,r6732
MAT-23ea84d887be8a00,MAT-23ea84d887be8a00,"Шелк белый, принт оранжевый хаотичные ""Y"" 17A-017",,185600.0,11600.0,174000.0,AMBIGUOUS_QTY_OR_AMOUNT,2026-07-24,Основной склад,FABRIC_MOVEMENT_H4,FILE-097,r6742
MAT-d403146b93b8c3bc,MAT-d403146b93b8c3bc,"Шелк белый, принт перчики, 17А-060",,374398.53,338850.0,35548.53,AMBIGUOUS_QTY_OR_AMOUNT,2026-07-24,Основной склад,FABRIC_MOVEMENT_H4,FILE-097,r6748
MAT-fdda841e6fa6786b,MAT-fdda841e6fa6786b,"Шелк белый, принт полоски оранжевые 17A-056",,24180.0,,24180.0,AMBIGUOUS_QTY_OR_AMOUNT,2026-07-24,Основной склад,FABRIC_MOVEMENT_H4,FILE-097,r6772
MAT-09bcfa583bb1ee8d,MAT-09bcfa583bb1ee8d,"Шелк белый, принт полоски серые 17A-055",,28130.0,17400.0,10730.0,AMBIGUOUS_QTY_OR_AMOUNT,2026-07-24,Основной склад,FABRIC_MOVEMENT_H4,FILE-097,r6776
MAT-1d7d3b59512bc9ca,MAT-1d7d3b59512bc9ca,"Шелк белый, принт серый хаотичные ""Y"" 17A-016",,24940.0,8120.0,16820.0,AMBIGUOUS_QTY_OR_AMOUNT,2026-07-24,Основной склад,FABRIC_MOVEMENT_H4,FILE-097,r6786
MAT-0497e2c91cd2ca15,MAT-0497e2c91cd2ca15,"Шелк белый, принт черный ""Y"" + балерины 17A-014",,41615.0,19140.0,22475.0,AMBIGUOUS_QTY_OR_AMOUNT,2026-07-24,Основной склад,FABRIC_MOVEMENT_H4,FILE-097,r6792
MAT-5826232b74a2e4c5,MAT-5826232b74a2e4c5,"Шелк белый, принт черный ""Y"" 17A-009",,92800.0,,92800.0,AMBIGUOUS_QTY_OR_AMOUNT,2026-07-24,Основной склад,FABRIC_MOVEMENT_H4,FILE-097,r6802
MAT-574e07cf2a84232a,MAT-574e07cf2a84232a,"Шелк бирюзовый, принт микс крупный 17A-066",,36495.2,36495.2,,AMBIGUOUS_QTY_OR_AMOUNT,2026-07-24,Основной склад,FABRIC_MOVEMENT_H4,FILE-097,r6806
MAT-eadee03a247b1596,MAT-eadee03a247b1596,"Шелк бирюзовый, принт микс средний 17A-021",,57660.0,7750.0,49910.0,AMBIGUOUS_QTY_OR_AMOUNT,2026-07-24,Основной склад,FABRIC_MOVEMENT_H4,FILE-097,r6812
MAT-d2865361c911b185,MAT-d2865361c911b185,"Шелк голубой, принт микс средний 17A-022",,62060.0,4350.0,57710.0,AMBIGUOUS_QTY_OR_AMOUNT,2026-07-24,Основной склад,FABRIC_MOVEMENT_H4,FILE-097,r6818
MAT-1312c06616a8da0c,MAT-1312c06616a8da0c,"Шелк желтый, принт крупные девочки 17A-003",,26980.0,,26980.0,AMBIGUOUS_QTY_OR_AMOUNT,2026-07-24,Основной склад,FABRIC_MOVEMENT_H4,FILE-097,r6824
MAT-0606a5b3beb15786,MAT-0606a5b3beb15786,"Шелк зеленый, принт микс средний 17A-025",,42775.0,19430.0,23345.0,AMBIGUOUS_QTY_OR_AMOUNT,2026-07-24,Основной склад,FABRIC_MOVEMENT_H4,FILE-097,r6828
MAT-063ad11895c2b5d5,MAT-063ad11895c2b5d5,Шелк кайма белый-черный-белый 17A-043,,54679.83,32592.41,22087.42,AMBIGUOUS_QTY_OR_AMOUNT,2026-07-24,Основной склад,FABRIC_MOVEMENT_H4,FILE-097,r6838
MAT-233738c0339faaeb,MAT-233738c0339faaeb,Шелк кайма красный-синий-красный 17A-039,,18600.0,,18600.0,AMBIGUOUS_QTY_OR_AMOUNT,2026-07-24,Основной склад,FABRIC_MOVEMENT_H4,FILE-097,r6848
MAT-e360bd4a80febfe5,MAT-e360bd4a80febfe5,Шелк кайма розовый-зеленый-розовый 17A-040,,10850.0,,10850.0,AMBIGUOUS_QTY_OR_AMOUNT,2026-07-24,Основной склад,FABRIC_MOVEMENT_H4,FILE-097,r6852
MAT-c0d68649ffdb42cf,MAT-c0d68649ffdb42cf,"Шелк кайма синий, принт YANINA 17A-038",,21700.0,,21700.0,AMBIGUOUS_QTY_OR_AMOUNT,2026-07-24,Основной склад,FABRIC_MOVEMENT_H4,FILE-097,r6856
MAT-41b8617787a8cdf7,MAT-41b8617787a8cdf7,Шелк кайма черная-белая-черная 17A-046,,74200.0,,74200.0,AMBIGUOUS_QTY_OR_AMOUNT,2026-07-24,Основной склад,FABRIC_MOVEMENT_H4,FILE-097,r6860
MAT-2cd753b7192b06eb,MAT-2cd753b7192b06eb,Шелк кайма черный-белый-черный 17A-045,,26680.0,,26680.0,AMBIGUOUS_QTY_OR_AMOUNT,2026-07-24,Основной склад,FABRIC_MOVEMENT_H4,FILE-097,r6864
MAT-b27671becd8afe08,MAT-b27671becd8afe08,"Шелк кайма, принт YANINA 17A-036",,21700.0,,21700.0,AMBIGUOUS_QTY_OR_AMOUNT,2026-07-24,Основной склад,FABRIC_MOVEMENT_H4,FILE-097,r6868
MAT-b27671becd8afe08,MAT-b27671becd8afe08,"Шелк кайма, принт YANINA 17A-036",,21700.0,,21700.0,AMBIGUOUS_QTY_OR_AMOUNT,2026-07-24,Основной склад,FABRIC_MOVEMENT_H4,FILE-097,r6872
MAT-05e5669ad0fbf5fb,MAT-05e5669ad0fbf5fb,"Шелк красный, принт микс средний 17A-023",,36975.0,31610.0,5365.0,AMBIGUOUS_QTY_OR_AMOUNT,2026-07-24,Основной склад,FABRIC_MOVEMENT_H4,FILE-097,r6876
MAT-9aedf51b6b8ebbc5,MAT-9aedf51b6b8ebbc5,"Шелк мятный, принт лошади 17А-063",,272580.51,214919.25,57661.26,AMBIGUOUS_QTY_OR_AMOUNT,2026-07-24,Основной склад,FABRIC_MOVEMENT_H4,FILE-097,r6888
MAT-280f5c8a9c90be67,MAT-280f5c8a9c90be67,Шелк принт бирюзовые капли 17A-051,,99470.0,,99470.0,AMBIGUOUS_QTY_OR_AMOUNT,2026-07-24,Основной склад,FABRIC_MOVEMENT_H4,FILE-097,r6902
MAT-aecd2330725ed7d1,MAT-aecd2330725ed7d1,"Шелк принт синие капли деграде, 17A-031",,156240.0,32395.0,123845.0,AMBIGUOUS_QTY_OR_AMOUNT,2026-07-24,Основной склад,FABRIC_MOVEMENT_H4,FILE-097,r6906
MAT-6ae6133c39c6a2ad,MAT-6ae6133c39c6a2ad,"Шелк розовый, принт деревья, феечки 17А-068",,171750.0,94750.0,77000.0,AMBIGUOUS_QTY_OR_AMOUNT,2026-07-24,Основной склад,FABRIC_MOVEMENT_H4,FILE-097,r6914
MAT-4db3cde0a6a6f126,MAT-4db3cde0a6a6f126,"Шелк розовый, принт лошади 17А-064",,263485.07,211682.27,51802.8,AMBIGUOUS_QTY_OR_AMOUNT,2026-07-24,Основной склад,FABRIC_MOVEMENT_H4,FILE-097,r6928
MAT-6bcd72672074d1dd,MAT-6bcd72672074d1dd,"Шелк розовый, принт микс крупный 17A-028",,73950.0,11310.0,62640.0,AMBIGUOUS_QTY_OR_AMOUNT,2026-07-24,Основной склад,FABRIC_MOVEMENT_H4,FILE-097,r6944
MAT-b063da12a90c9cfa,MAT-b063da12a90c9cfa,"Шелк серый с розовым, принт крупные разводы 17A-004",,205260.0,205260.0,,AMBIGUOUS_QTY_OR_AMOUNT,2026-07-24,Основной склад,FABRIC_MOVEMENT_H4,FILE-097,r6952
MAT-b493d316fff68561,MAT-b493d316fff68561,"Шелк серый, принт крупные девочки 17A-002",,78470.0,78470.0,,AMBIGUOUS_QTY_OR_AMOUNT,2026-07-24,Основной склад,FABRIC_MOVEMENT_H4,FILE-097,r6964
MAT-644963e3d32eb921,MAT-644963e3d32eb921,"Шелк серый, принт цветок 17A-049",,71340.0,26825.0,44515.0,AMBIGUOUS_QTY_OR_AMOUNT,2026-07-24,Основной склад,FABRIC_MOVEMENT_H4,FILE-097,r6980
MAT-ba7594f58966b06e,MAT-ba7594f58966b06e,"Шелк синий, принт грибы 17A-011",,225930.0,144256.25,81673.75,AMBIGUOUS_QTY_OR_AMOUNT,2026-07-24,Основной склад,FABRIC_MOVEMENT_H4,FILE-097,r6990
MAT-9cd4ef268ebc4c55,MAT-9cd4ef268ebc4c55,"Шелк синий, принт мелкие девочки 17A-006",,170280.0,118800.0,51480.0,AMBIGUOUS_QTY_OR_AMOUNT,2026-07-24,Основной склад,FABRIC_MOVEMENT_H4,FILE-097,r7006
MAT-a6166cfc2e61434d,MAT-a6166cfc2e61434d,"Шелк синий, принт микс крупный 17A-027",,8370.0,,8370.0,AMBIGUOUS_QTY_OR_AMOUNT,2026-07-24,Основной склад,FABRIC_MOVEMENT_H4,FILE-097,r7016
MAT-47c6adc84291d2c4,MAT-47c6adc84291d2c4,"Шелк синий, принт микс средний 17A-020",,60450.0,60450.0,,AMBIGUOUS_QTY_OR_AMOUNT,2026-07-24,Основной склад,FABRIC_MOVEMENT_H4,FILE-097,r7020
MAT-c195443968054a20,MAT-c195443968054a20,"Шелк фуксия, принт цветок 17A-048",,76966.0,27086.0,49880.0,AMBIGUOUS_QTY_OR_AMOUNT,2026-07-24,Основной склад,FABRIC_MOVEMENT_H4,FILE-097,r7030
MAT-4bdbb09012479c0a,MAT-4bdbb09012479c0a,"Шелк цветной, принт лошади  17А-069",,124950.0,91875.0,33075.0,AMBIGUOUS_QTY_OR_AMOUNT,2026-07-24,Основной склад,FABRIC_MOVEMENT_H4,FILE-097,r7042
MAT-6dee036625ec846f,MAT-6dee036625ec846f,"Шелк черный, принт ""Y"" в ряд белые с серым 17A-058",,30160.0,,30160.0,AMBIGUOUS_QTY_OR_AMOUNT,2026-07-24,Основной склад,FABRIC_MOVEMENT_H4,FILE-097,r7058
MAT-2cc668f6aa9d258e,MAT-2cc668f6aa9d258e,"Шелк черный, принт белый  горох 17A-007",,212400.0,145350.0,67050.0,AMBIGUOUS_QTY_OR_AMOUNT,2026-07-24,Основной склад,FABRIC_MOVEMENT_H4,FILE-097,r7062
MAT-3afa3fa01e132142,MAT-3afa3fa01e132142,"Шелк черный, принт белый ""Y"" + балерины 17A-013",,28675.0,13950.0,14725.0,AMBIGUOUS_QTY_OR_AMOUNT,2026-07-24,Основной склад,FABRIC_MOVEMENT_H4,FILE-097,r7076
MAT-30fa9dc18389efbc,MAT-30fa9dc18389efbc,"Шелк черный, принт белый ""Y"" + девочки 17A-059",,22620.0,,22620.0,AMBIGUOUS_QTY_OR_AMOUNT,2026-07-24,Основной склад,FABRIC_MOVEMENT_H4,FILE-097,r7084
MAT-8d6eccbdd07e28c3,MAT-8d6eccbdd07e28c3,"Шелк черный, принт белый хаотичные ""Y"" 17А-015",,285848.99,177211.18,108637.81,AMBIGUOUS_QTY_OR_AMOUNT,2026-07-24,Основной склад,FABRIC_MOVEMENT_H4,FILE-097,r7088
MAT-f8f912084d2dfa9c,MAT-f8f912084d2dfa9c,"Шелк черный, принт грибы 17A-010",,115130.0,13630.0,101500.0,AMBIGUOUS_QTY_OR_AMOUNT,2026-07-24,Основной склад,FABRIC_MOVEMENT_H4,FILE-097,r7108
MAT-2a6885d15db9ea4d,MAT-2a6885d15db9ea4d,"Шелк черный, принт капли цветные деграде 17A-032",,59613.0,59613.0,,AMBIGUOUS_QTY_OR_AMOUNT,2026-07-24,Основной склад,FABRIC_MOVEMENT_H4,FILE-097,r7116
MAT-4236db26d980b6ba,MAT-4236db26d980b6ba,"Шелк черный, принт крупные девочки 17A-030",,24800.0,,24800.0,AMBIGUOUS_QTY_OR_AMOUNT,2026-07-24,Основной склад,FABRIC_MOVEMENT_H4,FILE-097,r7122
MAT-f52504655d79e5d4,MAT-f52504655d79e5d4,"Шелк черный, принт мелкая девочка, 17А-005",,15570.0,,15570.0,AMBIGUOUS_QTY_OR_AMOUNT,2026-07-24,Основной склад,FABRIC_MOVEMENT_H4,FILE-097,r7126
MAT-88f2bb799e286b87,MAT-88f2bb799e286b87,"Шелк черный, принт микс крупный 17A-026",,72500.0,27550.0,44950.0,AMBIGUOUS_QTY_OR_AMOUNT,2026-07-24,Основной склад,FABRIC_MOVEMENT_H4,FILE-097,r7130
MAT-b9fa29cea4d5ee63,MAT-b9fa29cea4d5ee63,"Шелк черный, принт микс средний 17A-019",,117160.0,77720.0,39440.0,AMBIGUOUS_QTY_OR_AMOUNT,2026-07-24,Основной склад,FABRIC_MOVEMENT_H4,FILE-097,r7138
MAT-78334610ec13805b,MAT-78334610ec13805b,"Шелк черный, принт цветок 17A-047",,81925.0,26245.0,55680.0,AMBIGUOUS_QTY_OR_AMOUNT,2026-07-24,Основной склад,FABRIC_MOVEMENT_H4,FILE-097,r7154
MAT-127bfc9092833efc,MAT-127bfc9092833efc,"Шелк-кади, бежевый 16А-001",,18000.0,,18000.0,AMBIGUOUS_QTY_OR_AMOUNT,2026-07-24,Основной склад,FABRIC_MOVEMENT_H4,FILE-097,r7162
MAT-7abab0b201b272e7,MAT-7abab0b201b272e7,"Шелк-кади, бежевый 16А-002",,18000.0,,18000.0,AMBIGUOUS_QTY_OR_AMOUNT,2026-07-24,Основной склад,FABRIC_MOVEMENT_H4,FILE-097,r7166
MAT-7aaf605c48f8d7f6,MAT-7aaf605c48f8d7f6,"Шелк-кади, белый 16А-011",,27750.0,,27750.0,AMBIGUOUS_QTY_OR_AMOUNT,2026-07-24,Основной склад,FABRIC_MOVEMENT_H4,FILE-097,r7170
MAT-fec9a00affb74761,MAT-fec9a00affb74761,"Шелк-кади, зеленый 16А-009",,4250.0,,4250.0,AMBIGUOUS_QTY_OR_AMOUNT,2026-07-24,Основной склад,FABRIC_MOVEMENT_H4,FILE-097,r7176
MAT-9ab8970777826bce,MAT-9ab8970777826bce,"Шелк-кади, красный 16А-008",,7750.0,,7750.0,AMBIGUOUS_QTY_OR_AMOUNT,2026-07-24,Основной склад,FABRIC_MOVEMENT_H4,FILE-097,r7180
MAT-f1f396d6f79b2f1f,MAT-f1f396d6f79b2f1f,"Шелк-кади, морская волна 16А-007",,19500.0,5000.0,14500.0,AMBIGUOUS_QTY_OR_AMOUNT,2026-07-24,Основной склад,FABRIC_MOVEMENT_H4,FILE-097,r7184
MAT-d3b89dbc51f6484d,MAT-d3b89dbc51f6484d,"Шелк-кади, оранжевый 16А-004",,12500.0,,12500.0,AMBIGUOUS_QTY_OR_AMOUNT,2026-07-24,Основной склад,FABRIC_MOVEMENT_H4,FILE-097,r7190
MAT-28206502f972f1a7,MAT-28206502f972f1a7,"Шелк-кади, розовый 16А-003",,21875.0,,21875.0,AMBIGUOUS_QTY_OR_AMOUNT,2026-07-24,Основной склад,FABRIC_MOVEMENT_H4,FILE-097,r7194
MAT-b5695c1a5454f510,MAT-b5695c1a5454f510,"Шелк-кади, синий 16А-006",,7000.0,,7000.0,AMBIGUOUS_QTY_OR_AMOUNT,2026-07-24,Основной склад,FABRIC_MOVEMENT_H4,FILE-097,r7198
MAT-b59331b741dd8516,MAT-b59331b741dd8516,"Шелк-кади, черный 16А-010",,24000.0,12750.0,11250.0,AMBIGUOUS_QTY_OR_AMOUNT,2026-07-24,Основной склад,FABRIC_MOVEMENT_H4,FILE-097,r7202
MAT-8a8a082b5b26c3d9,MAT-8a8a082b5b26c3d9,"Шелк-туаль, голубой 16-015",16-015,12320.0,,12320.0,AMBIGUOUS_QTY_OR_AMOUNT,2026-07-24,Основной склад,FABRIC_MOVEMENT_H4,FILE-097,r7210
MAT-ad17d0eed1d23a2c,MAT-ad17d0eed1d23a2c,"Шелк, абежевый с рисунком цветы 17-012",17-012,10000.0,,10000.0,AMBIGUOUS_QTY_OR_AMOUNT,2026-07-24,Основной склад,FABRIC_MOVEMENT_H4,FILE-097,r7214
MAT-38c393d87494a264,MAT-38c393d87494a264,"Шелк, акварнель  17-005",17-005,15000.0,,15000.0,AMBIGUOUS_QTY_OR_AMOUNT,2026-07-24,Основной склад,FABRIC_MOVEMENT_H4,FILE-097,r7218
MAT-0d0ddfd89ab09b35,MAT-0d0ddfd89ab09b35,"Шелк, акварнель  17-006",17-006,12400.0,3000.0,9400.0,AMBIGUOUS_QTY_OR_AMOUNT,2026-07-24,Основной склад,FABRIC_MOVEMENT_H4,FILE-097,r7222
MAT-05157321ad62503a,MAT-05157321ad62503a,"Шелк, акварнель фиолетовый 17-004",17-004,8000.0,,8000.0,AMBIGUOUS_QTY_OR_AMOUNT,2026-07-24,Основной склад,FABRIC_MOVEMENT_H4,FILE-097,r7230
MAT-1128991e8eb31db2,MAT-1128991e8eb31db2,"Шелк, бежевый 16-047",16-047,202158.3,3460.63,198697.67,AMBIGUOUS_QTY_OR_AMOUNT,2026-07-24,Основной склад,FABRIC_MOVEMENT_H4,FILE-097,r7234
MAT-fafaa30dc081c726,MAT-fafaa30dc081c726,"Шелк, бежевый в горох 17-007",17-007,8750.0,4600.0,4150.0,AMBIGUOUS_QTY_OR_AMOUNT,2026-07-24,Основной склад,FABRIC_MOVEMENT_H4,FILE-097,r7242
MAT-4358226827b92d23,MAT-4358226827b92d23,"Шелк, белый 16-001",16-001,655343.7,522370.32,132973.38,AMBIGUOUS_QTY_OR_AMOUNT,2026-07-24,Основной склад,FABRIC_MOVEMENT_H4,FILE-097,r7250
MAT-1473211547f3c32c,MAT-1473211547f3c32c,"Шелк, белый 16-042",16-042,93000.0,93000.0,,AMBIGUOUS_QTY_OR_AMOUNT,2026-07-24,Основной склад,FABRIC_MOVEMENT_H4,FILE-097,r7328
MAT-5b6c38bd7d565442,MAT-5b6c38bd7d565442,"Шелк, белый в крупный горох 17-002",17-002,10600.0,6500.0,4100.0,AMBIGUOUS_QTY_OR_AMOUNT,2026-07-24,Основной склад,FABRIC_MOVEMENT_H4,FILE-097,r7334
MAT-b9cfbed9322e6de8,MAT-b9cfbed9322e6de8,"Шелк, белый с принтом ""черные ласточки"" 17A-054",,80185.0,43500.0,36685.0,AMBIGUOUS_QTY_OR_AMOUNT,2026-07-24,Основной склад,FABRIC_MOVEMENT_H4,FILE-097,r7346
MAT-1e8388a1fdbd1758,MAT-1e8388a1fdbd1758,"Шелк, бирюзовый 16-022",16-022,22000.0,3300.0,18700.0,AMBIGUOUS_QTY_OR_AMOUNT,2026-07-24,Основной склад,FABRIC_MOVEMENT_H4,FILE-097,r7354
MAT-7912a70dd0312086,MAT-7912a70dd0312086,"Шелк, бирюзовый 16-041",16-041,73920.0,3520.0,70400.0,AMBIGUOUS_QTY_OR_AMOUNT,2026-07-24,Основной склад,FABRIC_MOVEMENT_H4,FILE-097,r7360
MAT-a3779f3281716ba6,MAT-a3779f3281716ba6,"Шелк, бордовый 16-045",16-045,122960.0,74240.0,48720.0,AMBIGUOUS_QTY_OR_AMOUNT,2026-07-24,Основной склад,FABRIC_MOVEMENT_H4,FILE-097,r7366
MAT-4dfc5adb1771837d,MAT-4dfc5adb1771837d,"Шелк, голубой 16-017",16-017,151001.54,15000.0,136001.54,AMBIGUOUS_QTY_OR_AMOUNT,2026-07-24,Основной склад,FABRIC_MOVEMENT_H4,FILE-097,r7376
MAT-839f74d6a445ebf6,MAT-839f74d6a445ebf6,"Шелк, голубой 16-018",16-018,98529.12,88891.16,9637.96,AMBIGUOUS_QTY_OR_AMOUNT,2026-07-24,Основной склад,FABRIC_MOVEMENT_H4,FILE-097,r7394
MAT-d6d20a162c5adaac,MAT-d6d20a162c5adaac,"Шелк, голубой 16-019",16-019,65550.0,42750.0,22800.0,AMBIGUOUS_QTY_OR_AMOUNT,2026-07-24,Основной склад,FABRIC_MOVEMENT_H4,FILE-097,r7422
MAT-4b150188509c3755,MAT-4b150188509c3755,"Шелк, желтый 16-029",16-029,53550.0,27600.0,25950.0,AMBIGUOUS_QTY_OR_AMOUNT,2026-07-24,Основной склад,FABRIC_MOVEMENT_H4,FILE-097,r7436
MAT-5ac19aa1aa3b336b,MAT-5ac19aa1aa3b336b,"Шелк, желтый 16-030",16-030,118800.0,12900.0,105900.0,AMBIGUOUS_QTY_OR_AMOUNT,2026-07-24,Основной склад,FABRIC_MOVEMENT_H4,FILE-097,r7450
MAT-83a8aed839bf476a,MAT-83a8aed839bf476a,"Шелк, жемчужный 16-002",16-002,19800.0,19800.0,,AMBIGUOUS_QTY_OR_AMOUNT,2026-07-24,Основной склад,FABRIC_MOVEMENT_H4,FILE-097,r7460
MAT-5f56c483e3a51940,MAT-5f56c483e3a51940,"Шелк, жемчужный 16-048",16-048,136735.0,10077.5,126657.5,AMBIGUOUS_QTY_OR_AMOUNT,2026-07-24,Основной склад,FABRIC_MOVEMENT_H4,FILE-097,r7466
MAT-7beaf135452cc128,MAT-7beaf135452cc128,"Шелк, зеленый 16-033",16-033,6000.0,6000.0,,AMBIGUOUS_QTY_OR_AMOUNT,2026-07-24,Основной склад,FABRIC_MOVEMENT_H4,FILE-097,r7482
MAT-2a01504806f2f93b,MAT-2a01504806f2f93b,"Шелк, зеленый 16-035",16-035,150846.57,85370.83,65475.74,AMBIGUOUS_QTY_OR_AMOUNT,2026-07-24,Основной склад,FABRIC_MOVEMENT_H4,FILE-097,r7488
MAT-90774d11924a7570,MAT-90774d11924a7570,"Шелк, зеленый 16-052",16-052,37376.0,,37376.0,AMBIGUOUS_QTY_OR_AMOUNT,2026-07-24,Основной склад,FABRIC_MOVEMENT_H4,FILE-097,r7512
MAT-32f6d769720e1ec1,MAT-32f6d769720e1ec1,"Шелк, золотой 16-009",16-009,48900.0,37650.0,11250.0,AMBIGUOUS_QTY_OR_AMOUNT,2026-07-24,Основной склад,FABRIC_MOVEMENT_H4,FILE-097,r7516
MAT-252d9889e8220720,MAT-252d9889e8220720,"Шелк, кирпичный 16-027",16-027,54780.0,30800.0,23980.0,AMBIGUOUS_QTY_OR_AMOUNT,2026-07-24,Основной склад,FABRIC_MOVEMENT_H4,FILE-097,r7530
MAT-14d657f38809d0d4,MAT-14d657f38809d0d4,"Шелк, красный 16-037",16-037,149850.0,80250.0,69600.0,AMBIGUOUS_QTY_OR_AMOUNT,2026-07-24,Основной склад,FABRIC_MOVEMENT_H4,FILE-097,r7538
MAT-161e93b364bc134c,MAT-161e93b364bc134c,"Шелк, красный, без стрейча 16-040",16-040,69300.0,20325.0,48975.0,AMBIGUOUS_QTY_OR_AMOUNT,2026-07-24,Основной склад,FABRIC_MOVEMENT_H4,FILE-097,r7568
MAT-7887b5c4ed68cad8,MAT-7887b5c4ed68cad8,"Шелк, мелкие цветные листочки 17-008",17-008,19050.0,11100.0,7950.0,AMBIGUOUS_QTY_OR_AMOUNT,2026-07-24,Основной склад,FABRIC_MOVEMENT_H4,FILE-097,r7582
MAT-fab1e8922c2fe9a1,MAT-fab1e8922c2fe9a1,"Шелк, мятный 16-016",16-016,112425.0,92025.0,20400.0,AMBIGUOUS_QTY_OR_AMOUNT,2026-07-24,Основной склад,FABRIC_MOVEMENT_H4,FILE-097,r7592
MAT-e06cd5600f100fdc,MAT-e06cd5600f100fdc,"Шелк, оранжевый 16-028",16-028,15750.0,,15750.0,AMBIGUOUS_QTY_OR_AMOUNT,2026-07-24,Основной склад,FABRIC_MOVEMENT_H4,FILE-097,r7606
MAT-21f2609fc7b78b8d,MAT-21f2609fc7b78b8d,"Шелк, принт овощи, 17А-062",,172050.0,69750.0,102300.0,AMBIGUOUS_QTY_OR_AMOUNT,2026-07-24,Основной склад,FABRIC_MOVEMENT_H4,FILE-097,r7610
MAT-495fc224dfeea272,MAT-495fc224dfeea272,"Шелк, принт папайя, 17А-061",,362100.0,114991.22,247108.78,AMBIGUOUS_QTY_OR_AMOUNT,2026-07-24,Основной склад,FABRIC_MOVEMENT_H4,FILE-097,r7616
MAT-37f72449062bbf2b,MAT-37f72449062bbf2b,"Шелк, пуччи ленты 17-011",17-011,14760.0,,14760.0,AMBIGUOUS_QTY_OR_AMOUNT,2026-07-24,Основной склад,FABRIC_MOVEMENT_H4,FILE-097,r7626
MAT-81b486dec53d3870,MAT-81b486dec53d3870,"Шелк, пуччи петля 17-010",17-010,20400.0,,20400.0,AMBIGUOUS_QTY_OR_AMOUNT,2026-07-24,Основной склад,FABRIC_MOVEMENT_H4,FILE-097,r7630
MAT-00a965d872faeab9,MAT-00a965d872faeab9,"Шелк, розовый 16-023",16-023,307673.94,181744.56,125929.38,AMBIGUOUS_QTY_OR_AMOUNT,2026-07-24,Основной склад,FABRIC_MOVEMENT_H4,FILE-097,r7634
MAT-3d7365b921e50f6c,MAT-3d7365b921e50f6c,"Шелк, светло-серый 16-003",16-003,67000.0,40600.0,26400.0,AMBIGUOUS_QTY_OR_AMOUNT,2026-07-24,Основной склад,FABRIC_MOVEMENT_H4,FILE-097,r7678
MAT-266c1002bb179dbc,MAT-266c1002bb179dbc,"Шелк, светло-серый 16-004",16-004,143900.0,108600.0,35300.0,AMBIGUOUS_QTY_OR_AMOUNT,2026-07-24,Основной склад,FABRIC_MOVEMENT_H4,FILE-097,r7690
MAT-ba35c441804acc00,MAT-ba35c441804acc00,"Шелк, серый 16-005",16-005,35700.0,35700.0,,AMBIGUOUS_QTY_OR_AMOUNT,2026-07-24,Основной склад,FABRIC_MOVEMENT_H4,FILE-097,r7714
MAT-d8f96ab7d14ca147,MAT-d8f96ab7d14ca147,"Шелк, серый 16-006",16-006,112350.0,78300.0,34050.0,AMBIGUOUS_QTY_OR_AMOUNT,2026-07-24,Основной склад,FABRIC_MOVEMENT_H4,FILE-097,r7730
MAT-5871dfcb0696ce78,MAT-5871dfcb0696ce78,"Шелк, серый 16-007",16-007,4840.0,4840.0,,AMBIGUOUS_QTY_OR_AMOUNT,2026-07-24,Основной склад,FABRIC_MOVEMENT_H4,FILE-097,r7748
MAT-de81480f600972e2,MAT-de81480f600972e2,"Шелк, синий 16-020",16-020,55550.0,55550.0,,AMBIGUOUS_QTY_OR_AMOUNT,2026-07-24,Основной склад,FABRIC_MOVEMENT_H4,FILE-097,r7754
MAT-ef1134a79ab78fb5,MAT-ef1134a79ab78fb5,"Шелк, синий 16-039",16-039,309754.68,151425.0,158329.68,AMBIGUOUS_QTY_OR_AMOUNT,2026-07-24,Основной склад,FABRIC_MOVEMENT_H4,FILE-097,r7776
MAT-9ae2047fdc90c437,MAT-9ae2047fdc90c437,"Шелк, синий 16-050",16-050,144720.0,36480.0,108240.0,AMBIGUOUS_QTY_OR_AMOUNT,2026-07-24,Основной склад,FABRIC_MOVEMENT_H4,FILE-097,r7806
MAT-8dd0946db10f8b9d,MAT-8dd0946db10f8b9d,"Шелк, синий 16-051",16-051,36624.0,,36624.0,AMBIGUOUS_QTY_OR_AMOUNT,2026-07-24,Основной склад,FABRIC_MOVEMENT_H4,FILE-097,r7838
MAT-bdec8c6982fba20e,MAT-bdec8c6982fba20e,"Шелк, телесный 16-008",16-008,68150.0,7032.5,61117.5,AMBIGUOUS_QTY_OR_AMOUNT,2026-07-24,Основной склад,FABRIC_MOVEMENT_H4,FILE-097,r7842
MAT-b795c20bf966248e,MAT-b795c20bf966248e,"Шелк, телесный 16-010",16-010,26700.0,26700.0,,AMBIGUOUS_QTY_OR_AMOUNT,2026-07-24,Основной склад,FABRIC_MOVEMENT_H4,FILE-097,r7850
MAT-bd836ab8c618fdf1,MAT-bd836ab8c618fdf1,"Шелк, телесный 16-011",16-011,24278.0,13505.0,10773.0,AMBIGUOUS_QTY_OR_AMOUNT,2026-07-24,Основной склад,FABRIC_MOVEMENT_H4,FILE-097,r7864
MAT-075c636ee3c13744,MAT-075c636ee3c13744,"Шелк, темно-синий 16-021",16-021,68880.0,63440.0,5440.0,AMBIGUOUS_QTY_OR_AMOUNT,2026-07-24,Основной склад,FABRIC_MOVEMENT_H4,FILE-097,r7880
MAT-1b97173b752f3c99,MAT-1b97173b752f3c99,"Шелк, темно-телесный 16-012",16-012,11925.0,11925.0,,AMBIGUOUS_QTY_OR_AMOUNT,2026-07-24,Основной склад,FABRIC_MOVEMENT_H4,FILE-097,r7902
MAT-092475fd8d6b4974,MAT-092475fd8d6b4974,"Шелк, темный графит 16-049",16-049,94605.0,94605.0,,AMBIGUOUS_QTY_OR_AMOUNT,2026-07-24,Основной склад,FABRIC_MOVEMENT_H4,FILE-097,r7910
MAT-b175071fcddc2f33,MAT-b175071fcddc2f33,"Шелк, фиолетовый 16-032",16-032,134123.42,,134123.42,AMBIGUOUS_QTY_OR_AMOUNT,2026-07-24,Основной склад,FABRIC_MOVEMENT_H4,FILE-097,r7916
MAT-de89a0afaea4c5f1,MAT-de89a0afaea4c5f1,"Шелк, фиолетовый 16-036",16-036,40650.0,40650.0,,AMBIGUOUS_QTY_OR_AMOUNT,2026-07-24,Основной склад,FABRIC_MOVEMENT_H4,FILE-097,r7920
MAT-564838065e456009,MAT-564838065e456009,"Шелк, фуксия 16-024",16-024,86425.0,23865.0,62560.0,AMBIGUOUS_QTY_OR_AMOUNT,2026-07-24,Основной склад,FABRIC_MOVEMENT_H4,FILE-097,r7944
MAT-126048beb659c293,MAT-126048beb659c293,"Шелк, фуксия 16-026",16-026,95550.0,76125.0,19425.0,AMBIGUOUS_QTY_OR_AMOUNT,2026-07-24,Основной склад,FABRIC_MOVEMENT_H4,FILE-097,r7964
MAT-dcd9433abe7fb66e,MAT-dcd9433abe7fb66e,"Шелк, цикламеновый 16-025",16-025,22000.0,,22000.0,AMBIGUOUS_QTY_OR_AMOUNT,2026-07-24,Основной склад,FABRIC_MOVEMENT_H4,FILE-097,r8002
MAT-ae35af4ccdb94fd3,MAT-ae35af4ccdb94fd3,"Шелк, черный 16-038",16-038,1157948.23,895952.92,261995.31,AMBIGUOUS_QTY_OR_AMOUNT,2026-07-24,Основной склад,FABRIC_MOVEMENT_H4,FILE-097,r8006
MAT-dab8021b98a58da9,MAT-dab8021b98a58da9,"Шелк, черный без стрейча 16-046",16-046,175800.0,175800.0,,AMBIGUOUS_QTY_OR_AMOUNT,2026-07-24,Основной склад,FABRIC_MOVEMENT_H4,FILE-097,r8184
MAT-c254d0ad99ed2782,MAT-c254d0ad99ed2782,"Шелк, черный в крупный горох 17-001",17-001,29800.0,12400.0,17400.0,AMBIGUOUS_QTY_OR_AMOUNT,2026-07-24,Основной склад,FABRIC_MOVEMENT_H4,FILE-097,r8206
MAT-f88c4057d93a7f64,MAT-f88c4057d93a7f64,"Шелк, черный с принтом ""белая Y"" 17А-008",,286179.5,160693.86,125485.64,AMBIGUOUS_QTY_OR_AMOUNT,2026-07-24,Основной склад,FABRIC_MOVEMENT_H4,FILE-097,r8224
MAT-b5efaeac4ad03729,MAT-b5efaeac4ad03729,"Шелк, черный с принтом ""белые ласточки"" 17A-053",,269418.09,230168.7,39249.39,AMBIGUOUS_QTY_OR_AMOUNT,2026-07-24,Основной склад,FABRIC_MOVEMENT_H4,FILE-097,r8262
MAT-20bc3e7978efe986,MAT-20bc3e7978efe986,"Шелк, черный, белые листья  17А-001",,14500.0,14500.0,,AMBIGUOUS_QTY_OR_AMOUNT,2026-07-24,Основной склад,FABRIC_MOVEMENT_H4,FILE-097,r8278
MAT-27f4c9be460fb7f9,MAT-27f4c9be460fb7f9,"Шелк, ярко-зеленый 16-034",16-034,31500.0,31500.0,,AMBIGUOUS_QTY_OR_AMOUNT,2026-07-24,Основной склад,FABRIC_MOVEMENT_H4,FILE-097,r8284
MAT-b5523433ac11c748,MAT-b5523433ac11c748,Шелка кайма белый-розовый-белый 17A-042,,10695.0,,10695.0,AMBIGUOUS_QTY_OR_AMOUNT,2026-07-24,Основной склад,FABRIC_MOVEMENT_H4,FILE-097,r8294
MAT-57c021d90a9796e7,MAT-57c021d90a9796e7,"Шерсть пальтовая, бежевый 9-009",,30450.0,12000.0,18450.0,AMBIGUOUS_QTY_OR_AMOUNT,2026-07-24,Основной склад,FABRIC_MOVEMENT_H4,FILE-097,r8298
MAT-a8dfb5d1454761df,MAT-a8dfb5d1454761df,"Шерсть пальтовая, бежевый 9-014",,10200.0,,10200.0,AMBIGUOUS_QTY_OR_AMOUNT,2026-07-24,Основной склад,FABRIC_MOVEMENT_H4,FILE-097,r8304
MAT-2d75712c0762c0af,MAT-2d75712c0762c0af,"Шерсть пальтовая, бежевый 9-025",,10500.0,,10500.0,AMBIGUOUS_QTY_OR_AMOUNT,2026-07-24,Основной склад,FABRIC_MOVEMENT_H4,FILE-097,r8308
MAT-580af9e1ea87a36d,MAT-580af9e1ea87a36d,"Шерсть пальтовая, бордовая 9-023",,30600.0,19500.0,11100.0,AMBIGUOUS_QTY_OR_AMOUNT,2026-07-24,Основной склад,FABRIC_MOVEMENT_H4,FILE-097,r8312
MAT-2b19789d2e8ab7bd,MAT-2b19789d2e8ab7bd,"Шерсть пальтовая, графит 9-004",,13200.0,13200.0,,AMBIGUOUS_QTY_OR_AMOUNT,2026-07-24,Основной склад,FABRIC_MOVEMENT_H4,FILE-097,r8320
MAT-c7efdf60ad0643fe,MAT-c7efdf60ad0643fe,"Шерсть пальтовая, зеленый 9-022",,28800.0,19500.0,9300.0,AMBIGUOUS_QTY_OR_AMOUNT,2026-07-24,Основной склад,FABRIC_MOVEMENT_H4,FILE-097,r8328
MAT-4fb23a5146957b64,MAT-4fb23a5146957b64,"Шерсть пальтовая, искуственная черная 9-033",,4387.5,4387.5,,AMBIGUOUS_QTY_OR_AMOUNT,2026-07-24,Основной склад,FABRIC_MOVEMENT_H4,FILE-097,r8338
MAT-162e7afdb1fec857,MAT-162e7afdb1fec857,"Шерсть пальтовая, коричневый 9-003",,27600.0,12000.0,15600.0,AMBIGUOUS_QTY_OR_AMOUNT,2026-07-24,Основной склад,FABRIC_MOVEMENT_H4,FILE-097,r8344
MAT-e6b7d651ae24de94,MAT-e6b7d651ae24de94,"Шерсть пальтовая, красный 9-015",,11400.0,,11400.0,AMBIGUOUS_QTY_OR_AMOUNT,2026-07-24,Основной склад,FABRIC_MOVEMENT_H4,FILE-097,r8350
MAT-e948f02ddd1a8463,MAT-e948f02ddd1a8463,"Шерсть пальтовая, красный 9-017",,57000.0,7200.0,49800.0,AMBIGUOUS_QTY_OR_AMOUNT,2026-07-24,Основной склад,FABRIC_MOVEMENT_H4,FILE-097,r8354
MAT-f13f70a681a25ee4,MAT-f13f70a681a25ee4,"Шерсть пальтовая, розовый 9-032",,14000.0,3850.0,10150.0,AMBIGUOUS_QTY_OR_AMOUNT,2026-07-24,Основной склад,FABRIC_MOVEMENT_H4,FILE-097,r8360
MAT-81672a4282fce6d9,MAT-81672a4282fce6d9,"Шерсть пальтовая, розовый 9-О-001",,4500.0,,4500.0,AMBIGUOUS_QTY_OR_AMOUNT,2026-07-24,Основной склад,FABRIC_MOVEMENT_H4,FILE-097,r8368
MAT-f821994655325583,MAT-f821994655325583,"Шерсть пальтовая, светло-бежевый 9-012",,66900.0,16200.0,50700.0,AMBIGUOUS_QTY_OR_AMOUNT,2026-07-24,Основной склад,FABRIC_MOVEMENT_H4,FILE-097,r8372
MAT-3d3b89abc063b290,MAT-3d3b89abc063b290,"Шерсть пальтовая, серый  9-030",,62408.0,62408.0,,AMBIGUOUS_QTY_OR_AMOUNT,2026-07-24,Основной склад,FABRIC_MOVEMENT_H4,FILE-097,r8380
MAT-23ca66d26ce9e591,MAT-23ca66d26ce9e591,"Шерсть пальтовая, серый 9-026",,428541.53,323499.38,105042.15,AMBIGUOUS_QTY_OR_AMOUNT,2026-07-24,Основной склад,FABRIC_MOVEMENT_H4,FILE-097,r8404
MAT-fe82e87af5bc2392,MAT-fe82e87af5bc2392,"Шерсть пальтовая, серый 9-О-005",,9000.0,,9000.0,AMBIGUOUS_QTY_OR_AMOUNT,2026-07-24,Основной склад,FABRIC_MOVEMENT_H4,FILE-097,r8422
MAT-0c7efba216ba5aa1,MAT-0c7efba216ba5aa1,"Шерсть пальтовая, серый 9-О-006",,8100.0,,8100.0,AMBIGUOUS_QTY_OR_AMOUNT,2026-07-24,Основной склад,FABRIC_MOVEMENT_H4,FILE-097,r8426
MAT-ba35e5259e29c6cd,MAT-ba35e5259e29c6cd,"Шерсть пальтовая, серый в крапинку 9-013",,48000.0,,48000.0,AMBIGUOUS_QTY_OR_AMOUNT,2026-07-24,Основной склад,FABRIC_MOVEMENT_H4,FILE-097,r8430
MAT-3610237a33766189,MAT-3610237a33766189,"Шерсть пальтовая, серый в полоску 9-024",,9750.0,9750.0,,AMBIGUOUS_QTY_OR_AMOUNT,2026-07-24,Основной склад,FABRIC_MOVEMENT_H4,FILE-097,r8434
MAT-134a19c9777e4954,MAT-134a19c9777e4954,"Шерсть пальтовая, серый ёлочка 9-027",,172174.8,72380.28,99794.52,AMBIGUOUS_QTY_OR_AMOUNT,2026-07-24,Основной склад,FABRIC_MOVEMENT_H4,FILE-097,r8440
MAT-84b843f6ae728044,MAT-84b843f6ae728044,"Шерсть пальтовая, синий 9-007",,10200.0,,10200.0,AMBIGUOUS_QTY_OR_AMOUNT,2026-07-24,Основной склад,FABRIC_MOVEMENT_H4,FILE-097,r8458
MAT-d985f4a494e670c7,MAT-d985f4a494e670c7,"Шерсть пальтовая, синий 9-031",,29640.1,17355.8,12284.3,AMBIGUOUS_QTY_OR_AMOUNT,2026-07-24,Основной склад,FABRIC_MOVEMENT_H4,FILE-097,r8462
MAT-8b45d4ef7a036527,MAT-8b45d4ef7a036527,"Шерсть пальтовая, синий 9-О-002",,7650.0,,7650.0,AMBIGUOUS_QTY_OR_AMOUNT,2026-07-24,Основной склад,FABRIC_MOVEMENT_H4,FILE-097,r8476
MAT-0451de86668404f4,MAT-0451de86668404f4,"Шерсть пальтовая, темно-бежевый 9-008",,19800.0,19800.0,,AMBIGUOUS_QTY_OR_AMOUNT,2026-07-24,Основной склад,FABRIC_MOVEMENT_H4,FILE-097,r8480
MAT-f342772b13fd7559,MAT-f342772b13fd7559,"Шерсть пальтовая, темно-серый 9-002",,15300.0,,15300.0,AMBIGUOUS_QTY_OR_AMOUNT,2026-07-24,Основной склад,FABRIC_MOVEMENT_H4,FILE-097,r8488
MAT-2935cc16800ed318,MAT-2935cc16800ed318,"Шерсть пальтовая, темно-синий 9-005",,29100.0,,29100.0,AMBIGUOUS_QTY_OR_AMOUNT,2026-07-24,Основной склад,FABRIC_MOVEMENT_H4,FILE-097,r8492
MAT-a1b2770ad60cd650,MAT-a1b2770ad60cd650,"Шерсть пальтовая, темно-синий 9-020",,15600.0,15600.0,,AMBIGUOUS_QTY_OR_AMOUNT,2026-07-24,Основной склад,FABRIC_MOVEMENT_H4,FILE-097,r8496
MAT-b2b8e997b7b11182,MAT-b2b8e997b7b11182,"Шерсть пальтовая, темно-синий 9-021",,9000.0,9000.0,,AMBIGUOUS_QTY_OR_AMOUNT,2026-07-24,Основной склад,FABRIC_MOVEMENT_H4,FILE-097,r8502
MAT-4e0c823417e7c9f6,MAT-4e0c823417e7c9f6,"Шерсть пальтовая, фиолетовый 9-018",,41100.0,,41100.0,AMBIGUOUS_QTY_OR_AMOUNT,2026-07-24,Основной склад,FABRIC_MOVEMENT_H4,FILE-097,r8508
MAT-50fad5f7eacef366,MAT-50fad5f7eacef366,"Шерсть пальтовая, фуксия 9-016",,19500.0,7200.0,12300.0,AMBIGUOUS_QTY_OR_AMOUNT,2026-07-24,Основной склад,FABRIC_MOVEMENT_H4,FILE-097,r8512
MAT-55b9d62f16127205,MAT-55b9d62f16127205,"Шерсть пальтовая, черный 9-001",,63000.0,63000.0,,AMBIGUOUS_QTY_OR_AMOUNT,2026-07-24,Основной склад,FABRIC_MOVEMENT_H4,FILE-097,r8518
MAT-8639fd56b6bef13c,MAT-8639fd56b6bef13c,"Шерсть пальтовая, черный 9-028",,472138.67,438316.33,33822.34,AMBIGUOUS_QTY_OR_AMOUNT,2026-07-24,Основной склад,FABRIC_MOVEMENT_H4,FILE-097,r8528
MAT-da292926b5630926,MAT-da292926b5630926,"Шерсть пальтовая, черный 9-029",,64844.0,58000.0,6844.0,AMBIGUOUS_QTY_OR_AMOUNT,2026-07-24,Основной склад,FABRIC_MOVEMENT_H4,FILE-097,r8560
MAT-705a1de2e00c0820,MAT-705a1de2e00c0820,"Шерсть пальтовая, черный барашек 9-019",,19500.0,,19500.0,AMBIGUOUS_QTY_OR_AMOUNT,2026-07-24,Основной склад,FABRIC_MOVEMENT_H4,FILE-097,r8594
MAT-2fecdb58eb2c2baa,MAT-2fecdb58eb2c2baa,"Шерсть пальтовая, ярко-синий 9-006",,27900.0,27900.0,,AMBIGUOUS_QTY_OR_AMOUNT,2026-07-24,Основной склад,FABRIC_MOVEMENT_H4,FILE-097,r8598
MAT-cad2ec8df2022106,MAT-cad2ec8df2022106,"Шерсть плотная, коричневая 8-017",,8800.0,,8800.0,AMBIGUOUS_QTY_OR_AMOUNT,2026-07-24,Основной склад,FABRIC_MOVEMENT_H4,FILE-097,r8608
MAT-230f7f95097d37ba,MAT-230f7f95097d37ba,"Шерсть плотная, синий 8-018",,21000.0,,21000.0,AMBIGUOUS_QTY_OR_AMOUNT,2026-07-24,Основной склад,FABRIC_MOVEMENT_H4,FILE-097,r8612
MAT-ac2c0ba5910fb43e,MAT-ac2c0ba5910fb43e,"Шерсть тонкая, бежевый 8-070",,26900.0,,26900.0,AMBIGUOUS_QTY_OR_AMOUNT,2026-07-24,Основной склад,FABRIC_MOVEMENT_H4,FILE-097,r8616
MAT-16411e388a663bca,MAT-16411e388a663bca,"Шерсть тонкая, серый 8-065",,8600.0,,8600.0,AMBIGUOUS_QTY_OR_AMOUNT,2026-07-24,Основной склад,FABRIC_MOVEMENT_H4,FILE-097,r8620
MAT-4384099e37e1b233,MAT-4384099e37e1b233,"Шерсть тонкая, серый 8-066",,19800.0,1000.0,18800.0,AMBIGUOUS_QTY_OR_AMOUNT,2026-07-24,Основной склад,FABRIC_MOVEMENT_H4,FILE-097,r8624
MAT-6d940cdad1b09681,MAT-6d940cdad1b09681,"Шерсть тонкая, темно-серый 8-064",,8800.0,,8800.0,AMBIGUOUS_QTY_OR_AMOUNT,2026-07-24,Основной склад,FABRIC_MOVEMENT_H4,FILE-097,r8630
MAT-4ef047934770c5e5,MAT-4ef047934770c5e5,"Шерсть тонкая, темный хаки 8-068",,28200.0,,28200.0,AMBIGUOUS_QTY_OR_AMOUNT,2026-07-24,Основной склад,FABRIC_MOVEMENT_H4,FILE-097,r8634
MAT-5f47c91aad655fd8,MAT-5f47c91aad655fd8,"Шерсть тонкая, хаки 8-069",,23100.0,,23100.0,AMBIGUOUS_QTY_OR_AMOUNT,2026-07-24,Основной склад,FABRIC_MOVEMENT_H4,FILE-097,r8638
MAT-547b8e11fe91cb5f,MAT-547b8e11fe91cb5f,"Шерсть-версаче, черный 8-055",,50500.0,18250.0,32250.0,AMBIGUOUS_QTY_OR_AMOUNT,2026-07-24,Основной склад,FABRIC_MOVEMENT_H4,FILE-097,r8642
MAT-bee10f3fca25fee8,MAT-bee10f3fca25fee8,"Шерсть-кучерелли, голубой 8-058",,120000.0,750.0,119250.0,AMBIGUOUS_QTY_OR_AMOUNT,2026-07-24,Основной склад,FABRIC_MOVEMENT_H4,FILE-097,r8652
MAT-f23d9aca1b9d03ab,MAT-f23d9aca1b9d03ab,"Шерсть-кучерелли, коралловый 8-061",,28750.0,,28750.0,AMBIGUOUS_QTY_OR_AMOUNT,2026-07-24,Основной склад,FABRIC_MOVEMENT_H4,FILE-097,r8658
MAT-90cfb00c0eab878f,MAT-90cfb00c0eab878f,"Шерсть-кучерелли, коричневый 8-051",,22750.0,,22750.0,AMBIGUOUS_QTY_OR_AMOUNT,2026-07-24,Основной склад,FABRIC_MOVEMENT_H4,FILE-097,r8662
MAT-183c9cec5baf04f6,MAT-183c9cec5baf04f6,"Шерсть-кучерелли, коричневый 8-052",,25250.0,,25250.0,AMBIGUOUS_QTY_OR_AMOUNT,2026-07-24,Основной склад,FABRIC_MOVEMENT_H4,FILE-097,r8666
MAT-30e7037ba6726b33,MAT-30e7037ba6726b33,"Шерсть-кучерелли, красный 8-060",,40500.0,,40500.0,AMBIGUOUS_QTY_OR_AMOUNT,2026-07-24,Основной склад,FABRIC_MOVEMENT_H4,FILE-097,r8670
MAT-b662fc9a02c49419,MAT-b662fc9a02c49419,"Шерсть-кучерелли, морская волна 8-057",,23750.0,,23750.0,AMBIGUOUS_QTY_OR_AMOUNT,2026-07-24,Основной склад,FABRIC_MOVEMENT_H4,FILE-097,r8674
MAT-bbb0bd50d68de060,MAT-bbb0bd50d68de060,"Шерсть-кучерелли, розовый 8-053",,30000.0,5000.0,25000.0,AMBIGUOUS_QTY_OR_AMOUNT,2026-07-24,Основной склад,FABRIC_MOVEMENT_H4,FILE-097,r8678
MAT-ab1e459f2458931f,MAT-ab1e459f2458931f,"Шерсть-кучерелли, розовый 8-054",,28750.0,,28750.0,AMBIGUOUS_QTY_OR_AMOUNT,2026-07-24,Основной склад,FABRIC_MOVEMENT_H4,FILE-097,r8684
MAT-b95221516d519aac,MAT-b95221516d519aac,"Шерсть-кучерелли, серый (грибной) 8-059",,23750.0,,23750.0,AMBIGUOUS_QTY_OR_AMOUNT,2026-07-24,Основной склад,FABRIC_MOVEMENT_H4,FILE-097,r8688
MAT-7115108ab5435727,MAT-7115108ab5435727,"Шерсть-кучерелли, черный 8-056",,212160.0,165760.0,46400.0,AMBIGUOUS_QTY_OR_AMOUNT,2026-07-24,Основной склад,FABRIC_MOVEMENT_H4,FILE-097,r8692
MAT-bc0d9e0ae308ea60,MAT-bc0d9e0ae308ea60,"Шерсть-шанель, коричневый 8-026",,42200.0,25000.0,17200.0,AMBIGUOUS_QTY_OR_AMOUNT,2026-07-24,Основной склад,FABRIC_MOVEMENT_H4,FILE-097,r8716
MAT-2f7655bc6ba7891e,MAT-2f7655bc6ba7891e,"Шерсть-шанель, красный 8-024",,16200.0,,16200.0,AMBIGUOUS_QTY_OR_AMOUNT,2026-07-24,Основной склад,FABRIC_MOVEMENT_H4,FILE-097,r8724
MAT-357d503ba71ca24d,MAT-357d503ba71ca24d,"Шерсть, бежевая с блеском 8-015",,11800.0,,11800.0,AMBIGUOUS_QTY_OR_AMOUNT,2026-07-24,Основной склад,FABRIC_MOVEMENT_H4,FILE-097,r8728
MAT-8b29791bd1c0641a,MAT-8b29791bd1c0641a,"Шерсть, бежевый 8-040",,6900.0,,6900.0,AMBIGUOUS_QTY_OR_AMOUNT,2026-07-24,Основной склад,FABRIC_MOVEMENT_H4,FILE-097,r8732
MAT-fa1919b1ea9efa97,MAT-fa1919b1ea9efa97,"Шерсть, бежевый 8-041",,13200.0,,13200.0,AMBIGUOUS_QTY_OR_AMOUNT,2026-07-24,Основной склад,FABRIC_MOVEMENT_H4,FILE-097,r8736
MAT-852dac6de016a239,MAT-852dac6de016a239,"Шерсть, в клетку 8-004",,9000.0,,9000.0,AMBIGUOUS_QTY_OR_AMOUNT,2026-07-24,Основной склад,FABRIC_MOVEMENT_H4,FILE-097,r8740
MAT-aebb7fb4fbc5e8f4,MAT-aebb7fb4fbc5e8f4,"Шерсть, в полоску 8-006",,13200.0,13200.0,,AMBIGUOUS_QTY_OR_AMOUNT,2026-07-24,Основной склад,FABRIC_MOVEMENT_H4,FILE-097,r8744
MAT-aac70ced7fb869d9,MAT-aac70ced7fb869d9,"Шерсть, голубой 8-001",,19400.0,,19400.0,AMBIGUOUS_QTY_OR_AMOUNT,2026-07-24,Основной склад,FABRIC_MOVEMENT_H4,FILE-097,r8752
MAT-2b7725f7248dfcc5,MAT-2b7725f7248dfcc5,"Шерсть, голубой в крапинку 8-O-006",,4200.0,,4200.0,AMBIGUOUS_QTY_OR_AMOUNT,2026-07-24,Основной склад,FABRIC_MOVEMENT_H4,FILE-097,r8756
MAT-c463c1bd75e50485,MAT-c463c1bd75e50485,"Шерсть, зеленый 8-002",,14600.0,,14600.0,AMBIGUOUS_QTY_OR_AMOUNT,2026-07-24,Основной склад,FABRIC_MOVEMENT_H4,FILE-097,r8760
MAT-fe79bc92bd03dec9,MAT-fe79bc92bd03dec9,"Шерсть, зеленый 8-O-008",,6000.0,,6000.0,AMBIGUOUS_QTY_OR_AMOUNT,2026-07-24,Основной склад,FABRIC_MOVEMENT_H4,FILE-097,r8764
MAT-af258693ff4dd0a9,MAT-af258693ff4dd0a9,"Шерсть, коричневый 8-003",,11400.0,,11400.0,AMBIGUOUS_QTY_OR_AMOUNT,2026-07-24,Основной склад,FABRIC_MOVEMENT_H4,FILE-097,r8768
MAT-eddac22255daec9b,MAT-eddac22255daec9b,"Шерсть, коричневый 8-019",,18000.0,,18000.0,AMBIGUOUS_QTY_OR_AMOUNT,2026-07-24,Основной склад,FABRIC_MOVEMENT_H4,FILE-097,r8772
MAT-434391056237e934,MAT-434391056237e934,"Шерсть, коричневый в полоску 8-009",,9800.0,,9800.0,AMBIGUOUS_QTY_OR_AMOUNT,2026-07-24,Основной склад,FABRIC_MOVEMENT_H4,FILE-097,r8776
MAT-1fd15f8be9d798ef,MAT-1fd15f8be9d798ef,"Шерсть, коричневый в полоску 8-010",,8200.0,,8200.0,AMBIGUOUS_QTY_OR_AMOUNT,2026-07-24,Основной склад,FABRIC_MOVEMENT_H4,FILE-097,r8780
MAT-a81d0e22f8f28cf1,MAT-a81d0e22f8f28cf1,"Шерсть, коричневый с люрексом 8-045",,10600.0,,10600.0,AMBIGUOUS_QTY_OR_AMOUNT,2026-07-24,Основной склад,FABRIC_MOVEMENT_H4,FILE-097,r8784
MAT-2127f6aa76ec4c0d,MAT-2127f6aa76ec4c0d,"Шерсть, красный 8-020",,12400.0,,12400.0,AMBIGUOUS_QTY_OR_AMOUNT,2026-07-24,Основной склад,FABRIC_MOVEMENT_H4,FILE-097,r8788
MAT-44a9b539c7d0c44f,MAT-44a9b539c7d0c44f,"Шерсть, красный 8-O-002",,5000.0,,5000.0,AMBIGUOUS_QTY_OR_AMOUNT,2026-07-24,Основной склад,FABRIC_MOVEMENT_H4,FILE-097,r8792
MAT-3bb2ebcd1e4afce2,MAT-3bb2ebcd1e4afce2,"Шерсть, красный в крапинку 8-O-007",,2000.0,,2000.0,AMBIGUOUS_QTY_OR_AMOUNT,2026-07-24,Основной склад,FABRIC_MOVEMENT_H4,FILE-097,r8796
MAT-67b6fbb3815e1316,MAT-67b6fbb3815e1316,"Шерсть, молочный 8-037",,11600.0,,11600.0,AMBIGUOUS_QTY_OR_AMOUNT,2026-07-24,Основной склад,FABRIC_MOVEMENT_H4,FILE-097,r8800
MAT-eadca3b0a6facb5b,MAT-eadca3b0a6facb5b,"Шерсть, оранжевый 8-038",,16000.0,,16000.0,AMBIGUOUS_QTY_OR_AMOUNT,2026-07-24,Основной склад,FABRIC_MOVEMENT_H4,FILE-097,r8804
MAT-17bae6cd7f442843,MAT-17bae6cd7f442843,"Шерсть, оранжевый 8-062",,11375.0,,11375.0,AMBIGUOUS_QTY_OR_AMOUNT,2026-07-24,Основной склад,FABRIC_MOVEMENT_H4,FILE-097,r8808
MAT-ea711c0a2694448b,MAT-ea711c0a2694448b,"Шерсть, рогожка белая 8-031",,6000.0,,6000.0,AMBIGUOUS_QTY_OR_AMOUNT,2026-07-24,Основной склад,FABRIC_MOVEMENT_H4,FILE-097,r8812
MAT-b7437c3d0dddfd6d,MAT-b7437c3d0dddfd6d,"Шерсть, серо-бежевый 8-042",,16600.0,6800.0,9800.0,AMBIGUOUS_QTY_OR_AMOUNT,2026-07-24,Основной склад,FABRIC_MOVEMENT_H4,FILE-097,r8816
MAT-9f48c76b55e233ad,MAT-9f48c76b55e233ad,"Шерсть, серый 8-035",,12800.0,,12800.0,AMBIGUOUS_QTY_OR_AMOUNT,2026-07-24,Основной склад,FABRIC_MOVEMENT_H4,FILE-097,r8824
MAT-c32bc6c79d9947be,MAT-c32bc6c79d9947be,"Шерсть, серый 8-O-009",,5200.0,,5200.0,AMBIGUOUS_QTY_OR_AMOUNT,2026-07-24,Основной склад,FABRIC_MOVEMENT_H4,FILE-097,r8828
MAT-e0fd41af0d4ce032,MAT-e0fd41af0d4ce032,"Шерсть, серый 8-O-011",,5200.0,,5200.0,AMBIGUOUS_QTY_OR_AMOUNT,2026-07-24,Основной склад,FABRIC_MOVEMENT_H4,FILE-097,r8832
MAT-593d5e94541404d1,MAT-593d5e94541404d1,"Шерсть, серый в полоску 8-007",,7300.0,7300.0,,AMBIGUOUS_QTY_OR_AMOUNT,2026-07-24,Основной склад,FABRIC_MOVEMENT_H4,FILE-097,r8836
MAT-f8365e977291c04c,MAT-f8365e977291c04c,"Шерсть, серый в полоску 8-013",,10000.0,,10000.0,AMBIGUOUS_QTY_OR_AMOUNT,2026-07-24,Основной склад,FABRIC_MOVEMENT_H4,FILE-097,r8842
MAT-5d34c71bf33013b1,MAT-5d34c71bf33013b1,"Шерсть, серый в полоску 8-O-004",,4000.0,,4000.0,AMBIGUOUS_QTY_OR_AMOUNT,2026-07-24,Основной склад,FABRIC_MOVEMENT_H4,FILE-097,r8846
MAT-3cdc0444817fac15,MAT-3cdc0444817fac15,"Шерсть, серый в полоску с золотым люрексом 8-014",,11520.0,,11520.0,AMBIGUOUS_QTY_OR_AMOUNT,2026-07-24,Основной склад,FABRIC_MOVEMENT_H4,FILE-097,r8850
MAT-26ad2c6907b195fd,MAT-26ad2c6907b195fd,"Шерсть, синий 8-O-003",,4000.0,,4000.0,AMBIGUOUS_QTY_OR_AMOUNT,2026-07-24,Основной склад,FABRIC_MOVEMENT_H4,FILE-097,r8854
MAT-9550b7910359e544,MAT-9550b7910359e544,"Шерсть, синяя рогожка 8-034",,28200.0,,28200.0,AMBIGUOUS_QTY_OR_AMOUNT,2026-07-24,Основной склад,FABRIC_MOVEMENT_H4,FILE-097,r8858
MAT-56554d13df7225c5,MAT-56554d13df7225c5,"Шерсть, темно-серый 8-030",,9400.0,,9400.0,AMBIGUOUS_QTY_OR_AMOUNT,2026-07-24,Основной склад,FABRIC_MOVEMENT_H4,FILE-097,r8862
MAT-9f3b405df1878ea0,MAT-9f3b405df1878ea0,"Шерсть, темно-синий 8-046",,7200.0,,7200.0,AMBIGUOUS_QTY_OR_AMOUNT,2026-07-24,Основной склад,FABRIC_MOVEMENT_H4,FILE-097,r8866
MAT-fcd72f6d1df80bfc,MAT-fcd72f6d1df80bfc,"Шерсть, темно-синий 8-049",,22600.0,22600.0,,AMBIGUOUS_QTY_OR_AMOUNT,2026-07-24,Основной склад,FABRIC_MOVEMENT_H4,FILE-097,r8870
MAT-31ff239dfc417e82,MAT-31ff239dfc417e82,"Шерсть, темно-синий 8-050",,9200.0,,9200.0,AMBIGUOUS_QTY_OR_AMOUNT,2026-07-24,Основной склад,FABRIC_MOVEMENT_H4,FILE-097,r8878
MAT-02a590c0f9958c3f,MAT-02a590c0f9958c3f,"Шерсть, темно-синий 8-O-005",,2000.0,,2000.0,AMBIGUOUS_QTY_OR_AMOUNT,2026-07-24,Основной склад,FABRIC_MOVEMENT_H4,FILE-097,r8882
MAT-19fb5fd53b58745c,MAT-19fb5fd53b58745c,"Шерсть, темно-синий 8-O-013",,4000.0,,4000.0,AMBIGUOUS_QTY_OR_AMOUNT,2026-07-24,Основной склад,FABRIC_MOVEMENT_H4,FILE-097,r8886
MAT-4e160d9273510408,MAT-4e160d9273510408,"Шерсть, темно-синий в полоску 8-O-014",,7200.0,,7200.0,AMBIGUOUS_QTY_OR_AMOUNT,2026-07-24,Основной склад,FABRIC_MOVEMENT_H4,FILE-097,r8890
MAT-409f174afe3fab8d,MAT-409f174afe3fab8d,"Шерсть, фиолетовый 8-O-010",,4000.0,,4000.0,AMBIGUOUS_QTY_OR_AMOUNT,2026-07-24,Основной склад,FABRIC_MOVEMENT_H4,FILE-097,r8894
MAT-16ba047b16e0c577,MAT-16ba047b16e0c577,"Шерсть, хаки 8-039",,13600.0,,13600.0,AMBIGUOUS_QTY_OR_AMOUNT,2026-07-24,Основной склад,FABRIC_MOVEMENT_H4,FILE-097,r8898
MAT-7a4e6d710f2d02f1,MAT-7a4e6d710f2d02f1,"Шерсть, хаки в полоску 8-011",,24000.0,,24000.0,AMBIGUOUS_QTY_OR_AMOUNT,2026-07-24,Основной склад,FABRIC_MOVEMENT_H4,FILE-097,r8902
MAT-f5a584d1d85f2b71,MAT-f5a584d1d85f2b71,"Шерсть, черная 8-063",,37000.0,37000.0,,AMBIGUOUS_QTY_OR_AMOUNT,2026-07-24,Основной склад,FABRIC_MOVEMENT_H4,FILE-097,r8906
MAT-434ca82915f802c1,MAT-434ca82915f802c1,"Шерсть, черная рогожка 8-033",,28000.0,,28000.0,AMBIGUOUS_QTY_OR_AMOUNT,2026-07-24,Основной склад,FABRIC_MOVEMENT_H4,FILE-097,r8914
MAT-6d9339149a26eb09,MAT-6d9339149a26eb09,"Шерсть, черная рогожка пластик 8-032",,9600.0,,9600.0,AMBIGUOUS_QTY_OR_AMOUNT,2026-07-24,Основной склад,FABRIC_MOVEMENT_H4,FILE-097,r8918
MAT-ff24edab43b48077,MAT-ff24edab43b48077,"Шерсть, черно-белая елочка 8-071",,15200.0,,15200.0,AMBIGUOUS_QTY_OR_AMOUNT,2026-07-24,Основной склад,FABRIC_MOVEMENT_H4,FILE-097,r8922
MAT-2fd463bdef387e81,MAT-2fd463bdef387e81,"Шерсть, черно-белый леопард 8-043",,9000.0,9000.0,,AMBIGUOUS_QTY_OR_AMOUNT,2026-07-24,Основной склад,FABRIC_MOVEMENT_H4,FILE-097,r8926
MAT-1c3685c9833d46eb,MAT-1c3685c9833d46eb,"Шерсть, черный 8-047",,13400.0,,13400.0,AMBIGUOUS_QTY_OR_AMOUNT,2026-07-24,Основной склад,FABRIC_MOVEMENT_H4,FILE-097,r8932
MAT-ec0717b0c4e2005f,MAT-ec0717b0c4e2005f,"Шерсть, черный 8-073",,18530.0,6460.0,12070.0,AMBIGUOUS_QTY_OR_AMOUNT,2026-07-24,Основной склад,FABRIC_MOVEMENT_H4,FILE-097,r8936
MAT-dbc942bd813b319e,MAT-dbc942bd813b319e,"Шерсть, черный 8-075",,17875.0,,17875.0,AMBIGUOUS_QTY_OR_AMOUNT,2026-07-24,Основной склад,FABRIC_MOVEMENT_H4,FILE-097,r8942
MAT-9ef90f26c3419244,MAT-9ef90f26c3419244,"Шерсть, черный 8-O-001",,3190.0,,3190.0,AMBIGUOUS_QTY_OR_AMOUNT,2026-07-24,Основной склад,FABRIC_MOVEMENT_H4,FILE-097,r8946
MAT-16577d370b3518f2,MAT-16577d370b3518f2,"Шерсть, черный в крапинку 8-O-015",,3900.0,,3900.0,AMBIGUOUS_QTY_OR_AMOUNT,2026-07-24,Основной склад,FABRIC_MOVEMENT_H4,FILE-097,r8950
MAT-6ed63c82a9416ff5,MAT-6ed63c82a9416ff5,"Шерсть, черный в полоску 8-O-012",,6000.0,,6000.0,AMBIGUOUS_QTY_OR_AMOUNT,2026-07-24,Основной склад,FABRIC_MOVEMENT_H4,FILE-097,r8954
MAT-d22994f1d72778c6,MAT-d22994f1d72778c6,"Шерсть, черный в синюю полоску 8-008",,9300.0,,9300.0,AMBIGUOUS_QTY_OR_AMOUNT,2026-07-24,Основной склад,FABRIC_MOVEMENT_H4,FILE-097,r8958
MAT-2e5c8e54acb298b8,MAT-2e5c8e54acb298b8,"Шифон ,принт зебра коричневая 19-019",19-019,11500.0,,11500.0,AMBIGUOUS_QTY_OR_AMOUNT,2026-07-24,Основной склад,FABRIC_MOVEMENT_H4,FILE-097,r8962
MAT-dbf60f3e7f5d4bd8,MAT-dbf60f3e7f5d4bd8,Шифон авторский гдевочки синий 19A-020,,264375.0,150750.0,113625.0,AMBIGUOUS_QTY_OR_AMOUNT,2026-07-24,Основной склад,FABRIC_MOVEMENT_H4,FILE-097,r8966
MAT-d556a29efe3c69b7,MAT-d556a29efe3c69b7,Шифон авторский гортензия 19A-018,,152542.5,105242.5,47300.0,AMBIGUOUS_QTY_OR_AMOUNT,2026-07-24,Основной склад,FABRIC_MOVEMENT_H4,FILE-097,r8978
MAT-82ca60000d657a79,MAT-82ca60000d657a79,Шифон авторский гортензия 19A-021,,55879.55,29410.29,26469.26,AMBIGUOUS_QTY_OR_AMOUNT,2026-07-24,Основной склад,FABRIC_MOVEMENT_H4,FILE-097,r8992
MAT-65a385060f65326d,MAT-65a385060f65326d,Шифон авторский мелкие цветы 19A-019,,127237.0,8277.5,118959.5,AMBIGUOUS_QTY_OR_AMOUNT,2026-07-24,Основной склад,FABRIC_MOVEMENT_H4,FILE-097,r9000
MAT-fb8e84a64d62856d,MAT-fb8e84a64d62856d,Шифон баклажановый 18-004,18-004,23010.0,23010.0,,AMBIGUOUS_QTY_OR_AMOUNT,2026-07-24,Основной склад,FABRIC_MOVEMENT_H4,FILE-097,r9006
MAT-e8bc375ece4a0019,MAT-e8bc375ece4a0019,"Шифон баклажановый, принт желтый горох 19-028",19-028,41600.0,,41600.0,AMBIGUOUS_QTY_OR_AMOUNT,2026-07-24,Основной склад,FABRIC_MOVEMENT_H4,FILE-097,r9012
MAT-27283fc4ca83e4a5,MAT-27283fc4ca83e4a5,Шифон бежевый 18-016,18-016,119050.0,49500.0,69550.0,AMBIGUOUS_QTY_OR_AMOUNT,2026-07-24,Основной склад,FABRIC_MOVEMENT_H4,FILE-097,r9016
MAT-8a8e69e9bd0b73a8,MAT-8a8e69e9bd0b73a8,Шифон бежевый креповый 18-012,18-012,15840.0,9152.0,6688.0,AMBIGUOUS_QTY_OR_AMOUNT,2026-07-24,Основной склад,FABRIC_MOVEMENT_H4,FILE-097,r9024
MAT-81e40197e1a078b7,MAT-81e40197e1a078b7,"Шифон бежевый, принт горох 19A-013",,56465.0,56465.0,,AMBIGUOUS_QTY_OR_AMOUNT,2026-07-24,Основной склад,FABRIC_MOVEMENT_H4,FILE-097,r9032
MAT-4bdbdd78f646b19e,MAT-4bdbdd78f646b19e,Шифон белый 18-015,18-015,408549.43,408549.43,,AMBIGUOUS_QTY_OR_AMOUNT,2026-07-24,Основной склад,FABRIC_MOVEMENT_H4,FILE-097,r9038
MAT-38575e682b5d9401,MAT-38575e682b5d9401,"Шифон белый жатый, принт листья 19-005",19-005,17500.0,,17500.0,AMBIGUOUS_QTY_OR_AMOUNT,2026-07-24,Основной склад,FABRIC_MOVEMENT_H4,FILE-097,r9114
MAT-b0e1d5be4cdd3eda,MAT-b0e1d5be4cdd3eda,"Шифон белый, принт гжель 19-026",19-026,36000.0,23400.0,12600.0,AMBIGUOUS_QTY_OR_AMOUNT,2026-07-24,Основной склад,FABRIC_MOVEMENT_H4,FILE-097,r9118
MAT-17c1b2212265c85b,MAT-17c1b2212265c85b,"Шифон белый, принт гжель купоны 19A-011",,73025.0,47610.0,25415.0,AMBIGUOUS_QTY_OR_AMOUNT,2026-07-24,Основной склад,FABRIC_MOVEMENT_H4,FILE-097,r9126
MAT-ac5d9f733c99bf8b,MAT-ac5d9f733c99bf8b,"Шифон белый, принт горох 19-003",19-003,15200.0,,15200.0,AMBIGUOUS_QTY_OR_AMOUNT,2026-07-24,Основной склад,FABRIC_MOVEMENT_H4,FILE-097,r9134
MAT-11a130edca21aee9,MAT-11a130edca21aee9,"Шифон белый, принт горох 19A-012",,128017.5,128017.5,,AMBIGUOUS_QTY_OR_AMOUNT,2026-07-24,Основной склад,FABRIC_MOVEMENT_H4,FILE-097,r9138
MAT-3fb99d0f270eb8ef,MAT-3fb99d0f270eb8ef,"Шифон белый, принт крупный микс 19A-003",,174818.62,117718.02,57100.6,AMBIGUOUS_QTY_OR_AMOUNT,2026-07-24,Основной склад,FABRIC_MOVEMENT_H4,FILE-097,r9148
MAT-7b367b7defc2d48c,MAT-7b367b7defc2d48c,"Шифон белый, принт полоска 19-007",19-007,32200.0,,32200.0,AMBIGUOUS_QTY_OR_AMOUNT,2026-07-24,Основной склад,FABRIC_MOVEMENT_H4,FILE-097,r9168
MAT-d39ac4527d10c5eb,MAT-d39ac4527d10c5eb,Шифон бирюзовый 18-018,18-018,21510.0,12825.0,8685.0,AMBIGUOUS_QTY_OR_AMOUNT,2026-07-24,Основной склад,FABRIC_MOVEMENT_H4,FILE-097,r9172
MAT-835fd08437f72559,MAT-835fd08437f72559,Шифон бирюзовый креповый 18-009,18-009,7040.0,,7040.0,AMBIGUOUS_QTY_OR_AMOUNT,2026-07-24,Основной склад,FABRIC_MOVEMENT_H4,FILE-097,r9182
MAT-cde7e975d2689a7f,MAT-cde7e975d2689a7f,"Шифон бирюзовый, принт крупный микс 19A-006",,117447.3,44586.48,72860.82,AMBIGUOUS_QTY_OR_AMOUNT,2026-07-24,Основной склад,FABRIC_MOVEMENT_H4,FILE-097,r9186
MAT-fddfbab868d0aeb0,MAT-fddfbab868d0aeb0,Шифон бледно-розовый 18-001,18-001,21580.0,21580.0,,AMBIGUOUS_QTY_OR_AMOUNT,2026-07-24,Основной склад,FABRIC_MOVEMENT_H4,FILE-097,r9200
MAT-ab051cd01c2efa53,MAT-ab051cd01c2efa53,Шифон голубой 18-017,18-017,114429.63,113399.37,1030.26,AMBIGUOUS_QTY_OR_AMOUNT,2026-07-24,Основной склад,FABRIC_MOVEMENT_H4,FILE-097,r9210
MAT-65e164d9dda6292d,MAT-65e164d9dda6292d,Шифон голубой 18-055,18-055,57400.0,36800.0,20600.0,AMBIGUOUS_QTY_OR_AMOUNT,2026-07-24,Основной склад,FABRIC_MOVEMENT_H4,FILE-097,r9234
MAT-847726265fa67068,MAT-847726265fa67068,Шифон голубой креповый 18-010,18-010,24288.0,,24288.0,AMBIGUOUS_QTY_OR_AMOUNT,2026-07-24,Основной склад,FABRIC_MOVEMENT_H4,FILE-097,r9244
MAT-88c2f83f30a81a65,MAT-88c2f83f30a81a65,"Шифон голубой, принт крупный микс 19A-005",,69920.0,20700.0,49220.0,AMBIGUOUS_QTY_OR_AMOUNT,2026-07-24,Основной склад,FABRIC_MOVEMENT_H4,FILE-097,r9248
MAT-c58e5e140956c3fb,MAT-c58e5e140956c3fb,"Шифон голубой, принт темно-синий горох 19-027",19-027,32800.0,,32800.0,AMBIGUOUS_QTY_OR_AMOUNT,2026-07-24,Основной склад,FABRIC_MOVEMENT_H4,FILE-097,r9256
MAT-1463616637c233b9,MAT-1463616637c233b9,"Шифон голубой, принт тюльпаны 19-009",19-009,8000.0,,8000.0,AMBIGUOUS_QTY_OR_AMOUNT,2026-07-24,Основной склад,FABRIC_MOVEMENT_H4,FILE-097,r9260
MAT-abb491985fdf285a,MAT-abb491985fdf285a,Шифон желтый 18-006,18-006,18900.0,,18900.0,AMBIGUOUS_QTY_OR_AMOUNT,2026-07-24,Основной склад,FABRIC_MOVEMENT_H4,FILE-097,r9264
MAT-78820da12321fc36,MAT-78820da12321fc36,Шифон желтый 18-008,18-008,37800.0,9450.0,28350.0,AMBIGUOUS_QTY_OR_AMOUNT,2026-07-24,Основной склад,FABRIC_MOVEMENT_H4,FILE-097,r9268
MAT-9301e84bf0492910,MAT-9301e84bf0492910,"Шифон желтый, принт зеленый 19-025",19-025,9000.0,,9000.0,AMBIGUOUS_QTY_OR_AMOUNT,2026-07-24,Основной склад,FABRIC_MOVEMENT_H4,FILE-097,r9276
MAT-edcb74b4ae13e2e3,MAT-edcb74b4ae13e2e3,"Шифон желтый, принт крупный микс 19A-004",,77050.0,17250.0,59800.0,AMBIGUOUS_QTY_OR_AMOUNT,2026-07-24,Основной склад,FABRIC_MOVEMENT_H4,FILE-097,r9280
MAT-304283d79cd9016f,MAT-304283d79cd9016f,Шифон зеленый 18-024,18-024,239400.0,132390.0,107010.0,AMBIGUOUS_QTY_OR_AMOUNT,2026-07-24,Основной склад,FABRIC_MOVEMENT_H4,FILE-097,r9288
MAT-003cc1a97ef274be,MAT-003cc1a97ef274be,Шифон зеленый креповый 18-011,18-011,75504.0,,75504.0,AMBIGUOUS_QTY_OR_AMOUNT,2026-07-24,Основной склад,FABRIC_MOVEMENT_H4,FILE-097,r9304
MAT-a151a71acbc443be,MAT-a151a71acbc443be,"Шифон зеленый, принт крупный микс 19A-010",,51980.0,20700.0,31280.0,AMBIGUOUS_QTY_OR_AMOUNT,2026-07-24,Основной склад,FABRIC_MOVEMENT_H4,FILE-097,r9308
MAT-65561effa4e4ce0b,MAT-65561effa4e4ce0b,"Шифон искусственный, бежевый 18-И-009",,3600.0,3600.0,,AMBIGUOUS_QTY_OR_AMOUNT,2026-07-24,Основной склад,FABRIC_MOVEMENT_H4,FILE-097,r9318
MAT-ab734dc8bcdf39dc,MAT-ab734dc8bcdf39dc,"Шифон искусственный, бежевый, 18-И-001",,26206.27,23591.98,2614.29,AMBIGUOUS_QTY_OR_AMOUNT,2026-07-24,Основной склад,FABRIC_MOVEMENT_H4,FILE-097,r9324
MAT-845cb662e60fd90d,MAT-845cb662e60fd90d,"Шифон искусственный, белый 18-И-010",,12552.9,12552.9,,AMBIGUOUS_QTY_OR_AMOUNT,2026-07-24,Основной склад,FABRIC_MOVEMENT_H4,FILE-097,r9364
MAT-1b26c2037815a16d,MAT-1b26c2037815a16d,"Шифон искусственный, белый креповый 18-И-013",,2400.0,2400.0,,AMBIGUOUS_QTY_OR_AMOUNT,2026-07-24,Основной склад,FABRIC_MOVEMENT_H4,FILE-097,r9378
MAT-8dadd1a8389bba40,MAT-8dadd1a8389bba40,"Шифон искусственный, гортензия, 18-И-003",,23400.0,,23400.0,AMBIGUOUS_QTY_OR_AMOUNT,2026-07-24,Основной склад,FABRIC_MOVEMENT_H4,FILE-097,r9384
MAT-da6e156365b776b1,MAT-da6e156365b776b1,"Шифон искусственный, желтый 18-И-007",,1900.0,,1900.0,AMBIGUOUS_QTY_OR_AMOUNT,2026-07-24,Основной склад,FABRIC_MOVEMENT_H4,FILE-097,r9388
MAT-4c441348e8e37a50,MAT-4c441348e8e37a50,"Шифон искусственный, красный, 18-И-006",,3040.0,,3040.0,AMBIGUOUS_QTY_OR_AMOUNT,2026-07-24,Основной склад,FABRIC_MOVEMENT_H4,FILE-097,r9392
MAT-017c398dc7644b5b,MAT-017c398dc7644b5b,"Шифон искусственный, розовый 18-И-008",,2204.0,,2204.0,AMBIGUOUS_QTY_OR_AMOUNT,2026-07-24,Основной склад,FABRIC_MOVEMENT_H4,FILE-097,r9396
MAT-640bd100efa9e8fa,MAT-640bd100efa9e8fa,"Шифон искусственный, фиолетовый, 18-И-005",,9272.0,2280.0,6992.0,AMBIGUOUS_QTY_OR_AMOUNT,2026-07-24,Основной склад,FABRIC_MOVEMENT_H4,FILE-097,r9400
MAT-710cd1620fb37565,MAT-710cd1620fb37565,"Шифон искусственный, цветы, 18-И-004",,25000.0,,25000.0,AMBIGUOUS_QTY_OR_AMOUNT,2026-07-24,Основной склад,FABRIC_MOVEMENT_H4,FILE-097,r9406
MAT-42f2ecc738bccbe4,MAT-42f2ecc738bccbe4,"Шифон искуственый, бежевый 18-И-012",,3500.0,3500.0,,AMBIGUOUS_QTY_OR_AMOUNT,2026-07-24,Основной склад,FABRIC_MOVEMENT_H4,FILE-097,r9410
MAT-94cfb068045a83ae,MAT-94cfb068045a83ae,"Шифон искуственый, черный 18-И-011",,14950.0,,14950.0,AMBIGUOUS_QTY_OR_AMOUNT,2026-07-24,Основной склад,FABRIC_MOVEMENT_H4,FILE-097,r9416
MAT-204a5ea02c4a5685,MAT-204a5ea02c4a5685,Шифон коралловый 18-030,18-030,22050.0,,22050.0,AMBIGUOUS_QTY_OR_AMOUNT,2026-07-24,Основной склад,FABRIC_MOVEMENT_H4,FILE-097,r9420
MAT-2602b5480a6a771b,MAT-2602b5480a6a771b,"Шифон коричневый, принт полоска 19-020",19-020,16000.0,,16000.0,AMBIGUOUS_QTY_OR_AMOUNT,2026-07-24,Основной склад,FABRIC_MOVEMENT_H4,FILE-097,r9424
MAT-f50cf62073d99086,MAT-f50cf62073d99086,Шифон красный 18-036,18-036,116010.0,4500.0,111510.0,AMBIGUOUS_QTY_OR_AMOUNT,2026-07-24,Основной склад,FABRIC_MOVEMENT_H4,FILE-097,r9428
MAT-45803adb79fbfb5a,MAT-45803adb79fbfb5a,"Шифон красный, принт крупный микс 19A-008",,51520.0,16100.0,35420.0,AMBIGUOUS_QTY_OR_AMOUNT,2026-07-24,Основной склад,FABRIC_MOVEMENT_H4,FILE-097,r9436
MAT-8546ed6a86cac74c,MAT-8546ed6a86cac74c,"Шифон креповой искусственный, черный, 18-И-002",,17577.5,17577.5,,AMBIGUOUS_QTY_OR_AMOUNT,2026-07-24,Основной склад,FABRIC_MOVEMENT_H4,FILE-097,r9442
MAT-b9892f7db1803163,MAT-b9892f7db1803163,Шифон малиновый 18-049,18-049,34255.0,,34255.0,AMBIGUOUS_QTY_OR_AMOUNT,2026-07-24,Основной склад,FABRIC_MOVEMENT_H4,FILE-097,r9462
MAT-fbefa85bee85b75c,MAT-fbefa85bee85b75c,Шифон молочный креповый 18-014,18-014,17600.0,,17600.0,AMBIGUOUS_QTY_OR_AMOUNT,2026-07-24,Основной склад,FABRIC_MOVEMENT_H4,FILE-097,r9466
MAT-268cc69e6a5baa2e,MAT-268cc69e6a5baa2e,Шифон морковный 18-035,18-035,29880.0,,29880.0,AMBIGUOUS_QTY_OR_AMOUNT,2026-07-24,Основной склад,FABRIC_MOVEMENT_H4,FILE-097,r9470
MAT-d6f27fec3c97594d,MAT-d6f27fec3c97594d,Шифон морская волна 18-023,18-023,31460.0,,31460.0,AMBIGUOUS_QTY_OR_AMOUNT,2026-07-24,Основной склад,FABRIC_MOVEMENT_H4,FILE-097,r9474
MAT-d8491cea09e08ca9,MAT-d8491cea09e08ca9,Шифон мятный 18-025,18-025,54270.0,2250.0,52020.0,AMBIGUOUS_QTY_OR_AMOUNT,2026-07-24,Основной склад,FABRIC_MOVEMENT_H4,FILE-097,r9478
MAT-841ebe793cc3d1bb,MAT-841ebe793cc3d1bb,Шифон оранжевый 18-029,18-029,33930.0,,33930.0,AMBIGUOUS_QTY_OR_AMOUNT,2026-07-24,Основной склад,FABRIC_MOVEMENT_H4,FILE-097,r9490
MAT-62ba0e12e844fdea,MAT-62ba0e12e844fdea,Шифон оранжевый креповый 18-043,18-043,28875.0,,28875.0,AMBIGUOUS_QTY_OR_AMOUNT,2026-07-24,Основной склад,FABRIC_MOVEMENT_H4,FILE-097,r9494
MAT-6eb4150f1761775f,MAT-6eb4150f1761775f,"Шифон оранжевый, принт цветы 19-024",19-024,38000.0,,38000.0,AMBIGUOUS_QTY_OR_AMOUNT,2026-07-24,Основной склад,FABRIC_MOVEMENT_H4,FILE-097,r9498
MAT-6802b32686d71ab7,MAT-6802b32686d71ab7,Шифон персиковый 18-052,18-052,55622.76,41461.38,14161.38,AMBIGUOUS_QTY_OR_AMOUNT,2026-07-24,Основной склад,FABRIC_MOVEMENT_H4,FILE-097,r9502
MAT-36f50336696a7f75,MAT-36f50336696a7f75,"Шифон розовый ""любовь"" 18-031",18-031,79011.88,79011.88,,AMBIGUOUS_QTY_OR_AMOUNT,2026-07-24,Основной склад,FABRIC_MOVEMENT_H4,FILE-097,r9518
MAT-d09d11a661a9ade9,MAT-d09d11a661a9ade9,Шифон розовый 18-032,18-032,8190.0,,8190.0,AMBIGUOUS_QTY_OR_AMOUNT,2026-07-24,Основной склад,FABRIC_MOVEMENT_H4,FILE-097,r9530
MAT-6edd396b42f1d662,MAT-6edd396b42f1d662,Шифон розовый 18-042,18-042,135244.34,39199.27,96045.07,AMBIGUOUS_QTY_OR_AMOUNT,2026-07-24,Основной склад,FABRIC_MOVEMENT_H4,FILE-097,r9534
MAT-a94d3a7fca603ab5,MAT-a94d3a7fca603ab5,Шифон розовый 18-051,18-051,11050.0,,11050.0,AMBIGUOUS_QTY_OR_AMOUNT,2026-07-24,Основной склад,FABRIC_MOVEMENT_H4,FILE-097,r9546
MAT-3ea246c297434864,MAT-3ea246c297434864,Шифон розовый 18-056,18-056,50000.0,50000.0,,AMBIGUOUS_QTY_OR_AMOUNT,2026-07-24,Основной склад,FABRIC_MOVEMENT_H4,FILE-097,r9550
MAT-49815292308bad21,MAT-49815292308bad21,Шифон розовый креповый 18-037,18-037,34970.0,20800.0,14170.0,AMBIGUOUS_QTY_OR_AMOUNT,2026-07-24,Основной склад,FABRIC_MOVEMENT_H4,FILE-097,r9556
MAT-7581b9eadaeac98c,MAT-7581b9eadaeac98c,Шифон розовый креповый 18-041,18-041,15664.0,,15664.0,AMBIGUOUS_QTY_OR_AMOUNT,2026-07-24,Основной склад,FABRIC_MOVEMENT_H4,FILE-097,r9564
MAT-f70a78ab1a0e369e,MAT-f70a78ab1a0e369e,"Шифон розовый, принт крупный микс 19A-009",,106260.0,75210.0,31050.0,AMBIGUOUS_QTY_OR_AMOUNT,2026-07-24,Основной склад,FABRIC_MOVEMENT_H4,FILE-097,r9568
MAT-6024dca0b6410438,MAT-6024dca0b6410438,Шифон светло зеленый 18-005,18-005,11700.0,,11700.0,AMBIGUOUS_QTY_OR_AMOUNT,2026-07-24,Основной склад,FABRIC_MOVEMENT_H4,FILE-097,r9582
MAT-10e18c4846662bab,MAT-10e18c4846662bab,Шифон светло-зеленый жатый 18-007,18-007,13650.0,,13650.0,AMBIGUOUS_QTY_OR_AMOUNT,2026-07-24,Основной склад,FABRIC_MOVEMENT_H4,FILE-097,r9586
MAT-774f192169f54742,MAT-774f192169f54742,Шифон светло-мятный 18-026,18-026,68265.0,68265.0,,AMBIGUOUS_QTY_OR_AMOUNT,2026-07-24,Основной склад,FABRIC_MOVEMENT_H4,FILE-097,r9590
MAT-534c8081de36d6be,MAT-534c8081de36d6be,Шифон светло-розовый 18-057,18-057,28000.0,28000.0,,AMBIGUOUS_QTY_OR_AMOUNT,2026-07-24,Основной склад,FABRIC_MOVEMENT_H4,FILE-097,r9606
MAT-0ac420e4fc97a449,MAT-0ac420e4fc97a449,Шифон светло-серый 18-022,18-022,85491.88,11315.1,74176.78,AMBIGUOUS_QTY_OR_AMOUNT,2026-07-24,Основной склад,FABRIC_MOVEMENT_H4,FILE-097,r9612
MAT-f1c8283fa41faad3,MAT-f1c8283fa41faad3,"Шифон светлый, принт купон баклажан 19-013",19-013,20000.0,,20000.0,AMBIGUOUS_QTY_OR_AMOUNT,2026-07-24,Основной склад,FABRIC_MOVEMENT_H4,FILE-097,r9622
MAT-26bba594dfbdd9e8,MAT-26bba594dfbdd9e8,Шифон серо-голубой 18-002,18-002,89865.0,80685.0,9180.0,AMBIGUOUS_QTY_OR_AMOUNT,2026-07-24,Основной склад,FABRIC_MOVEMENT_H4,FILE-097,r9626
MAT-253a326db621c166,MAT-253a326db621c166,"Шифон серый жатый, принт розовые листья 19-006",19-006,13000.0,,13000.0,AMBIGUOUS_QTY_OR_AMOUNT,2026-07-24,Основной склад,FABRIC_MOVEMENT_H4,FILE-097,r9652
MAT-8f60392f817a4fd7,MAT-8f60392f817a4fd7,Шифон серый креповый 18-040,18-040,21472.0,,21472.0,AMBIGUOUS_QTY_OR_AMOUNT,2026-07-24,Основной склад,FABRIC_MOVEMENT_H4,FILE-097,r9656
MAT-243036e6fbe318c5,MAT-243036e6fbe318c5,"Шифон серый, принт белый горох 19-029",19-029,11200.0,,11200.0,AMBIGUOUS_QTY_OR_AMOUNT,2026-07-24,Основной склад,FABRIC_MOVEMENT_H4,FILE-097,r9660
MAT-76014f1e9dbffd91,MAT-76014f1e9dbffd91,"Шифон серый, принт горох 19A-014",,92690.0,92690.0,,AMBIGUOUS_QTY_OR_AMOUNT,2026-07-24,Основной склад,FABRIC_MOVEMENT_H4,FILE-097,r9664
MAT-a1289f83c4c6550a,MAT-a1289f83c4c6550a,Шифон синий 18-020,18-020,233661.89,121830.23,111831.66,AMBIGUOUS_QTY_OR_AMOUNT,2026-07-24,Основной склад,FABRIC_MOVEMENT_H4,FILE-097,r9672
MAT-98a7402406145ec3,MAT-98a7402406145ec3,Шифон синий креповый 18-044,18-044,9328.0,,9328.0,AMBIGUOUS_QTY_OR_AMOUNT,2026-07-24,Основной склад,FABRIC_MOVEMENT_H4,FILE-097,r9698
MAT-72bf24590b90c371,MAT-72bf24590b90c371,Шифон синий креповый 18-050,18-050,14000.0,,14000.0,AMBIGUOUS_QTY_OR_AMOUNT,2026-07-24,Основной склад,FABRIC_MOVEMENT_H4,FILE-097,r9702
MAT-afc44d6f2afe063c,MAT-afc44d6f2afe063c,Шифон синий с люрексом 19-010,19-010,15000.0,,15000.0,AMBIGUOUS_QTY_OR_AMOUNT,2026-07-24,Основной склад,FABRIC_MOVEMENT_H4,FILE-097,r9706
MAT-7573f6cae5543b38,MAT-7573f6cae5543b38,"Шифон синий, печворк 19-018",19-018,57600.0,,57600.0,AMBIGUOUS_QTY_OR_AMOUNT,2026-07-24,Основной склад,FABRIC_MOVEMENT_H4,FILE-097,r9710
MAT-1da813c8575f01ac,MAT-1da813c8575f01ac,"Шифон синий, принт крупный микс 19A-007",,56350.0,56350.0,,AMBIGUOUS_QTY_OR_AMOUNT,2026-07-24,Основной склад,FABRIC_MOVEMENT_H4,FILE-097,r9714
MAT-a55285259d3f82ef,MAT-a55285259d3f82ef,Шифон сиреневый 18-047,18-047,48600.0,,48600.0,AMBIGUOUS_QTY_OR_AMOUNT,2026-07-24,Основной склад,FABRIC_MOVEMENT_H4,FILE-097,r9726
MAT-c1d441b515ba5a2d,MAT-c1d441b515ba5a2d,Шифон темно-бежевый 18-058,18-058,69550.0,,69550.0,AMBIGUOUS_QTY_OR_AMOUNT,2026-07-24,Основной склад,FABRIC_MOVEMENT_H4,FILE-097,r9730
MAT-d45f606ce9ae77a2,MAT-d45f606ce9ae77a2,Шифон темно-голубой 18-019,18-019,76440.0,,76440.0,AMBIGUOUS_QTY_OR_AMOUNT,2026-07-24,Основной склад,FABRIC_MOVEMENT_H4,FILE-097,r9734
MAT-88f7fae7e2ff65c3,MAT-88f7fae7e2ff65c3,Шифон темно-синий 18-021,18-021,80534.01,20389.98,60144.03,AMBIGUOUS_QTY_OR_AMOUNT,2026-07-24,Основной склад,FABRIC_MOVEMENT_H4,FILE-097,r9738
MAT-7a99d97d35d8aa33,MAT-7a99d97d35d8aa33,Шифон фиолетовый 18-048,18-048,17820.0,15390.0,2430.0,AMBIGUOUS_QTY_OR_AMOUNT,2026-07-24,Основной склад,FABRIC_MOVEMENT_H4,FILE-097,r9752
MAT-15e8362d8bd8b2ad,MAT-15e8362d8bd8b2ad,Шифон фуксия 18-034,18-034,246330.0,173700.0,72630.0,AMBIGUOUS_QTY_OR_AMOUNT,2026-07-24,Основной склад,FABRIC_MOVEMENT_H4,FILE-097,r9762
MAT-6ec3df424fd68277,MAT-6ec3df424fd68277,"Шифон цветной, принт капли зеленые 19-030",19-030,14500.0,,14500.0,AMBIGUOUS_QTY_OR_AMOUNT,2026-07-24,Основной склад,FABRIC_MOVEMENT_H4,FILE-097,r9786
MAT-c1c9d197936b711d,MAT-c1c9d197936b711d,"Шифон цветной, принт купон коралл 19-022",19-022,42000.0,,42000.0,AMBIGUOUS_QTY_OR_AMOUNT,2026-07-24,Основной склад,FABRIC_MOVEMENT_H4,FILE-097,r9790
MAT-8d835e2d8f749c32,MAT-8d835e2d8f749c32,"Шифон цветной, принт купон оранжевый 19-023",19-023,41200.0,,41200.0,AMBIGUOUS_QTY_OR_AMOUNT,2026-07-24,Основной склад,FABRIC_MOVEMENT_H4,FILE-097,r9794
MAT-00ca65450ddacfcd,MAT-00ca65450ddacfcd,"Шифон цветной, принт пионы 19-011",19-011,8000.0,,8000.0,AMBIGUOUS_QTY_OR_AMOUNT,2026-07-24,Основной склад,FABRIC_MOVEMENT_H4,FILE-097,r9798
MAT-3122a74df3bec689,MAT-3122a74df3bec689,"Шифон цветной, принт темные разводы 19-033",19-033,119500.0,119500.0,,AMBIGUOUS_QTY_OR_AMOUNT,2026-07-24,Основной склад,FABRIC_MOVEMENT_H4,FILE-097,r9802
MAT-2b6c4304ac96b23d,MAT-2b6c4304ac96b23d,Шифон черный 18-039,18-039,430657.15,412837.89,17819.26,AMBIGUOUS_QTY_OR_AMOUNT,2026-07-24,Основной склад,FABRIC_MOVEMENT_H4,FILE-097,r9808
MAT-812bd0c43bc4c57d,MAT-812bd0c43bc4c57d,"Шифон черный, принт горох 19A-001",,39900.0,39900.0,,AMBIGUOUS_QTY_OR_AMOUNT,2026-07-24,Основной склад,FABRIC_MOVEMENT_H4,FILE-097,r9882
MAT-626c00abfd5a412e,MAT-626c00abfd5a412e,Шифон-туаль зеленый 18-046,18-046,24816.0,,24816.0,AMBIGUOUS_QTY_OR_AMOUNT,2026-07-24,Основной склад,FABRIC_MOVEMENT_H4,FILE-097,r9888
MAT-dc42deed40699bd3,MAT-dc42deed40699bd3,"Шифон, белый с принтом ""листья"" 19A-016",,342487.26,316045.92,26441.34,AMBIGUOUS_QTY_OR_AMOUNT,2026-07-24,Основной склад,FABRIC_MOVEMENT_H4,FILE-097,r9892
MAT-31e2283dd1228093,MAT-31e2283dd1228093,"Шифон, графит 18-003",18-003,82366.41,82366.41,,AMBIGUOUS_QTY_OR_AMOUNT,2026-07-24,Основной склад,FABRIC_MOVEMENT_H4,FILE-097,r9916
MAT-8c15f6568af71410,MAT-8c15f6568af71410,"Шифон, серый с принтом ""розовые листья"" 19A-017",,108330.0,79350.0,28980.0,AMBIGUOUS_QTY_OR_AMOUNT,2026-07-24,Основной склад,FABRIC_MOVEMENT_H4,FILE-097,r9948
MAT-13732fec62cff54e,MAT-13732fec62cff54e,"Шифон, черный с принтом ""листья"" 19A-015",,336720.0,336720.0,,AMBIGUOUS_QTY_OR_AMOUNT,2026-07-24,Основной склад,FABRIC_MOVEMENT_H4,FILE-097,r9960
MAT-3fd3bcdeed60040b,MAT-3fd3bcdeed60040b,Эко кожа хаки 25-013,25-013,1607.0,1607.0,,AMBIGUOUS_QTY_OR_AMOUNT,2026-07-24,Основной склад,FABRIC_MOVEMENT_H4,FILE-097,r9980
MAT-beb7f8b69a7f024c,MAT-beb7f8b69a7f024c,"Эко кожа, коричневая 25-011",25-011,6860.0,,6860.0,AMBIGUOUS_QTY_OR_AMOUNT,2026-07-24,Основной склад,FABRIC_MOVEMENT_H4,FILE-097,r9988
MAT-cf261d52e4c33acf,MAT-cf261d52e4c33acf,"Эко кожа, латекс черный 25-012",25-012,20520.0,13680.0,6840.0,AMBIGUOUS_QTY_OR_AMOUNT,2026-07-24,Основной склад,FABRIC_MOVEMENT_H4,FILE-097,r9992
MAT-ec57bd3dfa22cb7f,MAT-ec57bd3dfa22cb7f,"Эко кожа, розовая 25-009",25-009,19390.0,525.0,18865.0,AMBIGUOUS_QTY_OR_AMOUNT,2026-07-24,Основной склад,FABRIC_MOVEMENT_H4,FILE-097,r10000
MAT-57b08866af5b3768,MAT-57b08866af5b3768,"Эко кожа, черный 25-010",25-010,20650.0,20650.0,,AMBIGUOUS_QTY_OR_AMOUNT,2026-07-24,Основной склад,FABRIC_MOVEMENT_H4,FILE-097,r10006
MAT-2b7eee8c36ca35d9,MAT-2b7eee8c36ca35d9,Атлас (дюшес) темно-коричневый  20-006,20-006,1750.0,1750.0,,AMBIGUOUS_QTY_OR_AMOUNT,2026-07-24,Склад Жукова,FABRIC_MOVEMENT_H4,FILE-097,r10026
MAT-7df0a286e7cc2c92,MAT-7df0a286e7cc2c92,Бархат стрейч белый  6-027,,615.0,,615.0,AMBIGUOUS_QTY_OR_AMOUNT,2026-07-24,Склад Жукова,FABRIC_MOVEMENT_H4,FILE-097,r10034
MAT-709f3bcaab340e4f,MAT-709f3bcaab340e4f,"Бархат стрейч, бежевый 6-047",,1640.0,,1640.0,AMBIGUOUS_QTY_OR_AMOUNT,2026-07-24,Склад Жукова,FABRIC_MOVEMENT_H4,FILE-097,r10038
MAT-2377320d95e86bd1,MAT-2377320d95e86bd1,"Бархат стрейч, бирюзовый 6-049",,2460.0,820.0,1640.0,AMBIGUOUS_QTY_OR_AMOUNT,2026-07-24,Склад Жукова,FABRIC_MOVEMENT_H4,FILE-097,r10042
MAT-88e781dce95fb19d,MAT-88e781dce95fb19d,"Бархат стрейч, светло-серый 6-048",,1640.0,,1640.0,AMBIGUOUS_QTY_OR_AMOUNT,2026-07-24,Склад Жукова,FABRIC_MOVEMENT_H4,FILE-097,r10048
MAT-6d408b9c7c658ae9,MAT-6d408b9c7c658ae9,"Бархат стрейч, серо-зеленый 6-050",,2460.0,1640.0,820.0,AMBIGUOUS_QTY_OR_AMOUNT,2026-07-24,Склад Жукова,FABRIC_MOVEMENT_H4,FILE-097,r10052
MAT-0a9d5c4282710c21,MAT-0a9d5c4282710c21,"Бархат стрейч, синий 6-052",,615.0,,615.0,AMBIGUOUS_QTY_OR_AMOUNT,2026-07-24,Склад Жукова,FABRIC_MOVEMENT_H4,FILE-097,r10058
MAT-2bb09969bfa67d3f,MAT-2bb09969bfa67d3f,"Бархат стрейч, темно-синий 6-051",,5412.0,5412.0,,AMBIGUOUS_QTY_OR_AMOUNT,2026-07-24,Склад Жукова,FABRIC_MOVEMENT_H4,FILE-097,r10062
MAT-5a051292e2de16f4,MAT-5a051292e2de16f4,"Бархат стрейч, темно-синий 6-055",,2378.0,2378.0,,AMBIGUOUS_QTY_OR_AMOUNT,2026-07-24,Склад Жукова,FABRIC_MOVEMENT_H4,FILE-097,r10068
MAT-5642104c02b5406a,MAT-5642104c02b5406a,"Бархат стрейч, черный 6-030",,58850.22,42972.33,15877.89,AMBIGUOUS_QTY_OR_AMOUNT,2026-07-24,Склад Жукова,FABRIC_MOVEMENT_H4,FILE-097,r10074
MAT-72aaa2e98e95b93a,MAT-72aaa2e98e95b93a,"Бархат х/б стреч, бирюзовый 6-040",,15000.0,10000.0,5000.0,AMBIGUOUS_QTY_OR_AMOUNT,2026-07-24,Склад Жукова,FABRIC_MOVEMENT_H4,FILE-097,r10110
MAT-1e23ba66e410be0f,MAT-1e23ba66e410be0f,"Бархат х/б, светло-голубой 6-013",,3795.0,2145.0,1650.0,AMBIGUOUS_QTY_OR_AMOUNT,2026-07-24,Склад Жукова,FABRIC_MOVEMENT_H4,FILE-097,r10116
MAT-2e4d811bc3c22392,MAT-2e4d811bc3c22392,"Бархат х/б, темно-синий, морская волна 6-042",,28750.0,26250.0,2500.0,AMBIGUOUS_QTY_OR_AMOUNT,2026-07-24,Склад Жукова,FABRIC_MOVEMENT_H4,FILE-097,r10122
MAT-506b73c18c5df3b8,MAT-506b73c18c5df3b8,"Бархат х/б, черный 6-001",,20662.2,7947.0,12715.2,AMBIGUOUS_QTY_OR_AMOUNT,2026-07-24,Склад Жукова,FABRIC_MOVEMENT_H4,FILE-097,r10132
MAT-a5495c26c5f2beae,MAT-a5495c26c5f2beae,"Бархат шелк, бордовый 6-017",,3900.0,,3900.0,AMBIGUOUS_QTY_OR_AMOUNT,2026-07-24,Склад Жукова,FABRIC_MOVEMENT_H4,FILE-097,r10138
MAT-46fa039c1fcd9816,MAT-46fa039c1fcd9816,"Бархат шелк, зелено-фиолетовый 6-037",,9880.0,9880.0,,AMBIGUOUS_QTY_OR_AMOUNT,2026-07-24,Склад Жукова,FABRIC_MOVEMENT_H4,FILE-097,r10142
MAT-9671f9009f019a71,MAT-9671f9009f019a71,"Бархат шелк, серый 6-031",,23400.0,650.0,22750.0,AMBIGUOUS_QTY_OR_AMOUNT,2026-07-24,Склад Жукова,FABRIC_MOVEMENT_H4,FILE-097,r10152
MAT-ec8bc619887f920d,MAT-ec8bc619887f920d,"Бархат шелк, синий 6-032",,27300.0,,27300.0,AMBIGUOUS_QTY_OR_AMOUNT,2026-07-24,Склад Жукова,FABRIC_MOVEMENT_H4,FILE-097,r10158
MAT-85cb4914755c0fdc,MAT-85cb4914755c0fdc,"Бархат шелк, фиолетовый 6-038",,6890.0,,6890.0,AMBIGUOUS_QTY_OR_AMOUNT,2026-07-24,Склад Жукова,FABRIC_MOVEMENT_H4,FILE-097,r10162
MAT-6f883ab45589e253,MAT-6f883ab45589e253,"Бархат шелк, черный 6-046",,23560.0,3990.0,19570.0,AMBIGUOUS_QTY_OR_AMOUNT,2026-07-24,Склад Жукова,FABRIC_MOVEMENT_H4,FILE-097,r10168
MAT-1642f67224df342d,MAT-1642f67224df342d,"Вечерняя ткань белая сетка с перьями, расшивкой пайетками 12-090",12-090,277320.0,177346.91,99973.09,AMBIGUOUS_QTY_OR_AMOUNT,2026-07-24,Склад Жукова,FABRIC_MOVEMENT_H4,FILE-097,r10286
MAT-72de0fdb27304a02,MAT-72de0fdb27304a02,"Вечерняя ткань розовая  сетка с перьями, расшивкой пайетками 12-089",12-089,112200.0,71060.0,41140.0,AMBIGUOUS_QTY_OR_AMOUNT,2026-07-24,Склад Жукова,FABRIC_MOVEMENT_H4,FILE-097,r10294
MAT-84db3fec0294797e,MAT-84db3fec0294797e,"Вечерняя ткань серая сетка с перьями, расшивкой пайетками 12-088",12-088,230010.0,41140.0,188870.0,AMBIGUOUS_QTY_OR_AMOUNT,2026-07-24,Склад Жукова,FABRIC_MOVEMENT_H4,FILE-097,r10304
MAT-300a82ac9d36dc42,MAT-300a82ac9d36dc42,Вечерняя ткань синие пайетки на сетке 12-069,12-069,300.0,300.0,,AMBIGUOUS_QTY_OR_AMOUNT,2026-07-24,Склад Жукова,FABRIC_MOVEMENT_H4,FILE-097,r10314
MAT-f87e0b47796f7123,MAT-f87e0b47796f7123,Вечерняя ткань черная сетка перья с пайетками 12-085,12-085,18000.0,,18000.0,AMBIGUOUS_QTY_OR_AMOUNT,2026-07-24,Склад Жукова,FABRIC_MOVEMENT_H4,FILE-097,r10320
MAT-a93c91fb25d767dd,MAT-a93c91fb25d767dd,Вечерняя ткань черная сетка с перьями 12-091,12-091,231750.0,6750.0,225000.0,AMBIGUOUS_QTY_OR_AMOUNT,2026-07-24,Склад Жукова,FABRIC_MOVEMENT_H4,FILE-097,r10324
MAT-70e61581ea51ac2e,MAT-70e61581ea51ac2e,Вечерняя ткань черная сетка с перьями и пайетками 12-094,12-094,139027.78,139027.78,,AMBIGUOUS_QTY_OR_AMOUNT,2026-07-24,Склад Жукова,FABRIC_MOVEMENT_H4,FILE-097,r10330
MAT-00c21a7cc9b3cd2e,MAT-00c21a7cc9b3cd2e,"Вечерняя ткань черная сетка с перьями, расшивкой пайетками 12-087",12-087,77700.0,59940.0,17760.0,AMBIGUOUS_QTY_OR_AMOUNT,2026-07-24,Склад Жукова,FABRIC_MOVEMENT_H4,FILE-097,r10342
MAT-9369c7343ceffb70,MAT-9369c7343ceffb70,Вечерняя ткань черная сетка с серым стеклярусом 12-005,12-005,9900.0,3300.0,6600.0,AMBIGUOUS_QTY_OR_AMOUNT,2026-07-24,Склад Жукова,FABRIC_MOVEMENT_H4,FILE-097,r10350
MAT-c7ded83679c4ad5b,MAT-c7ded83679c4ad5b,"Вечерняя ткань черные пайетки на трикотаже с серебром, мелкие 12-016",12-016,4250.0,2635.0,1615.0,AMBIGUOUS_QTY_OR_AMOUNT,2026-07-24,Склад Жукова,FABRIC_MOVEMENT_H4,FILE-097,r10356
MAT-7a48cb9d986a2536,MAT-7a48cb9d986a2536,"Вечерняя ткань, глитер на сетке, розовый 12-056",12-056,2100.0,2100.0,,AMBIGUOUS_QTY_OR_AMOUNT,2026-07-24,Склад Жукова,FABRIC_MOVEMENT_H4,FILE-097,r10364
MAT-9b042173297c4444,MAT-9b042173297c4444,"Вечерняя ткань, глитер на сетке, черный 12-054",12-054,3300.0,1980.0,1320.0,AMBIGUOUS_QTY_OR_AMOUNT,2026-07-24,Склад Жукова,FABRIC_MOVEMENT_H4,FILE-097,r10370
MAT-43e814ef580b22e1,MAT-43e814ef580b22e1,"Вечерняя ткань, мелкие пайетки, серебро  12-017",12-017,3900.0,1365.0,2535.0,AMBIGUOUS_QTY_OR_AMOUNT,2026-07-24,Склад Жукова,FABRIC_MOVEMENT_H4,FILE-097,r10376
MAT-293b5ffc91e7448a,MAT-293b5ffc91e7448a,"Вечерняя ткань, пайетки серебро 12-008",12-008,30000.0,4050.0,25950.0,AMBIGUOUS_QTY_OR_AMOUNT,2026-07-24,Склад Жукова,FABRIC_MOVEMENT_H4,FILE-097,r10382
MAT-b3609c783c231520,MAT-b3609c783c231520,"Вечерняя ткань, сетка розовая со стразами 12-082",12-082,3780.0,,3780.0,AMBIGUOUS_QTY_OR_AMOUNT,2026-07-24,Склад Жукова,FABRIC_MOVEMENT_H4,FILE-097,r10388
MAT-597c7e54806e211c,MAT-597c7e54806e211c,"Вечерняя ткань, сетка с черными стразами 12-079",12-079,3080.0,350.0,2730.0,AMBIGUOUS_QTY_OR_AMOUNT,2026-07-24,Склад Жукова,FABRIC_MOVEMENT_H4,FILE-097,r10392
MAT-0dd544dc6cf5212f,MAT-0dd544dc6cf5212f,"Вечерняя ткань, сетка синяя с синими стразами 12-083",12-083,7840.0,1610.0,6230.0,AMBIGUOUS_QTY_OR_AMOUNT,2026-07-24,Склад Жукова,FABRIC_MOVEMENT_H4,FILE-097,r10400
MAT-7aec439459c5947e,MAT-7aec439459c5947e,"Вечерняя ткань, сетка черная со стразами 12-080",12-080,13020.0,8050.0,4970.0,AMBIGUOUS_QTY_OR_AMOUNT,2026-07-24,Склад Жукова,FABRIC_MOVEMENT_H4,FILE-097,r10412
MAT-2d580464ab2a40df,MAT-2d580464ab2a40df,"Вечерняя ткань, трикотаж с квадратиками приклеенные 12-050",12-050,900.0,405.0,495.0,AMBIGUOUS_QTY_OR_AMOUNT,2026-07-24,Склад Жукова,FABRIC_MOVEMENT_H4,FILE-097,r10426
MAT-e9ac843dac30d80e,MAT-e9ac843dac30d80e,"Вечерняя ткань, трикотаж с люрексом бежевая 12-064",12-064,4000.0,2960.0,1040.0,AMBIGUOUS_QTY_OR_AMOUNT,2026-07-24,Склад Жукова,FABRIC_MOVEMENT_H4,FILE-097,r10432
MAT-a008ee9e916230bd,MAT-a008ee9e916230bd,"Вечерняя ткань, трикотаж с люрексом бежевый 12-072",12-072,3000.0,,3000.0,AMBIGUOUS_QTY_OR_AMOUNT,2026-07-24,Склад Жукова,FABRIC_MOVEMENT_H4,FILE-097,r10438
MAT-317fe9eef25cc660,MAT-317fe9eef25cc660,"Вечерняя ткань, трикотаж с люрексом бордовый 12-075",12-075,1500.0,,1500.0,AMBIGUOUS_QTY_OR_AMOUNT,2026-07-24,Склад Жукова,FABRIC_MOVEMENT_H4,FILE-097,r10442
MAT-646a36fc3fb168e6,MAT-646a36fc3fb168e6,"Вечерняя ткань, трикотаж с люрексом серебро 12-071",12-071,3150.0,,3150.0,AMBIGUOUS_QTY_OR_AMOUNT,2026-07-24,Склад Жукова,FABRIC_MOVEMENT_H4,FILE-097,r10446
MAT-c1d7db33fd049726,MAT-c1d7db33fd049726,"Вечерняя ткань, трикотаж с люрексом синий 12-074",12-074,2400.0,900.0,1500.0,AMBIGUOUS_QTY_OR_AMOUNT,2026-07-24,Склад Жукова,FABRIC_MOVEMENT_H4,FILE-097,r10450
MAT-df653e95c011d287,MAT-df653e95c011d287,"Вечерняя ткань, трикотаж с люрексом черный 12-066",12-066,6400.0,1720.0,4680.0,AMBIGUOUS_QTY_OR_AMOUNT,2026-07-24,Склад Жукова,FABRIC_MOVEMENT_H4,FILE-097,r10456
MAT-69c07128463aa31d,MAT-69c07128463aa31d,"Вечерняя ткань, трикотаж с люрексом черный 12-078",12-078,4500.0,1800.0,2700.0,AMBIGUOUS_QTY_OR_AMOUNT,2026-07-24,Склад Жукова,FABRIC_MOVEMENT_H4,FILE-097,r10462
MAT-e30349491ab1d8d4,MAT-e30349491ab1d8d4,"Вечерняя ткань, черные пайетки 12-018",12-018,4250.0,2507.5,1742.5,AMBIGUOUS_QTY_OR_AMOUNT,2026-07-24,Склад Жукова,FABRIC_MOVEMENT_H4,FILE-097,r10476
MAT-ba042ca17d520627,MAT-ba042ca17d520627,"Вечерняя ткань, черные пайетки на сетке 12-021",12-021,36900.0,11400.0,25500.0,AMBIGUOUS_QTY_OR_AMOUNT,2026-07-24,Склад Жукова,FABRIC_MOVEMENT_H4,FILE-097,r10484
MAT-70d7d7ec1640504a,MAT-70d7d7ec1640504a,"Дабл-креп, васильковый 11-009",11-009,5750.0,2300.0,3450.0,AMBIGUOUS_QTY_OR_AMOUNT,2026-07-24,Склад Жукова,FABRIC_MOVEMENT_H4,FILE-097,r10498
MAT-8aef76075bfae8fb,MAT-8aef76075bfae8fb,"Дабл-креп, желтый 11-026",11-026,15870.0,6670.0,9200.0,AMBIGUOUS_QTY_OR_AMOUNT,2026-07-24,Склад Жукова,FABRIC_MOVEMENT_H4,FILE-097,r10504
MAT-5363bd867db6c70d,MAT-5363bd867db6c70d,"Дабл-креп, морская волна 11-008",11-008,5750.0,2300.0,3450.0,AMBIGUOUS_QTY_OR_AMOUNT,2026-07-24,Склад Жукова,FABRIC_MOVEMENT_H4,FILE-097,r10510
MAT-c1eed51a8f760729,MAT-c1eed51a8f760729,"Дабл-креп, розовый 11-027",11-027,16100.0,6900.0,9200.0,AMBIGUOUS_QTY_OR_AMOUNT,2026-07-24,Склад Жукова,FABRIC_MOVEMENT_H4,FILE-097,r10516
MAT-5af612918699e415,MAT-5af612918699e415,"Дабл-креп, светло-серый 11-004",11-004,3450.0,,3450.0,AMBIGUOUS_QTY_OR_AMOUNT,2026-07-24,Склад Жукова,FABRIC_MOVEMENT_H4,FILE-097,r10522
MAT-b78f1b79c5e923e7,MAT-b78f1b79c5e923e7,"Дабл-креп, серый 11-003",11-003,20700.0,5520.0,15180.0,AMBIGUOUS_QTY_OR_AMOUNT,2026-07-24,Склад Жукова,FABRIC_MOVEMENT_H4,FILE-097,r10526
MAT-fbf3752317f3214d,MAT-fbf3752317f3214d,"Дабл-креп, фуксия 11-017",11-017,5750.0,5750.0,,AMBIGUOUS_QTY_OR_AMOUNT,2026-07-24,Склад Жукова,FABRIC_MOVEMENT_H4,FILE-097,r10534
MAT-f7301af9f8e033e0,MAT-f7301af9f8e033e0,"Дабл-креп, черный 11-001",11-001,11500.0,11500.0,,AMBIGUOUS_QTY_OR_AMOUNT,2026-07-24,Склад Жукова,FABRIC_MOVEMENT_H4,FILE-097,r10540
MAT-5a0e85bac14a0491,MAT-5a0e85bac14a0491,"Джерси, черный 23-031",23-031,28444.23,11100.19,17344.04,AMBIGUOUS_QTY_OR_AMOUNT,2026-07-24,Склад Жукова,FABRIC_MOVEMENT_H4,FILE-097,r10548
MAT-f310c62d3ee48aea,MAT-f310c62d3ee48aea,"Джинсовая ткань, молочная 4-042",,14363.9,10259.93,4103.97,AMBIGUOUS_QTY_OR_AMOUNT,2026-07-24,Склад Жукова,FABRIC_MOVEMENT_H4,FILE-097,r10560
MAT-c61a81e930364baf,MAT-c61a81e930364baf,"Джинсовая ткань, черная 4-043",,7290.37,7290.37,,AMBIGUOUS_QTY_OR_AMOUNT,2026-07-24,Склад Жукова,FABRIC_MOVEMENT_H4,FILE-097,r10570
MAT-4c7e7c95a39e352b,MAT-4c7e7c95a39e352b,"Дюшес-дабл, черный 5-014",,5250.0,,5250.0,AMBIGUOUS_QTY_OR_AMOUNT,2026-07-24,Склад Жукова,FABRIC_MOVEMENT_H4,FILE-097,r10584
MAT-5dd2194066ff4722,MAT-5dd2194066ff4722,"Дюшес, золотой 5-019",,7000.0,2100.0,4900.0,AMBIGUOUS_QTY_OR_AMOUNT,2026-07-24,Склад Жукова,FABRIC_MOVEMENT_H4,FILE-097,r10588
MAT-d2967e71bb3582a7,MAT-d2967e71bb3582a7,"Дюшес, сиреневый 5-005",,11000.0,,11000.0,AMBIGUOUS_QTY_OR_AMOUNT,2026-07-24,Склад Жукова,FABRIC_MOVEMENT_H4,FILE-097,r10594
MAT-32dbc4154ad094de,MAT-32dbc4154ad094de,"Дюшес, фиолетовый 5-020",,7000.0,5600.0,1400.0,AMBIGUOUS_QTY_OR_AMOUNT,2026-07-24,Склад Жукова,FABRIC_MOVEMENT_H4,FILE-097,r10598
MAT-5c5ef178fb2078f3,MAT-5c5ef178fb2078f3,"Клеевая средняя, черная 28-002",28-002,501.19,,501.19,AMBIGUOUS_QTY_OR_AMOUNT,2026-07-24,Склад Жукова,FABRIC_MOVEMENT_H4,FILE-097,r10604
MAT-a9304d50d9038147,MAT-a9304d50d9038147,"Кожа натуральная, белая  26-002",26-002,2285.39,1142.69,1142.7,AMBIGUOUS_QTY_OR_AMOUNT,2026-07-24,Склад Жукова,FABRIC_MOVEMENT_H4,FILE-097,r10608
MAT-5f083890e1524877,MAT-5f083890e1524877,"Креп синтетический, бежевый 10А-003",,245.0,,245.0,AMBIGUOUS_QTY_OR_AMOUNT,2026-07-24,Склад Жукова,FABRIC_MOVEMENT_H4,FILE-097,r10618
MAT-5ee6365c596a67e4,MAT-5ee6365c596a67e4,"Креп синтетический, белый 10А-002",,13594.31,6713.24,6881.07,AMBIGUOUS_QTY_OR_AMOUNT,2026-07-24,Склад Жукова,FABRIC_MOVEMENT_H4,FILE-097,r10622
MAT-4448bafd26da7b09,MAT-4448bafd26da7b09,"Креп синтетический, серый 10А-005",,850.0,,850.0,AMBIGUOUS_QTY_OR_AMOUNT,2026-07-24,Склад Жукова,FABRIC_MOVEMENT_H4,FILE-097,r10630
MAT-ff067db6593dcf70,MAT-ff067db6593dcf70,"Креп синтетический, черный 10А-001",,17191.31,17191.31,,AMBIGUOUS_QTY_OR_AMOUNT,2026-07-24,Склад Жукова,FABRIC_MOVEMENT_H4,FILE-097,r10634
MAT-192a1cd91741be32,MAT-192a1cd91741be32,Креп тонкий шерсть черный 10-001,10-001,8243.61,,8243.61,AMBIGUOUS_QTY_OR_AMOUNT,2026-07-24,Склад Жукова,FABRIC_MOVEMENT_H4,FILE-097,r10656
MAT-e671ef782dcfd243,MAT-e671ef782dcfd243,"Креп тонкий шерсть, графит 10-002",10-002,9000.0,5000.0,4000.0,AMBIGUOUS_QTY_OR_AMOUNT,2026-07-24,Склад Жукова,FABRIC_MOVEMENT_H4,FILE-097,r10662
MAT-9a17fa6f0a6a37b2,MAT-9a17fa6f0a6a37b2,"Креп тонкий шерсть, желтый 10-011",10-011,6000.0,2000.0,4000.0,AMBIGUOUS_QTY_OR_AMOUNT,2026-07-24,Склад Жукова,FABRIC_MOVEMENT_H4,FILE-097,r10668
MAT-4f45d1d0e3408d51,MAT-4f45d1d0e3408d51,Кружево белое 13-004,13-004,1650.0,825.0,825.0,AMBIGUOUS_QTY_OR_AMOUNT,2026-07-24,Склад Жукова,FABRIC_MOVEMENT_H4,FILE-097,r10674
MAT-5c9b119ff7ac51f4,MAT-5c9b119ff7ac51f4,"Кружево плотное, бежевый 13-040",13-040,6435.0,1650.0,4785.0,AMBIGUOUS_QTY_OR_AMOUNT,2026-07-24,Склад Жукова,FABRIC_MOVEMENT_H4,FILE-097,r10680
MAT-24de82f3e9081686,MAT-24de82f3e9081686,"Кружево, бежевый 13-041",13-041,5610.0,5610.0,,AMBIGUOUS_QTY_OR_AMOUNT,2026-07-24,Склад Жукова,FABRIC_MOVEMENT_H4,FILE-097,r10686
MAT-b38eaf7a033613aa,MAT-b38eaf7a033613aa,"Кружево, белый 13-061",13-061,10560.0,,10560.0,AMBIGUOUS_QTY_OR_AMOUNT,2026-07-24,Склад Жукова,FABRIC_MOVEMENT_H4,FILE-097,r10694
MAT-963293c8ef0c38f2,MAT-963293c8ef0c38f2,"Кружево, белый 13-097",13-097,16000.0,13400.0,2600.0,AMBIGUOUS_QTY_OR_AMOUNT,2026-07-24,Склад Жукова,FABRIC_MOVEMENT_H4,FILE-097,r10700
MAT-da594eda06de3b65,MAT-da594eda06de3b65,"Кружево, желтый 13-057",13-057,5984.0,,5984.0,AMBIGUOUS_QTY_OR_AMOUNT,2026-07-24,Склад Жукова,FABRIC_MOVEMENT_H4,FILE-097,r10710
MAT-6df388424bf612f8,MAT-6df388424bf612f8,"Кружево, коричневый 13-012",13-012,4620.0,,4620.0,AMBIGUOUS_QTY_OR_AMOUNT,2026-07-24,Склад Жукова,FABRIC_MOVEMENT_H4,FILE-097,r10714
MAT-b047e2a5f7781b64,MAT-b047e2a5f7781b64,"Кружево, морская волна 13-051",13-051,26752.0,,26752.0,AMBIGUOUS_QTY_OR_AMOUNT,2026-07-24,Склад Жукова,FABRIC_MOVEMENT_H4,FILE-097,r10718
MAT-8650f37abccb3c90,MAT-8650f37abccb3c90,"Кружево, светло-бежевый 13-059",13-059,28160.0,19360.0,8800.0,AMBIGUOUS_QTY_OR_AMOUNT,2026-07-24,Склад Жукова,FABRIC_MOVEMENT_H4,FILE-097,r10722
MAT-54453c6cda0e9194,MAT-54453c6cda0e9194,"Кружево, серый 13-048",13-048,23584.0,,23584.0,AMBIGUOUS_QTY_OR_AMOUNT,2026-07-24,Склад Жукова,FABRIC_MOVEMENT_H4,FILE-097,r10736
MAT-fdc1d79f84eb45aa,MAT-fdc1d79f84eb45aa,"Кружево, серый 13-060",13-060,17600.0,,17600.0,AMBIGUOUS_QTY_OR_AMOUNT,2026-07-24,Склад Жукова,FABRIC_MOVEMENT_H4,FILE-097,r10740
MAT-f8ff32f7e33b396f,MAT-f8ff32f7e33b396f,"Кружево, черный 13-031",13-031,12566.87,10406.85,2160.02,AMBIGUOUS_QTY_OR_AMOUNT,2026-07-24,Склад Жукова,FABRIC_MOVEMENT_H4,FILE-097,r10744
MAT-b64d4553b0fa9a08,MAT-b64d4553b0fa9a08,"Кружево, черный 13-034",13-034,6000.0,,6000.0,AMBIGUOUS_QTY_OR_AMOUNT,2026-07-24,Склад Жукова,FABRIC_MOVEMENT_H4,FILE-097,r10766
MAT-aaa1f231fdbee9fa,MAT-aaa1f231fdbee9fa,"Кружево, черный 13-037",13-037,6200.0,6200.0,,AMBIGUOUS_QTY_OR_AMOUNT,2026-07-24,Склад Жукова,FABRIC_MOVEMENT_H4,FILE-097,r10770
MAT-ddcd54ab53a87b62,MAT-ddcd54ab53a87b62,"Кружево, черный 13-046",13-046,2748.94,539.01,2209.93,AMBIGUOUS_QTY_OR_AMOUNT,2026-07-24,Склад Жукова,FABRIC_MOVEMENT_H4,FILE-097,r10776
MAT-4f9e6018fc2c773d,MAT-4f9e6018fc2c773d,"Кружево, черный 13-096",13-096,13800.0,13800.0,,AMBIGUOUS_QTY_OR_AMOUNT,2026-07-24,Склад Жукова,FABRIC_MOVEMENT_H4,FILE-097,r10786
MAT-f8a6071af1ba4a62,MAT-f8a6071af1ba4a62,"Лен молочный, 3-002",,5250.0,5250.0,,AMBIGUOUS_QTY_OR_AMOUNT,2026-07-24,Склад Жукова,FABRIC_MOVEMENT_H4,FILE-097,r10796
MAT-1b1be30be676f923,MAT-1b1be30be676f923,"Мех, дубленка черный  27-004",27-004,109800.0,36600.0,73200.0,AMBIGUOUS_QTY_OR_AMOUNT,2026-07-24,Склад Жукова,FABRIC_MOVEMENT_H4,FILE-097,r10802
MAT-d901f785ca03d610,MAT-d901f785ca03d610,"Мех, дубленка, рыжий  27-007",27-007,247476.92,247476.92,,AMBIGUOUS_QTY_OR_AMOUNT,2026-07-24,Склад Жукова,FABRIC_MOVEMENT_H4,FILE-097,r10808
MAT-80c7fb6eafef61d8,MAT-80c7fb6eafef61d8,"Мех, кролик под шиншиллу 27-003",27-003,13200.0,13200.0,,AMBIGUOUS_QTY_OR_AMOUNT,2026-07-24,Склад Жукова,FABRIC_MOVEMENT_H4,FILE-097,r10822
MAT-4819fe99839f00ff,MAT-4819fe99839f00ff,"Мех, куница 27-005",27-005,91800.0,91800.0,,AMBIGUOUS_QTY_OR_AMOUNT,2026-07-24,Склад Жукова,FABRIC_MOVEMENT_H4,FILE-097,r10828
MAT-60d34b1cc7a3850a,MAT-60d34b1cc7a3850a,"Мех, норка черная стриженная 27-001",27-001,61961.23,61961.23,,AMBIGUOUS_QTY_OR_AMOUNT,2026-07-24,Склад Жукова,FABRIC_MOVEMENT_H4,FILE-097,r10834
MAT-65433a94d708da26,MAT-65433a94d708da26,"Мех, песец 27-006",27-006,24133.33,24133.33,,AMBIGUOUS_QTY_OR_AMOUNT,2026-07-24,Склад Жукова,FABRIC_MOVEMENT_H4,FILE-097,r10848
MAT-04af1b264da7f1eb,MAT-04af1b264da7f1eb,"Мех, чернобурка  27-008",27-008,36000.0,36000.0,,AMBIGUOUS_QTY_OR_AMOUNT,2026-07-24,Склад Жукова,FABRIC_MOVEMENT_H4,FILE-097,r10860
MAT-adabfba49e792528,MAT-adabfba49e792528,"Органза плотная, черный 21-016",21-016,37600.0,37600.0,,AMBIGUOUS_QTY_OR_AMOUNT,2026-07-24,Склад Жукова,FABRIC_MOVEMENT_H4,FILE-097,r10866
MAT-bed7ae7246ce74d7,MAT-bed7ae7246ce74d7,"Органза, серый 21-024",21-024,1680.0,,1680.0,AMBIGUOUS_QTY_OR_AMOUNT,2026-07-24,Склад Жукова,FABRIC_MOVEMENT_H4,FILE-097,r10876
MAT-36d4ee472bfb225f,MAT-36d4ee472bfb225f,"Органза, черный 21-026",21-026,1500.0,1050.0,450.0,AMBIGUOUS_QTY_OR_AMOUNT,2026-07-24,Склад Жукова,FABRIC_MOVEMENT_H4,FILE-097,r10880
MAT-2b30def650c89490,MAT-2b30def650c89490,"Парча, зеленый 15-005",15-005,5200.0,,5200.0,AMBIGUOUS_QTY_OR_AMOUNT,2026-07-24,Склад Жукова,FABRIC_MOVEMENT_H4,FILE-097,r10886
MAT-2afec7569f5eb72a,MAT-2afec7569f5eb72a,"Парча, красный 15-007",15-007,2000.0,,2000.0,AMBIGUOUS_QTY_OR_AMOUNT,2026-07-24,Склад Жукова,FABRIC_MOVEMENT_H4,FILE-097,r10890
MAT-77c6d08f3f2fbcf3,MAT-77c6d08f3f2fbcf3,Плащевка темно-серая 24-001,24-001,3240.0,,3240.0,AMBIGUOUS_QTY_OR_AMOUNT,2026-07-24,Склад Жукова,FABRIC_MOVEMENT_H4,FILE-097,r10894
MAT-5bfd8d2f906c759f,MAT-5bfd8d2f906c759f,"Сетка, бежевый 22-033",22-033,3550.12,412.27,3137.85,AMBIGUOUS_QTY_OR_AMOUNT,2026-07-24,Склад Жукова,FABRIC_MOVEMENT_H4,FILE-097,r10958
MAT-238309b4a078c938,MAT-238309b4a078c938,"Сетка, бежевый 22-057",22-057,1095.0,230.0,865.0,AMBIGUOUS_QTY_OR_AMOUNT,2026-07-24,Склад Жукова,FABRIC_MOVEMENT_H4,FILE-097,r10968
MAT-8b6a4b72e0904e1f,MAT-8b6a4b72e0904e1f,"Сетка, белый 22-031",22-031,5153.4,,5153.4,AMBIGUOUS_QTY_OR_AMOUNT,2026-07-24,Склад Жукова,FABRIC_MOVEMENT_H4,FILE-097,r10974
MAT-6965fb50abd1e5e8,MAT-6965fb50abd1e5e8,"Сетка, зеленый 22-044",22-044,999.5,,999.5,AMBIGUOUS_QTY_OR_AMOUNT,2026-07-24,Склад Жукова,FABRIC_MOVEMENT_H4,FILE-097,r10978
MAT-45a6d4142e8435d3,MAT-45a6d4142e8435d3,"Сетка, молочный 22-052",22-052,500.0,150.0,350.0,AMBIGUOUS_QTY_OR_AMOUNT,2026-07-24,Склад Жукова,FABRIC_MOVEMENT_H4,FILE-097,r10984
MAT-be70d2b12204047d,MAT-be70d2b12204047d,"Сетка, розовый 22-030",22-030,150.0,150.0,,AMBIGUOUS_QTY_OR_AMOUNT,2026-07-24,Склад Жукова,FABRIC_MOVEMENT_H4,FILE-097,r10990
MAT-a24cd28c92535d59,MAT-a24cd28c92535d59,"Сетка, розовый 22-050",22-050,840.0,50.0,790.0,AMBIGUOUS_QTY_OR_AMOUNT,2026-07-24,Склад Жукова,FABRIC_MOVEMENT_H4,FILE-097,r10996
MAT-1584666620b6e892,MAT-1584666620b6e892,"Сетка, розовый 22-053",22-053,100.0,,100.0,AMBIGUOUS_QTY_OR_AMOUNT,2026-07-24,Склад Жукова,FABRIC_MOVEMENT_H4,FILE-097,r11004
MAT-b68e069c32ac66b0,MAT-b68e069c32ac66b0,"Сетка, серо-фиолетовый 22-051",22-051,500.0,500.0,,AMBIGUOUS_QTY_OR_AMOUNT,2026-07-24,Склад Жукова,FABRIC_MOVEMENT_H4,FILE-097,r11008
MAT-908589586feeb8ad,MAT-908589586feeb8ad,"Сетка, серый 22-056",22-056,300.0,100.0,200.0,AMBIGUOUS_QTY_OR_AMOUNT,2026-07-24,Склад Жукова,FABRIC_MOVEMENT_H4,FILE-097,r11016
MAT-1ad2c12389ade77d,MAT-1ad2c12389ade77d,"Сетка, серый 22-062",22-062,1100.0,,1100.0,AMBIGUOUS_QTY_OR_AMOUNT,2026-07-24,Склад Жукова,FABRIC_MOVEMENT_H4,FILE-097,r11022
MAT-12e27d4514a3f6c3,MAT-12e27d4514a3f6c3,"Сетка, синий 22-042",22-042,2500.0,780.0,1720.0,AMBIGUOUS_QTY_OR_AMOUNT,2026-07-24,Склад Жукова,FABRIC_MOVEMENT_H4,FILE-097,r11026
MAT-0467ad36b6968e3c,MAT-0467ad36b6968e3c,"Сетка, телесная 22-060 цвет №9",22-060,1687.5,1181.25,506.25,AMBIGUOUS_QTY_OR_AMOUNT,2026-07-24,Склад Жукова,FABRIC_MOVEMENT_H4,FILE-097,r11034
MAT-1fa687b3e1fdae65,MAT-1fa687b3e1fdae65,"Сетка, темно-серый 22-058 ИТАЛИЯ",22-058,10400.0,7670.0,2730.0,AMBIGUOUS_QTY_OR_AMOUNT,2026-07-24,Склад Жукова,FABRIC_MOVEMENT_H4,FILE-097,r11042
MAT-8af6cda445641305,MAT-8af6cda445641305,"Сетка, темно-синий 22-049",22-049,400.0,,400.0,AMBIGUOUS_QTY_OR_AMOUNT,2026-07-24,Склад Жукова,FABRIC_MOVEMENT_H4,FILE-097,r11052
MAT-4b076b410825f9d0,MAT-4b076b410825f9d0,"Сетка, фиолетовый 22-041",22-041,300.0,300.0,,AMBIGUOUS_QTY_OR_AMOUNT,2026-07-24,Склад Жукова,FABRIC_MOVEMENT_H4,FILE-097,r11056
MAT-7d4f42a0abad261b,MAT-7d4f42a0abad261b,"Сетка, фуксия 22-038",22-038,400.0,,400.0,AMBIGUOUS_QTY_OR_AMOUNT,2026-07-24,Склад Жукова,FABRIC_MOVEMENT_H4,FILE-097,r11062
MAT-f5bcb7b17118c076,MAT-f5bcb7b17118c076,"Сетка, черная горошек 0,5 черная 22-007",22-007,500.0,,500.0,AMBIGUOUS_QTY_OR_AMOUNT,2026-07-24,Склад Жукова,FABRIC_MOVEMENT_H4,FILE-097,r11066
MAT-27b7dd0bdb9c1605,MAT-27b7dd0bdb9c1605,"Сетка, черная пшенка черная 22-005",22-005,500.0,,500.0,AMBIGUOUS_QTY_OR_AMOUNT,2026-07-24,Склад Жукова,FABRIC_MOVEMENT_H4,FILE-097,r11070
MAT-63ab3c756075f606,MAT-63ab3c756075f606,"Сетка, черный 22-011",22-011,458.72,458.72,,AMBIGUOUS_QTY_OR_AMOUNT,2026-07-24,Склад Жукова,FABRIC_MOVEMENT_H4,FILE-097,r11074
MAT-701fff59b1327932,MAT-701fff59b1327932,"Сетка, черный 22-022",22-022,1650.0,1650.0,,AMBIGUOUS_QTY_OR_AMOUNT,2026-07-24,Склад Жукова,FABRIC_MOVEMENT_H4,FILE-097,r11080
MAT-5291dd048a23f84f,MAT-5291dd048a23f84f,"Сетка, черный 22-032",22-032,6532.12,1328.57,5203.55,AMBIGUOUS_QTY_OR_AMOUNT,2026-07-24,Склад Жукова,FABRIC_MOVEMENT_H4,FILE-097,r11086
MAT-51510fcf7ce157f3,MAT-51510fcf7ce157f3,Синтетическая ткань белый эко-шелк 20-015,20-015,10867.58,,10867.58,AMBIGUOUS_QTY_OR_AMOUNT,2026-07-24,Склад Жукова,FABRIC_MOVEMENT_H4,FILE-097,r11096
MAT-b6f0da0e76399099,MAT-b6f0da0e76399099,Синтетическая ткань белый-атлас  20-031,20-031,4875.0,3250.0,1625.0,AMBIGUOUS_QTY_OR_AMOUNT,2026-07-24,Склад Жукова,FABRIC_MOVEMENT_H4,FILE-097,r11102
MAT-2f763377fc3766cf,MAT-2f763377fc3766cf,Синтетическая ткань зеленый эко-шелк 20-024,20-024,600.0,600.0,,AMBIGUOUS_QTY_OR_AMOUNT,2026-07-24,Склад Жукова,FABRIC_MOVEMENT_H4,FILE-097,r11110
MAT-2db8ca73160ec75d,MAT-2db8ca73160ec75d,Синтетическая ткань красный атлас плотный 20-030,20-030,990.0,,990.0,AMBIGUOUS_QTY_OR_AMOUNT,2026-07-24,Склад Жукова,FABRIC_MOVEMENT_H4,FILE-097,r11116
MAT-dd2259da760eb9e4,MAT-dd2259da760eb9e4,Синтетическая ткань черный- атлас плотный 20-028,20-028,3850.0,3850.0,,AMBIGUOUS_QTY_OR_AMOUNT,2026-07-24,Склад Жукова,FABRIC_MOVEMENT_H4,FILE-097,r11120
MAT-525cb7a182ed60c4,MAT-525cb7a182ed60c4,"Синтетическая ткань, черный армани 20-016",20-016,12390.0,4454.5,7935.5,AMBIGUOUS_QTY_OR_AMOUNT,2026-07-24,Склад Жукова,FABRIC_MOVEMENT_H4,FILE-097,r11128
MAT-eee6886a96d035be,MAT-eee6886a96d035be,Трикотаж бежевый тонкий 23-050,23-050,32750.0,,32750.0,AMBIGUOUS_QTY_OR_AMOUNT,2026-07-24,Склад Жукова,FABRIC_MOVEMENT_H4,FILE-097,r11194
MAT-c38f21b7d888f03b,MAT-c38f21b7d888f03b,Трикотаж белый 23-048,23-048,21644.35,21644.35,,AMBIGUOUS_QTY_OR_AMOUNT,2026-07-24,Склад Жукова,FABRIC_MOVEMENT_H4,FILE-097,r11198
MAT-3f2a4ae9d6acc485,MAT-3f2a4ae9d6acc485,Трикотаж горох шерсть 23-055,23-055,5000.0,,5000.0,AMBIGUOUS_QTY_OR_AMOUNT,2026-07-24,Склад Жукова,FABRIC_MOVEMENT_H4,FILE-097,r11208
MAT-882a967e64a4b0c4,MAT-882a967e64a4b0c4,Трикотаж зеленый футболочный 23-056,23-056,5500.0,,5500.0,AMBIGUOUS_QTY_OR_AMOUNT,2026-07-24,Склад Жукова,FABRIC_MOVEMENT_H4,FILE-097,r11212
MAT-00e52bfb325fa9ae,MAT-00e52bfb325fa9ae,Трикотаж молочный 23-039,23-039,2610.0,2610.0,,AMBIGUOUS_QTY_OR_AMOUNT,2026-07-24,Склад Жукова,FABRIC_MOVEMENT_H4,FILE-097,r11216
MAT-f9da3570955dda88,MAT-f9da3570955dda88,Трикотаж розовый футболочный 23-058,23-058,7500.0,,7500.0,AMBIGUOUS_QTY_OR_AMOUNT,2026-07-24,Склад Жукова,FABRIC_MOVEMENT_H4,FILE-097,r11222
MAT-174c6a947c37d980,MAT-174c6a947c37d980,Трикотаж футер белый 23-018,23-018,9000.0,,9000.0,AMBIGUOUS_QTY_OR_AMOUNT,2026-07-24,Склад Жукова,FABRIC_MOVEMENT_H4,FILE-097,r11226
MAT-5b305a22bb658d9c,MAT-5b305a22bb658d9c,Трикотаж футер серый 23-019,23-019,5400.0,,5400.0,AMBIGUOUS_QTY_OR_AMOUNT,2026-07-24,Склад Жукова,FABRIC_MOVEMENT_H4,FILE-097,r11230
MAT-cad16876a617dd28,MAT-cad16876a617dd28,Трикотаж футер черный 23-017,23-017,10500.0,1080.0,9420.0,AMBIGUOUS_QTY_OR_AMOUNT,2026-07-24,Склад Жукова,FABRIC_MOVEMENT_H4,FILE-097,r11234
MAT-e53960bbe66316e7,MAT-e53960bbe66316e7,Трикотаж футер черный 23-030,23-030,12600.0,,12600.0,AMBIGUOUS_QTY_OR_AMOUNT,2026-07-24,Склад Жукова,FABRIC_MOVEMENT_H4,FILE-097,r11240
MAT-c369ac93fa6365c2,MAT-c369ac93fa6365c2,Трикотаж черный 23-049,23-049,18400.0,,18400.0,AMBIGUOUS_QTY_OR_AMOUNT,2026-07-24,Склад Жукова,FABRIC_MOVEMENT_H4,FILE-097,r11244
MAT-ebb07cf3933c2976,MAT-ebb07cf3933c2976,"Трикотаж, бежевый ""кожа ангела"" 23-012",23-012,8100.0,1246.16,6853.84,AMBIGUOUS_QTY_OR_AMOUNT,2026-07-24,Склад Жукова,FABRIC_MOVEMENT_H4,FILE-097,r11248
MAT-6b2773fd9ca87b25,MAT-6b2773fd9ca87b25,"Трикотаж, белый, лапша тонкая 23-061",23-061,2340.0,,2340.0,AMBIGUOUS_QTY_OR_AMOUNT,2026-07-24,Склад Жукова,FABRIC_MOVEMENT_H4,FILE-097,r11258
MAT-c4e5679eaa20e362,MAT-c4e5679eaa20e362,"Трикотаж, бифлекс серый 23-025",23-025,3300.0,3300.0,,AMBIGUOUS_QTY_OR_AMOUNT,2026-07-24,Склад Жукова,FABRIC_MOVEMENT_H4,FILE-097,r11262
MAT-53b295c30970c988,MAT-53b295c30970c988,"Трикотаж, рибана, бежевый 23-068",23-068,900.0,,900.0,AMBIGUOUS_QTY_OR_AMOUNT,2026-07-24,Склад Жукова,FABRIC_MOVEMENT_H4,FILE-097,r11268
MAT-fa51855248a02f3a,MAT-fa51855248a02f3a,"Трикотаж, рибана, голубой 23-069",23-069,4700.0,,4700.0,AMBIGUOUS_QTY_OR_AMOUNT,2026-07-24,Склад Жукова,FABRIC_MOVEMENT_H4,FILE-097,r11272
MAT-6065d4a704f471b3,MAT-6065d4a704f471b3,"Трикотаж, рибана, розовый 23-070",23-070,950.0,,950.0,AMBIGUOUS_QTY_OR_AMOUNT,2026-07-24,Склад Жукова,FABRIC_MOVEMENT_H4,FILE-097,r11276
MAT-ec1b5a5d34c88323,MAT-ec1b5a5d34c88323,"Трикотаж, рибана, серая 23-066",23-066,4000.0,,4000.0,AMBIGUOUS_QTY_OR_AMOUNT,2026-07-24,Склад Жукова,FABRIC_MOVEMENT_H4,FILE-097,r11280
MAT-308e86d4e924d984,MAT-308e86d4e924d984,"Трикотаж, футер розовый 23-079",23-079,1500.0,,1500.0,AMBIGUOUS_QTY_OR_AMOUNT,2026-07-24,Склад Жукова,FABRIC_MOVEMENT_H4,FILE-097,r11284
MAT-405717bdcef485e3,MAT-405717bdcef485e3,"Трикотаж, черный 23-022",23-022,1495.0,1495.0,,AMBIGUOUS_QTY_OR_AMOUNT,2026-07-24,Склад Жукова,FABRIC_MOVEMENT_H4,FILE-097,r11288
MAT-6160121cabfb8d3e,MAT-6160121cabfb8d3e,"Трикотаж, черный, лапша тонкая 23-062",23-062,2600.0,2600.0,,AMBIGUOUS_QTY_OR_AMOUNT,2026-07-24,Склад Жукова,FABRIC_MOVEMENT_H4,FILE-097,r11294
MAT-74ea525c2ae31f44,MAT-74ea525c2ae31f44,Х/Б сатин бежевый однотонный 4-061,,3639.93,3639.93,,AMBIGUOUS_QTY_OR_AMOUNT,2026-07-24,Склад Жукова,FABRIC_MOVEMENT_H4,FILE-097,r11666
MAT-e769952debbb1529,MAT-e769952debbb1529,"Х/Б сатин белый, однотонный 4А-126",,2394.0,2394.0,,AMBIGUOUS_QTY_OR_AMOUNT,2026-07-24,Склад Жукова,FABRIC_MOVEMENT_H4,FILE-097,r11678
MAT-13ca252e85f778c5,MAT-13ca252e85f778c5,"Х/Б сатин белый, принт красная вишня 4А-125",,3328.33,3328.33,,AMBIGUOUS_QTY_OR_AMOUNT,2026-07-24,Склад Жукова,FABRIC_MOVEMENT_H4,FILE-097,r11684
MAT-84042a7570b75f41,MAT-84042a7570b75f41,"Х/Б сатин черный, принт красная вишня 4А-121",,3198.65,3198.65,,AMBIGUOUS_QTY_OR_AMOUNT,2026-07-24,Склад Жукова,FABRIC_MOVEMENT_H4,FILE-097,r11694
MAT-60247a25d01ce204,MAT-60247a25d01ce204,Х/Б Хлопок девочки Y черный 4А-056,,21750.0,8700.0,13050.0,AMBIGUOUS_QTY_OR_AMOUNT,2026-07-24,Склад Жукова,FABRIC_MOVEMENT_H4,FILE-097,r11724
MAT-4eb05edfcb61074a,MAT-4eb05edfcb61074a,Х/Б Хлопок микс средний белый 4А-063,,2175.0,,2175.0,AMBIGUOUS_QTY_OR_AMOUNT,2026-07-24,Склад Жукова,FABRIC_MOVEMENT_H4,FILE-097,r11730
MAT-aff38442649b7af1,MAT-aff38442649b7af1,Х/Б Хлопок микс средний зеленый 4А-069,,47125.0,47125.0,,AMBIGUOUS_QTY_OR_AMOUNT,2026-07-24,Склад Жукова,FABRIC_MOVEMENT_H4,FILE-097,r11734
MAT-49473bedd5b6763e,MAT-49473bedd5b6763e,Х/Б Хлопок микс средний розовый 4А-068,,11600.0,6235.0,5365.0,AMBIGUOUS_QTY_OR_AMOUNT,2026-07-24,Склад Жукова,FABRIC_MOVEMENT_H4,FILE-097,r11744
MAT-a49389b0e394d8dc,MAT-a49389b0e394d8dc,Х/Б Хлопок микс средний синий 4А-066,,7250.0,,7250.0,AMBIGUOUS_QTY_OR_AMOUNT,2026-07-24,Склад Жукова,FABRIC_MOVEMENT_H4,FILE-097,r11750
MAT-35107e591673f1f2,MAT-35107e591673f1f2,Х/Б Хлопок микс средний черный 4А-064,,7975.0,725.0,7250.0,AMBIGUOUS_QTY_OR_AMOUNT,2026-07-24,Склад Жукова,FABRIC_MOVEMENT_H4,FILE-097,r11754
MAT-e47b0156fa1a00a5,MAT-e47b0156fa1a00a5,Х/Б Хлопок полоски роз/зел/роз 4А-074,,4443.75,,4443.75,AMBIGUOUS_QTY_OR_AMOUNT,2026-07-24,Склад Жукова,FABRIC_MOVEMENT_H4,FILE-097,r11762
MAT-ce78f3faf2aec621,MAT-ce78f3faf2aec621,"Х/Б Хлопок полоски черн/бел/черн 1,2/2/1,2 4А-071",,14500.0,,14500.0,AMBIGUOUS_QTY_OR_AMOUNT,2026-07-24,Склад Жукова,FABRIC_MOVEMENT_H4,FILE-097,r11766
MAT-70f54d9bf4bcf17b,MAT-70f54d9bf4bcf17b,Х/Бхлопок белый однотонный 4-055,,2902.73,2177.04,725.69,AMBIGUOUS_QTY_OR_AMOUNT,2026-07-24,Склад Жукова,FABRIC_MOVEMENT_H4,FILE-097,r11888
MAT-06c2e7a395056371,MAT-06c2e7a395056371,"Хлопок белый, 4-054",,6000.0,2200.0,3800.0,AMBIGUOUS_QTY_OR_AMOUNT,2026-07-24,Склад Жукова,FABRIC_MOVEMENT_H4,FILE-097,r11896
MAT-b940e65ef697aeee,MAT-b940e65ef697aeee,"Хлопок молочный, 4-051",,3000.0,3000.0,,AMBIGUOUS_QTY_OR_AMOUNT,2026-07-24,Склад Жукова,FABRIC_MOVEMENT_H4,FILE-097,r11908
MAT-5cda752a5fe7d231,MAT-5cda752a5fe7d231,"Хлопок темно-синий, 4-038",,800.0,800.0,,AMBIGUOUS_QTY_OR_AMOUNT,2026-07-24,Склад Жукова,FABRIC_MOVEMENT_H4,FILE-097,r11918
MAT-dd19a136d1485ef8,MAT-dd19a136d1485ef8,"Шелк белый, принт ""Y"" в ряд серые с черным 17A-057",,23200.0,23200.0,,AMBIGUOUS_QTY_OR_AMOUNT,2026-07-24,Склад Жукова,FABRIC_MOVEMENT_H4,FILE-097,r11946
MAT-b994f4487d2be3fb,MAT-b994f4487d2be3fb,"Шелк белый, принт грибы 17A-012",,7250.0,7250.0,,AMBIGUOUS_QTY_OR_AMOUNT,2026-07-24,Склад Жукова,FABRIC_MOVEMENT_H4,FILE-097,r11952
MAT-aaebb11745e99810,MAT-aaebb11745e99810,"Шелк белый, принт деревья, феечки 17А-067",,34110.0,21603.0,12507.0,AMBIGUOUS_QTY_OR_AMOUNT,2026-07-24,Склад Жукова,FABRIC_MOVEMENT_H4,FILE-097,r11958
MAT-193db19363a47a63,MAT-193db19363a47a63,"Шелк белый, принт капли сине-голубые деград 17A-033       деграде голубые с синим",,47740.0,3100.0,44640.0,AMBIGUOUS_QTY_OR_AMOUNT,2026-07-24,Склад Жукова,FABRIC_MOVEMENT_H4,FILE-097,r11964
MAT-a53ae1de11dde0b8,MAT-a53ae1de11dde0b8,"Шелк белый, принт лошади 17А-065",,67528.43,45944.0,21584.43,AMBIGUOUS_QTY_OR_AMOUNT,2026-07-24,Склад Жукова,FABRIC_MOVEMENT_H4,FILE-097,r11970
MAT-39a2db26ff74453a,MAT-39a2db26ff74453a,"Шелк белый, принт микс крупный 17A-029",,11020.0,11020.0,,AMBIGUOUS_QTY_OR_AMOUNT,2026-07-24,Склад Жукова,FABRIC_MOVEMENT_H4,FILE-097,r11992
MAT-8cbb81c9191669ab,MAT-8cbb81c9191669ab,"Шелк белый, принт микс средний 17A-018",,7347.0,,7347.0,AMBIGUOUS_QTY_OR_AMOUNT,2026-07-24,Склад Жукова,FABRIC_MOVEMENT_H4,FILE-097,r12000
MAT-1025e021b8a558f6,MAT-1025e021b8a558f6,"Шелк белый, принт оранжевый хаотичные ""Y"" 17A-017",,11600.0,11600.0,,AMBIGUOUS_QTY_OR_AMOUNT,2026-07-24,Склад Жукова,FABRIC_MOVEMENT_H4,FILE-097,r12006
MAT-fd6d1d2d2f8bdbda,MAT-fd6d1d2d2f8bdbda,"Шелк белый, принт перчики, 17А-060",,127520.11,112749.44,14770.67,AMBIGUOUS_QTY_OR_AMOUNT,2026-07-24,Склад Жукова,FABRIC_MOVEMENT_H4,FILE-097,r12012
MAT-8420af1fbd60e60d,MAT-8420af1fbd60e60d,"Шелк белый, принт полоски серые 17A-055",,4350.0,4350.0,,AMBIGUOUS_QTY_OR_AMOUNT,2026-07-24,Склад Жукова,FABRIC_MOVEMENT_H4,FILE-097,r12024
MAT-7a414e3724a48628,MAT-7a414e3724a48628,"Шелк белый, принт серый хаотичные ""Y"" 17A-016",,4350.0,,4350.0,AMBIGUOUS_QTY_OR_AMOUNT,2026-07-24,Склад Жукова,FABRIC_MOVEMENT_H4,FILE-097,r12030
MAT-f4b1ad7080c7c74c,MAT-f4b1ad7080c7c74c,"Шелк белый, принт черный ""Y"" + балерины 17A-014",,8700.0,8700.0,,AMBIGUOUS_QTY_OR_AMOUNT,2026-07-24,Склад Жукова,FABRIC_MOVEMENT_H4,FILE-097,r12034
MAT-7ed5733c7b54f959,MAT-7ed5733c7b54f959,"Шелк бирюзовый, принт микс средний 17A-021",,7750.0,4650.0,3100.0,AMBIGUOUS_QTY_OR_AMOUNT,2026-07-24,Склад Жукова,FABRIC_MOVEMENT_H4,FILE-097,r12040
MAT-ee669282dba3844d,MAT-ee669282dba3844d,"Шелк голубой, принт микс средний 17A-022",,4350.0,4350.0,,AMBIGUOUS_QTY_OR_AMOUNT,2026-07-24,Склад Жукова,FABRIC_MOVEMENT_H4,FILE-097,r12046
MAT-52ea94aed6fc240d,MAT-52ea94aed6fc240d,"Шелк зеленый, принт микс средний 17A-025",,2900.0,,2900.0,AMBIGUOUS_QTY_OR_AMOUNT,2026-07-24,Склад Жукова,FABRIC_MOVEMENT_H4,FILE-097,r12052
MAT-7b60ead573e2b8e1,MAT-7b60ead573e2b8e1,Шелк кайма белый-черный-белый 17A-043,,3720.0,,3720.0,AMBIGUOUS_QTY_OR_AMOUNT,2026-07-24,Склад Жукова,FABRIC_MOVEMENT_H4,FILE-097,r12056
MAT-812f95d5acf4775b,MAT-812f95d5acf4775b,Шелк кайма черный-белый-черный 17A-044,,6820.0,,6820.0,AMBIGUOUS_QTY_OR_AMOUNT,2026-07-24,Склад Жукова,FABRIC_MOVEMENT_H4,FILE-097,r12060
MAT-91e5079b41eb1777,MAT-91e5079b41eb1777,"Шелк красный, принт микс средний 17A-023",,26100.0,10150.0,15950.0,AMBIGUOUS_QTY_OR_AMOUNT,2026-07-24,Склад Жукова,FABRIC_MOVEMENT_H4,FILE-097,r12064
MAT-21d272711908cbd7,MAT-21d272711908cbd7,"Шелк мятный, принт лошади 17А-063",,18500.94,7092.03,11408.91,AMBIGUOUS_QTY_OR_AMOUNT,2026-07-24,Склад Жукова,FABRIC_MOVEMENT_H4,FILE-097,r12074
MAT-4e0bd0078e73cf41,MAT-4e0bd0078e73cf41,"Шелк принт синие капли деграде, 17A-031",,32395.0,32395.0,,AMBIGUOUS_QTY_OR_AMOUNT,2026-07-24,Склад Жукова,FABRIC_MOVEMENT_H4,FILE-097,r12080
MAT-1319e604f80830d6,MAT-1319e604f80830d6,"Шелк розовый, принт деревья, феечки 17А-068",,30320.0,25014.0,5306.0,AMBIGUOUS_QTY_OR_AMOUNT,2026-07-24,Склад Жукова,FABRIC_MOVEMENT_H4,FILE-097,r12090
MAT-c86c7d16d82ea1d9,MAT-c86c7d16d82ea1d9,"Шелк розовый, принт лошади 17А-064",,18501.0,11717.3,6783.7,AMBIGUOUS_QTY_OR_AMOUNT,2026-07-24,Склад Жукова,FABRIC_MOVEMENT_H4,FILE-097,r12096
MAT-7d09681671fb8964,MAT-7d09681671fb8964,"Шелк розовый, принт микс крупный 17A-028",,4350.0,4350.0,,AMBIGUOUS_QTY_OR_AMOUNT,2026-07-24,Склад Жукова,FABRIC_MOVEMENT_H4,FILE-097,r12102
MAT-4e3dfeeba5d58198,MAT-4e3dfeeba5d58198,"Шелк розовый, принт микс средний 17A-024",,49010.0,,49010.0,AMBIGUOUS_QTY_OR_AMOUNT,2026-07-24,Склад Жукова,FABRIC_MOVEMENT_H4,FILE-097,r12108
MAT-c5e3d32407ee7154,MAT-c5e3d32407ee7154,"Шелк серый с розовым, принт крупные разводы 17A-004",,9870.0,,9870.0,AMBIGUOUS_QTY_OR_AMOUNT,2026-07-24,Склад Жукова,FABRIC_MOVEMENT_H4,FILE-097,r12112
MAT-5ed08087ecd6b06b,MAT-5ed08087ecd6b06b,"Шелк серый, принт цветок 17A-049",,26825.0,9570.0,17255.0,AMBIGUOUS_QTY_OR_AMOUNT,2026-07-24,Склад Жукова,FABRIC_MOVEMENT_H4,FILE-097,r12118
MAT-2dfaf5c0db9fce5f,MAT-2dfaf5c0db9fce5f,"Шелк синий, принт грибы 17A-011",,10150.0,10150.0,,AMBIGUOUS_QTY_OR_AMOUNT,2026-07-24,Склад Жукова,FABRIC_MOVEMENT_H4,FILE-097,r12128
MAT-51b3d8b515080a5d,MAT-51b3d8b515080a5d,"Шелк синий, принт мелкие девочки 17A-006",,5400.0,3780.0,1620.0,AMBIGUOUS_QTY_OR_AMOUNT,2026-07-24,Склад Жукова,FABRIC_MOVEMENT_H4,FILE-097,r12134
MAT-c38abb429ac20930,MAT-c38abb429ac20930,"Шелк синий, принт микс средний 17A-020",,38750.0,36580.0,2170.0,AMBIGUOUS_QTY_OR_AMOUNT,2026-07-24,Склад Жукова,FABRIC_MOVEMENT_H4,FILE-097,r12140
MAT-51a6172489bad6d3,MAT-51a6172489bad6d3,"Шелк фуксия, принт цветок 17A-048",,20126.0,7946.0,12180.0,AMBIGUOUS_QTY_OR_AMOUNT,2026-07-24,Склад Жукова,FABRIC_MOVEMENT_H4,FILE-097,r12150
MAT-4703b3512acfd2f6,MAT-4703b3512acfd2f6,"Шелк черный, принт белый  горох 17A-007",,23220.0,,23220.0,AMBIGUOUS_QTY_OR_AMOUNT,2026-07-24,Склад Жукова,FABRIC_MOVEMENT_H4,FILE-097,r12158
MAT-def3318829ea7496,MAT-def3318829ea7496,"Шелк черный, принт белый ""Y"" + балерины 17A-013",,36580.0,,36580.0,AMBIGUOUS_QTY_OR_AMOUNT,2026-07-24,Склад Жукова,FABRIC_MOVEMENT_H4,FILE-097,r12162
MAT-1393e042b5d4dbc6,MAT-1393e042b5d4dbc6,"Шелк черный, принт белый ""Y"" + девочки 17A-059",,85550.0,,85550.0,AMBIGUOUS_QTY_OR_AMOUNT,2026-07-24,Склад Жукова,FABRIC_MOVEMENT_H4,FILE-097,r12166
MAT-74aad9fea6431fa6,MAT-74aad9fea6431fa6,"Шелк черный, принт белый хаотичные ""Y"" 17А-015",,18600.0,8060.0,10540.0,AMBIGUOUS_QTY_OR_AMOUNT,2026-07-24,Склад Жукова,FABRIC_MOVEMENT_H4,FILE-097,r12170
MAT-4f0cb76a116d00fa,MAT-4f0cb76a116d00fa,"Шелк черный, принт грибы 17A-010",,55100.0,,55100.0,AMBIGUOUS_QTY_OR_AMOUNT,2026-07-24,Склад Жукова,FABRIC_MOVEMENT_H4,FILE-097,r12176
MAT-541bde1e0b99e3f0,MAT-541bde1e0b99e3f0,"Шелк черный, принт капли цветные деграде 17A-032",,8680.0,,8680.0,AMBIGUOUS_QTY_OR_AMOUNT,2026-07-24,Склад Жукова,FABRIC_MOVEMENT_H4,FILE-097,r12182
MAT-0e794a95a2a2401c,MAT-0e794a95a2a2401c,"Шелк черный, принт микс крупный 17A-026",,27840.0,10440.0,17400.0,AMBIGUOUS_QTY_OR_AMOUNT,2026-07-24,Склад Жукова,FABRIC_MOVEMENT_H4,FILE-097,r12186
MAT-95e4de85d6f2e728,MAT-95e4de85d6f2e728,"Шелк черный, принт микс средний 17A-019",,24650.0,15950.0,8700.0,AMBIGUOUS_QTY_OR_AMOUNT,2026-07-24,Склад Жукова,FABRIC_MOVEMENT_H4,FILE-097,r12196
MAT-bc23831beb96cec9,MAT-bc23831beb96cec9,"Шелк черный, принт цветок 17A-047",,26245.0,10295.0,15950.0,AMBIGUOUS_QTY_OR_AMOUNT,2026-07-24,Склад Жукова,FABRIC_MOVEMENT_H4,FILE-097,r12206
MAT-79d241e10bbc18a4,MAT-79d241e10bbc18a4,"Шелк-кади, морская волна 16А-007",,5000.0,250.0,4750.0,AMBIGUOUS_QTY_OR_AMOUNT,2026-07-24,Склад Жукова,FABRIC_MOVEMENT_H4,FILE-097,r12214
MAT-1f4790e27e85924e,MAT-1f4790e27e85924e,"Шелк, бежевый в горох 17-007",17-007,2500.0,2500.0,,AMBIGUOUS_QTY_OR_AMOUNT,2026-07-24,Склад Жукова,FABRIC_MOVEMENT_H4,FILE-097,r12220
MAT-1f7e82629d9eee6a,MAT-1f7e82629d9eee6a,"Шелк, белый 16-001",16-001,24963.29,22700.99,2262.3,AMBIGUOUS_QTY_OR_AMOUNT,2026-07-24,Склад Жукова,FABRIC_MOVEMENT_H4,FILE-097,r12226
MAT-ef55d34f3fc6de8c,MAT-ef55d34f3fc6de8c,"Шелк, белый в крупный горох 17-002",17-002,2000.0,2000.0,,AMBIGUOUS_QTY_OR_AMOUNT,2026-07-24,Склад Жукова,FABRIC_MOVEMENT_H4,FILE-097,r12242
MAT-c1bb816136bb4d3e,MAT-c1bb816136bb4d3e,"Шелк, белый с принтом ""черные ласточки"" 17A-054",,43500.0,37700.0,5800.0,AMBIGUOUS_QTY_OR_AMOUNT,2026-07-24,Склад Жукова,FABRIC_MOVEMENT_H4,FILE-097,r12248
MAT-97ebe207a35c851c,MAT-97ebe207a35c851c,"Шелк, бирюзовый 16-022",16-022,5500.0,2200.0,3300.0,AMBIGUOUS_QTY_OR_AMOUNT,2026-07-24,Склад Жукова,FABRIC_MOVEMENT_H4,FILE-097,r12256
MAT-7df09e7697b8d47f,MAT-7df09e7697b8d47f,"Шелк, бирюзовый 16-041",16-041,2080.0,,2080.0,AMBIGUOUS_QTY_OR_AMOUNT,2026-07-24,Склад Жукова,FABRIC_MOVEMENT_H4,FILE-097,r12264
MAT-c0caa85e76eb24de,MAT-c0caa85e76eb24de,"Шелк, бордовый 16-044",16-044,4800.0,2240.0,2560.0,AMBIGUOUS_QTY_OR_AMOUNT,2026-07-24,Склад Жукова,FABRIC_MOVEMENT_H4,FILE-097,r12268
MAT-8c682ba3a3c380fd,MAT-8c682ba3a3c380fd,"Шелк, голубой 16-017",16-017,5250.0,,5250.0,AMBIGUOUS_QTY_OR_AMOUNT,2026-07-24,Склад Жукова,FABRIC_MOVEMENT_H4,FILE-097,r12274
MAT-573d1f34641ca786,MAT-573d1f34641ca786,"Шелк, голубой 16-018",16-018,4500.0,4500.0,,AMBIGUOUS_QTY_OR_AMOUNT,2026-07-24,Склад Жукова,FABRIC_MOVEMENT_H4,FILE-097,r12278
MAT-f8d9d932f087d791,MAT-f8d9d932f087d791,"Шелк, голубой 16-019",16-019,4050.0,,4050.0,AMBIGUOUS_QTY_OR_AMOUNT,2026-07-24,Склад Жукова,FABRIC_MOVEMENT_H4,FILE-097,r12284
MAT-d3d5d8905c7ae657,MAT-d3d5d8905c7ae657,"Шелк, желтый 16-029",16-029,15000.0,3750.0,11250.0,AMBIGUOUS_QTY_OR_AMOUNT,2026-07-24,Склад Жукова,FABRIC_MOVEMENT_H4,FILE-097,r12290
MAT-4871f1a70e051a15,MAT-4871f1a70e051a15,"Шелк, желтый 16-030",16-030,7500.0,,7500.0,AMBIGUOUS_QTY_OR_AMOUNT,2026-07-24,Склад Жукова,FABRIC_MOVEMENT_H4,FILE-097,r12296
MAT-de39fbd8cd15d3ae,MAT-de39fbd8cd15d3ae,"Шелк, зеленый 16-035",16-035,4364.64,4364.64,,AMBIGUOUS_QTY_OR_AMOUNT,2026-07-24,Склад Жукова,FABRIC_MOVEMENT_H4,FILE-097,r12300
MAT-30670513cb29d66b,MAT-30670513cb29d66b,"Шелк, золотой 16-009",16-009,7500.0,,7500.0,AMBIGUOUS_QTY_OR_AMOUNT,2026-07-24,Склад Жукова,FABRIC_MOVEMENT_H4,FILE-097,r12308
MAT-0e009b63169653e0,MAT-0e009b63169653e0,"Шелк, капли деграде золото 17A-052",,86800.0,,86800.0,AMBIGUOUS_QTY_OR_AMOUNT,2026-07-24,Склад Жукова,FABRIC_MOVEMENT_H4,FILE-097,r12314
MAT-73932b2ceda8b644,MAT-73932b2ceda8b644,"Шелк, красный 16-037",16-037,12000.0,12000.0,,AMBIGUOUS_QTY_OR_AMOUNT,2026-07-24,Склад Жукова,FABRIC_MOVEMENT_H4,FILE-097,r12318
MAT-a5857b239bff38a0,MAT-a5857b239bff38a0,"Шелк, красный, без стрейча 16-040",16-040,18750.0,,18750.0,AMBIGUOUS_QTY_OR_AMOUNT,2026-07-24,Склад Жукова,FABRIC_MOVEMENT_H4,FILE-097,r12326
MAT-b6c66bdd6688bf8a,MAT-b6c66bdd6688bf8a,"Шелк, принт папайя, 17А-061",,114991.22,79759.87,35231.35,AMBIGUOUS_QTY_OR_AMOUNT,2026-07-24,Склад Жукова,FABRIC_MOVEMENT_H4,FILE-097,r12330
MAT-1fc40a8c56bbda68,MAT-1fc40a8c56bbda68,"Шелк, розовый 16-023",16-023,13279.2,2803.39,10475.81,AMBIGUOUS_QTY_OR_AMOUNT,2026-07-24,Склад Жукова,FABRIC_MOVEMENT_H4,FILE-097,r12338
MAT-5086d4436d233847,MAT-5086d4436d233847,"Шелк, светло-серый 16-003",16-003,25200.0,8000.0,17200.0,AMBIGUOUS_QTY_OR_AMOUNT,2026-07-24,Склад Жукова,FABRIC_MOVEMENT_H4,FILE-097,r12348
MAT-b0386d947ab35570,MAT-b0386d947ab35570,"Шелк, светло-серый 16-004",16-004,12800.0,12800.0,,AMBIGUOUS_QTY_OR_AMOUNT,2026-07-24,Склад Жукова,FABRIC_MOVEMENT_H4,FILE-097,r12358
MAT-d59d438da3147996,MAT-d59d438da3147996,"Шелк, серый 16-005",16-005,7500.0,2250.0,5250.0,AMBIGUOUS_QTY_OR_AMOUNT,2026-07-24,Склад Жукова,FABRIC_MOVEMENT_H4,FILE-097,r12368
MAT-9d5053f2f927b64c,MAT-9d5053f2f927b64c,"Шелк, серый 16-006",16-006,34500.0,,34500.0,AMBIGUOUS_QTY_OR_AMOUNT,2026-07-24,Склад Жукова,FABRIC_MOVEMENT_H4,FILE-097,r12376
MAT-c1fd4f187f18e5c0,MAT-c1fd4f187f18e5c0,"Шелк, синий 16-039",16-039,15000.0,13200.0,1800.0,AMBIGUOUS_QTY_OR_AMOUNT,2026-07-24,Склад Жукова,FABRIC_MOVEMENT_H4,FILE-097,r12384
MAT-63f5580d1ff019cf,MAT-63f5580d1ff019cf,"Шелк, синий 16-050",16-050,12800.0,12800.0,,AMBIGUOUS_QTY_OR_AMOUNT,2026-07-24,Склад Жукова,FABRIC_MOVEMENT_H4,FILE-097,r12394
MAT-e0f8bc89962227cd,MAT-e0f8bc89962227cd,"Шелк, телесный 16-008",16-008,2900.0,,2900.0,AMBIGUOUS_QTY_OR_AMOUNT,2026-07-24,Склад Жукова,FABRIC_MOVEMENT_H4,FILE-097,r12410
MAT-cbeb8e8e19e6bd9c,MAT-cbeb8e8e19e6bd9c,"Шелк, телесный 16-010",16-010,42900.0,10650.0,32250.0,AMBIGUOUS_QTY_OR_AMOUNT,2026-07-24,Склад Жукова,FABRIC_MOVEMENT_H4,FILE-097,r12414
MAT-3d72c9903af45f11,MAT-3d72c9903af45f11,"Шелк, телесный 16-011",16-011,5400.0,5400.0,,AMBIGUOUS_QTY_OR_AMOUNT,2026-07-24,Склад Жукова,FABRIC_MOVEMENT_H4,FILE-097,r12422
MAT-bd8cf23b18e6b863,MAT-bd8cf23b18e6b863,"Шелк, темно-синий 16-021",16-021,17600.0,16800.0,800.0,AMBIGUOUS_QTY_OR_AMOUNT,2026-07-24,Склад Жукова,FABRIC_MOVEMENT_H4,FILE-097,r12428
MAT-29fc7e5577994ef7,MAT-29fc7e5577994ef7,"Шелк, темно-синий 16-043",16-043,10400.0,7200.0,3200.0,AMBIGUOUS_QTY_OR_AMOUNT,2026-07-24,Склад Жукова,FABRIC_MOVEMENT_H4,FILE-097,r12436
MAT-b0fb8e36aad167e4,MAT-b0fb8e36aad167e4,"Шелк, темно-телесный 16-012",16-012,11250.0,8550.0,2700.0,AMBIGUOUS_QTY_OR_AMOUNT,2026-07-24,Склад Жукова,FABRIC_MOVEMENT_H4,FILE-097,r12444
MAT-b0b9c079510da7b2,MAT-b0b9c079510da7b2,"Шелк, фиолетовый 16-036",16-036,14175.0,11850.0,2325.0,AMBIGUOUS_QTY_OR_AMOUNT,2026-07-24,Склад Жукова,FABRIC_MOVEMENT_H4,FILE-097,r12454
MAT-9d6a66e368d19b37,MAT-9d6a66e368d19b37,"Шелк, фуксия 16-024",16-024,4800.0,,4800.0,AMBIGUOUS_QTY_OR_AMOUNT,2026-07-24,Склад Жукова,FABRIC_MOVEMENT_H4,FILE-097,r12470
MAT-ea20a9e4d2fdeddf,MAT-ea20a9e4d2fdeddf,"Шелк, черный 16-038",16-038,105303.78,94816.35,10487.43,AMBIGUOUS_QTY_OR_AMOUNT,2026-07-24,Склад Жукова,FABRIC_MOVEMENT_H4,FILE-097,r12474
MAT-0e1360f0f5b7c71c,MAT-0e1360f0f5b7c71c,"Шелк, черный в крупный горох 17-001",17-001,2000.0,2000.0,,AMBIGUOUS_QTY_OR_AMOUNT,2026-07-24,Склад Жукова,FABRIC_MOVEMENT_H4,FILE-097,r12526
MAT-3252d81be6a86133,MAT-3252d81be6a86133,"Шелк, черный с принтом ""белая Y"" 17А-008",,63346.93,60995.91,2351.02,AMBIGUOUS_QTY_OR_AMOUNT,2026-07-24,Склад Жукова,FABRIC_MOVEMENT_H4,FILE-097,r12532
MAT-130afe98089bbba7,MAT-130afe98089bbba7,"Шелк, черный с принтом ""белые ласточки"" 17A-053",,43500.0,39150.0,4350.0,AMBIGUOUS_QTY_OR_AMOUNT,2026-07-24,Склад Жукова,FABRIC_MOVEMENT_H4,FILE-097,r12552
MAT-6e3448e2e841f544,MAT-6e3448e2e841f544,"Шерсть пальтовая, бежевый 9-009",,12000.0,7500.0,4500.0,AMBIGUOUS_QTY_OR_AMOUNT,2026-07-24,Склад Жукова,FABRIC_MOVEMENT_H4,FILE-097,r12560
MAT-fe7d8e9b0c4ca0e4,MAT-fe7d8e9b0c4ca0e4,"Шерсть пальтовая, коричневый 9-003",,12000.0,9000.0,3000.0,AMBIGUOUS_QTY_OR_AMOUNT,2026-07-24,Склад Жукова,FABRIC_MOVEMENT_H4,FILE-097,r12566
MAT-e3c4dd69dbd4c688,MAT-e3c4dd69dbd4c688,"Шерсть пальтовая, розовый 9-032",,2250.0,50.0,2200.0,AMBIGUOUS_QTY_OR_AMOUNT,2026-07-24,Склад Жукова,FABRIC_MOVEMENT_H4,FILE-097,r12572
MAT-3c45fc43d70c3e12,MAT-3c45fc43d70c3e12,"Шерсть пальтовая, серый  9-030",,17400.0,13920.0,3480.0,AMBIGUOUS_QTY_OR_AMOUNT,2026-07-24,Склад Жукова,FABRIC_MOVEMENT_H4,FILE-097,r12578
MAT-7c9e82486f20bc68,MAT-7c9e82486f20bc68,"Шерсть пальтовая, серый в полоску 9-024",,9750.0,9750.0,,AMBIGUOUS_QTY_OR_AMOUNT,2026-07-24,Склад Жукова,FABRIC_MOVEMENT_H4,FILE-097,r12586
MAT-a4c2aa9985cefb64,MAT-a4c2aa9985cefb64,"Шерсть пальтовая, серый ёлочка 9-027",,33432.0,21062.16,12369.84,AMBIGUOUS_QTY_OR_AMOUNT,2026-07-24,Склад Жукова,FABRIC_MOVEMENT_H4,FILE-097,r12592
MAT-6933f3c40da37926,MAT-6933f3c40da37926,"Шерсть пальтовая, синий 9-031",,5635.0,,5635.0,AMBIGUOUS_QTY_OR_AMOUNT,2026-07-24,Склад Жукова,FABRIC_MOVEMENT_H4,FILE-097,r12600
MAT-0209b474d43bf5e3,MAT-0209b474d43bf5e3,"Шерсть пальтовая, темно-бежевый 9-008",,10500.0,10500.0,,AMBIGUOUS_QTY_OR_AMOUNT,2026-07-24,Склад Жукова,FABRIC_MOVEMENT_H4,FILE-097,r12604
MAT-0aeddfb4a95f9794,MAT-0aeddfb4a95f9794,"Шерсть пальтовая, темно-синий 9-020",,15600.0,10500.0,5100.0,AMBIGUOUS_QTY_OR_AMOUNT,2026-07-24,Склад Жукова,FABRIC_MOVEMENT_H4,FILE-097,r12610
MAT-31dd3c98f8dabb29,MAT-31dd3c98f8dabb29,"Шерсть пальтовая, черный 9-001",,25500.0,18000.0,7500.0,AMBIGUOUS_QTY_OR_AMOUNT,2026-07-24,Склад Жукова,FABRIC_MOVEMENT_H4,FILE-097,r12616
MAT-e39316f3da1404c0,MAT-e39316f3da1404c0,"Шерсть пальтовая, черный 9-028",,107241.89,53895.92,53345.97,AMBIGUOUS_QTY_OR_AMOUNT,2026-07-24,Склад Жукова,FABRIC_MOVEMENT_H4,FILE-097,r12622
MAT-44fbc177983f842c,MAT-44fbc177983f842c,"Шерсть пальтовая, черный 9-029",,25520.0,20880.0,4640.0,AMBIGUOUS_QTY_OR_AMOUNT,2026-07-24,Склад Жукова,FABRIC_MOVEMENT_H4,FILE-097,r12634
MAT-7678e1f94f6da143,MAT-7678e1f94f6da143,"Шерсть пальтовая, ярко-синий 9-006",,7200.0,7200.0,,AMBIGUOUS_QTY_OR_AMOUNT,2026-07-24,Склад Жукова,FABRIC_MOVEMENT_H4,FILE-097,r12658
MAT-ac5f6376ad2a7976,MAT-ac5f6376ad2a7976,"Шерсть, в полоску 8-006",,6000.0,6000.0,,AMBIGUOUS_QTY_OR_AMOUNT,2026-07-24,Склад Жукова,FABRIC_MOVEMENT_H4,FILE-097,r12664
MAT-7ca83411551bd8d9,MAT-7ca83411551bd8d9,"Шерсть, серый в полоску 8-007",,7300.0,3300.0,4000.0,AMBIGUOUS_QTY_OR_AMOUNT,2026-07-24,Склад Жукова,FABRIC_MOVEMENT_H4,FILE-097,r12670
MAT-e9af26c601515b5f,MAT-e9af26c601515b5f,"Шерсть, черно-белый леопард 8-043",,9000.0,4600.0,4400.0,AMBIGUOUS_QTY_OR_AMOUNT,2026-07-24,Склад Жукова,FABRIC_MOVEMENT_H4,FILE-097,r12676
MAT-60a7d4d47a085340,MAT-60a7d4d47a085340,Шифон авторский гдевочки синий 19A-020,,10000.0,5000.0,5000.0,AMBIGUOUS_QTY_OR_AMOUNT,2026-07-24,Склад Жукова,FABRIC_MOVEMENT_H4,FILE-097,r12682
MAT-c8550165c47be61f,MAT-c8550165c47be61f,Шифон авторский гортензия 19A-018,,33110.0,33110.0,,AMBIGUOUS_QTY_OR_AMOUNT,2026-07-24,Склад Жукова,FABRIC_MOVEMENT_H4,FILE-097,r12688
MAT-ae384516ee6fdea0,MAT-ae384516ee6fdea0,Шифон авторский гортензия 19A-021,,29410.29,15836.31,13573.98,AMBIGUOUS_QTY_OR_AMOUNT,2026-07-24,Склад Жукова,FABRIC_MOVEMENT_H4,FILE-097,r12698
MAT-28374745f9fe592a,MAT-28374745f9fe592a,Шифон авторский мелкие цветы 19A-019,,8277.5,8277.5,,AMBIGUOUS_QTY_OR_AMOUNT,2026-07-24,Склад Жукова,FABRIC_MOVEMENT_H4,FILE-097,r12706
MAT-01e7a35febdef08f,MAT-01e7a35febdef08f,Шифон бежевый 18-016,18-016,2250.0,270.0,1980.0,AMBIGUOUS_QTY_OR_AMOUNT,2026-07-24,Склад Жукова,FABRIC_MOVEMENT_H4,FILE-097,r12712
MAT-b5054c2c3418de88,MAT-b5054c2c3418de88,Шифон бежевый креповый 18-012,18-012,5280.0,3168.0,2112.0,AMBIGUOUS_QTY_OR_AMOUNT,2026-07-24,Склад Жукова,FABRIC_MOVEMENT_H4,FILE-097,r12718
MAT-058ef78168ae66f8,MAT-058ef78168ae66f8,Шифон белый 18-015,18-015,87589.52,59973.86,27615.66,AMBIGUOUS_QTY_OR_AMOUNT,2026-07-24,Склад Жукова,FABRIC_MOVEMENT_H4,FILE-097,r12724
MAT-4bc2ce26843163c1,MAT-4bc2ce26843163c1,"Шифон белый, принт гжель 19-026",19-026,16600.0,16600.0,,AMBIGUOUS_QTY_OR_AMOUNT,2026-07-24,Склад Жукова,FABRIC_MOVEMENT_H4,FILE-097,r12748
MAT-1659023e4b0028c4,MAT-1659023e4b0028c4,"Шифон белый, принт гжель купоны 19A-011",,46000.0,29900.0,16100.0,AMBIGUOUS_QTY_OR_AMOUNT,2026-07-24,Склад Жукова,FABRIC_MOVEMENT_H4,FILE-097,r12754
MAT-034e2b06f52bad4c,MAT-034e2b06f52bad4c,"Шифон белый, принт крупный микс 19A-003",,23000.0,11960.0,11040.0,AMBIGUOUS_QTY_OR_AMOUNT,2026-07-24,Склад Жукова,FABRIC_MOVEMENT_H4,FILE-097,r12760
MAT-ab4fc5d287b91adb,MAT-ab4fc5d287b91adb,Шифон бирюзовый 18-018,18-018,2250.0,1890.0,360.0,AMBIGUOUS_QTY_OR_AMOUNT,2026-07-24,Склад Жукова,FABRIC_MOVEMENT_H4,FILE-097,r12770
MAT-3da4e76384c1afb8,MAT-3da4e76384c1afb8,Шифон бледно-розовый 18-001,18-001,9880.0,,9880.0,AMBIGUOUS_QTY_OR_AMOUNT,2026-07-24,Склад Жукова,FABRIC_MOVEMENT_H4,FILE-097,r12782
MAT-13869a37622b2b05,MAT-13869a37622b2b05,Шифон голубой 18-017,18-017,450.0,450.0,,AMBIGUOUS_QTY_OR_AMOUNT,2026-07-24,Склад Жукова,FABRIC_MOVEMENT_H4,FILE-097,r12786
MAT-5a700aee0b14e92f,MAT-5a700aee0b14e92f,"Шифон голубой, принт крупный микс 19A-005",,20700.0,4600.0,16100.0,AMBIGUOUS_QTY_OR_AMOUNT,2026-07-24,Склад Жукова,FABRIC_MOVEMENT_H4,FILE-097,r12792
MAT-12efdcbe3bc33b55,MAT-12efdcbe3bc33b55,Шифон желтый 18-008,18-008,9450.0,4950.0,4500.0,AMBIGUOUS_QTY_OR_AMOUNT,2026-07-24,Склад Жукова,FABRIC_MOVEMENT_H4,FILE-097,r12800
MAT-9bdad85db5673540,MAT-9bdad85db5673540,"Шифон желтый, принт крупный микс 19A-004",,17250.0,8050.0,9200.0,AMBIGUOUS_QTY_OR_AMOUNT,2026-07-24,Склад Жукова,FABRIC_MOVEMENT_H4,FILE-097,r12808
MAT-21af49b6ff4e6d2d,MAT-21af49b6ff4e6d2d,Шифон зеленый 18-024,18-024,9000.0,4500.0,4500.0,AMBIGUOUS_QTY_OR_AMOUNT,2026-07-24,Склад Жукова,FABRIC_MOVEMENT_H4,FILE-097,r12816
MAT-6c322657af4a453d,MAT-6c322657af4a453d,"Шифон зеленый, принт крупный микс 19A-010",,8050.0,8050.0,,AMBIGUOUS_QTY_OR_AMOUNT,2026-07-24,Склад Жукова,FABRIC_MOVEMENT_H4,FILE-097,r12822
MAT-d41e12d64177a738,MAT-d41e12d64177a738,"Шифон искуственый, бежевый 18-И-012",,3500.0,,3500.0,AMBIGUOUS_QTY_OR_AMOUNT,2026-07-24,Склад Жукова,FABRIC_MOVEMENT_H4,FILE-097,r12828
MAT-a237fd148ac64c2e,MAT-a237fd148ac64c2e,"Шифон красный, принт крупный микс 19A-008",,20700.0,,20700.0,AMBIGUOUS_QTY_OR_AMOUNT,2026-07-24,Склад Жукова,FABRIC_MOVEMENT_H4,FILE-097,r12832
MAT-08b031fd3cfed825,MAT-08b031fd3cfed825,"Шифон креповой искусственный, черный, 18-И-002",,1284.0,,1284.0,AMBIGUOUS_QTY_OR_AMOUNT,2026-07-24,Склад Жукова,FABRIC_MOVEMENT_H4,FILE-097,r12838
MAT-f95900c07e5022cc,MAT-f95900c07e5022cc,Шифон розовый креповый 18-041,18-041,14080.0,7920.0,6160.0,AMBIGUOUS_QTY_OR_AMOUNT,2026-07-24,Склад Жукова,FABRIC_MOVEMENT_H4,FILE-097,r12842
MAT-25b2e2cbe4d8f21a,MAT-25b2e2cbe4d8f21a,"Шифон розовый, принт крупный микс 19A-009",,56350.0,45770.0,10580.0,AMBIGUOUS_QTY_OR_AMOUNT,2026-07-24,Склад Жукова,FABRIC_MOVEMENT_H4,FILE-097,r12850
MAT-522e3ce8dd14fafd,MAT-522e3ce8dd14fafd,Шифон светло-серый 18-022,18-022,6984.63,3911.39,3073.24,AMBIGUOUS_QTY_OR_AMOUNT,2026-07-24,Склад Жукова,FABRIC_MOVEMENT_H4,FILE-097,r12862
MAT-b644550f7cacf4fc,MAT-b644550f7cacf4fc,"Шифон серый, принт горох 19A-014",,19090.0,19090.0,,AMBIGUOUS_QTY_OR_AMOUNT,2026-07-24,Склад Жукова,FABRIC_MOVEMENT_H4,FILE-097,r12868
MAT-ba2f6b6422a7da29,MAT-ba2f6b6422a7da29,Шифон синий 18-020,18-020,20649.2,16302.0,4347.2,AMBIGUOUS_QTY_OR_AMOUNT,2026-07-24,Склад Жукова,FABRIC_MOVEMENT_H4,FILE-097,r12874
MAT-1edbbb0665bd2bac,MAT-1edbbb0665bd2bac,"Шифон синий, принт крупный микс 19A-007",,31050.0,14950.0,16100.0,AMBIGUOUS_QTY_OR_AMOUNT,2026-07-24,Склад Жукова,FABRIC_MOVEMENT_H4,FILE-097,r12890
MAT-ccb3172a8a97eec8,MAT-ccb3172a8a97eec8,Шифон темно-синий 18-021,18-021,15754.53,15754.53,,AMBIGUOUS_QTY_OR_AMOUNT,2026-07-24,Склад Жукова,FABRIC_MOVEMENT_H4,FILE-097,r12898
MAT-950686ac97ea50a1,MAT-950686ac97ea50a1,Шифон фуксия 18-034,18-034,1350.0,1350.0,,AMBIGUOUS_QTY_OR_AMOUNT,2026-07-24,Склад Жукова,FABRIC_MOVEMENT_H4,FILE-097,r12908
MAT-43e88b0ea9e080fc,MAT-43e88b0ea9e080fc,Шифон черный 18-039,18-039,89815.95,79698.86,10117.09,AMBIGUOUS_QTY_OR_AMOUNT,2026-07-24,Склад Жукова,FABRIC_MOVEMENT_H4,FILE-097,r12914
MAT-ba9670741c69e8cf,MAT-ba9670741c69e8cf,"Шифон черный, принт крупный микс 19A-002",,32200.0,,32200.0,AMBIGUOUS_QTY_OR_AMOUNT,2026-07-24,Склад Жукова,FABRIC_MOVEMENT_H4,FILE-097,r12944
MAT-f8e7c8b2122be63c,MAT-f8e7c8b2122be63c,"Шифон, белый с принтом ""листья"" 19A-016",,23805.0,23805.0,,AMBIGUOUS_QTY_OR_AMOUNT,2026-07-24,Склад Жукова,FABRIC_MOVEMENT_H4,FILE-097,r12948
MAT-b0ab4835cbaad3a6,MAT-b0ab4835cbaad3a6,"Шифон, серый с принтом ""розовые листья"" 19A-017",,55200.0,14490.0,40710.0,AMBIGUOUS_QTY_OR_AMOUNT,2026-07-24,Склад Жукова,FABRIC_MOVEMENT_H4,FILE-097,r12954
MAT-49cfbcc3f9960ae4,MAT-49cfbcc3f9960ae4,"Шифон, черный с принтом ""листья"" 19A-015",,71300.0,41400.0,29900.0,AMBIGUOUS_QTY_OR_AMOUNT,2026-07-24,Склад Жукова,FABRIC_MOVEMENT_H4,FILE-097,r12964
MAT-06632419376bade6,MAT-06632419376bade6,"Эко кожа, белый 25-008",25-008,2700.0,,2700.0,AMBIGUOUS_QTY_OR_AMOUNT,2026-07-24,Склад Жукова,FABRIC_MOVEMENT_H4,FILE-097,r12974
MAT-dbd62f7632bc8743,MAT-dbd62f7632bc8743,"Эко кожа, черный 25-010",25-010,5600.0,1540.0,4060.0,AMBIGUOUS_QTY_OR_AMOUNT,2026-07-24,Склад Жукова,FABRIC_MOVEMENT_H4,FILE-097,r12978
MAT-f5ea562461551067,MAT-f5ea562461551067,Атлас (дюшес) темно-коричневый  20-006,20-006,1050.0,1050.0,,AMBIGUOUS_QTY_OR_AMOUNT,2026-07-24,Склад Меркушина,FABRIC_MOVEMENT_H4,FILE-097,r12992
MAT-d25b73d314fa6de6,MAT-d25b73d314fa6de6,Бархат стрейч голубой  6-026,,23226.93,20044.43,3182.5,AMBIGUOUS_QTY_OR_AMOUNT,2026-07-24,Склад Меркушина,FABRIC_MOVEMENT_H4,FILE-097,r12998
MAT-60abc5e042f714ac,MAT-60abc5e042f714ac,Бархат стрейч коричневый  6-029,,2550.0,2550.0,,AMBIGUOUS_QTY_OR_AMOUNT,2026-07-24,Склад Меркушина,FABRIC_MOVEMENT_H4,FILE-097,r13006
MAT-bd59665bd048ff94,MAT-bd59665bd048ff94,Бархат стрейч коричневый  6-056,,11678.24,11636.53,41.71,AMBIGUOUS_QTY_OR_AMOUNT,2026-07-24,Склад Меркушина,FABRIC_MOVEMENT_H4,FILE-097,r13012
MAT-8c6a248bce70987b,MAT-8c6a248bce70987b,Бархат стрейч плотный черный 6-028,,10312.5,10312.5,,AMBIGUOUS_QTY_OR_AMOUNT,2026-07-24,Склад Меркушина,FABRIC_MOVEMENT_H4,FILE-097,r13020
MAT-c6b7835a0e1651ff,MAT-c6b7835a0e1651ff,"Бархат стрейч, светло-серый 6-048",,5432.5,5432.5,,AMBIGUOUS_QTY_OR_AMOUNT,2026-07-24,Склад Меркушина,FABRIC_MOVEMENT_H4,FILE-097,r13026
MAT-40771bcbfe796119,MAT-40771bcbfe796119,"Бархат стрейч, синий 6-052",,2337.0,2337.0,,AMBIGUOUS_QTY_OR_AMOUNT,2026-07-24,Склад Меркушина,FABRIC_MOVEMENT_H4,FILE-097,r13032
MAT-668ffb2a499868ad,MAT-668ffb2a499868ad,"Бархат стрейч, темно-синий 6-051",,5371.0,5330.0,41.0,AMBIGUOUS_QTY_OR_AMOUNT,2026-07-24,Склад Меркушина,FABRIC_MOVEMENT_H4,FILE-097,r13040
MAT-092464423574fa0e,MAT-092464423574fa0e,"Бархат стрейч, черный 6-030",,131669.55,125624.92,6044.63,AMBIGUOUS_QTY_OR_AMOUNT,2026-07-24,Склад Меркушина,FABRIC_MOVEMENT_H4,FILE-097,r13048
MAT-6dbb06b5730bc07e,MAT-6dbb06b5730bc07e,"Бархат х/б, черный 6-001",,79184.33,68069.33,11115.0,AMBIGUOUS_QTY_OR_AMOUNT,2026-07-24,Склад Меркушина,FABRIC_MOVEMENT_H4,FILE-097,r13108
MAT-47fcbfd1f7037f54,MAT-47fcbfd1f7037f54,"Бархат шелк, синий 6-032",,17355.0,17355.0,,AMBIGUOUS_QTY_OR_AMOUNT,2026-07-24,Склад Меркушина,FABRIC_MOVEMENT_H4,FILE-097,r13120
MAT-0b5b372e82e4c149,MAT-0b5b372e82e4c149,"Бархат шелк, темно-синий 6-033",,18460.0,17745.0,715.0,AMBIGUOUS_QTY_OR_AMOUNT,2026-07-24,Склад Меркушина,FABRIC_MOVEMENT_H4,FILE-097,r13128
MAT-681e63633cee89b1,MAT-681e63633cee89b1,"Бархат шелк, черный 6-046",,136938.37,121360.87,15577.5,AMBIGUOUS_QTY_OR_AMOUNT,2026-07-24,Склад Меркушина,FABRIC_MOVEMENT_H4,FILE-097,r13134
MAT-372619e0940d993d,MAT-372619e0940d993d,"Бархат шелк, черный Италия 6-043",,43528.46,43528.46,,AMBIGUOUS_QTY_OR_AMOUNT,2026-07-24,Склад Меркушина,FABRIC_MOVEMENT_H4,FILE-097,r13162
MAT-20b1816189672f74,MAT-20b1816189672f74,"Бархат шелк,черный с люрексом 6-020",,2400.0,,2400.0,AMBIGUOUS_QTY_OR_AMOUNT,2026-07-24,Склад Меркушина,FABRIC_MOVEMENT_H4,FILE-097,r13172
MAT-d9fcc5e4823779e6,MAT-d9fcc5e4823779e6,"Бархат, черный, шелк с люрексом (блестящий велюр) 6-021",,6000.0,,6000.0,AMBIGUOUS_QTY_OR_AMOUNT,2026-07-24,Склад Меркушина,FABRIC_MOVEMENT_H4,FILE-097,r13176
MAT-64b7ecaa4f8e9c5b,MAT-64b7ecaa4f8e9c5b,Вечерняя ткань черная сетка со стразами микс 12-086,12-086,7000.0,6860.0,140.0,AMBIGUOUS_QTY_OR_AMOUNT,2026-07-24,Склад Меркушина,FABRIC_MOVEMENT_H4,FILE-097,r13286
MAT-24020b8682047300,MAT-24020b8682047300,"Вечерняя ткань, пайетки серебро 12-008",12-008,3750.0,3750.0,,AMBIGUOUS_QTY_OR_AMOUNT,2026-07-24,Склад Меркушина,FABRIC_MOVEMENT_H4,FILE-097,r13294
MAT-2be384983a60c62a,MAT-2be384983a60c62a,"Вечерняя ткань, светло-розовый креп с прозрачными пайетками 12-015",12-015,3600.0,,3600.0,AMBIGUOUS_QTY_OR_AMOUNT,2026-07-24,Склад Меркушина,FABRIC_MOVEMENT_H4,FILE-097,r13300
MAT-3ed44d0e7c8381c7,MAT-3ed44d0e7c8381c7,"Вечерняя ткань, сетка розовая со стразами 12-082",12-082,18130.0,18130.0,,AMBIGUOUS_QTY_OR_AMOUNT,2026-07-24,Склад Меркушина,FABRIC_MOVEMENT_H4,FILE-097,r13304
MAT-2f76993b4536555e,MAT-2f76993b4536555e,"Вечерняя ткань, сетка с черными стразами 12-079",12-079,7000.0,2800.0,4200.0,AMBIGUOUS_QTY_OR_AMOUNT,2026-07-24,Склад Меркушина,FABRIC_MOVEMENT_H4,FILE-097,r13310
MAT-da0ed2fe86ec7f93,MAT-da0ed2fe86ec7f93,"Вечерняя ткань, сетка черная со стразами 12-080",12-080,8960.0,7840.0,1120.0,AMBIGUOUS_QTY_OR_AMOUNT,2026-07-24,Склад Меркушина,FABRIC_MOVEMENT_H4,FILE-097,r13320
MAT-514dc4781bad2dc5,MAT-514dc4781bad2dc5,"Вечерняя ткань, черные пайетки 12-018",12-018,765.0,765.0,,AMBIGUOUS_QTY_OR_AMOUNT,2026-07-24,Склад Меркушина,FABRIC_MOVEMENT_H4,FILE-097,r13332
MAT-c8db685cd4e2c3c8,MAT-c8db685cd4e2c3c8,"Вечерняя ткань, черные пайетки на атласе 12-093",12-093,3750.0,3750.0,,AMBIGUOUS_QTY_OR_AMOUNT,2026-07-24,Склад Меркушина,FABRIC_MOVEMENT_H4,FILE-097,r13340
MAT-7c47436eed1dbd9d,MAT-7c47436eed1dbd9d,"Вечерняя ткань, черные пайетки на сетке 12-021",12-021,19500.0,19500.0,,AMBIGUOUS_QTY_OR_AMOUNT,2026-07-24,Склад Меркушина,FABRIC_MOVEMENT_H4,FILE-097,r13346
MAT-57a958c45fcbe718,MAT-57a958c45fcbe718,"Дабл-креп, розовый 11-027",11-027,16100.0,16100.0,,AMBIGUOUS_QTY_OR_AMOUNT,2026-07-24,Склад Меркушина,FABRIC_MOVEMENT_H4,FILE-097,r13352
MAT-bc9b2a076380193e,MAT-bc9b2a076380193e,"Дабл-креп, черный 11-001",11-001,14231.25,14231.25,,AMBIGUOUS_QTY_OR_AMOUNT,2026-07-24,Склад Меркушина,FABRIC_MOVEMENT_H4,FILE-097,r13358
MAT-7ff44b088d2118ad,MAT-7ff44b088d2118ad,"Джерси, черный 23-031",23-031,17930.82,360.0,17570.82,AMBIGUOUS_QTY_OR_AMOUNT,2026-07-24,Склад Меркушина,FABRIC_MOVEMENT_H4,FILE-097,r13366
MAT-ab0a74db9b44c26d,MAT-ab0a74db9b44c26d,"Искусственная шерсть, черная  8А-013",,11320.0,,11320.0,AMBIGUOUS_QTY_OR_AMOUNT,2026-07-24,Склад Меркушина,FABRIC_MOVEMENT_H4,FILE-097,r13374
MAT-963f7b66b94ea11a,MAT-963f7b66b94ea11a,Клеевая белая (DG 6040 W) 28-020,28-020,5871.0,,5871.0,AMBIGUOUS_QTY_OR_AMOUNT,2026-07-24,Склад Меркушина,FABRIC_MOVEMENT_H4,FILE-097,r13402
MAT-664f42ed249fcc79,MAT-664f42ed249fcc79,Клеевая воротничковая черная 28-017,28-017,2673.4,133.67,2539.73,AMBIGUOUS_QTY_OR_AMOUNT,2026-07-24,Склад Меркушина,FABRIC_MOVEMENT_H4,FILE-097,r13406
MAT-cb3cd60f4fe0ff1c,MAT-cb3cd60f4fe0ff1c,"Клеевая паутинка, белая (FG 60011) 28-018",28-018,5501.0,55.01,5445.99,AMBIGUOUS_QTY_OR_AMOUNT,2026-07-24,Склад Меркушина,FABRIC_MOVEMENT_H4,FILE-097,r13412
MAT-838611bba61508d7,MAT-838611bba61508d7,"Клеевая паутинка, белая 28-001",28-001,11724.74,1078.36,10646.38,AMBIGUOUS_QTY_OR_AMOUNT,2026-07-24,Склад Меркушина,FABRIC_MOVEMENT_H4,FILE-097,r13418
MAT-38d4298f6526e044,MAT-38d4298f6526e044,"Клеевая паутинка, черная  28-005",28-005,10843.0,975.87,9867.13,AMBIGUOUS_QTY_OR_AMOUNT,2026-07-24,Склад Меркушина,FABRIC_MOVEMENT_H4,FILE-097,r13428
MAT-890bf066f2afe1c1,MAT-890bf066f2afe1c1,"Клеевая средняя, белая 28-003",28-003,13697.75,5759.35,7938.4,AMBIGUOUS_QTY_OR_AMOUNT,2026-07-24,Склад Меркушина,FABRIC_MOVEMENT_H4,FILE-097,r13434
MAT-6c1de18c05968d11,MAT-6c1de18c05968d11,"Клеевая средняя, черная 28-002",28-002,13391.78,9021.39,4370.39,AMBIGUOUS_QTY_OR_AMOUNT,2026-07-24,Склад Меркушина,FABRIC_MOVEMENT_H4,FILE-097,r13462
MAT-bb8e8a92fd2142fc,MAT-bb8e8a92fd2142fc,"Клеевая средняя, черная плотная 28-009",28-009,1841.43,,1841.43,AMBIGUOUS_QTY_OR_AMOUNT,2026-07-24,Склад Меркушина,FABRIC_MOVEMENT_H4,FILE-097,r13486
MAT-a3ea7a43d0c8066a,MAT-a3ea7a43d0c8066a,Клеевая черная (DG 6040 B) 28-019,28-019,6019.0,421.33,5597.67,AMBIGUOUS_QTY_OR_AMOUNT,2026-07-24,Склад Меркушина,FABRIC_MOVEMENT_H4,FILE-097,r13496
MAT-fb7e0dee2d18c6c1,MAT-fb7e0dee2d18c6c1,"Кожа натуральная, черный 26-001",26-001,41398.02,41398.02,,AMBIGUOUS_QTY_OR_AMOUNT,2026-07-24,Склад Меркушина,FABRIC_MOVEMENT_H4,FILE-097,r13502
MAT-0c8c36256b5ea02c,MAT-0c8c36256b5ea02c,"Креп синтетический, белый 10А-002",,910.0,910.0,,AMBIGUOUS_QTY_OR_AMOUNT,2026-07-24,Склад Меркушина,FABRIC_MOVEMENT_H4,FILE-097,r13508
MAT-ea2899f72a8a7e6e,MAT-ea2899f72a8a7e6e,"Креп синтетический, белый 10А-009",,1980.0,,1980.0,AMBIGUOUS_QTY_OR_AMOUNT,2026-07-24,Склад Меркушина,FABRIC_MOVEMENT_H4,FILE-097,r13514
MAT-7310df76a81820e8,MAT-7310df76a81820e8,"Креп синтетический, белый 10А-010",,870.0,,870.0,AMBIGUOUS_QTY_OR_AMOUNT,2026-07-24,Склад Меркушина,FABRIC_MOVEMENT_H4,FILE-097,r13518
MAT-0b5957c88db99aaa,MAT-0b5957c88db99aaa,"Креп синтетический, молочный 10А-011",,870.0,,870.0,AMBIGUOUS_QTY_OR_AMOUNT,2026-07-24,Склад Меркушина,FABRIC_MOVEMENT_H4,FILE-097,r13522
MAT-9c3331c9fbfba368,MAT-9c3331c9fbfba368,"Креп синтетический, розовый 10А-012",,11102.0,,11102.0,AMBIGUOUS_QTY_OR_AMOUNT,2026-07-24,Склад Меркушина,FABRIC_MOVEMENT_H4,FILE-097,r13526
MAT-dea118159ce3665c,MAT-dea118159ce3665c,"Креп синтетический, черный 10А-001",,8853.6,1970.95,6882.65,AMBIGUOUS_QTY_OR_AMOUNT,2026-07-24,Склад Меркушина,FABRIC_MOVEMENT_H4,FILE-097,r13530
MAT-83a9473d126cd850,MAT-83a9473d126cd850,"Кружево плотное, белый 13-016",13-016,13200.0,13200.0,,AMBIGUOUS_QTY_OR_AMOUNT,2026-07-24,Склад Меркушина,FABRIC_MOVEMENT_H4,FILE-097,r13542
MAT-9889a8add64e7cee,MAT-9889a8add64e7cee,"Кружево, зеленый 13-030",13-030,5000.0,3000.0,2000.0,AMBIGUOUS_QTY_OR_AMOUNT,2026-07-24,Склад Меркушина,FABRIC_MOVEMENT_H4,FILE-097,r13550
MAT-ab6d8fffc1b9965a,MAT-ab6d8fffc1b9965a,"Кружево, черный 13-027",13-027,3000.0,3000.0,,AMBIGUOUS_QTY_OR_AMOUNT,2026-07-24,Склад Меркушина,FABRIC_MOVEMENT_H4,FILE-097,r13556
MAT-a7fbbdeab50263e2,MAT-a7fbbdeab50263e2,"Кружево, черный 13-046",13-046,1724.13,,1724.13,AMBIGUOUS_QTY_OR_AMOUNT,2026-07-24,Склад Меркушина,FABRIC_MOVEMENT_H4,FILE-097,r13562
MAT-71c656b9b3d34ea0,MAT-71c656b9b3d34ea0,"Кружево, черный 13-096",13-096,4400.0,4400.0,,AMBIGUOUS_QTY_OR_AMOUNT,2026-07-24,Склад Меркушина,FABRIC_MOVEMENT_H4,FILE-097,r13566
MAT-08cd15f71814693d,MAT-08cd15f71814693d,"Лен молочный, 3-002",,7500.0,7500.0,,AMBIGUOUS_QTY_OR_AMOUNT,2026-07-24,Склад Меркушина,FABRIC_MOVEMENT_H4,FILE-097,r13574
MAT-bfb53f6262e98d2e,MAT-bfb53f6262e98d2e,"Лен черный, 3-001",,11925.0,11925.0,,AMBIGUOUS_QTY_OR_AMOUNT,2026-07-24,Склад Меркушина,FABRIC_MOVEMENT_H4,FILE-097,r13580
MAT-f6bf9f9f23418f91,MAT-f6bf9f9f23418f91,"Мех, дубленка черный со светлым ворсом 27-002",27-002,301900.0,301900.0,,AMBIGUOUS_QTY_OR_AMOUNT,2026-07-24,Склад Меркушина,FABRIC_MOVEMENT_H4,FILE-097,r13588
MAT-89a2fdc47b3a62bf,MAT-89a2fdc47b3a62bf,"Мех, норка черная не стриженная 27-013",27-013,12800.0,,12800.0,AMBIGUOUS_QTY_OR_AMOUNT,2026-07-24,Склад Меркушина,FABRIC_MOVEMENT_H4,FILE-097,r13596
MAT-d12c5f349f1f78c3,MAT-d12c5f349f1f78c3,"Мех, норка черная стриженная 27-001",27-001,55120.0,55120.0,,AMBIGUOUS_QTY_OR_AMOUNT,2026-07-24,Склад Меркушина,FABRIC_MOVEMENT_H4,FILE-097,r13600
MAT-78e606dd4125d264,MAT-78e606dd4125d264,"Мех, песец 27-006",27-006,8900.0,,8900.0,AMBIGUOUS_QTY_OR_AMOUNT,2026-07-24,Склад Меркушина,FABRIC_MOVEMENT_H4,FILE-097,r13608
MAT-e065f79e264e2a8d,MAT-e065f79e264e2a8d,"Мех, чернобурка  27-008",27-008,11000.0,,11000.0,AMBIGUOUS_QTY_OR_AMOUNT,2026-07-24,Склад Меркушина,FABRIC_MOVEMENT_H4,FILE-097,r13612
MAT-fd8f3ab626260815,MAT-fd8f3ab626260815,"Органза, белый 21-023",21-023,600.0,,600.0,AMBIGUOUS_QTY_OR_AMOUNT,2026-07-24,Склад Меркушина,FABRIC_MOVEMENT_H4,FILE-097,r13616
MAT-b171b1ff2298d484,MAT-b171b1ff2298d484,"Органза, белый 21-031",21-031,1120.0,1120.0,,AMBIGUOUS_QTY_OR_AMOUNT,2026-07-24,Склад Меркушина,FABRIC_MOVEMENT_H4,FILE-097,r13620
MAT-4b18d6fb8923ea2a,MAT-4b18d6fb8923ea2a,"Органза, зеленый 21-018",21-018,1530.0,1530.0,,AMBIGUOUS_QTY_OR_AMOUNT,2026-07-24,Склад Меркушина,FABRIC_MOVEMENT_H4,FILE-097,r13626
MAT-dde2748527047da2,MAT-dde2748527047da2,"Органза, розовая 21-033",21-033,2223.0,,2223.0,AMBIGUOUS_QTY_OR_AMOUNT,2026-07-24,Склад Меркушина,FABRIC_MOVEMENT_H4,FILE-097,r13632
MAT-02e5650494137658,MAT-02e5650494137658,"Органза, с блеском белый 21-032",21-032,1100.0,,1100.0,AMBIGUOUS_QTY_OR_AMOUNT,2026-07-24,Склад Меркушина,FABRIC_MOVEMENT_H4,FILE-097,r13636
MAT-daf57a45a328d4f2,MAT-daf57a45a328d4f2,"Органза, черный 21-026",21-026,2902.85,2439.97,462.88,AMBIGUOUS_QTY_OR_AMOUNT,2026-07-24,Склад Меркушина,FABRIC_MOVEMENT_H4,FILE-097,r13640
MAT-96a0234bf3aa179a,MAT-96a0234bf3aa179a,Плащевка черная 24-010 с водоотталкивающей пропиткой,24-010,6000.0,6000.0,,AMBIGUOUS_QTY_OR_AMOUNT,2026-07-24,Склад Меркушина,FABRIC_MOVEMENT_H4,FILE-097,r13656
MAT-9f3792534ded2f9c,MAT-9f3792534ded2f9c,Подкатник белый 150 см 28-016,28-016,940.0,188.0,752.0,AMBIGUOUS_QTY_OR_AMOUNT,2026-07-24,Склад Меркушина,FABRIC_MOVEMENT_H4,FILE-097,r13662
MAT-b6a6e7b610628880,MAT-b6a6e7b610628880,"Сетка, бежевый 22-033",22-033,1148.0,1067.64,80.36,AMBIGUOUS_QTY_OR_AMOUNT,2026-07-24,Склад Меркушина,FABRIC_MOVEMENT_H4,FILE-097,r13712
MAT-3c636a7e8492c07a,MAT-3c636a7e8492c07a,"Сетка, коричневая 22-024",22-024,300.0,300.0,,AMBIGUOUS_QTY_OR_AMOUNT,2026-07-24,Склад Меркушина,FABRIC_MOVEMENT_H4,FILE-097,r13722
MAT-328d512f89d185e0,MAT-328d512f89d185e0,"Сетка, розовый 22-053",22-053,500.0,500.0,,AMBIGUOUS_QTY_OR_AMOUNT,2026-07-24,Склад Меркушина,FABRIC_MOVEMENT_H4,FILE-097,r13728
MAT-41f07c097164230c,MAT-41f07c097164230c,"Сетка, черный 22-022",22-022,3850.0,1100.0,2750.0,AMBIGUOUS_QTY_OR_AMOUNT,2026-07-24,Склад Меркушина,FABRIC_MOVEMENT_H4,FILE-097,r13738
MAT-31f354e269214a93,MAT-31f354e269214a93,"Сетка, черный 22-032",22-032,220.0,66.0,154.0,AMBIGUOUS_QTY_OR_AMOUNT,2026-07-24,Склад Меркушина,FABRIC_MOVEMENT_H4,FILE-097,r13746
MAT-0aa6a6d3033a1aaf,MAT-0aa6a6d3033a1aaf,"Синтепон, белый 28-004",28-004,1548.36,341.55,1206.81,AMBIGUOUS_QTY_OR_AMOUNT,2026-07-24,Склад Меркушина,FABRIC_MOVEMENT_H4,FILE-097,r13752
MAT-fc6387c3f993971e,MAT-fc6387c3f993971e,"Синтетическая ткань (плотная) фуксия, эко-шелк 20-044",20-044,1560.0,,1560.0,AMBIGUOUS_QTY_OR_AMOUNT,2026-07-24,Склад Меркушина,FABRIC_MOVEMENT_H4,FILE-097,r13760
MAT-07f22e36cb665849,MAT-07f22e36cb665849,Синтетическая ткань белый атлас плотный  20-041,20-041,5930.0,,5930.0,AMBIGUOUS_QTY_OR_AMOUNT,2026-07-24,Склад Меркушина,FABRIC_MOVEMENT_H4,FILE-097,r13764
MAT-6a56e9feeccd335c,MAT-6a56e9feeccd335c,Синтетическая ткань белый эко-шелк 20-015,20-015,15936.43,14483.97,1452.46,AMBIGUOUS_QTY_OR_AMOUNT,2026-07-24,Склад Меркушина,FABRIC_MOVEMENT_H4,FILE-097,r13770
MAT-fd4a2060a9b23133,MAT-fd4a2060a9b23133,Синтетическая ткань жемчужный эко-шелк 20-026,20-026,8750.0,5050.0,3700.0,AMBIGUOUS_QTY_OR_AMOUNT,2026-07-24,Склад Меркушина,FABRIC_MOVEMENT_H4,FILE-097,r13796
MAT-887feaf422e5017c,MAT-887feaf422e5017c,Синтетическая ткань розовый 20-013,20-013,2100.0,,2100.0,AMBIGUOUS_QTY_OR_AMOUNT,2026-07-24,Склад Меркушина,FABRIC_MOVEMENT_H4,FILE-097,r13802
MAT-799ea9b59b2c94db,MAT-799ea9b59b2c94db,Синтетическая ткань серый эко-шелк 20-025,20-025,3500.0,3500.0,,AMBIGUOUS_QTY_OR_AMOUNT,2026-07-24,Склад Меркушина,FABRIC_MOVEMENT_H4,FILE-097,r13806
MAT-2359319bbe03a1bc,MAT-2359319bbe03a1bc,Синтетическая ткань темно-зеленый (изумрудный) атлас плотный  20-042,20-042,6600.0,5779.71,820.29,AMBIGUOUS_QTY_OR_AMOUNT,2026-07-24,Склад Меркушина,FABRIC_MOVEMENT_H4,FILE-097,r13814
MAT-5d9de52b534f6a34,MAT-5d9de52b534f6a34,Синтетическая ткань фиолетовый эко-шелк 20-022,20-022,5000.0,5000.0,,AMBIGUOUS_QTY_OR_AMOUNT,2026-07-24,Склад Меркушина,FABRIC_MOVEMENT_H4,FILE-097,r13822
MAT-a17bc80ade38ed0b,MAT-a17bc80ade38ed0b,Синтетическая ткань фуксия эко-шелк 20-020,20-020,12250.0,11300.0,950.0,AMBIGUOUS_QTY_OR_AMOUNT,2026-07-24,Склад Меркушина,FABRIC_MOVEMENT_H4,FILE-097,r13830
MAT-8bd2bfd1d4533245,MAT-8bd2bfd1d4533245,Синтетическая ткань черный атлас плотный  20-040,20-040,5711.7,5119.67,592.03,AMBIGUOUS_QTY_OR_AMOUNT,2026-07-24,Склад Меркушина,FABRIC_MOVEMENT_H4,FILE-097,r13842
MAT-cb02f2fd8223877d,MAT-cb02f2fd8223877d,Синтетическая ткань черный- атлас плотный 20-028,20-028,10439.81,10439.81,,AMBIGUOUS_QTY_OR_AMOUNT,2026-07-24,Склад Меркушина,FABRIC_MOVEMENT_H4,FILE-097,r13856
MAT-1c6b51fe329954dc,MAT-1c6b51fe329954dc,"Синтетическая ткань, черный армани 20-016",20-016,22481.76,19362.67,3119.09,AMBIGUOUS_QTY_OR_AMOUNT,2026-07-24,Склад Меркушина,FABRIC_MOVEMENT_H4,FILE-097,r13882
MAT-bf73d6ecc0a32e3a,MAT-bf73d6ecc0a32e3a,"Синтетическая ткань, экошелк белый односторонний 20-043",20-043,1200.0,,1200.0,AMBIGUOUS_QTY_OR_AMOUNT,2026-07-24,Склад Меркушина,FABRIC_MOVEMENT_H4,FILE-097,r13920
MAT-8da32b5d85274265,MAT-8da32b5d85274265,Трикотаж зеленый джерси 23-042,23-042,9450.0,9450.0,,AMBIGUOUS_QTY_OR_AMOUNT,2026-07-24,Склад Меркушина,FABRIC_MOVEMENT_H4,FILE-097,r13960
MAT-ef508011b2e880fb,MAT-ef508011b2e880fb,Трикотаж леопард 23-037,23-037,5600.0,5600.0,,AMBIGUOUS_QTY_OR_AMOUNT,2026-07-24,Склад Меркушина,FABRIC_MOVEMENT_H4,FILE-097,r13970
MAT-9d2decc87160bb41,MAT-9d2decc87160bb41,Трикотаж футер белый 23-018,23-018,13020.0,11100.0,1920.0,AMBIGUOUS_QTY_OR_AMOUNT,2026-07-24,Склад Меркушина,FABRIC_MOVEMENT_H4,FILE-097,r13976
MAT-c539f0d8488a4b06,MAT-c539f0d8488a4b06,Трикотаж футер черный 23-017,23-017,69824.27,51934.66,17889.61,AMBIGUOUS_QTY_OR_AMOUNT,2026-07-24,Склад Меркушина,FABRIC_MOVEMENT_H4,FILE-097,r13982
MAT-a95e2afe9d98f5a8,MAT-a95e2afe9d98f5a8,Трикотаж черный 23-049,23-049,500.0,500.0,,AMBIGUOUS_QTY_OR_AMOUNT,2026-07-24,Склад Меркушина,FABRIC_MOVEMENT_H4,FILE-097,r13998
MAT-63aa6fe04eb170d6,MAT-63aa6fe04eb170d6,"Трикотаж, бежевый ""кожа ангела"" 23-012",23-012,2100.0,2100.0,,AMBIGUOUS_QTY_OR_AMOUNT,2026-07-24,Склад Меркушина,FABRIC_MOVEMENT_H4,FILE-097,r14004
MAT-6090feb4376d17a6,MAT-6090feb4376d17a6,"Трикотаж, рибана, белый 23-063",23-063,500.0,,500.0,AMBIGUOUS_QTY_OR_AMOUNT,2026-07-24,Склад Меркушина,FABRIC_MOVEMENT_H4,FILE-097,r14010
MAT-83af35a8ed0de07d,MAT-83af35a8ed0de07d,"Трикотаж, рибана, черный 23-064",23-064,2900.0,1200.0,1700.0,AMBIGUOUS_QTY_OR_AMOUNT,2026-07-24,Склад Меркушина,FABRIC_MOVEMENT_H4,FILE-097,r14014
MAT-8b277f6f38211a66,MAT-8b277f6f38211a66,Х/Б сатин бежевый однотонный 4-061,,1892.76,,1892.76,AMBIGUOUS_QTY_OR_AMOUNT,2026-07-24,Склад Меркушина,FABRIC_MOVEMENT_H4,FILE-097,r14186
MAT-ab4a0d6391ac31fc,MAT-ab4a0d6391ac31fc,"Х/Б сиреневый атласный, 4-030",,350.0,,350.0,AMBIGUOUS_QTY_OR_AMOUNT,2026-07-24,Склад Меркушина,FABRIC_MOVEMENT_H4,FILE-097,r14190
MAT-85b77b2d2b4d75f1,MAT-85b77b2d2b4d75f1,Х/Бхлопок белый однотонный 4-055,,2951.1,1693.25,1257.85,AMBIGUOUS_QTY_OR_AMOUNT,2026-07-24,Склад Меркушина,FABRIC_MOVEMENT_H4,FILE-097,r14224
MAT-d624c58654c26df8,MAT-d624c58654c26df8,"Хлопок белый, 4-054",,400.0,,400.0,AMBIGUOUS_QTY_OR_AMOUNT,2026-07-24,Склад Меркушина,FABRIC_MOVEMENT_H4,FILE-097,r14234
MAT-1fae1564e5209ce9,MAT-1fae1564e5209ce9,"Хлопок белый, 4-057",,15000.0,15000.0,,AMBIGUOUS_QTY_OR_AMOUNT,2026-07-24,Склад Меркушина,FABRIC_MOVEMENT_H4,FILE-097,r14238
MAT-275f88b3e262d09c,MAT-275f88b3e262d09c,"Хлопок голубой, 4-053",,19252.8,19252.8,,AMBIGUOUS_QTY_OR_AMOUNT,2026-07-24,Склад Меркушина,FABRIC_MOVEMENT_H4,FILE-097,r14248
MAT-ece7fa801b732f85,MAT-ece7fa801b732f85,"Хлопок желтый, 4-050",,11250.0,11250.0,,AMBIGUOUS_QTY_OR_AMOUNT,2026-07-24,Склад Меркушина,FABRIC_MOVEMENT_H4,FILE-097,r14254
MAT-10d0a14f77acd71a,MAT-10d0a14f77acd71a,"Хлопок молочный, 4-051",,37500.0,37500.0,,AMBIGUOUS_QTY_OR_AMOUNT,2026-07-24,Склад Меркушина,FABRIC_MOVEMENT_H4,FILE-097,r14260
MAT-6314574bab3c57d7,MAT-6314574bab3c57d7,"Хлопок розовый, 4-052",,18749.6,18749.6,,AMBIGUOUS_QTY_OR_AMOUNT,2026-07-24,Склад Меркушина,FABRIC_MOVEMENT_H4,FILE-097,r14268
MAT-f83e810cf01fd9d0,MAT-f83e810cf01fd9d0,"Хлопок серый с в/о пропиткой, 4-060",,3400.0,3400.0,,AMBIGUOUS_QTY_OR_AMOUNT,2026-07-24,Склад Меркушина,FABRIC_MOVEMENT_H4,FILE-097,r14278
MAT-932cb4bb429f0c13,MAT-932cb4bb429f0c13,"Хлопок черный, 4-058",,15000.0,15000.0,,AMBIGUOUS_QTY_OR_AMOUNT,2026-07-24,Склад Меркушина,FABRIC_MOVEMENT_H4,FILE-097,r14284
MAT-5c318fc24b04829d,MAT-5c318fc24b04829d,"Шелк белый, принт ""Y"" в ряд серые с черным 17A-057",,21170.0,21170.0,,AMBIGUOUS_QTY_OR_AMOUNT,2026-07-24,Склад Меркушина,FABRIC_MOVEMENT_H4,FILE-097,r14324
MAT-8a1958cbab96ea1a,MAT-8a1958cbab96ea1a,"Шелк белый, принт деревья, феечки 17А-067",,58745.0,58745.0,,AMBIGUOUS_QTY_OR_AMOUNT,2026-07-24,Склад Меркушина,FABRIC_MOVEMENT_H4,FILE-097,r14330
MAT-d53ea7a3eea31097,MAT-d53ea7a3eea31097,"Шелк белый, принт капли сине-голубые деград 17A-033       деграде голубые с синим",,6820.0,,6820.0,AMBIGUOUS_QTY_OR_AMOUNT,2026-07-24,Склад Меркушина,FABRIC_MOVEMENT_H4,FILE-097,r14342
MAT-e11cb33c5bd3dc15,MAT-e11cb33c5bd3dc15,"Шелк белый, принт микс крупный 17A-029",,81626.87,81626.87,,AMBIGUOUS_QTY_OR_AMOUNT,2026-07-24,Склад Меркушина,FABRIC_MOVEMENT_H4,FILE-097,r14346
MAT-94adf71c392d6c84,MAT-94adf71c392d6c84,"Шелк белый, принт микс средний 17A-018",,15500.0,15500.0,,AMBIGUOUS_QTY_OR_AMOUNT,2026-07-24,Склад Меркушина,FABRIC_MOVEMENT_H4,FILE-097,r14356
MAT-36c9bd35423062c6,MAT-36c9bd35423062c6,"Шелк белый, принт полоски серые 17A-055",,5800.0,5800.0,,AMBIGUOUS_QTY_OR_AMOUNT,2026-07-24,Склад Меркушина,FABRIC_MOVEMENT_H4,FILE-097,r14362
MAT-bd0ae3fd8e1b20a2,MAT-bd0ae3fd8e1b20a2,"Шелк белый, принт черный ""Y"" + балерины 17A-014",,3770.0,3770.0,,AMBIGUOUS_QTY_OR_AMOUNT,2026-07-24,Склад Меркушина,FABRIC_MOVEMENT_H4,FILE-097,r14368
MAT-0b002d5f643369d3,MAT-0b002d5f643369d3,"Шелк бирюзовый, принт микс крупный 17A-066",,36495.2,28302.4,8192.8,AMBIGUOUS_QTY_OR_AMOUNT,2026-07-24,Склад Меркушина,FABRIC_MOVEMENT_H4,FILE-097,r14374
MAT-e9cabbf88e3d0603,MAT-e9cabbf88e3d0603,Шелк кайма белый-черный-белый 17A-043,,32592.41,32592.41,,AMBIGUOUS_QTY_OR_AMOUNT,2026-07-24,Склад Меркушина,FABRIC_MOVEMENT_H4,FILE-097,r14380
MAT-a74e6a277a8e1531,MAT-a74e6a277a8e1531,"Шелк розовый, принт деревья, феечки 17А-068",,43585.0,43585.0,,AMBIGUOUS_QTY_OR_AMOUNT,2026-07-24,Склад Меркушина,FABRIC_MOVEMENT_H4,FILE-097,r14388
MAT-be405a3a83cf1432,MAT-be405a3a83cf1432,"Шелк синий, принт грибы 17A-011",,54356.25,54356.25,,AMBIGUOUS_QTY_OR_AMOUNT,2026-07-24,Склад Меркушина,FABRIC_MOVEMENT_H4,FILE-097,r14396
MAT-57506c32db1f796c,MAT-57506c32db1f796c,"Шелк синий, принт мелкие девочки 17A-006",,113400.0,113040.0,360.0,AMBIGUOUS_QTY_OR_AMOUNT,2026-07-24,Склад Меркушина,FABRIC_MOVEMENT_H4,FILE-097,r14406
MAT-955d0a5ce5f57084,MAT-955d0a5ce5f57084,"Шелк цветной, принт лошади  17А-069",,33075.0,33075.0,,AMBIGUOUS_QTY_OR_AMOUNT,2026-07-24,Склад Меркушина,FABRIC_MOVEMENT_H4,FILE-097,r14414
MAT-62a55ef4ecfc8c00,MAT-62a55ef4ecfc8c00,"Шелк черный, принт белый  горох 17A-007",,91620.0,91620.0,,AMBIGUOUS_QTY_OR_AMOUNT,2026-07-24,Склад Меркушина,FABRIC_MOVEMENT_H4,FILE-097,r14422
MAT-86b1ec9fea721b72,MAT-86b1ec9fea721b72,"Шелк черный, принт белый ""Y"" + балерины 17A-013",,13950.0,10850.0,3100.0,AMBIGUOUS_QTY_OR_AMOUNT,2026-07-24,Склад Меркушина,FABRIC_MOVEMENT_H4,FILE-097,r14430
MAT-712d9e7923c8472f,MAT-712d9e7923c8472f,"Шелк черный, принт белый хаотичные ""Y"" 17А-015",,128464.19,128464.19,,AMBIGUOUS_QTY_OR_AMOUNT,2026-07-24,Склад Меркушина,FABRIC_MOVEMENT_H4,FILE-097,r14438
MAT-3e54e82b43ce020a,MAT-3e54e82b43ce020a,"Шелк, акварнель  17-006",17-006,3000.0,3000.0,,AMBIGUOUS_QTY_OR_AMOUNT,2026-07-24,Склад Меркушина,FABRIC_MOVEMENT_H4,FILE-097,r14452
MAT-f325f16aec6065b5,MAT-f325f16aec6065b5,"Шелк, белый 16-001",16-001,146302.42,107033.19,39269.23,AMBIGUOUS_QTY_OR_AMOUNT,2026-07-24,Склад Меркушина,FABRIC_MOVEMENT_H4,FILE-097,r14458
MAT-2a493514fd31e455,MAT-2a493514fd31e455,"Шелк, голубой 16-017",16-017,2400.0,2400.0,,AMBIGUOUS_QTY_OR_AMOUNT,2026-07-24,Склад Меркушина,FABRIC_MOVEMENT_H4,FILE-097,r14488
MAT-e979426d98735cc1,MAT-e979426d98735cc1,"Шелк, голубой 16-018",16-018,55965.0,55965.0,,AMBIGUOUS_QTY_OR_AMOUNT,2026-07-24,Склад Меркушина,FABRIC_MOVEMENT_H4,FILE-097,r14494
MAT-bd438d05d2b35b5a,MAT-bd438d05d2b35b5a,"Шелк, голубой 16-019",16-019,34500.0,34500.0,,AMBIGUOUS_QTY_OR_AMOUNT,2026-07-24,Склад Меркушина,FABRIC_MOVEMENT_H4,FILE-097,r14506
MAT-f52c515be4c9087e,MAT-f52c515be4c9087e,"Шелк, красный 16-037",16-037,16800.0,14850.0,1950.0,AMBIGUOUS_QTY_OR_AMOUNT,2026-07-24,Склад Меркушина,FABRIC_MOVEMENT_H4,FILE-097,r14516
MAT-1b73a354487439c8,MAT-1b73a354487439c8,"Шелк, мятный 16-016",16-016,15000.0,15000.0,,AMBIGUOUS_QTY_OR_AMOUNT,2026-07-24,Склад Меркушина,FABRIC_MOVEMENT_H4,FILE-097,r14528
MAT-656b8a0363bbdf56,MAT-656b8a0363bbdf56,"Шелк, розовый 16-023",16-023,46567.84,37896.6,8671.24,AMBIGUOUS_QTY_OR_AMOUNT,2026-07-24,Склад Меркушина,FABRIC_MOVEMENT_H4,FILE-097,r14534
MAT-a30231cba0c79fb0,MAT-a30231cba0c79fb0,"Шелк, светло-серый 16-003",16-003,36000.0,36000.0,,AMBIGUOUS_QTY_OR_AMOUNT,2026-07-24,Склад Меркушина,FABRIC_MOVEMENT_H4,FILE-097,r14556
MAT-7a5e04f192523b57,MAT-7a5e04f192523b57,"Шелк, светло-серый 16-004",16-004,13400.0,,13400.0,AMBIGUOUS_QTY_OR_AMOUNT,2026-07-24,Склад Меркушина,FABRIC_MOVEMENT_H4,FILE-097,r14562
MAT-bdd531c747f7ee5c,MAT-bdd531c747f7ee5c,"Шелк, серый 16-005",16-005,21000.0,3600.0,17400.0,AMBIGUOUS_QTY_OR_AMOUNT,2026-07-24,Склад Меркушина,FABRIC_MOVEMENT_H4,FILE-097,r14568
MAT-6afe8759ead8773e,MAT-6afe8759ead8773e,"Шелк, синий 16-020",16-020,30800.0,30800.0,,AMBIGUOUS_QTY_OR_AMOUNT,2026-07-24,Склад Меркушина,FABRIC_MOVEMENT_H4,FILE-097,r14576
MAT-4d8760cbbf0f7bda,MAT-4d8760cbbf0f7bda,"Шелк, синий 16-039",16-039,9750.0,6150.0,3600.0,AMBIGUOUS_QTY_OR_AMOUNT,2026-07-24,Склад Меркушина,FABRIC_MOVEMENT_H4,FILE-097,r14588
MAT-6b5842f6c3151e61,MAT-6b5842f6c3151e61,"Шелк, телесный 16-010",16-010,10800.0,10800.0,,AMBIGUOUS_QTY_OR_AMOUNT,2026-07-24,Склад Меркушина,FABRIC_MOVEMENT_H4,FILE-097,r14594
MAT-ab75080e96e1927f,MAT-ab75080e96e1927f,"Шелк, темно-синий 16-021",16-021,27760.0,27760.0,,AMBIGUOUS_QTY_OR_AMOUNT,2026-07-24,Склад Меркушина,FABRIC_MOVEMENT_H4,FILE-097,r14602
MAT-8834c3b0ca3fc999,MAT-8834c3b0ca3fc999,"Шелк, темный графит 16-049",16-049,30225.24,30225.24,,AMBIGUOUS_QTY_OR_AMOUNT,2026-07-24,Склад Меркушина,FABRIC_MOVEMENT_H4,FILE-097,r14618
MAT-ff4d077b682ab450,MAT-ff4d077b682ab450,"Шелк, фуксия 16-024",16-024,4800.0,,4800.0,AMBIGUOUS_QTY_OR_AMOUNT,2026-07-24,Склад Меркушина,FABRIC_MOVEMENT_H4,FILE-097,r14624
MAT-912776530717ae66,MAT-912776530717ae66,"Шелк, фуксия 16-026",16-026,24000.0,24000.0,,AMBIGUOUS_QTY_OR_AMOUNT,2026-07-24,Склад Меркушина,FABRIC_MOVEMENT_H4,FILE-097,r14628
MAT-af366bd5330e477d,MAT-af366bd5330e477d,"Шелк, черный 16-038",16-038,303235.28,198786.89,104448.39,AMBIGUOUS_QTY_OR_AMOUNT,2026-07-24,Склад Меркушина,FABRIC_MOVEMENT_H4,FILE-097,r14640
MAT-eb5910a4a0625c61,MAT-eb5910a4a0625c61,"Шелк, черный без стрейча 16-046",16-046,96900.0,96900.0,,AMBIGUOUS_QTY_OR_AMOUNT,2026-07-24,Склад Меркушина,FABRIC_MOVEMENT_H4,FILE-097,r14694
MAT-cb03a2a487adf67b,MAT-cb03a2a487adf67b,"Шелк, черный с принтом ""белая Y"" 17А-008",,42346.93,40464.84,1882.09,AMBIGUOUS_QTY_OR_AMOUNT,2026-07-24,Склад Меркушина,FABRIC_MOVEMENT_H4,FILE-097,r14706
MAT-4455d5d1160c3a69,MAT-4455d5d1160c3a69,"Шелк, черный с принтом ""белые ласточки"" 17A-053",,186668.7,186668.7,,AMBIGUOUS_QTY_OR_AMOUNT,2026-07-24,Склад Меркушина,FABRIC_MOVEMENT_H4,FILE-097,r14720
MAT-9989cda99e482d99,MAT-9989cda99e482d99,"Шелк, черный, белые листья  17А-001",,14500.0,14500.0,,AMBIGUOUS_QTY_OR_AMOUNT,2026-07-24,Склад Меркушина,FABRIC_MOVEMENT_H4,FILE-097,r14736
MAT-2b994292e7f47cc6,MAT-2b994292e7f47cc6,"Шерсть пальтовая, искуственная черная 9-033",,4387.5,,4387.5,AMBIGUOUS_QTY_OR_AMOUNT,2026-07-24,Склад Меркушина,FABRIC_MOVEMENT_H4,FILE-097,r14742
MAT-134839ea36b170f4,MAT-134839ea36b170f4,"Шерсть пальтовая, серый  9-030",,19720.0,19720.0,,AMBIGUOUS_QTY_OR_AMOUNT,2026-07-24,Склад Меркушина,FABRIC_MOVEMENT_H4,FILE-097,r14746
MAT-5f6e2213887ebb33,MAT-5f6e2213887ebb33,"Шерсть пальтовая, черный 9-028",,164987.01,65994.8,98992.21,AMBIGUOUS_QTY_OR_AMOUNT,2026-07-24,Склад Меркушина,FABRIC_MOVEMENT_H4,FILE-097,r14754
MAT-6d61d33606ea64a2,MAT-6d61d33606ea64a2,"Шерсть пальтовая, черный 9-029",,5800.0,5800.0,,AMBIGUOUS_QTY_OR_AMOUNT,2026-07-24,Склад Меркушина,FABRIC_MOVEMENT_H4,FILE-097,r14760
MAT-90a1fff6169332dc,MAT-90a1fff6169332dc,"Шерсть-кучерелли, черный 8-056",,12800.0,12800.0,,AMBIGUOUS_QTY_OR_AMOUNT,2026-07-24,Склад Меркушина,FABRIC_MOVEMENT_H4,FILE-097,r14766
MAT-2f21f95c4e10ce2d,MAT-2f21f95c4e10ce2d,"Шерсть, в полоску 8-006",,7200.0,7200.0,,AMBIGUOUS_QTY_OR_AMOUNT,2026-07-24,Склад Меркушина,FABRIC_MOVEMENT_H4,FILE-097,r14772
MAT-46af85d7189fe98b,MAT-46af85d7189fe98b,"Шерсть, темно-синий 8-049",,22600.0,18000.0,4600.0,AMBIGUOUS_QTY_OR_AMOUNT,2026-07-24,Склад Меркушина,FABRIC_MOVEMENT_H4,FILE-097,r14778
MAT-3a878cad08a09d65,MAT-3a878cad08a09d65,"Шерсть, черная 8-063",,37000.0,37000.0,,AMBIGUOUS_QTY_OR_AMOUNT,2026-07-24,Склад Меркушина,FABRIC_MOVEMENT_H4,FILE-097,r14786
MAT-4020934733e01f74,MAT-4020934733e01f74,"Шерсть, черный 8-073",,6460.0,6460.0,,AMBIGUOUS_QTY_OR_AMOUNT,2026-07-24,Склад Меркушина,FABRIC_MOVEMENT_H4,FILE-097,r14794
MAT-bbfd9988161e752b,MAT-bbfd9988161e752b,Шифон белый 18-015,18-015,1165.9,,1165.9,AMBIGUOUS_QTY_OR_AMOUNT,2026-07-24,Склад Меркушина,FABRIC_MOVEMENT_H4,FILE-097,r14800
MAT-cde9a0883170c2b6,MAT-cde9a0883170c2b6,"Шифон белый, принт горох 19A-012",,128017.5,128017.5,,AMBIGUOUS_QTY_OR_AMOUNT,2026-07-24,Склад Меркушина,FABRIC_MOVEMENT_H4,FILE-097,r14806
MAT-59a2ed4cb3845efd,MAT-59a2ed4cb3845efd,"Шифон белый, принт крупный микс 19A-003",,82298.02,82298.02,,AMBIGUOUS_QTY_OR_AMOUNT,2026-07-24,Склад Меркушина,FABRIC_MOVEMENT_H4,FILE-097,r14814
MAT-c2f877005807ff50,MAT-c2f877005807ff50,"Шифон бирюзовый, принт крупный микс 19A-006",,44586.48,44586.48,,AMBIGUOUS_QTY_OR_AMOUNT,2026-07-24,Склад Меркушина,FABRIC_MOVEMENT_H4,FILE-097,r14824
MAT-29db2a4035beb024,MAT-29db2a4035beb024,"Шифон искусственный, бежевый, 18-И-001",,5404.7,4097.56,1307.14,AMBIGUOUS_QTY_OR_AMOUNT,2026-07-24,Склад Меркушина,FABRIC_MOVEMENT_H4,FILE-097,r14836
MAT-985d19ed9b57c58c,MAT-985d19ed9b57c58c,"Шифон искусственный, белый креповый 18-И-013",,2400.0,,2400.0,AMBIGUOUS_QTY_OR_AMOUNT,2026-07-24,Склад Меркушина,FABRIC_MOVEMENT_H4,FILE-097,r14850
MAT-3d92708e674bc09c,MAT-3d92708e674bc09c,"Шифон искусственный, фиолетовый, 18-И-005",,2280.0,,2280.0,AMBIGUOUS_QTY_OR_AMOUNT,2026-07-24,Склад Меркушина,FABRIC_MOVEMENT_H4,FILE-097,r14854
MAT-6670e6cc0202c42c,MAT-6670e6cc0202c42c,"Шифон креповой искусственный, черный, 18-И-002",,10355.0,7511.25,2843.75,AMBIGUOUS_QTY_OR_AMOUNT,2026-07-24,Склад Меркушина,FABRIC_MOVEMENT_H4,FILE-097,r14858
MAT-be53ca1e796b6226,MAT-be53ca1e796b6226,Шифон розовый 18-042,18-042,38737.51,38737.51,,AMBIGUOUS_QTY_OR_AMOUNT,2026-07-24,Склад Меркушина,FABRIC_MOVEMENT_H4,FILE-097,r14872
MAT-936beb264484867b,MAT-936beb264484867b,"Шифон серый, принт горох 19A-014",,73600.0,73600.0,,AMBIGUOUS_QTY_OR_AMOUNT,2026-07-24,Склад Меркушина,FABRIC_MOVEMENT_H4,FILE-097,r14880
MAT-88230667855b5250,MAT-88230667855b5250,Шифон черный 18-039,18-039,137506.59,137506.59,,AMBIGUOUS_QTY_OR_AMOUNT,2026-07-24,Склад Меркушина,FABRIC_MOVEMENT_H4,FILE-097,r14886
MAT-afca16b2f83c941d,MAT-afca16b2f83c941d,"Шифон черный, принт горох 19A-001",,39900.0,39900.0,,AMBIGUOUS_QTY_OR_AMOUNT,2026-07-24,Склад Меркушина,FABRIC_MOVEMENT_H4,FILE-097,r14922
MAT-e30b5d401ac55fb1,MAT-e30b5d401ac55fb1,"Шифон, белый с принтом ""листья"" 19A-016",,201275.92,201275.92,,AMBIGUOUS_QTY_OR_AMOUNT,2026-07-24,Склад Меркушина,FABRIC_MOVEMENT_H4,FILE-097,r14928
MAT-70573eec7682e7da,MAT-70573eec7682e7da,"Шифон, серый с принтом ""розовые листья"" 19A-017",,20700.0,16330.0,4370.0,AMBIGUOUS_QTY_OR_AMOUNT,2026-07-24,Склад Меркушина,FABRIC_MOVEMENT_H4,FILE-097,r14938
MAT-fc7db00da5ab0697,MAT-fc7db00da5ab0697,"Шифон, черный с принтом ""листья"" 19A-015",,229425.0,229425.0,,AMBIGUOUS_QTY_OR_AMOUNT,2026-07-24,Склад Меркушина,FABRIC_MOVEMENT_H4,FILE-097,r14944
MAT-7f73ef959bd5ccd0,MAT-7f73ef959bd5ccd0,Атлас (дюшес) темно-коричневый  20-006,20-006,7140.0,7140.0,,AMBIGUOUS_QTY_OR_AMOUNT,2026-07-24,Склад Мокеева,FABRIC_MOVEMENT_H4,FILE-097,r14952
MAT-250b3e45ea57d3c1,MAT-250b3e45ea57d3c1,Бархат стрейч коричневый  6-056,,1459.78,1459.78,,AMBIGUOUS_QTY_OR_AMOUNT,2026-07-24,Склад Мокеева,FABRIC_MOVEMENT_H4,FILE-097,r14960
MAT-ec3ae444e5fce14a,MAT-ec3ae444e5fce14a,Бархат стрейч плотный черный 6-028,,5000.0,5000.0,,AMBIGUOUS_QTY_OR_AMOUNT,2026-07-24,Склад Мокеева,FABRIC_MOVEMENT_H4,FILE-097,r14966
MAT-2c7f3998c994cd60,MAT-2c7f3998c994cd60,"Бархат стрейч, бирюзовый 6-049",,1230.0,1230.0,,AMBIGUOUS_QTY_OR_AMOUNT,2026-07-24,Склад Мокеева,FABRIC_MOVEMENT_H4,FILE-097,r14974
MAT-49836e6dbaa903cd,MAT-49836e6dbaa903cd,"Бархат стрейч, морская волна 6-053",,61.5,,61.5,AMBIGUOUS_QTY_OR_AMOUNT,2026-07-24,Склад Мокеева,FABRIC_MOVEMENT_H4,FILE-097,r14980
MAT-94755f41e51252a2,MAT-94755f41e51252a2,"Бархат стрейч, светло-серый 6-048",,4243.5,4243.5,,AMBIGUOUS_QTY_OR_AMOUNT,2026-07-24,Склад Мокеева,FABRIC_MOVEMENT_H4,FILE-097,r14986
MAT-e93a6ac9d3b8db1e,MAT-e93a6ac9d3b8db1e,"Бархат стрейч, синий 6-052",,9737.5,9737.5,,AMBIGUOUS_QTY_OR_AMOUNT,2026-07-24,Склад Мокеева,FABRIC_MOVEMENT_H4,FILE-097,r14992
MAT-fd010cb29ec1dbb5,MAT-fd010cb29ec1dbb5,"Бархат стрейч, темно-синий 6-051",,1561.5,1500.0,61.5,AMBIGUOUS_QTY_OR_AMOUNT,2026-07-24,Склад Мокеева,FABRIC_MOVEMENT_H4,FILE-097,r15006
MAT-03f140351fea625d,MAT-03f140351fea625d,"Бархат стрейч, черный 6-030",,53731.48,53731.48,,AMBIGUOUS_QTY_OR_AMOUNT,2026-07-24,Склад Мокеева,FABRIC_MOVEMENT_H4,FILE-097,r15016
MAT-04177759d9ae1687,MAT-04177759d9ae1687,"Бархат х/б, бежевый 6-039",,7375.0,7375.0,,AMBIGUOUS_QTY_OR_AMOUNT,2026-07-24,Склад Мокеева,FABRIC_MOVEMENT_H4,FILE-097,r15080
MAT-ef9549754344196b,MAT-ef9549754344196b,"Бархат х/б, светло-коричневый 6-009",,1650.0,1650.0,,AMBIGUOUS_QTY_OR_AMOUNT,2026-07-24,Склад Мокеева,FABRIC_MOVEMENT_H4,FILE-097,r15088
MAT-4bf03e44ccb39741,MAT-4bf03e44ccb39741,"Бархат х/б, черный 6-001",,212593.42,176152.8,36440.62,AMBIGUOUS_QTY_OR_AMOUNT,2026-07-24,Склад Мокеева,FABRIC_MOVEMENT_H4,FILE-097,r15094
MAT-909266f02f6a5d8c,MAT-909266f02f6a5d8c,"Бархат х/б, черный со стрейчем 6-002",,13200.0,13200.0,,AMBIGUOUS_QTY_OR_AMOUNT,2026-07-24,Склад Мокеева,FABRIC_MOVEMENT_H4,FILE-097,r15134
MAT-73e282cdab1abacc,MAT-73e282cdab1abacc,"Бархат шелк, зеленый 6-035",,17160.0,17160.0,,AMBIGUOUS_QTY_OR_AMOUNT,2026-07-24,Склад Мокеева,FABRIC_MOVEMENT_H4,FILE-097,r15140
MAT-098a4e3455e869e7,MAT-098a4e3455e869e7,"Бархат шелк, красный 6-044",,33466.99,33466.99,,AMBIGUOUS_QTY_OR_AMOUNT,2026-07-24,Склад Мокеева,FABRIC_MOVEMENT_H4,FILE-097,r15148
MAT-5fa4171f343d77a5,MAT-5fa4171f343d77a5,"Бархат шелк, серый 6-031",,4550.0,4550.0,,AMBIGUOUS_QTY_OR_AMOUNT,2026-07-24,Склад Мокеева,FABRIC_MOVEMENT_H4,FILE-097,r15172
MAT-82670314858adaa0,MAT-82670314858adaa0,"Бархат шелк, синий 6-032",,11505.0,11505.0,,AMBIGUOUS_QTY_OR_AMOUNT,2026-07-24,Склад Мокеева,FABRIC_MOVEMENT_H4,FILE-097,r15184
MAT-a3db95fcec1f1fc4,MAT-a3db95fcec1f1fc4,"Бархат шелк, фиолетовый 6-038",,4160.0,4160.0,,AMBIGUOUS_QTY_OR_AMOUNT,2026-07-24,Склад Мокеева,FABRIC_MOVEMENT_H4,FILE-097,r15192
MAT-94a0b390455096ba,MAT-94a0b390455096ba,"Бархат шелк, черный 6-046",,173366.23,173366.23,,AMBIGUOUS_QTY_OR_AMOUNT,2026-07-24,Склад Мокеева,FABRIC_MOVEMENT_H4,FILE-097,r15198
MAT-103519727f44d60d,MAT-103519727f44d60d,"Бархат шелк, черный Италия 6-043",,5085.1,5085.1,,AMBIGUOUS_QTY_OR_AMOUNT,2026-07-24,Склад Мокеева,FABRIC_MOVEMENT_H4,FILE-097,r15224
MAT-e501d64971d07ef6,MAT-e501d64971d07ef6,"Батист серо-бежевый атласный, 4-028",,980.0,980.0,,AMBIGUOUS_QTY_OR_AMOUNT,2026-07-24,Склад Мокеева,FABRIC_MOVEMENT_H4,FILE-097,r15300
MAT-4820f98aa9c31d7e,MAT-4820f98aa9c31d7e,Бифлекс бежевыфй 23-011,23-011,3100.0,3100.0,,AMBIGUOUS_QTY_OR_AMOUNT,2026-07-24,Склад Мокеева,FABRIC_MOVEMENT_H4,FILE-097,r15372
MAT-a8b594a71f5e3629,MAT-a8b594a71f5e3629,Вечерняя ткань бежевая сетка 12-012,12-012,2200.0,2200.0,,AMBIGUOUS_QTY_OR_AMOUNT,2026-07-24,Склад Мокеева,FABRIC_MOVEMENT_H4,FILE-097,r15428
MAT-5d6d8c4f4a3d314a,MAT-5d6d8c4f4a3d314a,Вечерняя ткань белая сетка с перьями 12-092,12-092,231750.0,231750.0,,AMBIGUOUS_QTY_OR_AMOUNT,2026-07-24,Склад Мокеева,FABRIC_MOVEMENT_H4,FILE-097,r15434
MAT-b6334401b58e9fcd,MAT-b6334401b58e9fcd,Вечерняя ткань белые пайетки на трикотаже 12-053,12-053,1035.0,1035.0,,AMBIGUOUS_QTY_OR_AMOUNT,2026-07-24,Склад Мокеева,FABRIC_MOVEMENT_H4,FILE-097,r15440
MAT-1f0ffcd00ac7a174,MAT-1f0ffcd00ac7a174,"Вечерняя ткань серая сетка с перьями, расшивкой пайетками 12-088",12-088,259930.0,259930.0,,AMBIGUOUS_QTY_OR_AMOUNT,2026-07-24,Склад Мокеева,FABRIC_MOVEMENT_H4,FILE-097,r15446
MAT-e44da390d64d0f4c,MAT-e44da390d64d0f4c,Вечерняя ткань черная сетка с перьями и пайетками 12-094,12-094,188298.6,188298.6,,AMBIGUOUS_QTY_OR_AMOUNT,2026-07-24,Склад Мокеева,FABRIC_MOVEMENT_H4,FILE-097,r15454
MAT-980649cd7d43c6e5,MAT-980649cd7d43c6e5,"Вечерняя ткань черная сетка с перьями, расшивкой пайетками 12-087",12-087,28860.0,28860.0,,AMBIGUOUS_QTY_OR_AMOUNT,2026-07-24,Склад Мокеева,FABRIC_MOVEMENT_H4,FILE-097,r15474
MAT-788581d658179876,MAT-788581d658179876,Вечерняя ткань черные пайетки матовые 12-024,12-024,121500.0,121500.0,,AMBIGUOUS_QTY_OR_AMOUNT,2026-07-24,Склад Мокеева,FABRIC_MOVEMENT_H4,FILE-097,r15480
MAT-65b4d7943f8848fb,MAT-65b4d7943f8848fb,"Вечерняя ткань, пайетки крупные, на сетке, синие 12-046",12-046,250.0,,250.0,AMBIGUOUS_QTY_OR_AMOUNT,2026-07-24,Склад Мокеева,FABRIC_MOVEMENT_H4,FILE-097,r15490
MAT-7cdaf85f31809d1c,MAT-7cdaf85f31809d1c,"Вечерняя ткань, пайетки серебро 12-008",12-008,675.0,675.0,,AMBIGUOUS_QTY_OR_AMOUNT,2026-07-24,Склад Мокеева,FABRIC_MOVEMENT_H4,FILE-097,r15496
MAT-30757d35dea6f307,MAT-30757d35dea6f307,"Вечерняя ткань, сетка белая с серебрянными  стразами 12-081",12-081,8400.0,8400.0,,AMBIGUOUS_QTY_OR_AMOUNT,2026-07-24,Склад Мокеева,FABRIC_MOVEMENT_H4,FILE-097,r15502
MAT-079f440a8ba0fe7a,MAT-079f440a8ba0fe7a,"Вечерняя ткань, сетка с черными стразами 12-079",12-079,9660.0,9660.0,,AMBIGUOUS_QTY_OR_AMOUNT,2026-07-24,Склад Мокеева,FABRIC_MOVEMENT_H4,FILE-097,r15514
MAT-0b2852548798c6a9,MAT-0b2852548798c6a9,"Вечерняя ткань, сетка синяя с синими стразами 12-083",12-083,18340.0,18340.0,,AMBIGUOUS_QTY_OR_AMOUNT,2026-07-24,Склад Мокеева,FABRIC_MOVEMENT_H4,FILE-097,r15526
MAT-4899fed7bead18ef,MAT-4899fed7bead18ef,"Вечерняя ткань, сетка черная со стразами 12-080",12-080,24430.0,24430.0,,AMBIGUOUS_QTY_OR_AMOUNT,2026-07-24,Склад Мокеева,FABRIC_MOVEMENT_H4,FILE-097,r15538
MAT-66d2beaea72f4c59,MAT-66d2beaea72f4c59,"Вечерняя ткань, трикотаж с люрексом бордовый 12-075",12-075,6450.0,6450.0,,AMBIGUOUS_QTY_OR_AMOUNT,2026-07-24,Склад Мокеева,FABRIC_MOVEMENT_H4,FILE-097,r15552
MAT-9f5f723e24466149,MAT-9f5f723e24466149,"Вечерняя ткань, трикотаж с люрексом серебро 12-071",12-071,1950.0,1950.0,,AMBIGUOUS_QTY_OR_AMOUNT,2026-07-24,Склад Мокеева,FABRIC_MOVEMENT_H4,FILE-097,r15560
MAT-04f1567da57f36c0,MAT-04f1567da57f36c0,"Вечерняя ткань, трикотаж с люрексом синий 12-074",12-074,3300.0,3300.0,,AMBIGUOUS_QTY_OR_AMOUNT,2026-07-24,Склад Мокеева,FABRIC_MOVEMENT_H4,FILE-097,r15568
MAT-86b8c1e5ee279559,MAT-86b8c1e5ee279559,"Вечерняя ткань, трикотаж с люрексом фиолетовая 12-065",12-065,10000.0,10000.0,,AMBIGUOUS_QTY_OR_AMOUNT,2026-07-24,Склад Мокеева,FABRIC_MOVEMENT_H4,FILE-097,r15576
MAT-f073ac953b82bd0b,MAT-f073ac953b82bd0b,"Вечерняя ткань, трикотаж с люрексом черное серебро 12-077",12-077,1800.0,1800.0,,AMBIGUOUS_QTY_OR_AMOUNT,2026-07-24,Склад Мокеева,FABRIC_MOVEMENT_H4,FILE-097,r15584
MAT-22225321ee7ae735,MAT-22225321ee7ae735,"Вечерняя ткань, трикотаж с люрексом черный 12-066",12-066,2000.0,2000.0,,AMBIGUOUS_QTY_OR_AMOUNT,2026-07-24,Склад Мокеева,FABRIC_MOVEMENT_H4,FILE-097,r15592
MAT-bf31d8dd7dfdfd20,MAT-bf31d8dd7dfdfd20,"Вечерняя ткань, трикотаж с люрексом черный 12-078",12-078,720.0,720.0,,AMBIGUOUS_QTY_OR_AMOUNT,2026-07-24,Склад Мокеева,FABRIC_MOVEMENT_H4,FILE-097,r15600
MAT-70eda6a4384cd6fa,MAT-70eda6a4384cd6fa,"Вечерняя ткань, черные пайетки 12-018",12-018,3145.0,3145.0,,AMBIGUOUS_QTY_OR_AMOUNT,2026-07-24,Склад Мокеева,FABRIC_MOVEMENT_H4,FILE-097,r15606
MAT-795f437683f4331f,MAT-795f437683f4331f,"Вечерняя ткань, черные пайетки на атласе 12-093",12-093,30750.0,29250.0,1500.0,AMBIGUOUS_QTY_OR_AMOUNT,2026-07-24,Склад Мокеева,FABRIC_MOVEMENT_H4,FILE-097,r15614
MAT-b64c224a91811af2,MAT-b64c224a91811af2,"Вечерняя ткань, черные пайетки на сетке 12-021",12-021,55125.0,53625.0,1500.0,AMBIGUOUS_QTY_OR_AMOUNT,2026-07-24,Склад Мокеева,FABRIC_MOVEMENT_H4,FILE-097,r15620
MAT-e4ced440f9c75377,MAT-e4ced440f9c75377,"Дабл-креп, бордовый 11-015",11-015,35075.0,35075.0,,AMBIGUOUS_QTY_OR_AMOUNT,2026-07-24,Склад Мокеева,FABRIC_MOVEMENT_H4,FILE-097,r15636
MAT-5125da83239d301a,MAT-5125da83239d301a,"Дабл-креп, васильковый 11-009",11-009,74290.0,74290.0,,AMBIGUOUS_QTY_OR_AMOUNT,2026-07-24,Склад Мокеева,FABRIC_MOVEMENT_H4,FILE-097,r15650
MAT-c41da29273e43640,MAT-c41da29273e43640,"Дабл-креп, голубой 11-011",11-011,35880.0,35880.0,,AMBIGUOUS_QTY_OR_AMOUNT,2026-07-24,Склад Мокеева,FABRIC_MOVEMENT_H4,FILE-097,r15666
MAT-cdda86dc9b76a3fa,MAT-cdda86dc9b76a3fa,"Дабл-креп, деним 11-010",11-010,86365.0,86365.0,,AMBIGUOUS_QTY_OR_AMOUNT,2026-07-24,Склад Мокеева,FABRIC_MOVEMENT_H4,FILE-097,r15680
MAT-bb7fc9f3795a4cf1,MAT-bb7fc9f3795a4cf1,"Дабл-креп, желтый 11-026",11-026,45080.0,45080.0,,AMBIGUOUS_QTY_OR_AMOUNT,2026-07-24,Склад Мокеева,FABRIC_MOVEMENT_H4,FILE-097,r15692
MAT-75235d639f8e56d8,MAT-75235d639f8e56d8,"Дабл-креп, молочный 11-005",11-005,77740.0,71990.0,5750.0,AMBIGUOUS_QTY_OR_AMOUNT,2026-07-24,Склад Мокеева,FABRIC_MOVEMENT_H4,FILE-097,r15704
MAT-378c2d6c7fca534a,MAT-378c2d6c7fca534a,"Дабл-креп, розовый 11-027",11-027,12765.0,12765.0,,AMBIGUOUS_QTY_OR_AMOUNT,2026-07-24,Склад Мокеева,FABRIC_MOVEMENT_H4,FILE-097,r15724
MAT-02922788583f6a2f,MAT-02922788583f6a2f,"Дабл-креп, розовый 11-028",11-028,7590.0,7590.0,,AMBIGUOUS_QTY_OR_AMOUNT,2026-07-24,Склад Мокеева,FABRIC_MOVEMENT_H4,FILE-097,r15736
MAT-abc9a88e3b504674,MAT-abc9a88e3b504674,"Дабл-креп, серый 11-003",11-003,4600.0,4600.0,,AMBIGUOUS_QTY_OR_AMOUNT,2026-07-24,Склад Мокеева,FABRIC_MOVEMENT_H4,FILE-097,r15744
MAT-d661a9ce711c2092,MAT-d661a9ce711c2092,"Дабл-креп, фуксия 11-017",11-017,5750.0,5750.0,,AMBIGUOUS_QTY_OR_AMOUNT,2026-07-24,Склад Мокеева,FABRIC_MOVEMENT_H4,FILE-097,r15750
MAT-68659870b8f88975,MAT-68659870b8f88975,"Дабл-креп, черный 11-001",11-001,152490.0,140300.0,12190.0,AMBIGUOUS_QTY_OR_AMOUNT,2026-07-24,Склад Мокеева,FABRIC_MOVEMENT_H4,FILE-097,r15756
MAT-7e73c6e5e8adbc96,MAT-7e73c6e5e8adbc96,"Джерси, черный 23-031",23-031,29551.23,29551.23,,AMBIGUOUS_QTY_OR_AMOUNT,2026-07-24,Склад Мокеева,FABRIC_MOVEMENT_H4,FILE-097,r15784
MAT-5ba0ccb09aaa7a19,MAT-5ba0ccb09aaa7a19,"Джинсовая ткань, молочная 4-042",,17978.34,17978.34,,AMBIGUOUS_QTY_OR_AMOUNT,2026-07-24,Склад Мокеева,FABRIC_MOVEMENT_H4,FILE-097,r15804
MAT-9bdf97a25d21f394,MAT-9bdf97a25d21f394,"Джинсовая ткань, черная 4-043",,20817.25,20817.25,,AMBIGUOUS_QTY_OR_AMOUNT,2026-07-24,Склад Мокеева,FABRIC_MOVEMENT_H4,FILE-097,r15822
MAT-6f09ddd0369dbaac,MAT-6f09ddd0369dbaac,"Дюшес-дабл, темно-синий 5-015",,35000.0,35000.0,,AMBIGUOUS_QTY_OR_AMOUNT,2026-07-24,Склад Мокеева,FABRIC_MOVEMENT_H4,FILE-097,r15850
MAT-9f20baf282807bff,MAT-9f20baf282807bff,"Дюшес-дабл, черный 5-014",,3500.0,3500.0,,AMBIGUOUS_QTY_OR_AMOUNT,2026-07-24,Склад Мокеева,FABRIC_MOVEMENT_H4,FILE-097,r15856
MAT-1e3a4f963a740fb0,MAT-1e3a4f963a740fb0,"Дюшес, белый 5-001",,9240.0,9240.0,,AMBIGUOUS_QTY_OR_AMOUNT,2026-07-24,Склад Мокеева,FABRIC_MOVEMENT_H4,FILE-097,r15862
MAT-dd4fdf6f5581925a,MAT-dd4fdf6f5581925a,"Дюшес, желтый 5-018",,7000.0,7000.0,,AMBIGUOUS_QTY_OR_AMOUNT,2026-07-24,Склад Мокеева,FABRIC_MOVEMENT_H4,FILE-097,r15870
MAT-32fd3ab9faf680cc,MAT-32fd3ab9faf680cc,"Дюшес, золотой 5-019",,350.0,350.0,,AMBIGUOUS_QTY_OR_AMOUNT,2026-07-24,Склад Мокеева,FABRIC_MOVEMENT_H4,FILE-097,r15876
MAT-f17290a0ff8c971d,MAT-f17290a0ff8c971d,"Дюшес, оранжевый с принтом ""акварель"" 5-012",,78500.0,78500.0,,AMBIGUOUS_QTY_OR_AMOUNT,2026-07-24,Склад Мокеева,FABRIC_MOVEMENT_H4,FILE-097,r15882
MAT-ed69e0de58e977df,MAT-ed69e0de58e977df,"Дюшес, розовый 5-002",,21560.0,21560.0,,AMBIGUOUS_QTY_OR_AMOUNT,2026-07-24,Склад Мокеева,FABRIC_MOVEMENT_H4,FILE-097,r15890
MAT-488d963c9413ebf0,MAT-488d963c9413ebf0,"Дюшес, синий с принтом ""акварель"" 5-011",,30500.0,29000.0,1500.0,AMBIGUOUS_QTY_OR_AMOUNT,2026-07-24,Склад Мокеева,FABRIC_MOVEMENT_H4,FILE-097,r15902
MAT-ecac43f21fe06faa,MAT-ecac43f21fe06faa,"Дюшес, фиолетовый 5-020",,19600.0,19600.0,,AMBIGUOUS_QTY_OR_AMOUNT,2026-07-24,Склад Мокеева,FABRIC_MOVEMENT_H4,FILE-097,r15910
MAT-aefc09c4efc27e99,MAT-aefc09c4efc27e99,"Дюшес, фуксия 5-017",,3850.0,,3850.0,AMBIGUOUS_QTY_OR_AMOUNT,2026-07-24,Склад Мокеева,FABRIC_MOVEMENT_H4,FILE-097,r15920
MAT-aec1847ce6fceb54,MAT-aec1847ce6fceb54,Клеевая белая (DG 8055 W) 28-022,28-022,2055.2,,2055.2,AMBIGUOUS_QTY_OR_AMOUNT,2026-07-24,Склад Мокеева,FABRIC_MOVEMENT_H4,FILE-097,r15926
MAT-9ad16350e1dd781c,MAT-9ad16350e1dd781c,Клеевая воротничковая черная 28-017,28-017,1069.36,,1069.36,AMBIGUOUS_QTY_OR_AMOUNT,2026-07-24,Склад Мокеева,FABRIC_MOVEMENT_H4,FILE-097,r15930
MAT-6a2c187fc518014a,MAT-6a2c187fc518014a,"Клеевая паутинка, белая 28-001",28-001,5634.54,2420.14,3214.4,AMBIGUOUS_QTY_OR_AMOUNT,2026-07-24,Склад Мокеева,FABRIC_MOVEMENT_H4,FILE-097,r15934
MAT-9df8901004f148ff,MAT-9df8901004f148ff,"Клеевая паутинка, черная  28-005",28-005,3410.55,,3410.55,AMBIGUOUS_QTY_OR_AMOUNT,2026-07-24,Склад Мокеева,FABRIC_MOVEMENT_H4,FILE-097,r15946
MAT-26cd720aca986396,MAT-26cd720aca986396,Клеевая средняя новая белая 28-014,28-014,1009.03,229.33,779.7,AMBIGUOUS_QTY_OR_AMOUNT,2026-07-24,Склад Мокеева,FABRIC_MOVEMENT_H4,FILE-097,r15950
MAT-ea2c27a33a1f66d8,MAT-ea2c27a33a1f66d8,Клеевая средняя новая черная 28-015 (DG 61709 B),28-015,869.58,869.58,,AMBIGUOUS_QTY_OR_AMOUNT,2026-07-24,Склад Мокеева,FABRIC_MOVEMENT_H4,FILE-097,r15958
MAT-ac2b7bfb10b9bf04,MAT-ac2b7bfb10b9bf04,"Клеевая средняя, белая 28-003",28-003,7899.33,4203.95,3695.38,AMBIGUOUS_QTY_OR_AMOUNT,2026-07-24,Склад Мокеева,FABRIC_MOVEMENT_H4,FILE-097,r15964
MAT-b39a706ad2a3df93,MAT-b39a706ad2a3df93,"Клеевая средняя, черная 28-002",28-002,16523.85,10596.71,5927.14,AMBIGUOUS_QTY_OR_AMOUNT,2026-07-24,Склад Мокеева,FABRIC_MOVEMENT_H4,FILE-097,r15990
MAT-d4a3ffe8e84ab893,MAT-d4a3ffe8e84ab893,Клеевая черная (DG 8055 B) 28-021,28-021,2107.35,,2107.35,AMBIGUOUS_QTY_OR_AMOUNT,2026-07-24,Склад Мокеева,FABRIC_MOVEMENT_H4,FILE-097,r16028
MAT-3437f9afc4be8c35,MAT-3437f9afc4be8c35,"Кожа натуральная, белая  26-002",26-002,23553.06,21407.51,2145.55,AMBIGUOUS_QTY_OR_AMOUNT,2026-07-24,Склад Мокеева,FABRIC_MOVEMENT_H4,FILE-097,r16032
MAT-297016b0d0e1d048,MAT-297016b0d0e1d048,"Кожа натуральная, коричневая 26-004",26-004,16999.54,16999.54,,AMBIGUOUS_QTY_OR_AMOUNT,2026-07-24,Склад Мокеева,FABRIC_MOVEMENT_H4,FILE-097,r16052
MAT-0ae58b810ea71481,MAT-0ae58b810ea71481,"Кожа натуральная, серая  26-003",26-003,5980.0,5980.0,,AMBIGUOUS_QTY_OR_AMOUNT,2026-07-24,Склад Мокеева,FABRIC_MOVEMENT_H4,FILE-097,r16060
MAT-789571fb262118b3,MAT-789571fb262118b3,"Кожа натуральная, черный 26-001",26-001,104664.14,101221.68,3442.46,AMBIGUOUS_QTY_OR_AMOUNT,2026-07-24,Склад Мокеева,FABRIC_MOVEMENT_H4,FILE-097,r16066
MAT-eec3c4dc37408143,MAT-eec3c4dc37408143,"Креп синтетический, белый 10А-002",,47165.8,47165.8,,AMBIGUOUS_QTY_OR_AMOUNT,2026-07-24,Склад Мокеева,FABRIC_MOVEMENT_H4,FILE-097,r16094
MAT-8fc91961fd287dea,MAT-8fc91961fd287dea,"Креп синтетический, черный 10А-001",,28251.51,28251.51,,AMBIGUOUS_QTY_OR_AMOUNT,2026-07-24,Склад Мокеева,FABRIC_MOVEMENT_H4,FILE-097,r16118
MAT-969376a49b60e9cb,MAT-969376a49b60e9cb,Креп тонкий шерсть черный 10-001,10-001,118898.08,109005.75,9892.33,AMBIGUOUS_QTY_OR_AMOUNT,2026-07-24,Склад Мокеева,FABRIC_MOVEMENT_H4,FILE-097,r16152
MAT-fbcdc7340598d875,MAT-fbcdc7340598d875,"Креп тонкий шерсть, бордовый 10-004",10-004,200.0,200.0,,AMBIGUOUS_QTY_OR_AMOUNT,2026-07-24,Склад Мокеева,FABRIC_MOVEMENT_H4,FILE-097,r16180
MAT-36d7af2e41866d0d,MAT-36d7af2e41866d0d,"Креп тонкий шерсть, синий 10-008",10-008,13400.0,13400.0,,AMBIGUOUS_QTY_OR_AMOUNT,2026-07-24,Склад Мокеева,FABRIC_MOVEMENT_H4,FILE-097,r16186
MAT-8af4e101c118e38d,MAT-8af4e101c118e38d,"Креп тонкий шерсть, фуксия 10-007",10-007,2600.0,2600.0,,AMBIGUOUS_QTY_OR_AMOUNT,2026-07-24,Склад Мокеева,FABRIC_MOVEMENT_H4,FILE-097,r16194
MAT-5cea06cccf8d8023,MAT-5cea06cccf8d8023,Кружево белое 13-004,13-004,3547.5,3547.5,,AMBIGUOUS_QTY_OR_AMOUNT,2026-07-24,Склад Мокеева,FABRIC_MOVEMENT_H4,FILE-097,r16200
MAT-01265cead0860f3e,MAT-01265cead0860f3e,"Кружево плотное, бежевый 13-040",13-040,1980.0,1980.0,,AMBIGUOUS_QTY_OR_AMOUNT,2026-07-24,Склад Мокеева,FABRIC_MOVEMENT_H4,FILE-097,r16206
MAT-04369259bbb60fda,MAT-04369259bbb60fda,"Кружево, бежевое 13-099",13-099,2406.36,2406.36,,AMBIGUOUS_QTY_OR_AMOUNT,2026-07-24,Склад Мокеева,FABRIC_MOVEMENT_H4,FILE-097,r16216
MAT-f0dde8f8c1b590c7,MAT-f0dde8f8c1b590c7,"Кружево, бежевый 13-041",13-041,330.0,330.0,,AMBIGUOUS_QTY_OR_AMOUNT,2026-07-24,Склад Мокеева,FABRIC_MOVEMENT_H4,FILE-097,r16230
MAT-b3681a2b5e8e3b59,MAT-b3681a2b5e8e3b59,"Кружево, бежевый 13-088",13-088,880.0,880.0,,AMBIGUOUS_QTY_OR_AMOUNT,2026-07-24,Склад Мокеева,FABRIC_MOVEMENT_H4,FILE-097,r16236
MAT-bac74689ebcb3617,MAT-bac74689ebcb3617,"Кружево, белый 13-097",13-097,4950.0,4950.0,,AMBIGUOUS_QTY_OR_AMOUNT,2026-07-24,Склад Мокеева,FABRIC_MOVEMENT_H4,FILE-097,r16242
MAT-78dae2c9063faac7,MAT-78dae2c9063faac7,"Кружево, зеленое 13-100",13-100,12446.7,12446.7,,AMBIGUOUS_QTY_OR_AMOUNT,2026-07-24,Склад Мокеева,FABRIC_MOVEMENT_H4,FILE-097,r16248
MAT-c2b038135885d6cf,MAT-c2b038135885d6cf,"Кружево, золотой, на серой сетке 13-019",13-019,6105.0,6105.0,,AMBIGUOUS_QTY_OR_AMOUNT,2026-07-24,Склад Мокеева,FABRIC_MOVEMENT_H4,FILE-097,r16256
MAT-ac93fb2cf399c9ac,MAT-ac93fb2cf399c9ac,"Кружево, молочный 13-045",13-045,4950.0,4950.0,,AMBIGUOUS_QTY_OR_AMOUNT,2026-07-24,Склад Мокеева,FABRIC_MOVEMENT_H4,FILE-097,r16262
MAT-0c5f13bb47593a69,MAT-0c5f13bb47593a69,"Кружево, оранжевый 13-086",13-086,16544.0,6864.0,9680.0,AMBIGUOUS_QTY_OR_AMOUNT,2026-07-24,Склад Мокеева,FABRIC_MOVEMENT_H4,FILE-097,r16268
MAT-a4943e51334a7015,MAT-a4943e51334a7015,"Кружево, розовый 13-018",13-018,6105.0,6105.0,,AMBIGUOUS_QTY_OR_AMOUNT,2026-07-24,Склад Мокеева,FABRIC_MOVEMENT_H4,FILE-097,r16274
MAT-118ecd0dce8bb120,MAT-118ecd0dce8bb120,"Кружево, светло-бежевый 13-059",13-059,704.0,704.0,,AMBIGUOUS_QTY_OR_AMOUNT,2026-07-24,Склад Мокеева,FABRIC_MOVEMENT_H4,FILE-097,r16280
MAT-656f66c9b733bab4,MAT-656f66c9b733bab4,"Кружево, фиолетовый 13-094",13-094,6000.0,6000.0,,AMBIGUOUS_QTY_OR_AMOUNT,2026-07-24,Склад Мокеева,FABRIC_MOVEMENT_H4,FILE-097,r16286
MAT-ae115b79f9999336,MAT-ae115b79f9999336,"Кружево, черный 13-031",13-031,5278.11,5278.11,,AMBIGUOUS_QTY_OR_AMOUNT,2026-07-24,Склад Мокеева,FABRIC_MOVEMENT_H4,FILE-097,r16292
MAT-1e049a10629e9ec0,MAT-1e049a10629e9ec0,"Кружево, черный 13-046",13-046,8164.46,8164.46,,AMBIGUOUS_QTY_OR_AMOUNT,2026-07-24,Склад Мокеева,FABRIC_MOVEMENT_H4,FILE-097,r16300
MAT-37d412662ed2754a,MAT-37d412662ed2754a,"Кружево,синее 13-101",13-101,12446.4,12446.4,,AMBIGUOUS_QTY_OR_AMOUNT,2026-07-24,Склад Мокеева,FABRIC_MOVEMENT_H4,FILE-097,r16324
MAT-0b6ac094f7cee5be,MAT-0b6ac094f7cee5be,"Мех, дубленка, рыжий  27-007",27-007,81041.37,51571.78,29469.59,AMBIGUOUS_QTY_OR_AMOUNT,2026-07-24,Склад Мокеева,FABRIC_MOVEMENT_H4,FILE-097,r16332
MAT-43354be17bae3acf,MAT-43354be17bae3acf,"Мех, кролик под шиншиллу 27-003",27-003,13200.0,13200.0,,AMBIGUOUS_QTY_OR_AMOUNT,2026-07-24,Склад Мокеева,FABRIC_MOVEMENT_H4,FILE-097,r16338
MAT-aa6766ea981617bf,MAT-aa6766ea981617bf,"Мех, норка черная стриженная 27-001",27-001,241416.57,241416.57,,AMBIGUOUS_QTY_OR_AMOUNT,2026-07-24,Склад Мокеева,FABRIC_MOVEMENT_H4,FILE-097,r16344
MAT-ce076fcd606b21e9,MAT-ce076fcd606b21e9,"Мех, песец 27-006",27-006,31266.67,31266.67,,AMBIGUOUS_QTY_OR_AMOUNT,2026-07-24,Склад Мокеева,FABRIC_MOVEMENT_H4,FILE-097,r16368
MAT-178fa96af340ae03,MAT-178fa96af340ae03,"Мех, чернобурка  27-008",27-008,97000.0,97000.0,,AMBIGUOUS_QTY_OR_AMOUNT,2026-07-24,Склад Мокеева,FABRIC_MOVEMENT_H4,FILE-097,r16374
MAT-d1dd1c87fcf560d9,MAT-d1dd1c87fcf560d9,"Органза, белый 21-023",21-023,915.0,915.0,,AMBIGUOUS_QTY_OR_AMOUNT,2026-07-24,Склад Мокеева,FABRIC_MOVEMENT_H4,FILE-097,r16388
MAT-24861cbfca84e240,MAT-24861cbfca84e240,"Органза, голубой 21-027",21-027,4275.0,,4275.0,AMBIGUOUS_QTY_OR_AMOUNT,2026-07-24,Склад Мокеева,FABRIC_MOVEMENT_H4,FILE-097,r16400
MAT-a479505541a35287,MAT-a479505541a35287,"Органза, розовая 21-029",21-029,480.0,480.0,,AMBIGUOUS_QTY_OR_AMOUNT,2026-07-24,Склад Мокеева,FABRIC_MOVEMENT_H4,FILE-097,r16404
MAT-2ed780b2b1278660,MAT-2ed780b2b1278660,"Органза, розовый 21-005",21-005,100.0,,100.0,AMBIGUOUS_QTY_OR_AMOUNT,2026-07-24,Склад Мокеева,FABRIC_MOVEMENT_H4,FILE-097,r16410
MAT-7dd276461b6aeac0,MAT-7dd276461b6aeac0,"Органза, синий 21-001",21-001,500.0,500.0,,AMBIGUOUS_QTY_OR_AMOUNT,2026-07-24,Склад Мокеева,FABRIC_MOVEMENT_H4,FILE-097,r16416
MAT-c108cd0e0805e727,MAT-c108cd0e0805e727,"Органза, черный 21-026",21-026,9169.47,9169.47,,AMBIGUOUS_QTY_OR_AMOUNT,2026-07-24,Склад Мокеева,FABRIC_MOVEMENT_H4,FILE-097,r16422
MAT-21270e60d38996e5,MAT-21270e60d38996e5,"Органза, черный, принт полоски 21-010",21-010,8750.0,8750.0,,AMBIGUOUS_QTY_OR_AMOUNT,2026-07-24,Склад Мокеева,FABRIC_MOVEMENT_H4,FILE-097,r16452
MAT-00de2de5e3ecb544,MAT-00de2de5e3ecb544,Плащевка белая 24-007,24-007,270.0,270.0,,AMBIGUOUS_QTY_OR_AMOUNT,2026-07-24,Склад Мокеева,FABRIC_MOVEMENT_H4,FILE-097,r16458
MAT-551f644fd743ead4,MAT-551f644fd743ead4,"Сетка, бежевый 22-033",22-033,23089.65,15323.43,7766.22,AMBIGUOUS_QTY_OR_AMOUNT,2026-07-24,Склад Мокеева,FABRIC_MOVEMENT_H4,FILE-097,r16640
MAT-6c1dc985d65b4eda,MAT-6c1dc985d65b4eda,"Сетка, бежевый 22-054",22-054,2118.13,,2118.13,AMBIGUOUS_QTY_OR_AMOUNT,2026-07-24,Склад Мокеева,FABRIC_MOVEMENT_H4,FILE-097,r16674
MAT-9f7d9e26685ab9b3,MAT-9f7d9e26685ab9b3,"Сетка, бежевый 22-057",22-057,2205.0,320.0,1885.0,AMBIGUOUS_QTY_OR_AMOUNT,2026-07-24,Склад Мокеева,FABRIC_MOVEMENT_H4,FILE-097,r16678
MAT-7bd9012c52fdc84e,MAT-7bd9012c52fdc84e,"Сетка, белый 22-031",22-031,7910.0,7910.0,,AMBIGUOUS_QTY_OR_AMOUNT,2026-07-24,Склад Мокеева,FABRIC_MOVEMENT_H4,FILE-097,r16694
MAT-4b456b17dd9acccd,MAT-4b456b17dd9acccd,"Сетка, бирюзовый 22-043",22-043,100.0,100.0,,AMBIGUOUS_QTY_OR_AMOUNT,2026-07-24,Склад Мокеева,FABRIC_MOVEMENT_H4,FILE-097,r16732
MAT-3be42559d1aba551,MAT-3be42559d1aba551,"Сетка, бордовый 22-046",22-046,3070.0,690.0,2380.0,AMBIGUOUS_QTY_OR_AMOUNT,2026-07-24,Склад Мокеева,FABRIC_MOVEMENT_H4,FILE-097,r16738
MAT-e9b51549f2bdbdb1,MAT-e9b51549f2bdbdb1,"Сетка, голубая, 22-039",22-039,210.0,155.0,55.0,AMBIGUOUS_QTY_OR_AMOUNT,2026-07-24,Склад Мокеева,FABRIC_MOVEMENT_H4,FILE-097,r16744
MAT-105e821e1814163c,MAT-105e821e1814163c,"Сетка, голубой 22-040",22-040,100.0,100.0,,AMBIGUOUS_QTY_OR_AMOUNT,2026-07-24,Склад Мокеева,FABRIC_MOVEMENT_H4,FILE-097,r16758
MAT-d447244cfc43b936,MAT-d447244cfc43b936,"Сетка, желтая 22-035",22-035,110.0,110.0,,AMBIGUOUS_QTY_OR_AMOUNT,2026-07-24,Склад Мокеева,FABRIC_MOVEMENT_H4,FILE-097,r16764
MAT-12178775687c7b7d,MAT-12178775687c7b7d,"Сетка, зеленый 22-044",22-044,5834.26,5834.26,,AMBIGUOUS_QTY_OR_AMOUNT,2026-07-24,Склад Мокеева,FABRIC_MOVEMENT_H4,FILE-097,r16774
MAT-c66f8eb168312453,MAT-c66f8eb168312453,"Сетка, коралловый 22-037",22-037,1550.0,1530.0,20.0,AMBIGUOUS_QTY_OR_AMOUNT,2026-07-24,Склад Мокеева,FABRIC_MOVEMENT_H4,FILE-097,r16790
MAT-36bccf143bcdaa19,MAT-36bccf143bcdaa19,"Сетка, красный 22-045",22-045,360.0,200.0,160.0,AMBIGUOUS_QTY_OR_AMOUNT,2026-07-24,Склад Мокеева,FABRIC_MOVEMENT_H4,FILE-097,r16800
MAT-92e74f9d05ed97df,MAT-92e74f9d05ed97df,"Сетка, молочный 22-052",22-052,847.03,847.03,,AMBIGUOUS_QTY_OR_AMOUNT,2026-07-24,Склад Мокеева,FABRIC_MOVEMENT_H4,FILE-097,r16810
MAT-4bfbc31b201e8916,MAT-4bfbc31b201e8916,"Сетка, пудровый 22-047",22-047,2600.0,2600.0,,AMBIGUOUS_QTY_OR_AMOUNT,2026-07-24,Склад Мокеева,FABRIC_MOVEMENT_H4,FILE-097,r16820
MAT-85142c0882061661,MAT-85142c0882061661,"Сетка, розовый 22-050",22-050,305.0,305.0,,AMBIGUOUS_QTY_OR_AMOUNT,2026-07-24,Склад Мокеева,FABRIC_MOVEMENT_H4,FILE-097,r16826
MAT-966a2ce8221271ad,MAT-966a2ce8221271ad,"Сетка, розовый 22-053",22-053,4280.0,100.0,4180.0,AMBIGUOUS_QTY_OR_AMOUNT,2026-07-24,Склад Мокеева,FABRIC_MOVEMENT_H4,FILE-097,r16840
MAT-32c79a7029d5dbaf,MAT-32c79a7029d5dbaf,"Сетка, салатовый 22-034",22-034,100.0,100.0,,AMBIGUOUS_QTY_OR_AMOUNT,2026-07-24,Склад Мокеева,FABRIC_MOVEMENT_H4,FILE-097,r16848
MAT-22a1584d151b4d2c,MAT-22a1584d151b4d2c,"Сетка, серо-фиолетовый 22-051",22-051,100.0,100.0,,AMBIGUOUS_QTY_OR_AMOUNT,2026-07-24,Склад Мокеева,FABRIC_MOVEMENT_H4,FILE-097,r16858
MAT-5be437d4806b43b7,MAT-5be437d4806b43b7,"Сетка, серый 22-056",22-056,3440.0,2550.0,890.0,AMBIGUOUS_QTY_OR_AMOUNT,2026-07-24,Склад Мокеева,FABRIC_MOVEMENT_H4,FILE-097,r16864
MAT-ddd3085abb31ee25,MAT-ddd3085abb31ee25,"Сетка, серый 22-062",22-062,440.0,440.0,,AMBIGUOUS_QTY_OR_AMOUNT,2026-07-24,Склад Мокеева,FABRIC_MOVEMENT_H4,FILE-097,r16900
MAT-0057e351c9c43666,MAT-0057e351c9c43666,"Сетка, синий 22-042",22-042,670.0,670.0,,AMBIGUOUS_QTY_OR_AMOUNT,2026-07-24,Склад Мокеева,FABRIC_MOVEMENT_H4,FILE-097,r16906
MAT-c30241059e863d22,MAT-c30241059e863d22,"Сетка, телесная 22-060 цвет №9",22-060,2250.0,2250.0,,AMBIGUOUS_QTY_OR_AMOUNT,2026-07-24,Склад Мокеева,FABRIC_MOVEMENT_H4,FILE-097,r16926
MAT-694d4e0e656c8339,MAT-694d4e0e656c8339,"Сетка, темно-серый 22-058 ИТАЛИЯ",22-058,5720.0,5720.0,,AMBIGUOUS_QTY_OR_AMOUNT,2026-07-24,Склад Мокеева,FABRIC_MOVEMENT_H4,FILE-097,r16940
MAT-84b71796a34d9c60,MAT-84b71796a34d9c60,"Сетка, темно-синий 22-049",22-049,260.0,260.0,,AMBIGUOUS_QTY_OR_AMOUNT,2026-07-24,Склад Мокеева,FABRIC_MOVEMENT_H4,FILE-097,r16954
MAT-65ed1c9e44d503dc,MAT-65ed1c9e44d503dc,"Сетка, трикотажная бежевая 22-021",22-021,5280.0,5280.0,,AMBIGUOUS_QTY_OR_AMOUNT,2026-07-24,Склад Мокеева,FABRIC_MOVEMENT_H4,FILE-097,r16966
MAT-62e14e4a1ea8b66f,MAT-62e14e4a1ea8b66f,"Сетка, трикотажная светло-бежевая 22-059",22-059,4966.71,3144.27,1822.44,AMBIGUOUS_QTY_OR_AMOUNT,2026-07-24,Склад Мокеева,FABRIC_MOVEMENT_H4,FILE-097,r16974
MAT-b6f1f0e27f343723,MAT-b6f1f0e27f343723,"Сетка, фиолетовый 22-041",22-041,100.0,100.0,,AMBIGUOUS_QTY_OR_AMOUNT,2026-07-24,Склад Мокеева,FABRIC_MOVEMENT_H4,FILE-097,r16988
MAT-a447f7784fec5560,MAT-a447f7784fec5560,"Сетка, фуксия 22-038",22-038,460.0,460.0,,AMBIGUOUS_QTY_OR_AMOUNT,2026-07-24,Склад Мокеева,FABRIC_MOVEMENT_H4,FILE-097,r16994
MAT-d7d5c93a687800a3,MAT-d7d5c93a687800a3,"Сетка, хлопок коричневый 22-014",22-014,150.0,150.0,,AMBIGUOUS_QTY_OR_AMOUNT,2026-07-24,Склад Мокеева,FABRIC_MOVEMENT_H4,FILE-097,r17014
MAT-92f2bf987a6894b5,MAT-92f2bf987a6894b5,"Сетка, черная горошек 0,5 черная 22-007",22-007,14250.0,,14250.0,AMBIGUOUS_QTY_OR_AMOUNT,2026-07-24,Склад Мокеева,FABRIC_MOVEMENT_H4,FILE-097,r17020
MAT-b75474c6a18fa91f,MAT-b75474c6a18fa91f,"Сетка, черная пшенка черная 22-005",22-005,2000.0,260.0,1740.0,AMBIGUOUS_QTY_OR_AMOUNT,2026-07-24,Склад Мокеева,FABRIC_MOVEMENT_H4,FILE-097,r17024
MAT-6f1fed60684913f0,MAT-6f1fed60684913f0,"Сетка, черный 22-022",22-022,780.0,780.0,,AMBIGUOUS_QTY_OR_AMOUNT,2026-07-24,Склад Мокеева,FABRIC_MOVEMENT_H4,FILE-097,r17034
MAT-5852437ff842d60b,MAT-5852437ff842d60b,"Сетка, черный 22-032",22-032,22358.0,19132.21,3225.79,AMBIGUOUS_QTY_OR_AMOUNT,2026-07-24,Склад Мокеева,FABRIC_MOVEMENT_H4,FILE-097,r17040
MAT-737b962eb1dce35e,MAT-737b962eb1dce35e,"Сетка,светло-серая, 22-048",22-048,1900.0,,1900.0,AMBIGUOUS_QTY_OR_AMOUNT,2026-07-24,Склад Мокеева,FABRIC_MOVEMENT_H4,FILE-097,r17088
MAT-5f2fa61b64b8787a,MAT-5f2fa61b64b8787a,"Синтепон, белый 28-004",28-004,933.57,933.57,,AMBIGUOUS_QTY_OR_AMOUNT,2026-07-24,Склад Мокеева,FABRIC_MOVEMENT_H4,FILE-097,r17092
MAT-95413afabafef33f,MAT-95413afabafef33f,Синтетическая ткань  белый эко-шелк 20-027,20-027,8250.0,8250.0,,AMBIGUOUS_QTY_OR_AMOUNT,2026-07-24,Склад Мокеева,FABRIC_MOVEMENT_H4,FILE-097,r17108
MAT-e6ee332363b8cb2d,MAT-e6ee332363b8cb2d,Синтетическая ткань бежевый эко-шелк 20-018,20-018,600.0,600.0,,AMBIGUOUS_QTY_OR_AMOUNT,2026-07-24,Склад Мокеева,FABRIC_MOVEMENT_H4,FILE-097,r17120
MAT-66378969bb930e70,MAT-66378969bb930e70,Синтетическая ткань белый эко-шелк 20-015,20-015,2228.88,2228.88,,AMBIGUOUS_QTY_OR_AMOUNT,2026-07-24,Склад Мокеева,FABRIC_MOVEMENT_H4,FILE-097,r17126
MAT-15711e90be39494a,MAT-15711e90be39494a,Синтетическая ткань белый-атлас  20-031,20-031,32662.5,32662.5,,AMBIGUOUS_QTY_OR_AMOUNT,2026-07-24,Склад Мокеева,FABRIC_MOVEMENT_H4,FILE-097,r17138
MAT-2a9f1bbd12323596,MAT-2a9f1bbd12323596,Синтетическая ткань зеленый светлый 20-009,20-009,700.0,700.0,,AMBIGUOUS_QTY_OR_AMOUNT,2026-07-24,Склад Мокеева,FABRIC_MOVEMENT_H4,FILE-097,r17188
MAT-cd8741a32a15d335,MAT-cd8741a32a15d335,Синтетическая ткань зеленый эко-шелк 20-024,20-024,1455.0,1455.0,,AMBIGUOUS_QTY_OR_AMOUNT,2026-07-24,Склад Мокеева,FABRIC_MOVEMENT_H4,FILE-097,r17194
MAT-3fd2994cca8c4ec6,MAT-3fd2994cca8c4ec6,Синтетическая ткань красный атлас плотный 20-030,20-030,21340.0,21340.0,,AMBIGUOUS_QTY_OR_AMOUNT,2026-07-24,Склад Мокеева,FABRIC_MOVEMENT_H4,FILE-097,r17200
MAT-55bec13f9929766f,MAT-55bec13f9929766f,Синтетическая ткань красный эко-шелк 20-019,20-019,30.0,30.0,,AMBIGUOUS_QTY_OR_AMOUNT,2026-07-24,Склад Мокеева,FABRIC_MOVEMENT_H4,FILE-097,r17216
MAT-572c727e4ed6d9a2,MAT-572c727e4ed6d9a2,Синтетическая ткань розовый 20-003,20-003,700.0,700.0,,AMBIGUOUS_QTY_OR_AMOUNT,2026-07-24,Склад Мокеева,FABRIC_MOVEMENT_H4,FILE-097,r17222
MAT-9e31721e455001c8,MAT-9e31721e455001c8,Синтетическая ткань серый эко-шелк 20-025,20-025,1250.0,1250.0,,AMBIGUOUS_QTY_OR_AMOUNT,2026-07-24,Склад Мокеева,FABRIC_MOVEMENT_H4,FILE-097,r17228
MAT-e6593042a43b3baa,MAT-e6593042a43b3baa,Синтетическая ткань черный атлас без стрейча 20-035,20-035,850.0,850.0,,AMBIGUOUS_QTY_OR_AMOUNT,2026-07-24,Склад Мокеева,FABRIC_MOVEMENT_H4,FILE-097,r17234
MAT-7fc7b32a8c752b26,MAT-7fc7b32a8c752b26,Синтетическая ткань черный атлас плотный  20-040,20-040,142.2,142.2,,AMBIGUOUS_QTY_OR_AMOUNT,2026-07-24,Склад Мокеева,FABRIC_MOVEMENT_H4,FILE-097,r17246
MAT-9c38c2c1037012cf,MAT-9c38c2c1037012cf,Синтетическая ткань черный эко-шелк 20-029,20-029,12223.76,12223.76,,AMBIGUOUS_QTY_OR_AMOUNT,2026-07-24,Склад Мокеева,FABRIC_MOVEMENT_H4,FILE-097,r17252
MAT-f621db72be874a2c,MAT-f621db72be874a2c,Синтетическая ткань черный- атлас плотный 20-028,20-028,43112.89,41471.59,1641.3,AMBIGUOUS_QTY_OR_AMOUNT,2026-07-24,Склад Мокеева,FABRIC_MOVEMENT_H4,FILE-097,r17272
MAT-12574025af91977d,MAT-12574025af91977d,"Синтетическая ткань, черный армани 20-016",20-016,7516.44,7516.44,,AMBIGUOUS_QTY_OR_AMOUNT,2026-07-24,Склад Мокеева,FABRIC_MOVEMENT_H4,FILE-097,r17298
MAT-159b10e104a9d3df,MAT-159b10e104a9d3df,Трикотаж горох шерсть 23-055,23-055,900.0,900.0,,AMBIGUOUS_QTY_OR_AMOUNT,2026-07-24,Склад Мокеева,FABRIC_MOVEMENT_H4,FILE-097,r17424
MAT-16a4eaf5ad69c673,MAT-16a4eaf5ad69c673,Трикотаж черный 23-032,23-032,7200.0,4400.0,2800.0,AMBIGUOUS_QTY_OR_AMOUNT,2026-07-24,Склад Мокеева,FABRIC_MOVEMENT_H4,FILE-097,r17430
MAT-19f81a82fb7a9850,MAT-19f81a82fb7a9850,"Трикотаж, бежевый ""кожа ангела"" 23-012",23-012,15600.0,9000.0,6600.0,AMBIGUOUS_QTY_OR_AMOUNT,2026-07-24,Склад Мокеева,FABRIC_MOVEMENT_H4,FILE-097,r17436
MAT-b1e5ea601994fe6d,MAT-b1e5ea601994fe6d,"Трикотаж, бифлекс серый 23-081",23-081,1320.0,1320.0,,AMBIGUOUS_QTY_OR_AMOUNT,2026-07-24,Склад Мокеева,FABRIC_MOVEMENT_H4,FILE-097,r17448
MAT-e5ca60d65423fc35,MAT-e5ca60d65423fc35,"Трикотаж, бифлекс фиолетовый 23-080",23-080,1700.0,1700.0,,AMBIGUOUS_QTY_OR_AMOUNT,2026-07-24,Склад Мокеева,FABRIC_MOVEMENT_H4,FILE-097,r17454
MAT-00f5f6236f55875a,MAT-00f5f6236f55875a,"Трикотаж, молочный ""кожа ангела"" 23-013",23-013,6000.0,6000.0,,AMBIGUOUS_QTY_OR_AMOUNT,2026-07-24,Склад Мокеева,FABRIC_MOVEMENT_H4,FILE-097,r17460
MAT-ca61fedb40d154ee,MAT-ca61fedb40d154ee,"Трикотаж, серый 23-072",23-072,2500.0,2500.0,,AMBIGUOUS_QTY_OR_AMOUNT,2026-07-24,Склад Мокеева,FABRIC_MOVEMENT_H4,FILE-097,r17466
MAT-2bba573a4e160c54,MAT-2bba573a4e160c54,Флизелин белый  28-013,28-013,1264.4,1264.4,,AMBIGUOUS_QTY_OR_AMOUNT,2026-07-24,Склад Мокеева,FABRIC_MOVEMENT_H4,FILE-097,r17474
MAT-107884205458105a,MAT-107884205458105a,Флизелин черный  28-012,28-012,126.44,126.44,,AMBIGUOUS_QTY_OR_AMOUNT,2026-07-24,Склад Мокеева,FABRIC_MOVEMENT_H4,FILE-097,r17484
MAT-16f6ee5768d3c9a0,MAT-16f6ee5768d3c9a0,Х/Б сатин бежевый однотонный 4-061,,16306.86,3275.93,13030.93,AMBIGUOUS_QTY_OR_AMOUNT,2026-07-24,Склад Мокеева,FABRIC_MOVEMENT_H4,FILE-097,r17698
MAT-d35fff23dd53314b,MAT-d35fff23dd53314b,Х/Б Хлопок грибочки белые 4А-059,,106430.0,106430.0,,AMBIGUOUS_QTY_OR_AMOUNT,2026-07-24,Склад Мокеева,FABRIC_MOVEMENT_H4,FILE-097,r17728
MAT-4f4a49dbcd89760f,MAT-4f4a49dbcd89760f,Х/Б Хлопок грибочки синие 4А-061,,580.0,580.0,,AMBIGUOUS_QTY_OR_AMOUNT,2026-07-24,Склад Мокеева,FABRIC_MOVEMENT_H4,FILE-097,r17736
MAT-f8d4517be86cf047,MAT-f8d4517be86cf047,Х/Б Хлопок грибочки черные 4А-060,,580.0,580.0,,AMBIGUOUS_QTY_OR_AMOUNT,2026-07-24,Склад Мокеева,FABRIC_MOVEMENT_H4,FILE-097,r17742
MAT-305d496860fbbaa6,MAT-305d496860fbbaa6,Х/Б Хлопок девочки Y белый 4А-055,,580.0,580.0,,AMBIGUOUS_QTY_OR_AMOUNT,2026-07-24,Склад Мокеева,FABRIC_MOVEMENT_H4,FILE-097,r17748
MAT-061c569fb47facf0,MAT-061c569fb47facf0,Х/Б Хлопок девочки Y розовый 4А-058,,580.0,580.0,,AMBIGUOUS_QTY_OR_AMOUNT,2026-07-24,Склад Мокеева,FABRIC_MOVEMENT_H4,FILE-097,r17754
MAT-55af90b543ac43e5,MAT-55af90b543ac43e5,Х/Б Хлопок девочки Y синий 4А-057,,6090.0,6090.0,,AMBIGUOUS_QTY_OR_AMOUNT,2026-07-24,Склад Мокеева,FABRIC_MOVEMENT_H4,FILE-097,r17760
MAT-11d8300f5380fc03,MAT-11d8300f5380fc03,Х/Б Хлопок девочки Y черный 4А-056,,580.0,580.0,,AMBIGUOUS_QTY_OR_AMOUNT,2026-07-24,Склад Мокеева,FABRIC_MOVEMENT_H4,FILE-097,r17770
MAT-b231c79954fe14da,MAT-b231c79954fe14da,Х/Б Хлопок микс средний белый 4А-063,,580.0,580.0,,AMBIGUOUS_QTY_OR_AMOUNT,2026-07-24,Склад Мокеева,FABRIC_MOVEMENT_H4,FILE-097,r17776
MAT-85d50258f979dce3,MAT-85d50258f979dce3,Х/Б Хлопок микс средний голубой 4А-065,,580.0,580.0,,AMBIGUOUS_QTY_OR_AMOUNT,2026-07-24,Склад Мокеева,FABRIC_MOVEMENT_H4,FILE-097,r17782
MAT-1ad495445f432024,MAT-1ad495445f432024,Х/Б Хлопок микс средний зеленый 4А-069,,30160.0,,30160.0,AMBIGUOUS_QTY_OR_AMOUNT,2026-07-24,Склад Мокеева,FABRIC_MOVEMENT_H4,FILE-097,r17788
MAT-9134786dc16301b2,MAT-9134786dc16301b2,Х/Б Хлопок микс средний красный 4А-067,,6583.0,6583.0,,AMBIGUOUS_QTY_OR_AMOUNT,2026-07-24,Склад Мокеева,FABRIC_MOVEMENT_H4,FILE-097,r17792
MAT-1e5d7d8ce84a2c4c,MAT-1e5d7d8ce84a2c4c,Х/Б Хлопок микс средний розовый 4А-068,,580.0,580.0,,AMBIGUOUS_QTY_OR_AMOUNT,2026-07-24,Склад Мокеева,FABRIC_MOVEMENT_H4,FILE-097,r17798
MAT-151363022b7a1c38,MAT-151363022b7a1c38,Х/Б Хлопок микс средний черный 4А-064,,2175.0,2175.0,,AMBIGUOUS_QTY_OR_AMOUNT,2026-07-24,Склад Мокеева,FABRIC_MOVEMENT_H4,FILE-097,r17804
MAT-b42264d923126a3b,MAT-b42264d923126a3b,Х/Бхлопок белый однотонный 4-055,,9966.03,8224.39,1741.64,AMBIGUOUS_QTY_OR_AMOUNT,2026-07-24,Склад Мокеева,FABRIC_MOVEMENT_H4,FILE-097,r17930
MAT-6459685c58754a93,MAT-6459685c58754a93,Хлопок грибочки розовые 4А-062,,580.0,580.0,,AMBIGUOUS_QTY_OR_AMOUNT,2026-07-24,Склад Мокеева,FABRIC_MOVEMENT_H4,FILE-097,r17940
MAT-452ffffb30677da6,MAT-452ffffb30677da6,"Хлопок серый, 4-056",,12600.0,10840.0,1760.0,AMBIGUOUS_QTY_OR_AMOUNT,2026-07-24,Склад Мокеева,FABRIC_MOVEMENT_H4,FILE-097,r17946
MAT-d6f8fa19492a1e5c,MAT-d6f8fa19492a1e5c,"Шелк белый, принт деревья, феечки 17А-067",,94055.0,66828.49,27226.51,AMBIGUOUS_QTY_OR_AMOUNT,2026-07-24,Склад Мокеева,FABRIC_MOVEMENT_H4,FILE-097,r18098
MAT-aff5b75417a0bab6,MAT-aff5b75417a0bab6,"Шелк белый, принт капли сине-голубые деград 17A-033       деграде голубые с синим",,9300.0,9300.0,,AMBIGUOUS_QTY_OR_AMOUNT,2026-07-24,Склад Мокеева,FABRIC_MOVEMENT_H4,FILE-097,r18108
MAT-5cf36e87e51a5cac,MAT-5cf36e87e51a5cac,"Шелк белый, принт лошади 17А-065",,58586.31,58586.31,,AMBIGUOUS_QTY_OR_AMOUNT,2026-07-24,Склад Мокеева,FABRIC_MOVEMENT_H4,FILE-097,r18114
MAT-f13dcc573afc693e,MAT-f13dcc573afc693e,"Шелк белый, принт микс крупный 17A-029",,14500.0,14500.0,,AMBIGUOUS_QTY_OR_AMOUNT,2026-07-24,Склад Мокеева,FABRIC_MOVEMENT_H4,FILE-097,r18122
MAT-0bd09ecb185f0735,MAT-0bd09ecb185f0735,"Шелк белый, принт перчики, 17А-060",,211329.89,211329.89,,AMBIGUOUS_QTY_OR_AMOUNT,2026-07-24,Склад Мокеева,FABRIC_MOVEMENT_H4,FILE-097,r18128
MAT-ed6e54df97d46e40,MAT-ed6e54df97d46e40,"Шелк белый, принт полоски серые 17A-055",,7250.0,7250.0,,AMBIGUOUS_QTY_OR_AMOUNT,2026-07-24,Склад Мокеева,FABRIC_MOVEMENT_H4,FILE-097,r18144
MAT-d776ec54c6a92101,MAT-d776ec54c6a92101,"Шелк белый, принт серый хаотичные ""Y"" 17A-016",,8120.0,8120.0,,AMBIGUOUS_QTY_OR_AMOUNT,2026-07-24,Склад Мокеева,FABRIC_MOVEMENT_H4,FILE-097,r18150
MAT-2fc05dc8393e7dde,MAT-2fc05dc8393e7dde,"Шелк белый, принт черный ""Y"" + балерины 17A-014",,6670.0,6670.0,,AMBIGUOUS_QTY_OR_AMOUNT,2026-07-24,Склад Мокеева,FABRIC_MOVEMENT_H4,FILE-097,r18156
MAT-c2c26834260c6988,MAT-c2c26834260c6988,"Шелк зеленый, принт микс средний 17A-025",,19430.0,19430.0,,AMBIGUOUS_QTY_OR_AMOUNT,2026-07-24,Склад Мокеева,FABRIC_MOVEMENT_H4,FILE-097,r18162
MAT-b8250c8e18b14882,MAT-b8250c8e18b14882,"Шелк красный, принт микс средний 17A-023",,5510.0,5510.0,,AMBIGUOUS_QTY_OR_AMOUNT,2026-07-24,Склад Мокеева,FABRIC_MOVEMENT_H4,FILE-097,r18172
MAT-5f29ee7bf0c3a431,MAT-5f29ee7bf0c3a431,"Шелк мятный, принт лошади 17А-063",,196418.31,196418.31,,AMBIGUOUS_QTY_OR_AMOUNT,2026-07-24,Склад Мокеева,FABRIC_MOVEMENT_H4,FILE-097,r18178
MAT-3fce2758e19120a1,MAT-3fce2758e19120a1,"Шелк розовый, принт деревья, феечки 17А-068",,20845.0,,20845.0,AMBIGUOUS_QTY_OR_AMOUNT,2026-07-24,Склад Мокеева,FABRIC_MOVEMENT_H4,FILE-097,r18190
MAT-8af6f1bf348939ee,MAT-8af6f1bf348939ee,"Шелк розовый, принт лошади 17А-064",,193181.27,193181.27,,AMBIGUOUS_QTY_OR_AMOUNT,2026-07-24,Склад Мокеева,FABRIC_MOVEMENT_H4,FILE-097,r18194
MAT-4fe845618b3d9d0f,MAT-4fe845618b3d9d0f,"Шелк розовый, принт микс крупный 17A-028",,6960.0,6960.0,,AMBIGUOUS_QTY_OR_AMOUNT,2026-07-24,Склад Мокеева,FABRIC_MOVEMENT_H4,FILE-097,r18208
MAT-3a86d482fe82a5dd,MAT-3a86d482fe82a5dd,"Шелк серый с розовым, принт крупные разводы 17A-004",,197010.0,197010.0,,AMBIGUOUS_QTY_OR_AMOUNT,2026-07-24,Склад Мокеева,FABRIC_MOVEMENT_H4,FILE-097,r18214
MAT-ce8597a2218c2b6f,MAT-ce8597a2218c2b6f,"Шелк серый, принт крупные девочки 17A-002",,78470.0,78470.0,,AMBIGUOUS_QTY_OR_AMOUNT,2026-07-24,Склад Мокеева,FABRIC_MOVEMENT_H4,FILE-097,r18224
MAT-5e92327eb974e0ea,MAT-5e92327eb974e0ea,"Шелк синий, принт грибы 17A-011",,79750.0,79750.0,,AMBIGUOUS_QTY_OR_AMOUNT,2026-07-24,Склад Мокеева,FABRIC_MOVEMENT_H4,FILE-097,r18240
MAT-17807d5b8da1e478,MAT-17807d5b8da1e478,"Шелк синий, принт микс средний 17A-020",,21700.0,21700.0,,AMBIGUOUS_QTY_OR_AMOUNT,2026-07-24,Склад Мокеева,FABRIC_MOVEMENT_H4,FILE-097,r18248
MAT-3815fa82020713a8,MAT-3815fa82020713a8,"Шелк фуксия, принт цветок 17A-048",,6960.0,6960.0,,AMBIGUOUS_QTY_OR_AMOUNT,2026-07-24,Склад Мокеева,FABRIC_MOVEMENT_H4,FILE-097,r18254
MAT-3c529a3dd5556bf1,MAT-3c529a3dd5556bf1,"Шелк цветной, принт лошади  17А-069",,57697.5,33075.0,24622.5,AMBIGUOUS_QTY_OR_AMOUNT,2026-07-24,Склад Мокеева,FABRIC_MOVEMENT_H4,FILE-097,r18262
MAT-6fce49efbdcd2090,MAT-6fce49efbdcd2090,"Шелк черный, принт белый  горох 17A-007",,53730.0,53730.0,,AMBIGUOUS_QTY_OR_AMOUNT,2026-07-24,Склад Мокеева,FABRIC_MOVEMENT_H4,FILE-097,r18270
MAT-99929452ec66bc6e,MAT-99929452ec66bc6e,"Шелк черный, принт белый хаотичные ""Y"" 17А-015",,30146.99,30146.99,,AMBIGUOUS_QTY_OR_AMOUNT,2026-07-24,Склад Мокеева,FABRIC_MOVEMENT_H4,FILE-097,r18282
MAT-dd0a71980d66b2ae,MAT-dd0a71980d66b2ae,"Шелк черный, принт грибы 17A-010",,3480.0,3480.0,,AMBIGUOUS_QTY_OR_AMOUNT,2026-07-24,Склад Мокеева,FABRIC_MOVEMENT_H4,FILE-097,r18288
MAT-6b063a69b5dc52f8,MAT-6b063a69b5dc52f8,"Шелк черный, принт капли цветные деграде 17A-032",,59613.0,,59613.0,AMBIGUOUS_QTY_OR_AMOUNT,2026-07-24,Склад Мокеева,FABRIC_MOVEMENT_H4,FILE-097,r18294
MAT-4571c2254e4cc387,MAT-4571c2254e4cc387,"Шелк черный, принт микс средний 17A-019",,53070.0,39440.0,13630.0,AMBIGUOUS_QTY_OR_AMOUNT,2026-07-24,Склад Мокеева,FABRIC_MOVEMENT_H4,FILE-097,r18298
MAT-ba5b288d6325609d,MAT-ba5b288d6325609d,"Шелк-кади, черный 16А-010",,12750.0,12750.0,,AMBIGUOUS_QTY_OR_AMOUNT,2026-07-24,Склад Мокеева,FABRIC_MOVEMENT_H4,FILE-097,r18306
MAT-14e6c8a7db19b3de,MAT-14e6c8a7db19b3de,"Шелк, бежевый 16-047",16-047,3460.63,,3460.63,AMBIGUOUS_QTY_OR_AMOUNT,2026-07-24,Склад Мокеева,FABRIC_MOVEMENT_H4,FILE-097,r18314
MAT-e886cf64876c725d,MAT-e886cf64876c725d,"Шелк, бежевый в горох 17-007",17-007,2100.0,2100.0,,AMBIGUOUS_QTY_OR_AMOUNT,2026-07-24,Склад Мокеева,FABRIC_MOVEMENT_H4,FILE-097,r18318
MAT-4ea9e1e8fdf29e7b,MAT-4ea9e1e8fdf29e7b,"Шелк, белый 16-001",16-001,357426.0,357426.0,,AMBIGUOUS_QTY_OR_AMOUNT,2026-07-24,Склад Мокеева,FABRIC_MOVEMENT_H4,FILE-097,r18324
MAT-a1af4e67711aeab4,MAT-a1af4e67711aeab4,"Шелк, белый 16-042",16-042,93000.0,93000.0,,AMBIGUOUS_QTY_OR_AMOUNT,2026-07-24,Склад Мокеева,FABRIC_MOVEMENT_H4,FILE-097,r18382
MAT-aafc2f85221b6f34,MAT-aafc2f85221b6f34,"Шелк, белый в крупный горох 17-002",17-002,4500.0,4500.0,,AMBIGUOUS_QTY_OR_AMOUNT,2026-07-24,Склад Мокеева,FABRIC_MOVEMENT_H4,FILE-097,r18388
MAT-1f356472664e586b,MAT-1f356472664e586b,"Шелк, бирюзовый 16-041",16-041,3520.0,3520.0,,AMBIGUOUS_QTY_OR_AMOUNT,2026-07-24,Склад Мокеева,FABRIC_MOVEMENT_H4,FILE-097,r18398
MAT-e96e4cf0129f57ec,MAT-e96e4cf0129f57ec,"Шелк, бордовый 16-044",16-044,2240.0,2240.0,,AMBIGUOUS_QTY_OR_AMOUNT,2026-07-24,Склад Мокеева,FABRIC_MOVEMENT_H4,FILE-097,r18404
MAT-eeb0b0b13cf15d67,MAT-eeb0b0b13cf15d67,"Шелк, бордовый 16-045",16-045,74240.0,74240.0,,AMBIGUOUS_QTY_OR_AMOUNT,2026-07-24,Склад Мокеева,FABRIC_MOVEMENT_H4,FILE-097,r18410
MAT-3821cf50445015e1,MAT-3821cf50445015e1,"Шелк, голубой 16-017",16-017,12600.0,12600.0,,AMBIGUOUS_QTY_OR_AMOUNT,2026-07-24,Склад Мокеева,FABRIC_MOVEMENT_H4,FILE-097,r18422
MAT-bbe4d371bfe7bdd8,MAT-bbe4d371bfe7bdd8,"Шелк, голубой 16-018",16-018,45427.19,35857.36,9569.83,AMBIGUOUS_QTY_OR_AMOUNT,2026-07-24,Склад Мокеева,FABRIC_MOVEMENT_H4,FILE-097,r18436
MAT-a00723ac52df6a0d,MAT-a00723ac52df6a0d,"Шелк, голубой 16-019",16-019,4500.0,4500.0,,AMBIGUOUS_QTY_OR_AMOUNT,2026-07-24,Склад Мокеева,FABRIC_MOVEMENT_H4,FILE-097,r18460
MAT-8b78f8a61df45d77,MAT-8b78f8a61df45d77,"Шелк, желтый 16-029",16-029,12600.0,12600.0,,AMBIGUOUS_QTY_OR_AMOUNT,2026-07-24,Склад Мокеева,FABRIC_MOVEMENT_H4,FILE-097,r18468
MAT-02bb9efc1e9dba31,MAT-02bb9efc1e9dba31,"Шелк, желтый 16-030",16-030,5400.0,5400.0,,AMBIGUOUS_QTY_OR_AMOUNT,2026-07-24,Склад Мокеева,FABRIC_MOVEMENT_H4,FILE-097,r18480
MAT-1bb2c651667b5f29,MAT-1bb2c651667b5f29,"Шелк, жемчужный 16-002",16-002,19800.0,19800.0,,AMBIGUOUS_QTY_OR_AMOUNT,2026-07-24,Склад Мокеева,FABRIC_MOVEMENT_H4,FILE-097,r18490
MAT-2a53db769a3976fb,MAT-2a53db769a3976fb,"Шелк, жемчужный 16-048",16-048,10077.5,4495.0,5582.5,AMBIGUOUS_QTY_OR_AMOUNT,2026-07-24,Склад Мокеева,FABRIC_MOVEMENT_H4,FILE-097,r18496
MAT-3238b44e8a6ad61e,MAT-3238b44e8a6ad61e,"Шелк, зеленый 16-033",16-033,6000.0,6000.0,,AMBIGUOUS_QTY_OR_AMOUNT,2026-07-24,Склад Мокеева,FABRIC_MOVEMENT_H4,FILE-097,r18516
MAT-e9c39b933bfefdb9,MAT-e9c39b933bfefdb9,"Шелк, зеленый 16-035",16-035,81735.32,80568.71,1166.61,AMBIGUOUS_QTY_OR_AMOUNT,2026-07-24,Склад Мокеева,FABRIC_MOVEMENT_H4,FILE-097,r18522
MAT-67763fee59f5dcf5,MAT-67763fee59f5dcf5,"Шелк, золотой 16-009",16-009,32400.0,32400.0,,AMBIGUOUS_QTY_OR_AMOUNT,2026-07-24,Склад Мокеева,FABRIC_MOVEMENT_H4,FILE-097,r18544
MAT-53e2a02f04dc2ebc,MAT-53e2a02f04dc2ebc,"Шелк, кирпичный 16-027",16-027,30800.0,30800.0,,AMBIGUOUS_QTY_OR_AMOUNT,2026-07-24,Склад Мокеева,FABRIC_MOVEMENT_H4,FILE-097,r18556
MAT-72f517569105e435,MAT-72f517569105e435,"Шелк, красный 16-037",16-037,51450.0,50100.0,1350.0,AMBIGUOUS_QTY_OR_AMOUNT,2026-07-24,Склад Мокеева,FABRIC_MOVEMENT_H4,FILE-097,r18564
MAT-4f8dfa159549c9b6,MAT-4f8dfa159549c9b6,"Шелк, красный, без стрейча 16-040",16-040,20325.0,17025.0,3300.0,AMBIGUOUS_QTY_OR_AMOUNT,2026-07-24,Склад Мокеева,FABRIC_MOVEMENT_H4,FILE-097,r18582
MAT-596d506adc7dd34b,MAT-596d506adc7dd34b,"Шелк, мелкие цветные листочки 17-008",17-008,10800.0,10800.0,,AMBIGUOUS_QTY_OR_AMOUNT,2026-07-24,Склад Мокеева,FABRIC_MOVEMENT_H4,FILE-097,r18598
MAT-9a7541b3ea8aac6e,MAT-9a7541b3ea8aac6e,"Шелк, мятный 16-016",16-016,77025.0,77025.0,,AMBIGUOUS_QTY_OR_AMOUNT,2026-07-24,Склад Мокеева,FABRIC_MOVEMENT_H4,FILE-097,r18608
MAT-3a85b7abc285e1fd,MAT-3a85b7abc285e1fd,"Шелк, принт овощи, 17А-062",,69750.0,69750.0,,AMBIGUOUS_QTY_OR_AMOUNT,2026-07-24,Склад Мокеева,FABRIC_MOVEMENT_H4,FILE-097,r18620
MAT-41d6d331cdfe35d2,MAT-41d6d331cdfe35d2,"Шелк, розовый 16-023",16-023,121897.52,70791.56,51105.96,AMBIGUOUS_QTY_OR_AMOUNT,2026-07-24,Склад Мокеева,FABRIC_MOVEMENT_H4,FILE-097,r18626
MAT-625a301aa9fefedb,MAT-625a301aa9fefedb,"Шелк, светло-серый 16-003",16-003,1600.0,1600.0,,AMBIGUOUS_QTY_OR_AMOUNT,2026-07-24,Склад Мокеева,FABRIC_MOVEMENT_H4,FILE-097,r18648
MAT-e15737a0ec5d1b63,MAT-e15737a0ec5d1b63,"Шелк, светло-серый 16-004",16-004,82400.0,77200.0,5200.0,AMBIGUOUS_QTY_OR_AMOUNT,2026-07-24,Склад Мокеева,FABRIC_MOVEMENT_H4,FILE-097,r18656
MAT-6126a498af2f1286,MAT-6126a498af2f1286,"Шелк, серый 16-005",16-005,7200.0,7200.0,,AMBIGUOUS_QTY_OR_AMOUNT,2026-07-24,Склад Мокеева,FABRIC_MOVEMENT_H4,FILE-097,r18674
MAT-58b7bd0cc68796f8,MAT-58b7bd0cc68796f8,"Шелк, серый 16-006",16-006,57300.0,48300.0,9000.0,AMBIGUOUS_QTY_OR_AMOUNT,2026-07-24,Склад Мокеева,FABRIC_MOVEMENT_H4,FILE-097,r18684
MAT-773b2c926ecff3ce,MAT-773b2c926ecff3ce,"Шелк, серый 16-007",16-007,4840.0,4840.0,,AMBIGUOUS_QTY_OR_AMOUNT,2026-07-24,Склад Мокеева,FABRIC_MOVEMENT_H4,FILE-097,r18696
MAT-ec4f5483a32f3850,MAT-ec4f5483a32f3850,"Шелк, синий 16-020",16-020,24750.0,21230.0,3520.0,AMBIGUOUS_QTY_OR_AMOUNT,2026-07-24,Склад Мокеева,FABRIC_MOVEMENT_H4,FILE-097,r18702
MAT-576c958e99f19c38,MAT-576c958e99f19c38,"Шелк, синий 16-039",16-039,125925.0,125925.0,,AMBIGUOUS_QTY_OR_AMOUNT,2026-07-24,Склад Мокеева,FABRIC_MOVEMENT_H4,FILE-097,r18720
MAT-d7a969f46c29118f,MAT-d7a969f46c29118f,"Шелк, синий 16-050",16-050,22880.0,21280.0,1600.0,AMBIGUOUS_QTY_OR_AMOUNT,2026-07-24,Склад Мокеева,FABRIC_MOVEMENT_H4,FILE-097,r18742
MAT-1867e2932c50d312,MAT-1867e2932c50d312,"Шелк, телесный 16-008",16-008,4132.5,4132.5,,AMBIGUOUS_QTY_OR_AMOUNT,2026-07-24,Склад Мокеева,FABRIC_MOVEMENT_H4,FILE-097,r18788
MAT-d6cf98c6cd191b36,MAT-d6cf98c6cd191b36,"Шелк, телесный 16-010",16-010,23700.0,23700.0,,AMBIGUOUS_QTY_OR_AMOUNT,2026-07-24,Склад Мокеева,FABRIC_MOVEMENT_H4,FILE-097,r18796
MAT-149eb8ea3aac0d4a,MAT-149eb8ea3aac0d4a,"Шелк, телесный 16-011",16-011,12920.0,7200.0,5720.0,AMBIGUOUS_QTY_OR_AMOUNT,2026-07-24,Склад Мокеева,FABRIC_MOVEMENT_H4,FILE-097,r18812
MAT-36b667704f8b38d1,MAT-36b667704f8b38d1,"Шелк, темно-синий 16-021",16-021,46880.0,46880.0,,AMBIGUOUS_QTY_OR_AMOUNT,2026-07-24,Склад Мокеева,FABRIC_MOVEMENT_H4,FILE-097,r18826
MAT-3efc630db1aa05ce,MAT-3efc630db1aa05ce,"Шелк, темно-телесный 16-012",16-012,675.0,675.0,,AMBIGUOUS_QTY_OR_AMOUNT,2026-07-24,Склад Мокеева,FABRIC_MOVEMENT_H4,FILE-097,r18840
MAT-1e9a61ecb4975c76,MAT-1e9a61ecb4975c76,"Шелк, темный графит 16-049",16-049,94605.0,94605.0,,AMBIGUOUS_QTY_OR_AMOUNT,2026-07-24,Склад Мокеева,FABRIC_MOVEMENT_H4,FILE-097,r18846
MAT-01bd04d46517e7d9,MAT-01bd04d46517e7d9,"Шелк, фиолетовый 16-036",16-036,26475.0,26475.0,,AMBIGUOUS_QTY_OR_AMOUNT,2026-07-24,Склад Мокеева,FABRIC_MOVEMENT_H4,FILE-097,r18854
MAT-de34be657f4c1c7a,MAT-de34be657f4c1c7a,"Шелк, фуксия 16-024",16-024,19065.0,19065.0,,AMBIGUOUS_QTY_OR_AMOUNT,2026-07-24,Склад Мокеева,FABRIC_MOVEMENT_H4,FILE-097,r18872
MAT-73378e6d6337141f,MAT-73378e6d6337141f,"Шелк, фуксия 16-026",16-026,52125.0,52125.0,,AMBIGUOUS_QTY_OR_AMOUNT,2026-07-24,Склад Мокеева,FABRIC_MOVEMENT_H4,FILE-097,r18892
MAT-e7b7879d964403f7,MAT-e7b7879d964403f7,"Шелк, черный 16-038",16-038,496456.82,496456.82,,AMBIGUOUS_QTY_OR_AMOUNT,2026-07-24,Склад Мокеева,FABRIC_MOVEMENT_H4,FILE-097,r18924
MAT-0767f688498dbe83,MAT-0767f688498dbe83,"Шелк, черный без стрейча 16-046",16-046,78900.0,78900.0,,AMBIGUOUS_QTY_OR_AMOUNT,2026-07-24,Склад Мокеева,FABRIC_MOVEMENT_H4,FILE-097,r19060
MAT-4512778afec4fd1b,MAT-4512778afec4fd1b,"Шелк, черный в крупный горох 17-001",17-001,10400.0,10400.0,,AMBIGUOUS_QTY_OR_AMOUNT,2026-07-24,Склад Мокеева,FABRIC_MOVEMENT_H4,FILE-097,r19074
MAT-44b0f5517e0aaa0d,MAT-44b0f5517e0aaa0d,"Шелк, черный с принтом ""белая Y"" 17А-008",,75000.0,69600.0,5400.0,AMBIGUOUS_QTY_OR_AMOUNT,2026-07-24,Склад Мокеева,FABRIC_MOVEMENT_H4,FILE-097,r19090
MAT-88b3744fa65c0dac,MAT-88b3744fa65c0dac,"Шелк, ярко-зеленый 16-034",16-034,31500.0,31500.0,,AMBIGUOUS_QTY_OR_AMOUNT,2026-07-24,Склад Мокеева,FABRIC_MOVEMENT_H4,FILE-097,r19110
MAT-49f044046533bf91,MAT-49f044046533bf91,"Шерсть пальтовая, бордовая 9-023",,19500.0,19500.0,,AMBIGUOUS_QTY_OR_AMOUNT,2026-07-24,Склад Мокеева,FABRIC_MOVEMENT_H4,FILE-097,r19120
MAT-3413fc33ce41c346,MAT-3413fc33ce41c346,"Шерсть пальтовая, графит 9-004",,13200.0,13200.0,,AMBIGUOUS_QTY_OR_AMOUNT,2026-07-24,Склад Мокеева,FABRIC_MOVEMENT_H4,FILE-097,r19128
MAT-d242cac97f7d8d1a,MAT-d242cac97f7d8d1a,"Шерсть пальтовая, зеленый 9-022",,19500.0,19500.0,,AMBIGUOUS_QTY_OR_AMOUNT,2026-07-24,Склад Мокеева,FABRIC_MOVEMENT_H4,FILE-097,r19136
MAT-4bdeeb7f9fe94448,MAT-4bdeeb7f9fe94448,"Шерсть пальтовая, красный 9-017",,7200.0,7200.0,,AMBIGUOUS_QTY_OR_AMOUNT,2026-07-24,Склад Мокеева,FABRIC_MOVEMENT_H4,FILE-097,r19144
MAT-6f269c15d0f27cb6,MAT-6f269c15d0f27cb6,"Шерсть пальтовая, розовый 9-032",,1600.0,1600.0,,AMBIGUOUS_QTY_OR_AMOUNT,2026-07-24,Склад Мокеева,FABRIC_MOVEMENT_H4,FILE-097,r19150
MAT-f11a7b7e02765d09,MAT-f11a7b7e02765d09,"Шерсть пальтовая, светло-бежевый 9-012",,16200.0,16200.0,,AMBIGUOUS_QTY_OR_AMOUNT,2026-07-24,Склад Мокеева,FABRIC_MOVEMENT_H4,FILE-097,r19156
MAT-63df7314ff74899c,MAT-63df7314ff74899c,"Шерсть пальтовая, серый  9-030",,25288.0,25056.0,232.0,AMBIGUOUS_QTY_OR_AMOUNT,2026-07-24,Склад Мокеева,FABRIC_MOVEMENT_H4,FILE-097,r19164
MAT-eebdddeeffb348f2,MAT-eebdddeeffb348f2,"Шерсть пальтовая, серый 9-026",,323499.38,323499.38,,AMBIGUOUS_QTY_OR_AMOUNT,2026-07-24,Склад Мокеева,FABRIC_MOVEMENT_H4,FILE-097,r19182
MAT-98c86f3fee289edd,MAT-98c86f3fee289edd,"Шерсть пальтовая, серый ёлочка 9-027",,38948.28,38948.28,,AMBIGUOUS_QTY_OR_AMOUNT,2026-07-24,Склад Мокеева,FABRIC_MOVEMENT_H4,FILE-097,r19200
MAT-76e70014c3b5cf00,MAT-76e70014c3b5cf00,"Шерсть пальтовая, синий 9-031",,11720.8,11720.8,,AMBIGUOUS_QTY_OR_AMOUNT,2026-07-24,Склад Мокеева,FABRIC_MOVEMENT_H4,FILE-097,r19214
MAT-7b18ff9c9f40bf85,MAT-7b18ff9c9f40bf85,"Шерсть пальтовая, темно-бежевый 9-008",,9300.0,9300.0,,AMBIGUOUS_QTY_OR_AMOUNT,2026-07-24,Склад Мокеева,FABRIC_MOVEMENT_H4,FILE-097,r19226
MAT-a522423e409c2d85,MAT-a522423e409c2d85,"Шерсть пальтовая, темно-синий 9-021",,9000.0,9000.0,,AMBIGUOUS_QTY_OR_AMOUNT,2026-07-24,Склад Мокеева,FABRIC_MOVEMENT_H4,FILE-097,r19232
MAT-041aaef12af90541,MAT-041aaef12af90541,"Шерсть пальтовая, фуксия 9-016",,7200.0,7200.0,,AMBIGUOUS_QTY_OR_AMOUNT,2026-07-24,Склад Мокеева,FABRIC_MOVEMENT_H4,FILE-097,r19238
MAT-0bfde1764106e1bc,MAT-0bfde1764106e1bc,"Шерсть пальтовая, черный 9-001",,37500.0,37500.0,,AMBIGUOUS_QTY_OR_AMOUNT,2026-07-24,Склад Мокеева,FABRIC_MOVEMENT_H4,FILE-097,r19244
MAT-3a1e14c762efc081,MAT-3a1e14c762efc081,"Шерсть пальтовая, черный 9-028",,166087.43,166087.43,,AMBIGUOUS_QTY_OR_AMOUNT,2026-07-24,Склад Мокеева,FABRIC_MOVEMENT_H4,FILE-097,r19252
MAT-04293c0c5947a98a,MAT-04293c0c5947a98a,"Шерсть пальтовая, черный 9-029",,22156.0,22156.0,,AMBIGUOUS_QTY_OR_AMOUNT,2026-07-24,Склад Мокеева,FABRIC_MOVEMENT_H4,FILE-097,r19276
MAT-2bceaf90612a2f9c,MAT-2bceaf90612a2f9c,"Шерсть пальтовая, ярко-синий 9-006",,20700.0,20700.0,,AMBIGUOUS_QTY_OR_AMOUNT,2026-07-24,Склад Мокеева,FABRIC_MOVEMENT_H4,FILE-097,r19294
MAT-228730d52c7b46b1,MAT-228730d52c7b46b1,"Шерсть тонкая, серый 8-066",,1000.0,1000.0,,AMBIGUOUS_QTY_OR_AMOUNT,2026-07-24,Склад Мокеева,FABRIC_MOVEMENT_H4,FILE-097,r19302
MAT-605fda9f74842b94,MAT-605fda9f74842b94,"Шерсть-версаче, черный 8-055",,18250.0,18250.0,,AMBIGUOUS_QTY_OR_AMOUNT,2026-07-24,Склад Мокеева,FABRIC_MOVEMENT_H4,FILE-097,r19308
MAT-75fb80ce9c8727f6,MAT-75fb80ce9c8727f6,"Шерсть-кучерелли, голубой 8-058",,750.0,750.0,,AMBIGUOUS_QTY_OR_AMOUNT,2026-07-24,Склад Мокеева,FABRIC_MOVEMENT_H4,FILE-097,r19318
MAT-279964a8ca1d5e24,MAT-279964a8ca1d5e24,"Шерсть-кучерелли, розовый 8-053",,5000.0,5000.0,,AMBIGUOUS_QTY_OR_AMOUNT,2026-07-24,Склад Мокеева,FABRIC_MOVEMENT_H4,FILE-097,r19324
MAT-2f8084d8467c61c6,MAT-2f8084d8467c61c6,"Шерсть-кучерелли, черный 8-056",,152960.0,133760.0,19200.0,AMBIGUOUS_QTY_OR_AMOUNT,2026-07-24,Склад Мокеева,FABRIC_MOVEMENT_H4,FILE-097,r19330
MAT-b576d5c8a2612ed3,MAT-b576d5c8a2612ed3,"Шерсть-шанель, коричневый 8-026",,25000.0,17200.0,7800.0,AMBIGUOUS_QTY_OR_AMOUNT,2026-07-24,Склад Мокеева,FABRIC_MOVEMENT_H4,FILE-097,r19350
MAT-9bf7d20175668522,MAT-9bf7d20175668522,"Шерсть, серо-бежевый 8-042",,6800.0,6800.0,,AMBIGUOUS_QTY_OR_AMOUNT,2026-07-24,Склад Мокеева,FABRIC_MOVEMENT_H4,FILE-097,r19356
MAT-fcb1cd546ca0ec1a,MAT-fcb1cd546ca0ec1a,Шифон авторский гдевочки синий 19A-020,,140000.0,140000.0,,AMBIGUOUS_QTY_OR_AMOUNT,2026-07-24,Склад Мокеева,FABRIC_MOVEMENT_H4,FILE-097,r19364
MAT-8f2942fc514f1604,MAT-8f2942fc514f1604,Шифон авторский гортензия 19A-018,,72132.5,72132.5,,AMBIGUOUS_QTY_OR_AMOUNT,2026-07-24,Склад Мокеева,FABRIC_MOVEMENT_H4,FILE-097,r19372
MAT-27486fbee793a3b4,MAT-27486fbee793a3b4,Шифон баклажановый 18-004,18-004,23010.0,,23010.0,AMBIGUOUS_QTY_OR_AMOUNT,2026-07-24,Склад Мокеева,FABRIC_MOVEMENT_H4,FILE-097,r19380
MAT-1bf5f8d205d92458,MAT-1bf5f8d205d92458,Шифон бежевый 18-016,18-016,49500.0,30510.0,18990.0,AMBIGUOUS_QTY_OR_AMOUNT,2026-07-24,Склад Мокеева,FABRIC_MOVEMENT_H4,FILE-097,r19384
MAT-ea2ea7af4ada595c,MAT-ea2ea7af4ada595c,Шифон бежевый креповый 18-012,18-012,3872.0,,3872.0,AMBIGUOUS_QTY_OR_AMOUNT,2026-07-24,Склад Мокеева,FABRIC_MOVEMENT_H4,FILE-097,r19392
MAT-16a4a856fbf1b020,MAT-16a4a856fbf1b020,"Шифон бежевый, принт горох 19A-013",,56465.0,,56465.0,AMBIGUOUS_QTY_OR_AMOUNT,2026-07-24,Склад Мокеева,FABRIC_MOVEMENT_H4,FILE-097,r19398
MAT-0757390408b716a6,MAT-0757390408b716a6,Шифон белый 18-015,18-015,274591.48,181383.03,93208.45,AMBIGUOUS_QTY_OR_AMOUNT,2026-07-24,Склад Мокеева,FABRIC_MOVEMENT_H4,FILE-097,r19402
MAT-559f83d0b08c45cd,MAT-559f83d0b08c45cd,"Шифон белый, принт гжель 19-026",19-026,6800.0,6800.0,,AMBIGUOUS_QTY_OR_AMOUNT,2026-07-24,Склад Мокеева,FABRIC_MOVEMENT_H4,FILE-097,r19468
MAT-2975eacb4c3618c0,MAT-2975eacb4c3618c0,"Шифон белый, принт гжель купоны 19A-011",,1610.0,1610.0,,AMBIGUOUS_QTY_OR_AMOUNT,2026-07-24,Склад Мокеева,FABRIC_MOVEMENT_H4,FILE-097,r19474
MAT-36b2734bb84eed2d,MAT-36b2734bb84eed2d,"Шифон белый, принт крупный микс 19A-003",,12420.0,12420.0,,AMBIGUOUS_QTY_OR_AMOUNT,2026-07-24,Склад Мокеева,FABRIC_MOVEMENT_H4,FILE-097,r19480
MAT-414ea46c5ea5eec8,MAT-414ea46c5ea5eec8,Шифон бирюзовый 18-018,18-018,10575.0,10575.0,,AMBIGUOUS_QTY_OR_AMOUNT,2026-07-24,Склад Мокеева,FABRIC_MOVEMENT_H4,FILE-097,r19488
MAT-401c1792ef2e1f0f,MAT-401c1792ef2e1f0f,Шифон бледно-розовый 18-001,18-001,11700.0,11700.0,,AMBIGUOUS_QTY_OR_AMOUNT,2026-07-24,Склад Мокеева,FABRIC_MOVEMENT_H4,FILE-097,r19494
MAT-1ccbdf2492a4c79f,MAT-1ccbdf2492a4c79f,Шифон голубой 18-017,18-017,112949.37,34906.97,78042.4,AMBIGUOUS_QTY_OR_AMOUNT,2026-07-24,Склад Мокеева,FABRIC_MOVEMENT_H4,FILE-097,r19502
MAT-3cec3a55a022bb90,MAT-3cec3a55a022bb90,Шифон голубой 18-055,18-055,36800.0,20600.0,16200.0,AMBIGUOUS_QTY_OR_AMOUNT,2026-07-24,Склад Мокеева,FABRIC_MOVEMENT_H4,FILE-097,r19524
MAT-e957d2e2394f8e9b,MAT-e957d2e2394f8e9b,Шифон зеленый 18-024,18-024,123390.0,112140.0,11250.0,AMBIGUOUS_QTY_OR_AMOUNT,2026-07-24,Склад Мокеева,FABRIC_MOVEMENT_H4,FILE-097,r19532
MAT-97df1a18184fb0f9,MAT-97df1a18184fb0f9,"Шифон зеленый, принт крупный микс 19A-010",,12650.0,12650.0,,AMBIGUOUS_QTY_OR_AMOUNT,2026-07-24,Склад Мокеева,FABRIC_MOVEMENT_H4,FILE-097,r19546
MAT-eb6b253d76a1cb8e,MAT-eb6b253d76a1cb8e,"Шифон искусственный, бежевый 18-И-009",,3600.0,3600.0,,AMBIGUOUS_QTY_OR_AMOUNT,2026-07-24,Склад Мокеева,FABRIC_MOVEMENT_H4,FILE-097,r19554
MAT-013e24ff43c607cd,MAT-013e24ff43c607cd,"Шифон искусственный, бежевый, 18-И-001",,18187.28,14237.38,3949.9,AMBIGUOUS_QTY_OR_AMOUNT,2026-07-24,Склад Мокеева,FABRIC_MOVEMENT_H4,FILE-097,r19560
MAT-ed9c29053924a402,MAT-ed9c29053924a402,"Шифон искусственный, белый 18-И-010",,12552.9,8640.0,3912.9,AMBIGUOUS_QTY_OR_AMOUNT,2026-07-24,Склад Мокеева,FABRIC_MOVEMENT_H4,FILE-097,r19590
MAT-d840c3b87be211f6,MAT-d840c3b87be211f6,Шифон красный 18-036,18-036,4500.0,4500.0,,AMBIGUOUS_QTY_OR_AMOUNT,2026-07-24,Склад Мокеева,FABRIC_MOVEMENT_H4,FILE-097,r19602
MAT-4e973d46973bc58a,MAT-4e973d46973bc58a,"Шифон креповой искусственный, черный, 18-И-002",,7222.5,7222.5,,AMBIGUOUS_QTY_OR_AMOUNT,2026-07-24,Склад Мокеева,FABRIC_MOVEMENT_H4,FILE-097,r19610
MAT-fc1fcfd4f8860ef8,MAT-fc1fcfd4f8860ef8,Шифон мятный 18-025,18-025,2250.0,2250.0,,AMBIGUOUS_QTY_OR_AMOUNT,2026-07-24,Склад Мокеева,FABRIC_MOVEMENT_H4,FILE-097,r19618
MAT-6764685dfa547559,MAT-6764685dfa547559,Шифон персиковый 18-052,18-052,41461.38,28322.76,13138.62,AMBIGUOUS_QTY_OR_AMOUNT,2026-07-24,Склад Мокеева,FABRIC_MOVEMENT_H4,FILE-097,r19630
MAT-d51595b4bab56dc7,MAT-d51595b4bab56dc7,"Шифон розовый ""любовь"" 18-031",18-031,79011.88,9720.0,69291.88,AMBIGUOUS_QTY_OR_AMOUNT,2026-07-24,Склад Мокеева,FABRIC_MOVEMENT_H4,FILE-097,r19642
MAT-711945120cc3a47c,MAT-711945120cc3a47c,Шифон розовый 18-042,18-042,461.76,461.76,,AMBIGUOUS_QTY_OR_AMOUNT,2026-07-24,Склад Мокеева,FABRIC_MOVEMENT_H4,FILE-097,r19652
MAT-70916e28af922270,MAT-70916e28af922270,Шифон розовый 18-056,18-056,50000.0,,50000.0,AMBIGUOUS_QTY_OR_AMOUNT,2026-07-24,Склад Мокеева,FABRIC_MOVEMENT_H4,FILE-097,r19658
MAT-7b3874d1fbf31eb3,MAT-7b3874d1fbf31eb3,Шифон розовый креповый 18-037,18-037,20800.0,14170.0,6630.0,AMBIGUOUS_QTY_OR_AMOUNT,2026-07-24,Склад Мокеева,FABRIC_MOVEMENT_H4,FILE-097,r19662
MAT-095257895f76201a,MAT-095257895f76201a,"Шифон розовый, принт крупный микс 19A-009",,18860.0,18860.0,,AMBIGUOUS_QTY_OR_AMOUNT,2026-07-24,Склад Мокеева,FABRIC_MOVEMENT_H4,FILE-097,r19668
MAT-9d254f5050366e09,MAT-9d254f5050366e09,Шифон светло-мятный 18-026,18-026,68265.0,41265.0,27000.0,AMBIGUOUS_QTY_OR_AMOUNT,2026-07-24,Склад Мокеева,FABRIC_MOVEMENT_H4,FILE-097,r19676
MAT-7b54e89afb3f1ff8,MAT-7b54e89afb3f1ff8,Шифон светло-розовый 18-057,18-057,28000.0,,28000.0,AMBIGUOUS_QTY_OR_AMOUNT,2026-07-24,Склад Мокеева,FABRIC_MOVEMENT_H4,FILE-097,r19694
MAT-4166635cb65a93ff,MAT-4166635cb65a93ff,Шифон светло-серый 18-022,18-022,4330.47,4330.47,,AMBIGUOUS_QTY_OR_AMOUNT,2026-07-24,Склад Мокеева,FABRIC_MOVEMENT_H4,FILE-097,r19698
MAT-4080506703c17881,MAT-4080506703c17881,Шифон серо-голубой 18-002,18-002,80685.0,80685.0,,AMBIGUOUS_QTY_OR_AMOUNT,2026-07-24,Склад Мокеева,FABRIC_MOVEMENT_H4,FILE-097,r19704
MAT-519f8b2656bb6636,MAT-519f8b2656bb6636,Шифон синий 18-020,18-020,101181.03,97594.59,3586.44,AMBIGUOUS_QTY_OR_AMOUNT,2026-07-24,Склад Мокеева,FABRIC_MOVEMENT_H4,FILE-097,r19734
MAT-6811109173c3da9c,MAT-6811109173c3da9c,"Шифон синий, принт крупный микс 19A-007",,25300.0,25300.0,,AMBIGUOUS_QTY_OR_AMOUNT,2026-07-24,Склад Мокеева,FABRIC_MOVEMENT_H4,FILE-097,r19752
MAT-176e101c3188b4f4,MAT-176e101c3188b4f4,Шифон темно-синий 18-021,18-021,6435.45,6435.45,,AMBIGUOUS_QTY_OR_AMOUNT,2026-07-24,Склад Мокеева,FABRIC_MOVEMENT_H4,FILE-097,r19760
MAT-6bf7af78a46047bd,MAT-6bf7af78a46047bd,Шифон фиолетовый 18-048,18-048,15390.0,3690.0,11700.0,AMBIGUOUS_QTY_OR_AMOUNT,2026-07-24,Склад Мокеева,FABRIC_MOVEMENT_H4,FILE-097,r19770
MAT-0c0ce0bb5abfe8d2,MAT-0c0ce0bb5abfe8d2,Шифон фуксия 18-034,18-034,169650.0,169650.0,,AMBIGUOUS_QTY_OR_AMOUNT,2026-07-24,Склад Мокеева,FABRIC_MOVEMENT_H4,FILE-097,r19780
MAT-98400f1ab9fa59b6,MAT-98400f1ab9fa59b6,"Шифон цветной, принт темные разводы 19-033",19-033,119500.0,119500.0,,AMBIGUOUS_QTY_OR_AMOUNT,2026-07-24,Склад Мокеева,FABRIC_MOVEMENT_H4,FILE-097,r19800
MAT-0b6a4975d299ad6e,MAT-0b6a4975d299ad6e,Шифон черный 18-039,18-039,183849.06,56377.72,127471.34,AMBIGUOUS_QTY_OR_AMOUNT,2026-07-24,Склад Мокеева,FABRIC_MOVEMENT_H4,FILE-097,r19806
MAT-b237911c90d45f8a,MAT-b237911c90d45f8a,"Шифон, белый с принтом ""листья"" 19A-016",,90965.0,90965.0,,AMBIGUOUS_QTY_OR_AMOUNT,2026-07-24,Склад Мокеева,FABRIC_MOVEMENT_H4,FILE-097,r19834
MAT-80f636e450f90409,MAT-80f636e450f90409,"Шифон, графит 18-003",18-003,82366.41,82366.41,,AMBIGUOUS_QTY_OR_AMOUNT,2026-07-24,Склад Мокеева,FABRIC_MOVEMENT_H4,FILE-097,r19850
MAT-bb317e16a782be95,MAT-bb317e16a782be95,"Шифон, серый с принтом ""розовые листья"" 19A-017",,3450.0,3450.0,,AMBIGUOUS_QTY_OR_AMOUNT,2026-07-24,Склад Мокеева,FABRIC_MOVEMENT_H4,FILE-097,r19884
MAT-cb2ae1eba770fdd1,MAT-cb2ae1eba770fdd1,"Шифон, черный с принтом ""листья"" 19A-015",,35995.0,35995.0,,AMBIGUOUS_QTY_OR_AMOUNT,2026-07-24,Склад Мокеева,FABRIC_MOVEMENT_H4,FILE-097,r19890
MAT-f524477ddbe6943c,MAT-f524477ddbe6943c,Эко кожа хаки 25-013,25-013,1607.0,1607.0,,AMBIGUOUS_QTY_OR_AMOUNT,2026-07-24,Склад Мокеева,FABRIC_MOVEMENT_H4,FILE-097,r19900
MAT-8eb55a3fdc11d74d,MAT-8eb55a3fdc11d74d,"Эко кожа, латекс черный 25-012",25-012,13680.0,13680.0,,AMBIGUOUS_QTY_OR_AMOUNT,2026-07-24,Склад Мокеева,FABRIC_MOVEMENT_H4,FILE-097,r19908
MAT-036eb39757a2b14f,MAT-036eb39757a2b14f,"Эко кожа, розовая 25-009",25-009,525.0,525.0,,AMBIGUOUS_QTY_OR_AMOUNT,2026-07-24,Склад Мокеева,FABRIC_MOVEMENT_H4,FILE-097,r19916
MAT-ba4da13bf23ffd34,MAT-ba4da13bf23ffd34,"Эко кожа, черный 25-010",25-010,15050.0,15050.0,,AMBIGUOUS_QTY_OR_AMOUNT,2026-07-24,Склад Мокеева,FABRIC_MOVEMENT_H4,FILE-097,r19922
