material_movement_id,material_id,name,article_hint,qty,amount_rub,unit_cost_rub,snapshot_date,warehouse,movement_type,source_file_id,source_row_id
MAT-5ac968311dec2c6a,MAT-5ac968311dec2c6a,Атлас (дюшес) темно-коричневый  20-006,20-006,10.2,7140.0,700.0,2026-05-31,Основной склад,STOCK_SNAPSHOT,FILE-053,r4
MAT-ad068e056b9eda9a,MAT-ad068e056b9eda9a,Бархат  Х/Б темно-синий 6-015,6-015,4.0,6600.0,1650.0,2026-05-31,Основной склад,STOCK_SNAPSHOT,FILE-053,r5
MAT-a0ffc6e776b80c80,MAT-a0ffc6e776b80c80,Бархат стрейч коричневый  6-029,6-029,5.1,2550.0,500.0,2026-05-31,Основной склад,STOCK_SNAPSHOT,FILE-053,r6
MAT-6015e9a7fbc4a478,MAT-6015e9a7fbc4a478,Бархат стрейч плотный черный 6-028,6-028,53.0,33125.0,625.0,2026-05-31,Основной склад,STOCK_SNAPSHOT,FILE-053,r7
MAT-ef96e09789fe20c8,MAT-ef96e09789fe20c8,"Бархат стрейч, бежевый 6-047",6-047,17.4,7134.0,410.0,2026-05-31,Основной склад,STOCK_SNAPSHOT,FILE-053,r8
MAT-300f63c5e156ec4c,MAT-300f63c5e156ec4c,"Бархат стрейч, бирюзовый 6-049",6-049,24.5,10045.0,410.0,2026-05-31,Основной склад,STOCK_SNAPSHOT,FILE-053,r9
MAT-dd04074e5306d3c0,MAT-dd04074e5306d3c0,"Бархат стрейч, морская волна 6-053",6-053,28.5,11685.0,410.0,2026-05-31,Основной склад,STOCK_SNAPSHOT,FILE-053,r10
MAT-cd09e21ee38a0733,MAT-cd09e21ee38a0733,"Бархат стрейч, светло-серый 6-048",6-048,17.25,7072.5,410.0,2026-05-31,Основной склад,STOCK_SNAPSHOT,FILE-053,r11
MAT-653b40e0e37dcb29,MAT-653b40e0e37dcb29,"Бархат стрейч, серо-зеленый 6-050",6-050,19.0,7790.0,410.0,2026-05-31,Основной склад,STOCK_SNAPSHOT,FILE-053,r12
MAT-0a9fd7fd98863084,MAT-0a9fd7fd98863084,"Бархат стрейч, синий 6-052",6-052,56.5,23165.0,410.0,2026-05-31,Основной склад,STOCK_SNAPSHOT,FILE-053,r13
MAT-6820b845e033635d,MAT-6820b845e033635d,"Бархат стрейч, темно-синий 6-051",6-051,26.3,10783.0,410.0,2026-05-31,Основной склад,STOCK_SNAPSHOT,FILE-053,r14
MAT-8d015882e4a05247,MAT-8d015882e4a05247,"Бархат стрейч, темно-синий 6-055",6-055,5.8,2378.0,410.0,2026-05-31,Основной склад,STOCK_SNAPSHOT,FILE-053,r15
MAT-cb2dc898b2338b09,MAT-cb2dc898b2338b09,"Бархат стрейч, черный 6-030",6-030,32.5,16652.96,512.4,2026-05-31,Основной склад,STOCK_SNAPSHOT,FILE-053,r16
MAT-e319db354d20217f,MAT-e319db354d20217f,"Бархат стрейч,черный, стрейч плотный 6-054",6-054,51.5,32187.5,625.0,2026-05-31,Основной склад,STOCK_SNAPSHOT,FILE-053,r17
MAT-cfba6e15b371f69a,MAT-cfba6e15b371f69a,"Бархат х/б стрейч, фуксия 6-041",6-041,13.7,34250.0,2500.0,2026-05-31,Основной склад,STOCK_SNAPSHOT,FILE-053,r18
MAT-2b3f8dcdaffd5108,MAT-2b3f8dcdaffd5108,"Бархат х/б стреч, бирюзовый 6-040",6-040,13.4,33500.0,2500.0,2026-05-31,Основной склад,STOCK_SNAPSHOT,FILE-053,r19
MAT-ff4a29bc6ad59675,MAT-ff4a29bc6ad59675,"Бархат х/б стреч, серый 6-045",6-045,8.5,21250.0,2500.0,2026-05-31,Основной склад,STOCK_SNAPSHOT,FILE-053,r20
MAT-548ba25a44e7381a,MAT-548ba25a44e7381a,"Бархат х/б, баклажан 6-003",6-003,7.1,11715.0,1650.0,2026-05-31,Основной склад,STOCK_SNAPSHOT,FILE-053,r21
MAT-83fb085039a72119,MAT-83fb085039a72119,"Бархат х/б, бежевый 6-039",6-039,4.3,10750.0,2500.0,2026-05-31,Основной склад,STOCK_SNAPSHOT,FILE-053,r22
MAT-db2c80d6fbcdef9c,MAT-db2c80d6fbcdef9c,"Бархат х/б, голубой 6-014",6-014,13.0,21450.0,1650.0,2026-05-31,Основной склад,STOCK_SNAPSHOT,FILE-053,r23
MAT-e867e553e77b2e40,MAT-e867e553e77b2e40,"Бархат х/б, зелено-голубой 6-012",6-012,8.4,13860.0,1650.0,2026-05-31,Основной склад,STOCK_SNAPSHOT,FILE-053,r24
MAT-b4eb76f70141d427,MAT-b4eb76f70141d427,"Бархат х/б, зеленый 6-011",6-011,14.0,23100.0,1650.0,2026-05-31,Основной склад,STOCK_SNAPSHOT,FILE-053,r25
MAT-cd4c0841a791ab89,MAT-cd4c0841a791ab89,"Бархат х/б, коричневый 6-007",6-007,10.4,17160.0,1650.0,2026-05-31,Основной склад,STOCK_SNAPSHOT,FILE-053,r26
MAT-972fa30b37050416,MAT-972fa30b37050416,"Бархат х/б, розовый 6-016",6-016,4.2,6930.0,1650.0,2026-05-31,Основной склад,STOCK_SNAPSHOT,FILE-053,r27
MAT-6575a1a2a8588039,MAT-6575a1a2a8588039,"Бархат х/б, светло-голубой 6-013",6-013,11.2,18480.0,1650.0,2026-05-31,Основной склад,STOCK_SNAPSHOT,FILE-053,r28
MAT-f12c47ca7fe90da3,MAT-f12c47ca7fe90da3,"Бархат х/б, светло-коричневый 6-009",6-009,14.0,23100.0,1650.0,2026-05-31,Основной склад,STOCK_SNAPSHOT,FILE-053,r29
MAT-c4c83064813bf64a,MAT-c4c83064813bf64a,"Бархат х/б, темно-синий, морская волна 6-042",6-042,21.8,54500.0,2500.0,2026-05-31,Основной склад,STOCK_SNAPSHOT,FILE-053,r30
MAT-98665a5d9d8dc7f6,MAT-98665a5d9d8dc7f6,"Бархат х/б, фиолетовый 6-005",6-005,12.0,19800.0,1650.0,2026-05-31,Основной склад,STOCK_SNAPSHOT,FILE-053,r31
MAT-83b83544008ae983,MAT-83b83544008ae983,"Бархат х/б, черный 6-001",6-001,37.8,99355.5,2628.45,2026-05-31,Основной склад,STOCK_SNAPSHOT,FILE-053,r32
MAT-2de85fb6be7a3c84,MAT-2de85fb6be7a3c84,"Бархат х/б, черный со стрейчем 6-002",6-002,31.4,51810.0,1650.0,2026-05-31,Основной склад,STOCK_SNAPSHOT,FILE-053,r33
MAT-6a079a1005553c83,MAT-6a079a1005553c83,"Бархат шелк, бордовый 6-017",6-017,11.5,14950.0,1300.0,2026-05-31,Основной склад,STOCK_SNAPSHOT,FILE-053,r34
MAT-9655103d5672258b,MAT-9655103d5672258b,"Бархат шелк, бордовый 6-018",6-018,3.25,4225.0,1300.0,2026-05-31,Основной склад,STOCK_SNAPSHOT,FILE-053,r35
MAT-cbac26a246c6da5f,MAT-cbac26a246c6da5f,"Бархат шелк, зелено-фиолетовый 6-037",6-037,62.0,80600.0,1300.0,2026-05-31,Основной склад,STOCK_SNAPSHOT,FILE-053,r36
MAT-40398dd324162b46,MAT-40398dd324162b46,"Бархат шелк, зеленый 6-035",6-035,10.7,13910.0,1300.0,2026-05-31,Основной склад,STOCK_SNAPSHOT,FILE-053,r37
MAT-d18356ea010d0aef,MAT-d18356ea010d0aef,"Бархат шелк, золото 6-025",6-025,11.0,14300.0,1300.0,2026-05-31,Основной склад,STOCK_SNAPSHOT,FILE-053,r38
MAT-06faf0d3a1382a0d,MAT-06faf0d3a1382a0d,"Бархат шелк, красный 6-044",6-044,28.7,71750.0,2500.0,2026-05-31,Основной склад,STOCK_SNAPSHOT,FILE-053,r39
MAT-2d251c9ce803518a,MAT-2d251c9ce803518a,"Бархат шелк, серый 6-031",6-031,24.9,32370.0,1300.0,2026-05-31,Основной склад,STOCK_SNAPSHOT,FILE-053,r40
MAT-7b3a9fce11e66ee2,MAT-7b3a9fce11e66ee2,"Бархат шелк, синий 6-032",6-032,22.2,28860.0,1300.0,2026-05-31,Основной склад,STOCK_SNAPSHOT,FILE-053,r41
MAT-f67c8a0cc0703a80,MAT-f67c8a0cc0703a80,"Бархат шелк, темно-синий 6-033",6-033,14.2,18460.0,1300.0,2026-05-31,Основной склад,STOCK_SNAPSHOT,FILE-053,r42
MAT-6901b5ecaffc3002,MAT-6901b5ecaffc3002,"Бархат шелк, фиолетовый 6-038",6-038,29.6,38480.0,1300.0,2026-05-31,Основной склад,STOCK_SNAPSHOT,FILE-053,r43
MAT-85342e03ecd70b0f,MAT-85342e03ecd70b0f,"Бархат шелк, черный 6-046",6-046,72.7,138130.0,1900.0,2026-05-31,Основной склад,STOCK_SNAPSHOT,FILE-053,r44
MAT-d2222bf619de36c0,MAT-d2222bf619de36c0,"Батист бежевый, 4-059",4-059,25.1,15060.0,600.0,2026-05-31,Основной склад,STOCK_SNAPSHOT,FILE-053,r45
MAT-83d8aa98703e2327,MAT-83d8aa98703e2327,"Батист белый, 4-026",4-026,29.5,13275.0,450.0,2026-05-31,Основной склад,STOCK_SNAPSHOT,FILE-053,r46
MAT-055b9f8068cfdc17,MAT-055b9f8068cfdc17,"Батист белый, 4-027",4-027,20.5,9225.0,450.0,2026-05-31,Основной склад,STOCK_SNAPSHOT,FILE-053,r47
MAT-73369f196d4c7894,MAT-73369f196d4c7894,"Батист розовый, 4-036",4-036,5.0,1500.0,300.0,2026-05-31,Основной склад,STOCK_SNAPSHOT,FILE-053,r48
MAT-4d1d6b358c5eb25e,MAT-4d1d6b358c5eb25e,"Батист серо-бежевый атласный, 4-028",4-028,7.3,5110.0,700.0,2026-05-31,Основной склад,STOCK_SNAPSHOT,FILE-053,r49
MAT-cf24012a979401b8,MAT-cf24012a979401b8,"Батист серый плотный, 4-021",4-021,4.0,1600.0,400.0,2026-05-31,Основной склад,STOCK_SNAPSHOT,FILE-053,r50
MAT-c56030f41c72c48f,MAT-c56030f41c72c48f,"Батист серый, 4-039",4-039,14.9,5960.0,400.0,2026-05-31,Основной склад,STOCK_SNAPSHOT,FILE-053,r51
MAT-04ccd4905f3f3bae,MAT-04ccd4905f3f3bae,Батист черный 4-025,4-025,28.0,11200.0,400.0,2026-05-31,Основной склад,STOCK_SNAPSHOT,FILE-053,r52
MAT-184f5ad3e5c8897b,MAT-184f5ad3e5c8897b,"Батист черный плотный, 4-022",4-022,15.5,6200.0,400.0,2026-05-31,Основной склад,STOCK_SNAPSHOT,FILE-053,r53
MAT-d4b53c99ac93fc62,MAT-d4b53c99ac93fc62,"Батист черный, 4-024",4-024,28.7,5480.78,190.97,2026-05-31,Основной склад,STOCK_SNAPSHOT,FILE-053,r54
MAT-2870967ce6da894d,MAT-2870967ce6da894d,"Батист черный, 4-046",4-046,10.4,6240.0,600.0,2026-05-31,Основной склад,STOCK_SNAPSHOT,FILE-053,r55
MAT-50d38a3a022a5021,MAT-50d38a3a022a5021,"БРАК Х/Б папайя, бирюзовый фон, 4А-096",,30.0,10980.0,366.0,2026-05-31,Основной склад,STOCK_SNAPSHOT,FILE-053,r56
MAT-26e70527bcbf49bd,MAT-26e70527bcbf49bd,"БРАК Х/Б папайя, светло-голубой фон, 4А-097",,30.0,1829.7,60.99,2026-05-31,Основной склад,STOCK_SNAPSHOT,FILE-053,r57
MAT-dde638f71e33acf6,MAT-dde638f71e33acf6,"БРАК Х/Б рубашка-горох, белый, 4А-099",,25.0,1830.0,73.2,2026-05-31,Основной склад,STOCK_SNAPSHOT,FILE-053,r58
MAT-c063a366b32f22ad,MAT-c063a366b32f22ad,"БРАК Х/Б рубашка-горох, розовый, 4А-098",,25.0,7320.0,292.8,2026-05-31,Основной склад,STOCK_SNAPSHOT,FILE-053,r59
MAT-bc9f0d018dc04791,MAT-bc9f0d018dc04791,"БРАК Х/Б рубашка-перец белый, 4А-100",,24.6,1830.0,74.39,2026-05-31,Основной склад,STOCK_SNAPSHOT,FILE-053,r60
MAT-70a7a59485477aab,MAT-70a7a59485477aab,Бязь макетная 4-007,4-007,42.5,4291.64,100.98,2026-05-31,Основной склад,STOCK_SNAPSHOT,FILE-053,r61
MAT-c6493a9fb544f767,MAT-c6493a9fb544f767,Вечерняя ткань бежевая сетка 12-012,12-012,1.0,2200.0,2200.0,2026-05-31,Основной склад,STOCK_SNAPSHOT,FILE-053,r62
MAT-dd2b4f05c9035b64,MAT-dd2b4f05c9035b64,Вечерняя ткань бежевая сетка со стеклярусом 12-010,12-010,2.8,6160.0,2200.0,2026-05-31,Основной склад,STOCK_SNAPSHOT,FILE-053,r63
MAT-5b731f0604f741d6,MAT-5b731f0604f741d6,Вечерняя ткань белая сетка с белыми пайетками 12-060,12-060,4.5,15750.0,3500.0,2026-05-31,Основной склад,STOCK_SNAPSHOT,FILE-053,r64
MAT-1615a1bb225776e0,MAT-1615a1bb225776e0,Вечерняя ткань белая сетка с жемчужинами белыми 12-059,12-059,6.0,21000.0,3500.0,2026-05-31,Основной склад,STOCK_SNAPSHOT,FILE-053,r65
MAT-a7477d81d901b4cf,MAT-a7477d81d901b4cf,Вечерняя ткань белая сетка с перьями 12-092,12-092,5.15,231750.0,45000.0,2026-05-31,Основной склад,STOCK_SNAPSHOT,FILE-053,r66
MAT-a64565149a91a3bb,MAT-a64565149a91a3bb,"Вечерняя ткань белая сетка с перьями, расшивкой пайетками 12-090",12-090,0.45,3375.0,7500.0,2026-05-31,Основной склад,STOCK_SNAPSHOT,FILE-053,r67
MAT-06e38491a6b63f93,MAT-06e38491a6b63f93,Вечерняя ткань белые бусины на белой сетке 12-062,12-062,21.7,8680.0,400.0,2026-05-31,Основной склад,STOCK_SNAPSHOT,FILE-053,r68
MAT-bc2ad3198a7615ba,MAT-bc2ad3198a7615ba,Вечерняя ткань белые пайетки на трикотаже 12-053,12-053,17.5,7875.0,450.0,2026-05-31,Основной склад,STOCK_SNAPSHOT,FILE-053,r69
MAT-7deef3ea0d2efc75,MAT-7deef3ea0d2efc75,Вечерняя ткань белый шифон с пайетками камушки 12-019,12-019,3.0,9000.0,3000.0,2026-05-31,Основной склад,STOCK_SNAPSHOT,FILE-053,r70
MAT-bd5f5ba7cc6bd979,MAT-bd5f5ba7cc6bd979,Вечерняя ткань бронзовые пайетки квадраты 12-030,12-030,2.6,42900.0,16500.0,2026-05-31,Основной склад,STOCK_SNAPSHOT,FILE-053,r71
MAT-84c1b36749463ac1,MAT-84c1b36749463ac1,Вечерняя ткань бронзовые пайетки круглые 12-031,12-031,0.68,11220.0,16500.0,2026-05-31,Основной склад,STOCK_SNAPSHOT,FILE-053,r72
MAT-228177a6fe1a117a,MAT-228177a6fe1a117a,Вечерняя ткань голубые пайетки 12-036,12-036,2.35,38775.0,16500.0,2026-05-31,Основной склад,STOCK_SNAPSHOT,FILE-053,r73
MAT-69f91e01c45c2b07,MAT-69f91e01c45c2b07,Вечерняя ткань графит шелк с пайетками 12-003,12-003,2.5,5500.0,2200.0,2026-05-31,Основной склад,STOCK_SNAPSHOT,FILE-053,r74
MAT-267824b79a0c344b,MAT-267824b79a0c344b,Вечерняя ткань желтая сетка вышивка бисер 12-013,12-013,2.4,5280.0,2200.0,2026-05-31,Основной склад,STOCK_SNAPSHOT,FILE-053,r75
MAT-5ae27d49a2c1d192,MAT-5ae27d49a2c1d192,Вечерняя ткань зеленое с пайетками 12-040,12-040,6.0,4200.0,700.0,2026-05-31,Основной склад,STOCK_SNAPSHOT,FILE-053,r76
MAT-d0e4d1dbff57a4c0,MAT-d0e4d1dbff57a4c0,Вечерняя ткань зеленые пайетки 12-034,12-034,7.2,118800.0,16500.0,2026-05-31,Основной склад,STOCK_SNAPSHOT,FILE-053,r77
MAT-a061dd70a85f6086,MAT-a061dd70a85f6086,Вечерняя ткань зеленые пайетки на сетке 12-070,12-070,9.6,5760.0,600.0,2026-05-31,Основной склад,STOCK_SNAPSHOT,FILE-053,r78
MAT-1627f13c60823b85,MAT-1627f13c60823b85,Вечерняя ткань золото 12-068,12-068,21.0,7350.0,350.0,2026-05-31,Основной склад,STOCK_SNAPSHOT,FILE-053,r79
MAT-d72a23bc28864467,MAT-d72a23bc28864467,Вечерняя ткань коричневые пайетки 12-025,12-025,5.8,95700.0,16500.0,2026-05-31,Основной склад,STOCK_SNAPSHOT,FILE-053,r80
MAT-def7d2935fb2ef16,MAT-def7d2935fb2ef16,Вечерняя ткань на белой сетки золотая вышивка канителью 12-014,12-014,4.0,8800.0,2200.0,2026-05-31,Основной склад,STOCK_SNAPSHOT,FILE-053,r81
MAT-5984d8f2152c126b,MAT-5984d8f2152c126b,"Вечерняя ткань розовая  сетка с перьями, расшивкой пайетками 12-089",12-089,9.2,172040.0,18700.0,2026-05-31,Основной склад,STOCK_SNAPSHOT,FILE-053,r82
MAT-c845e31d8649d94c,MAT-c845e31d8649d94c,Вечерняя ткань розовое кружево вышитое 12-039,12-039,5.9,4130.0,700.0,2026-05-31,Основной склад,STOCK_SNAPSHOT,FILE-053,r83
MAT-7cdf35573d45ad1a,MAT-7cdf35573d45ad1a,Вечерняя ткань розовые пайетки прямоугольные 12-045,12-045,1.3,13650.0,10500.0,2026-05-31,Основной склад,STOCK_SNAPSHOT,FILE-053,r84
MAT-925763fd4e2407e0,MAT-925763fd4e2407e0,Вечерняя ткань серебро пайетки 12-026,12-026,6.1,109800.0,18000.0,2026-05-31,Основной склад,STOCK_SNAPSHOT,FILE-053,r85
MAT-89e51c9e4d057aa3,MAT-89e51c9e4d057aa3,Вечерняя ткань синие пайетки на сетке 12-069,12-069,7.1,4260.0,600.0,2026-05-31,Основной склад,STOCK_SNAPSHOT,FILE-053,r86
MAT-c45b96b51ce6525f,MAT-c45b96b51ce6525f,Вечерняя ткань черная сетка с глитером 12-058,12-058,26.7,21360.0,800.0,2026-05-31,Основной склад,STOCK_SNAPSHOT,FILE-053,r87
MAT-49577d55cbfb7d92,MAT-49577d55cbfb7d92,Вечерняя ткань черная сетка с перьями и пайетками 12-094,12-094,6.35,48506.94,7638.89,2026-05-31,Основной склад,STOCK_SNAPSHOT,FILE-053,r88
MAT-3e37fd9c5570caf3,MAT-3e37fd9c5570caf3,Вечерняя ткань черная сетка с серым стеклярусом 12-005,12-005,4.5,9900.0,2200.0,2026-05-31,Основной склад,STOCK_SNAPSHOT,FILE-053,r89
MAT-b7ce57f439154fa4,MAT-b7ce57f439154fa4,Вечерняя ткань черные бусины на черной сетке 12-061,12-061,7.0,2800.0,400.0,2026-05-31,Основной склад,STOCK_SNAPSHOT,FILE-053,r90
MAT-bd3e129d9de7960f,MAT-bd3e129d9de7960f,Вечерняя ткань черные пайетки матовые 12-024,12-024,10.25,184500.0,18000.0,2026-05-31,Основной склад,STOCK_SNAPSHOT,FILE-053,r91
MAT-9a74c5f93e4ed430,MAT-9a74c5f93e4ed430,"Вечерняя ткань черные пайетки на трикотаже с серебром, мелкие 12-016",12-016,25.5,21675.0,850.0,2026-05-31,Основной склад,STOCK_SNAPSHOT,FILE-053,r92
MAT-b55502bd6aca7fc7,MAT-b55502bd6aca7fc7,Вечерняя ткань черный коричневый бисер 12-001,12-001,1.9,4180.0,2200.0,2026-05-31,Основной склад,STOCK_SNAPSHOT,FILE-053,r93
MAT-81b48fecdf0f5daf,MAT-81b48fecdf0f5daf,"Вечерняя ткань, глитер на сетке,  зеленый 12-057",12-057,23.0,13800.0,600.0,2026-05-31,Основной склад,STOCK_SNAPSHOT,FILE-053,r94
MAT-523921db8f49dccf,MAT-523921db8f49dccf,"Вечерняя ткань, глитер на сетке, розовый 12-056",12-056,35.5,21300.0,600.0,2026-05-31,Основной склад,STOCK_SNAPSHOT,FILE-053,r95
MAT-73b89a35fff8f7eb,MAT-73b89a35fff8f7eb,"Вечерняя ткань, глитер на сетке, серебро 12-051",12-051,9.5,5700.0,600.0,2026-05-31,Основной склад,STOCK_SNAPSHOT,FILE-053,r96
MAT-d7f8e68772103c57,MAT-d7f8e68772103c57,"Вечерняя ткань, глитер на сетке, серебро 12-055",12-055,18.7,11220.0,600.0,2026-05-31,Основной склад,STOCK_SNAPSHOT,FILE-053,r97
MAT-2c6a141e63b9303b,MAT-2c6a141e63b9303b,"Вечерняя ткань, глитер на сетке, черный 12-054",12-054,33.0,19800.0,600.0,2026-05-31,Основной склад,STOCK_SNAPSHOT,FILE-053,r98
MAT-7b641ce5b8f4d2e0,MAT-7b641ce5b8f4d2e0,"Вечерняя ткань, графитовые пайетки 12-047",12-047,4.3,2150.0,500.0,2026-05-31,Основной склад,STOCK_SNAPSHOT,FILE-053,r99
MAT-5d48de9141aa2583,MAT-5d48de9141aa2583,"Вечерняя ткань, мелкие пайетки, серебро  12-017",12-017,23.3,15145.0,650.0,2026-05-31,Основной склад,STOCK_SNAPSHOT,FILE-053,r100
MAT-6f62dc9cab38eabf,MAT-6f62dc9cab38eabf,"Вечерняя ткань, на темной сетке серебро 12-052",12-052,8.0,4800.0,600.0,2026-05-31,Основной склад,STOCK_SNAPSHOT,FILE-053,r101
MAT-e8f1f764437cdff2,MAT-e8f1f764437cdff2,"Вечерняя ткань, пайетки крупные, на сетке, розовые 12-042",12-042,6.0,3000.0,500.0,2026-05-31,Основной склад,STOCK_SNAPSHOT,FILE-053,r102
MAT-73ab97fb9b4fcd80,MAT-73ab97fb9b4fcd80,"Вечерняя ткань, пайетки крупные, на сетке, синие 12-046",12-046,11.5,5750.0,500.0,2026-05-31,Основной склад,STOCK_SNAPSHOT,FILE-053,r103
MAT-f5e32b10d7a1f66f,MAT-f5e32b10d7a1f66f,"Вечерняя ткань, пайетки на сетке, черно-серебрянные 12-049",12-049,3.2,1600.0,500.0,2026-05-31,Основной склад,STOCK_SNAPSHOT,FILE-053,r104
MAT-725ddc4114b2cdbf,MAT-725ddc4114b2cdbf,"Вечерняя ткань, пайетки серебро 12-008",12-008,52.7,79050.0,1500.0,2026-05-31,Основной склад,STOCK_SNAPSHOT,FILE-053,r105
MAT-53625722ada8c4d3,MAT-53625722ada8c4d3,"Вечерняя ткань, сетка белая с серебрянными  стразами 12-081",12-081,37.5,52500.0,1400.0,2026-05-31,Основной склад,STOCK_SNAPSHOT,FILE-053,r106
MAT-1cef8318c3a46504,MAT-1cef8318c3a46504,"Вечерняя ткань, сетка розовая со стразами 12-082",12-082,24.35,34090.0,1400.0,2026-05-31,Основной склад,STOCK_SNAPSHOT,FILE-053,r107
MAT-7bb9e1181e75ac34,MAT-7bb9e1181e75ac34,"Вечерняя ткань, сетка с черными стразами 12-079",12-079,27.9,39060.0,1400.0,2026-05-31,Основной склад,STOCK_SNAPSHOT,FILE-053,r108
MAT-b5935320e3629aa5,MAT-b5935320e3629aa5,"Вечерняя ткань, сетка синяя с синими стразами 12-083",12-083,23.2,32480.0,1400.0,2026-05-31,Основной склад,STOCK_SNAPSHOT,FILE-053,r109
MAT-7632a1a3365d65d7,MAT-7632a1a3365d65d7,"Вечерняя ткань, сетка черная со стразами 12-080",12-080,27.55,38570.0,1400.0,2026-05-31,Основной склад,STOCK_SNAPSHOT,FILE-053,r110
MAT-302e6c738360348a,MAT-302e6c738360348a,"Вечерняя ткань, трикотаж с квадратиками приклеенные 12-050",12-050,30.7,27630.0,900.0,2026-05-31,Основной склад,STOCK_SNAPSHOT,FILE-053,r111
MAT-51998998129c41d6,MAT-51998998129c41d6,"Вечерняя ткань, трикотаж с люрексом бежевая 12-064",12-064,15.5,12400.0,800.0,2026-05-31,Основной склад,STOCK_SNAPSHOT,FILE-053,r112
MAT-57dfffa250e1379f,MAT-57dfffa250e1379f,"Вечерняя ткань, трикотаж с люрексом бежевый 12-072",12-072,16.0,4800.0,300.0,2026-05-31,Основной склад,STOCK_SNAPSHOT,FILE-053,r113
MAT-23270d590158baed,MAT-23270d590158baed,"Вечерняя ткань, трикотаж с люрексом бордовый 12-075",12-075,26.5,7950.0,300.0,2026-05-31,Основной склад,STOCK_SNAPSHOT,FILE-053,r114
MAT-8780614984081d2d,MAT-8780614984081d2d,"Вечерняя ткань, трикотаж с люрексом бронзовая 12-063",12-063,4.8,3840.0,800.0,2026-05-31,Основной склад,STOCK_SNAPSHOT,FILE-053,r115
MAT-bae5e0da4e1d7e6c,MAT-bae5e0da4e1d7e6c,"Вечерняя ткань, трикотаж с люрексом серебро 12-071",12-071,17.0,5100.0,300.0,2026-05-31,Основной склад,STOCK_SNAPSHOT,FILE-053,r116
MAT-3b790b42d60d5053,MAT-3b790b42d60d5053,"Вечерняя ткань, трикотаж с люрексом синий 12-074",12-074,19.0,5700.0,300.0,2026-05-31,Основной склад,STOCK_SNAPSHOT,FILE-053,r117
MAT-c0f5b320d104fc47,MAT-c0f5b320d104fc47,"Вечерняя ткань, трикотаж с люрексом фиолетовая 12-065",12-065,12.5,10000.0,800.0,2026-05-31,Основной склад,STOCK_SNAPSHOT,FILE-053,r118
MAT-fc9f21c91300f220,MAT-fc9f21c91300f220,"Вечерняя ткань, трикотаж с люрексом черное серебро 12-077",12-077,6.0,1800.0,300.0,2026-05-31,Основной склад,STOCK_SNAPSHOT,FILE-053,r119
MAT-fcd99c04bd981dcd,MAT-fcd99c04bd981dcd,"Вечерняя ткань, трикотаж с люрексом черный 12-066",12-066,10.5,8400.0,800.0,2026-05-31,Основной склад,STOCK_SNAPSHOT,FILE-053,r120
MAT-569e6ad93fa584e5,MAT-569e6ad93fa584e5,"Вечерняя ткань, трикотаж с люрексом черный 12-078",12-078,15.0,4500.0,300.0,2026-05-31,Основной склад,STOCK_SNAPSHOT,FILE-053,r121
MAT-0361b5dff09db84a,MAT-0361b5dff09db84a,"Вечерняя ткань, черно-фиолетовые пайетки, мелкие 12-048",12-048,10.5,5250.0,500.0,2026-05-31,Основной склад,STOCK_SNAPSHOT,FILE-053,r122
MAT-2f5895aba316019b,MAT-2f5895aba316019b,"Вечерняя ткань, черные пайетки 12-018",12-018,10.3,8755.0,850.0,2026-05-31,Основной склад,STOCK_SNAPSHOT,FILE-053,r123
MAT-2897043d982df56f,MAT-2897043d982df56f,"Вечерняя ткань, черные пайетки на атласе 12-093",12-093,31.0,46500.0,1500.0,2026-05-31,Основной склад,STOCK_SNAPSHOT,FILE-053,r124
MAT-8cadf70205d3594f,MAT-8cadf70205d3594f,"Вечерняя ткань, черные пайетки на сетке 12-021",12-021,29.55,44325.0,1500.0,2026-05-31,Основной склад,STOCK_SNAPSHOT,FILE-053,r125
MAT-003865427274aae2,MAT-003865427274aae2,"Дабл-креп, бордовый 11-015",11-015,12.7,29210.0,2300.0,2026-05-31,Основной склад,STOCK_SNAPSHOT,FILE-053,r126
MAT-8c8eb27367eb872b,MAT-8c8eb27367eb872b,"Дабл-креп, васильковый 11-009",11-009,51.0,117300.0,2300.0,2026-05-31,Основной склад,STOCK_SNAPSHOT,FILE-053,r127
MAT-8ad8c9c22d57e30f,MAT-8ad8c9c22d57e30f,"Дабл-креп, голубой 11-011",11-011,9.4,21620.0,2300.0,2026-05-31,Основной склад,STOCK_SNAPSHOT,FILE-053,r128
MAT-e50de599f17d60cc,MAT-e50de599f17d60cc,"Дабл-креп, графит 11-002",11-002,26.3,60490.0,2300.0,2026-05-31,Основной склад,STOCK_SNAPSHOT,FILE-053,r129
MAT-80f1c693c6d2f41a,MAT-80f1c693c6d2f41a,"Дабл-креп, деним 11-010",11-010,50.0,115000.0,2300.0,2026-05-31,Основной склад,STOCK_SNAPSHOT,FILE-053,r130
MAT-a5667767c39e0555,MAT-a5667767c39e0555,"Дабл-креп, желтый 11-014",11-014,5.6,12880.0,2300.0,2026-05-31,Основной склад,STOCK_SNAPSHOT,FILE-053,r131
MAT-f25ad03e991e5be6,MAT-f25ad03e991e5be6,"Дабл-креп, желтый 11-026",11-026,43.7,100510.0,2300.0,2026-05-31,Основной склад,STOCK_SNAPSHOT,FILE-053,r132
MAT-5e3948e1c679a4a3,MAT-5e3948e1c679a4a3,"Дабл-креп, зеленый 11-007",11-007,6.6,15180.0,2300.0,2026-05-31,Основной склад,STOCK_SNAPSHOT,FILE-053,r133
MAT-279a83d3e1ac55e6,MAT-279a83d3e1ac55e6,"Дабл-креп, зеленый 11-025",11-025,26.0,59800.0,2300.0,2026-05-31,Основной склад,STOCK_SNAPSHOT,FILE-053,r134
MAT-b3b4b457b5dd8ff7,MAT-b3b4b457b5dd8ff7,"Дабл-креп, коралл 11-018",11-018,4.0,9200.0,2300.0,2026-05-31,Основной склад,STOCK_SNAPSHOT,FILE-053,r135
MAT-2f9807346d9db0c2,MAT-2f9807346d9db0c2,"Дабл-креп, красный 11-016",11-016,5.8,13340.0,2300.0,2026-05-31,Основной склад,STOCK_SNAPSHOT,FILE-053,r136
MAT-39f6d5254739fb6a,MAT-39f6d5254739fb6a,"Дабл-креп, красный 11-024",11-024,36.4,83720.0,2300.0,2026-05-31,Основной склад,STOCK_SNAPSHOT,FILE-053,r137
MAT-0c76de0af7903f0e,MAT-0c76de0af7903f0e,"Дабл-креп, молочный 11-005",11-005,12.0,27600.0,2300.0,2026-05-31,Основной склад,STOCK_SNAPSHOT,FILE-053,r138
MAT-9111edb896699929,MAT-9111edb896699929,"Дабл-креп, морская волна 11-008",11-008,9.4,21620.0,2300.0,2026-05-31,Основной склад,STOCK_SNAPSHOT,FILE-053,r139
MAT-ad71904da9a258c0,MAT-ad71904da9a258c0,"Дабл-креп, мятный 11-013",11-013,22.7,52210.0,2300.0,2026-05-31,Основной склад,STOCK_SNAPSHOT,FILE-053,r140
MAT-5e78b9b03ec91ff2,MAT-5e78b9b03ec91ff2,"Дабл-креп, оранжевый 11-019",11-019,13.3,30590.0,2300.0,2026-05-31,Основной склад,STOCK_SNAPSHOT,FILE-053,r141
MAT-4dd97e93287b4744,MAT-4dd97e93287b4744,"Дабл-креп, роза 11-023",11-023,12.4,28520.0,2300.0,2026-05-31,Основной склад,STOCK_SNAPSHOT,FILE-053,r142
MAT-f73aba1bcaf5ea1b,MAT-f73aba1bcaf5ea1b,"Дабл-креп, розовый 11-020",11-020,15.2,34960.0,2300.0,2026-05-31,Основной склад,STOCK_SNAPSHOT,FILE-053,r143
MAT-c17077645b8efb21,MAT-c17077645b8efb21,"Дабл-креп, розовый 11-027",11-027,49.0,112700.0,2300.0,2026-05-31,Основной склад,STOCK_SNAPSHOT,FILE-053,r144
MAT-d96d93345bbd8c45,MAT-d96d93345bbd8c45,"Дабл-креп, розовый 11-028",11-028,49.6,114080.0,2300.0,2026-05-31,Основной склад,STOCK_SNAPSHOT,FILE-053,r145
MAT-81d9d7018c2e7803,MAT-81d9d7018c2e7803,"Дабл-креп, светло-розовый 11-021",11-021,13.15,30245.0,2300.0,2026-05-31,Основной склад,STOCK_SNAPSHOT,FILE-053,r146
MAT-09eaee7c7768a0d3,MAT-09eaee7c7768a0d3,"Дабл-креп, светло-серый 11-004",11-004,9.6,22080.0,2300.0,2026-05-31,Основной склад,STOCK_SNAPSHOT,FILE-053,r147
MAT-778e2c60fbcb06b2,MAT-778e2c60fbcb06b2,"Дабл-креп, светло-серый 11-012",11-012,42.4,97520.0,2300.0,2026-05-31,Основной склад,STOCK_SNAPSHOT,FILE-053,r148
MAT-56ff9ef0904bb5bb,MAT-56ff9ef0904bb5bb,"Дабл-креп, серый 11-003",11-003,33.7,77510.0,2300.0,2026-05-31,Основной склад,STOCK_SNAPSHOT,FILE-053,r149
MAT-5bbdd6ada489f5d3,MAT-5bbdd6ada489f5d3,"Дабл-креп, темно-зеленый 11-006",11-006,10.0,23000.0,2300.0,2026-05-31,Основной склад,STOCK_SNAPSHOT,FILE-053,r150
MAT-c0a989e974676032,MAT-c0a989e974676032,"Дабл-креп, фуксия 11-017",11-017,17.4,40020.0,2300.0,2026-05-31,Основной склад,STOCK_SNAPSHOT,FILE-053,r151
MAT-b6894f6f718abb27,MAT-b6894f6f718abb27,"Дабл-креп, черный 11-001",11-001,56.3,129490.0,2300.0,2026-05-31,Основной склад,STOCK_SNAPSHOT,FILE-053,r152
MAT-6747b109b1dc7fb8,MAT-6747b109b1dc7fb8,"Джерси, черный 23-031",23-031,5.8,6960.0,1200.0,2026-05-31,Основной склад,STOCK_SNAPSHOT,FILE-053,r153
MAT-edba7a7d7e87b898,MAT-edba7a7d7e87b898,"Дюшес-дабл, бежевый 5-013",5-013,15.4,53900.0,3500.0,2026-05-31,Основной склад,STOCK_SNAPSHOT,FILE-053,r154
MAT-697172a32e39dcb5,MAT-697172a32e39dcb5,"Дюшес-дабл, темно-синий 5-015",5-015,20.0,100000.0,5000.0,2026-05-31,Основной склад,STOCK_SNAPSHOT,FILE-053,r155
MAT-d638937afe54b9af,MAT-d638937afe54b9af,"Дюшес-дабл, черный 5-014",5-014,13.5,47250.0,3500.0,2026-05-31,Основной склад,STOCK_SNAPSHOT,FILE-053,r156
MAT-7a2588e2014e1a37,MAT-7a2588e2014e1a37,"Дюшес, белый с принтом ""тюльпаны"" 5-009",5-009,6.4,16000.0,2500.0,2026-05-31,Основной склад,STOCK_SNAPSHOT,FILE-053,r157
MAT-1dd8238920a18fae,MAT-1dd8238920a18fae,"Дюшес, желтый 5-018",5-018,16.5,57750.0,3500.0,2026-05-31,Основной склад,STOCK_SNAPSHOT,FILE-053,r158
MAT-407a5f3ef72ce2b6,MAT-407a5f3ef72ce2b6,"Дюшес, золотой 5-003",5-003,2.25,4950.0,2200.0,2026-05-31,Основной склад,STOCK_SNAPSHOT,FILE-053,r159
MAT-5a4ca80c7e062f2f,MAT-5a4ca80c7e062f2f,"Дюшес, золотой 5-019",5-019,44.9,157150.0,3500.0,2026-05-31,Основной склад,STOCK_SNAPSHOT,FILE-053,r160
MAT-4938f1d87dfd061e,MAT-4938f1d87dfd061e,"Дюшес, красный 5-016",5-016,24.8,86800.0,3500.0,2026-05-31,Основной склад,STOCK_SNAPSHOT,FILE-053,r161
MAT-acf2ce2eb57e911e,MAT-acf2ce2eb57e911e,"Дюшес, оранжевый 5-004",5-004,20.0,44000.0,2200.0,2026-05-31,Основной склад,STOCK_SNAPSHOT,FILE-053,r162
MAT-c62985a4bba5eb53,MAT-c62985a4bba5eb53,"Дюшес, оранжевый с принтом ""акварель"" 5-012",5-012,31.4,78500.0,2500.0,2026-05-31,Основной склад,STOCK_SNAPSHOT,FILE-053,r163
MAT-f1c1257ab474f574,MAT-f1c1257ab474f574,"Дюшес, розовый 5-002",5-002,4.5,9900.0,2200.0,2026-05-31,Основной склад,STOCK_SNAPSHOT,FILE-053,r164
MAT-b6cd4b4a19db67e7,MAT-b6cd4b4a19db67e7,"Дюшес, серый с принтом ""акварель"" 5-010",5-010,18.2,45500.0,2500.0,2026-05-31,Основной склад,STOCK_SNAPSHOT,FILE-053,r165
MAT-b3acadc6925523de,MAT-b3acadc6925523de,"Дюшес, синий с принтом ""акварель"" 5-011",5-011,12.2,30500.0,2500.0,2026-05-31,Основной склад,STOCK_SNAPSHOT,FILE-053,r166
MAT-f5b2f019d0d5e8fb,MAT-f5b2f019d0d5e8fb,"Дюшес, сиреневый 5-005",5-005,1.3,2860.0,2200.0,2026-05-31,Основной склад,STOCK_SNAPSHOT,FILE-053,r167
MAT-511779ca83c6f090,MAT-511779ca83c6f090,"Дюшес, фиолетовый 5-020",5-020,42.3,148050.0,3500.0,2026-05-31,Основной склад,STOCK_SNAPSHOT,FILE-053,r168
MAT-fe7ec1b6ea80c62a,MAT-fe7ec1b6ea80c62a,"Дюшес, фуксия 5-017",5-017,24.5,85750.0,3500.0,2026-05-31,Основной склад,STOCK_SNAPSHOT,FILE-053,r169
MAT-76a3b470d8aad59c,MAT-76a3b470d8aad59c,"Креп синтетический, бежевый 10А-003",,7.35,3675.0,500.0,2026-05-31,Основной склад,STOCK_SNAPSHOT,FILE-053,r170
MAT-42bd673ce463fbed,MAT-42bd673ce463fbed,"Креп синтетический, графит 10А-007",,27.9,13950.0,500.0,2026-05-31,Основной склад,STOCK_SNAPSHOT,FILE-053,r171
MAT-f4a34692c8c67043,MAT-f4a34692c8c67043,"Креп синтетический, зеленый 10А-006",,17.9,8950.0,500.0,2026-05-31,Основной склад,STOCK_SNAPSHOT,FILE-053,r172
MAT-aa5bbc57d80db40b,MAT-aa5bbc57d80db40b,"Креп синтетический, серый 10А-005",,28.0,14000.0,500.0,2026-05-31,Основной склад,STOCK_SNAPSHOT,FILE-053,r173
MAT-16e1d96752cbd1cf,MAT-16e1d96752cbd1cf,"Креп синтетический, черный 10А-001",,22.7,8392.32,369.71,2026-05-31,Основной склад,STOCK_SNAPSHOT,FILE-053,r174
MAT-9d5e1a6b575acef6,MAT-9d5e1a6b575acef6,Креп тонкий шерсть черный 10-001,10-001,22.5,45000.0,2000.0,2026-05-31,Основной склад,STOCK_SNAPSHOT,FILE-053,r175
MAT-3a24e920c22373d6,MAT-3a24e920c22373d6,"Креп тонкий шерсть, бордовый 10-004",10-004,9.6,19200.0,2000.0,2026-05-31,Основной склад,STOCK_SNAPSHOT,FILE-053,r176
MAT-d01d7ccc2600f8b0,MAT-d01d7ccc2600f8b0,"Креп тонкий шерсть, графит 10-002",10-002,30.7,61400.0,2000.0,2026-05-31,Основной склад,STOCK_SNAPSHOT,FILE-053,r177
MAT-d360c5b9a9aca0d8,MAT-d360c5b9a9aca0d8,"Креп тонкий шерсть, желтый 10-011",10-011,40.5,81000.0,2000.0,2026-05-31,Основной склад,STOCK_SNAPSHOT,FILE-053,r178
MAT-9a6e3df44a4017e0,MAT-9a6e3df44a4017e0,"Креп тонкий шерсть, красный 10-005",10-005,5.4,10800.0,2000.0,2026-05-31,Основной склад,STOCK_SNAPSHOT,FILE-053,r179
MAT-8ca3237ed04362ee,MAT-8ca3237ed04362ee,"Креп тонкий шерсть, молочный 10-003",10-003,3.0,6000.0,2000.0,2026-05-31,Основной склад,STOCK_SNAPSHOT,FILE-053,r180
MAT-b24caac247a2e977,MAT-b24caac247a2e977,"Креп тонкий шерсть, морская волна 0-009",0-009,10.5,21000.0,2000.0,2026-05-31,Основной склад,STOCK_SNAPSHOT,FILE-053,r181
MAT-2dca00dc54341ec0,MAT-2dca00dc54341ec0,"Креп тонкий шерсть, оранжевый 10-006",10-006,7.3,14600.0,2000.0,2026-05-31,Основной склад,STOCK_SNAPSHOT,FILE-053,r182
MAT-508ba677c0a29d36,MAT-508ba677c0a29d36,"Креп тонкий шерсть, розовый 10-012",10-012,12.0,24000.0,2000.0,2026-05-31,Основной склад,STOCK_SNAPSHOT,FILE-053,r183
MAT-725d426f1e1b88b2,MAT-725d426f1e1b88b2,"Креп тонкий шерсть, синий 10-008",10-008,6.7,13400.0,2000.0,2026-05-31,Основной склад,STOCK_SNAPSHOT,FILE-053,r184
MAT-b2dac0e2887ab74d,MAT-b2dac0e2887ab74d,"Креп тонкий шерсть, сиреневый 10-010",10-010,7.4,14800.0,2000.0,2026-05-31,Основной склад,STOCK_SNAPSHOT,FILE-053,r185
MAT-6e9226421541e3f6,MAT-6e9226421541e3f6,"Креп тонкий шерсть, фуксия 10-007",10-007,10.4,20800.0,2000.0,2026-05-31,Основной склад,STOCK_SNAPSHOT,FILE-053,r186
MAT-7b031a137d061e1e,MAT-7b031a137d061e1e,Кружево белое 13-004,13-004,31.0,51150.0,1650.0,2026-05-31,Основной склад,STOCK_SNAPSHOT,FILE-053,r187
MAT-42430ab9cf4a5da0,MAT-42430ab9cf4a5da0,"Кружево плотное, бежевый 13-040",13-040,4.1,6765.0,1650.0,2026-05-31,Основной склад,STOCK_SNAPSHOT,FILE-053,r188
MAT-023b496be66b38e8,MAT-023b496be66b38e8,"Кружево плотное, белый 13-016",13-016,8.2,13530.0,1650.0,2026-05-31,Основной склад,STOCK_SNAPSHOT,FILE-053,r189
MAT-51de3cba502d2dcd,MAT-51de3cba502d2dcd,"Кружево плотное, мятный 13-021",13-021,10.0,10000.0,1000.0,2026-05-31,Основной склад,STOCK_SNAPSHOT,FILE-053,r190
MAT-01e16a43c71144de,MAT-01e16a43c71144de,"Кружево плотное, розовый 13-042",13-042,3.4,5610.0,1650.0,2026-05-31,Основной склад,STOCK_SNAPSHOT,FILE-053,r191
MAT-07fe76907598a5b2,MAT-07fe76907598a5b2,"Кружево стрейч, черный 13-028",13-028,35.0,57750.0,1650.0,2026-05-31,Основной склад,STOCK_SNAPSHOT,FILE-053,r192
MAT-1e2b2a97c65bb2da,MAT-1e2b2a97c65bb2da,"Кружево стрейч, черный 13-038",13-038,17.3,17300.0,1000.0,2026-05-31,Основной склад,STOCK_SNAPSHOT,FILE-053,r193
MAT-431db26250fdbed5,MAT-431db26250fdbed5,"Кружево, бежевый 13-041",13-041,3.6,5940.0,1650.0,2026-05-31,Основной склад,STOCK_SNAPSHOT,FILE-053,r194
MAT-c9ea5d0859134026,MAT-c9ea5d0859134026,"Кружево, бежевый 13-058",13-058,13.4,47168.0,3520.0,2026-05-31,Основной склад,STOCK_SNAPSHOT,FILE-053,r195
MAT-bf401edd09f5c40f,MAT-bf401edd09f5c40f,"Кружево, бежевый 13-088",13-088,13.9,48928.0,3520.0,2026-05-31,Основной склад,STOCK_SNAPSHOT,FILE-053,r196
MAT-bba58050c997fb72,MAT-bba58050c997fb72,"Кружево, белый 13-003",13-003,2.45,4042.5,1650.0,2026-05-31,Основной склад,STOCK_SNAPSHOT,FILE-053,r197
MAT-6fd4437add7f4093,MAT-6fd4437add7f4093,"Кружево, белый 13-061",13-061,3.0,10560.0,3520.0,2026-05-31,Основной склад,STOCK_SNAPSHOT,FILE-053,r198
MAT-9bad00d3a53a50cc,MAT-9bad00d3a53a50cc,"Кружево, белый 13-097",13-097,26.05,26050.0,1000.0,2026-05-31,Основной склад,STOCK_SNAPSHOT,FILE-053,r199
MAT-7230d67f7064f023,MAT-7230d67f7064f023,"Кружево, белый, узор ""листья"" 13-005",13-005,1.8,2970.0,1650.0,2026-05-31,Основной склад,STOCK_SNAPSHOT,FILE-053,r200
MAT-7a96316bb40b0aba,MAT-7a96316bb40b0aba,"Кружево, белый, узор ""листья"" 13-095",13-095,16.0,16000.0,1000.0,2026-05-31,Основной склад,STOCK_SNAPSHOT,FILE-053,r201
MAT-f90283dc40276b37,MAT-f90283dc40276b37,"Кружево, белый, узор ""фестоны"" 13-002",13-002,1.2,1980.0,1650.0,2026-05-31,Основной склад,STOCK_SNAPSHOT,FILE-053,r202
MAT-10b4224ecf97174e,MAT-10b4224ecf97174e,"Кружево, белый, узор черный 13-010",13-010,1.9,3135.0,1650.0,2026-05-31,Основной склад,STOCK_SNAPSHOT,FILE-053,r203
MAT-66bed46d1104508c,MAT-66bed46d1104508c,"Кружево, бирюзовый 13-024",13-024,1.7,2805.0,1650.0,2026-05-31,Основной склад,STOCK_SNAPSHOT,FILE-053,r204
MAT-77574ede36b490c0,MAT-77574ede36b490c0,"Кружево, бирюзовый 13-032",13-032,4.0,6600.0,1650.0,2026-05-31,Основной склад,STOCK_SNAPSHOT,FILE-053,r205
MAT-bc5e3b08b7cf3183,MAT-bc5e3b08b7cf3183,"Кружево, бордовый 13-020",13-020,7.2,11880.0,1650.0,2026-05-31,Основной склад,STOCK_SNAPSHOT,FILE-053,r206
MAT-a5c1bdb8964c910d,MAT-a5c1bdb8964c910d,"Кружево, голубой 13-069",13-069,2.8,8960.0,3200.0,2026-05-31,Основной склад,STOCK_SNAPSHOT,FILE-053,r207
MAT-cb28c03d8dda8156,MAT-cb28c03d8dda8156,"Кружево, голубой 13-080",13-080,7.4,26048.0,3520.0,2026-05-31,Основной склад,STOCK_SNAPSHOT,FILE-053,r208
MAT-f42ad22f2d2c9d1f,MAT-f42ad22f2d2c9d1f,"Кружево, желто-зеленый 13-008",13-008,3.8,6270.0,1650.0,2026-05-31,Основной склад,STOCK_SNAPSHOT,FILE-053,r209
MAT-a466c64167bcace6,MAT-a466c64167bcace6,"Кружево, желтый 13-007",13-007,4.3,7095.0,1650.0,2026-05-31,Основной склад,STOCK_SNAPSHOT,FILE-053,r210
MAT-1ee08511f7b2a384,MAT-1ee08511f7b2a384,"Кружево, желтый 13-087",13-087,1.85,6512.0,3520.0,2026-05-31,Основной склад,STOCK_SNAPSHOT,FILE-053,r211
MAT-cf2ff43252eb6566,MAT-cf2ff43252eb6566,"Кружево, жемчужный 13-089",13-089,11.2,39424.0,3520.0,2026-05-31,Основной склад,STOCK_SNAPSHOT,FILE-053,r212
MAT-24dbbd6f307fe4b7,MAT-24dbbd6f307fe4b7,"Кружево, зеленый 13-011",13-011,3.3,5445.0,1650.0,2026-05-31,Основной склад,STOCK_SNAPSHOT,FILE-053,r213
MAT-9020bc8d7a612510,MAT-9020bc8d7a612510,"Кружево, зеленый 13-030",13-030,8.5,8500.0,1000.0,2026-05-31,Основной склад,STOCK_SNAPSHOT,FILE-053,r214
MAT-9706ea3ae39578ef,MAT-9706ea3ae39578ef,"Кружево, зеленый 13-052",13-052,6.75,23760.0,3520.0,2026-05-31,Основной склад,STOCK_SNAPSHOT,FILE-053,r215
MAT-0f3349824f602832,MAT-0f3349824f602832,"Кружево, зеленый 13-053",13-053,6.6,23232.0,3520.0,2026-05-31,Основной склад,STOCK_SNAPSHOT,FILE-053,r216
MAT-7fcb572489bd5738,MAT-7fcb572489bd5738,"Кружево, зеленый 13-067",13-067,9.3,29760.0,3200.0,2026-05-31,Основной склад,STOCK_SNAPSHOT,FILE-053,r217
MAT-8915302f62bd1eff,MAT-8915302f62bd1eff,"Кружево, зеленый 13-082",13-082,8.2,28864.0,3520.0,2026-05-31,Основной склад,STOCK_SNAPSHOT,FILE-053,r218
MAT-120a334d0e7e933d,MAT-120a334d0e7e933d,"Кружево, золотой 13-013",13-013,2.45,4042.5,1650.0,2026-05-31,Основной склад,STOCK_SNAPSHOT,FILE-053,r219
MAT-ebb03baafd8cc9c7,MAT-ebb03baafd8cc9c7,"Кружево, золотой 13-014",13-014,3.4,5610.0,1650.0,2026-05-31,Основной склад,STOCK_SNAPSHOT,FILE-053,r220
MAT-79bb450a7afac4f5,MAT-79bb450a7afac4f5,"Кружево, золотой, на бордовой сетке 13-017",13-017,4.0,6600.0,1650.0,2026-05-31,Основной склад,STOCK_SNAPSHOT,FILE-053,r221
MAT-51f1476d37357fcd,MAT-51f1476d37357fcd,"Кружево, золотой, на серой сетке 13-019",13-019,3.7,6105.0,1650.0,2026-05-31,Основной склад,STOCK_SNAPSHOT,FILE-053,r222
MAT-8215431b61720372,MAT-8215431b61720372,"Кружево, коралловый 13-055",13-055,4.5,15840.0,3520.0,2026-05-31,Основной склад,STOCK_SNAPSHOT,FILE-053,r223
MAT-6b4414bc159a7a1d,MAT-6b4414bc159a7a1d,"Кружево, коралловый 13-085",13-085,5.0,17600.0,3520.0,2026-05-31,Основной склад,STOCK_SNAPSHOT,FILE-053,r224
MAT-ed02ea098021adca,MAT-ed02ea098021adca,"Кружево, коричневый 13-012",13-012,2.8,4620.0,1650.0,2026-05-31,Основной склад,STOCK_SNAPSHOT,FILE-053,r225
MAT-83cb63302b4d3f31,MAT-83cb63302b4d3f31,"Кружево, красный 13-054",13-054,9.9,34848.0,3520.0,2026-05-31,Основной склад,STOCK_SNAPSHOT,FILE-053,r226
MAT-469574183ff18b99,MAT-469574183ff18b99,"Кружево, красный 13-070",13-070,6.5,20800.0,3200.0,2026-05-31,Основной склад,STOCK_SNAPSHOT,FILE-053,r227
MAT-1033e3bc19b0477e,MAT-1033e3bc19b0477e,"Кружево, красный 13-084",13-084,1.6,5632.0,3520.0,2026-05-31,Основной склад,STOCK_SNAPSHOT,FILE-053,r228
MAT-913e522232b2887d,MAT-913e522232b2887d,"Кружево, молочный 13-001",13-001,3.6,5940.0,1650.0,2026-05-31,Основной склад,STOCK_SNAPSHOT,FILE-053,r229
MAT-9c6b29a31b3adf23,MAT-9c6b29a31b3adf23,"Кружево, молочный 13-076",13-076,11.4,36480.0,3200.0,2026-05-31,Основной склад,STOCK_SNAPSHOT,FILE-053,r230
MAT-ee6c9ab4d6a350f5,MAT-ee6c9ab4d6a350f5,"Кружево, морская волна 13-068",13-068,2.4,7680.0,3200.0,2026-05-31,Основной склад,STOCK_SNAPSHOT,FILE-053,r231
MAT-d9e9bb6363967984,MAT-d9e9bb6363967984,"Кружево, морская волна 13-081",13-081,4.5,15840.0,3520.0,2026-05-31,Основной склад,STOCK_SNAPSHOT,FILE-053,r232
MAT-9a61be7cb645cc70,MAT-9a61be7cb645cc70,"Кружево, оранжевый 13-015",13-015,3.5,5775.0,1650.0,2026-05-31,Основной склад,STOCK_SNAPSHOT,FILE-053,r233
MAT-35375f110846acf3,MAT-35375f110846acf3,"Кружево, оранжевый 13-056",13-056,6.8,23936.0,3520.0,2026-05-31,Основной склад,STOCK_SNAPSHOT,FILE-053,r234
MAT-7923e41e8d3f6e33,MAT-7923e41e8d3f6e33,"Кружево, оранжевый 13-086",13-086,4.7,16544.0,3520.0,2026-05-31,Основной склад,STOCK_SNAPSHOT,FILE-053,r235
MAT-75ab74e508e6b993,MAT-75ab74e508e6b993,"Кружево, разноцветный (оттенки синего) 13-026",13-026,11.1,11100.0,1000.0,2026-05-31,Основной склад,STOCK_SNAPSHOT,FILE-053,r236
MAT-b0a77c0a457f8d87,MAT-b0a77c0a457f8d87,"Кружево, розовый 13-009",13-009,4.35,7177.5,1650.0,2026-05-31,Основной склад,STOCK_SNAPSHOT,FILE-053,r237
MAT-d79151bfb2565001,MAT-d79151bfb2565001,"Кружево, розовый 13-043",13-043,3.4,5610.0,1650.0,2026-05-31,Основной склад,STOCK_SNAPSHOT,FILE-053,r238
MAT-9826b56966750aaf,MAT-9826b56966750aaf,"Кружево, розовый 13-071",13-071,1.1,3520.0,3200.0,2026-05-31,Основной склад,STOCK_SNAPSHOT,FILE-053,r239
MAT-e4bbbb1c7a8338a8,MAT-e4bbbb1c7a8338a8,"Кружево, розовый 13-093",13-093,1.56,1248.0,800.0,2026-05-31,Основной склад,STOCK_SNAPSHOT,FILE-053,r240
MAT-fad52bbf9607931d,MAT-fad52bbf9607931d,"Кружево, светло-бежевый 13-059",13-059,6.0,21120.0,3520.0,2026-05-31,Основной склад,STOCK_SNAPSHOT,FILE-053,r241
MAT-805e3e84843b4367,MAT-805e3e84843b4367,"Кружево, светло-бежевый 13-075",13-075,6.65,21280.0,3200.0,2026-05-31,Основной склад,STOCK_SNAPSHOT,FILE-053,r242
MAT-c689987228fc8717,MAT-c689987228fc8717,"Кружево, светло-зеленый 13-083",13-083,6.8,23936.0,3520.0,2026-05-31,Основной склад,STOCK_SNAPSHOT,FILE-053,r243
MAT-3ae8336ea5f94b81,MAT-3ae8336ea5f94b81,"Кружево, серый 13-060",13-060,5.95,20944.0,3520.0,2026-05-31,Основной склад,STOCK_SNAPSHOT,FILE-053,r244
MAT-65c8864cb33b3099,MAT-65c8864cb33b3099,"Кружево, серый 13-074",13-074,5.1,16320.0,3200.0,2026-05-31,Основной склад,STOCK_SNAPSHOT,FILE-053,r245
MAT-380d48040990d166,MAT-380d48040990d166,"Кружево, серый 13-078",13-078,2.9,10208.0,3520.0,2026-05-31,Основной склад,STOCK_SNAPSHOT,FILE-053,r246
MAT-83de7d33580029e6,MAT-83de7d33580029e6,"Кружево, синий 13-023",13-023,8.4,13860.0,1650.0,2026-05-31,Основной склад,STOCK_SNAPSHOT,FILE-053,r247
MAT-43e1bf019d2fb06a,MAT-43e1bf019d2fb06a,"Кружево, синий 13-025",13-025,6.75,11137.5,1650.0,2026-05-31,Основной склад,STOCK_SNAPSHOT,FILE-053,r248
MAT-cb2f24dc8bb94cdb,MAT-cb2f24dc8bb94cdb,"Кружево, синий 13-049",13-049,2.4,8448.0,3520.0,2026-05-31,Основной склад,STOCK_SNAPSHOT,FILE-053,r249
MAT-0e9427a0f089e807,MAT-0e9427a0f089e807,"Кружево, синий 13-063",13-063,5.3,16960.0,3200.0,2026-05-31,Основной склад,STOCK_SNAPSHOT,FILE-053,r250
MAT-f10aace5539fa885,MAT-f10aace5539fa885,"Кружево, синий 13-079",13-079,3.9,13728.0,3520.0,2026-05-31,Основной склад,STOCK_SNAPSHOT,FILE-053,r251
MAT-ee713aac4ea1651f,MAT-ee713aac4ea1651f,"Кружево, фиолетовый 13-022",13-022,4.5,7425.0,1650.0,2026-05-31,Основной склад,STOCK_SNAPSHOT,FILE-053,r252
MAT-85e848e82384bc45,MAT-85e848e82384bc45,"Кружево, фиолетовый 13-033",13-033,3.5,5775.0,1650.0,2026-05-31,Основной склад,STOCK_SNAPSHOT,FILE-053,r253
MAT-8b31ad6811149360,MAT-8b31ad6811149360,"Кружево, фиолетовый 13-065",13-065,1.7,5440.0,3200.0,2026-05-31,Основной склад,STOCK_SNAPSHOT,FILE-053,r254
MAT-15ad65a771f649a5,MAT-15ad65a771f649a5,"Кружево, фиолетовый 13-094",13-094,7.5,6000.0,800.0,2026-05-31,Основной склад,STOCK_SNAPSHOT,FILE-053,r255
MAT-6233b06ae71059ae,MAT-6233b06ae71059ae,"Кружево, черный 13-027",13-027,3.0,3000.0,1000.0,2026-05-31,Основной склад,STOCK_SNAPSHOT,FILE-053,r256
MAT-bea60aa08252a6ba,MAT-bea60aa08252a6ba,"Кружево, черный 13-029",13-029,3.0,4950.0,1650.0,2026-05-31,Основной склад,STOCK_SNAPSHOT,FILE-053,r257
MAT-d877effce749153f,MAT-d877effce749153f,"Кружево, черный 13-034",13-034,13.3,13300.0,1000.0,2026-05-31,Основной склад,STOCK_SNAPSHOT,FILE-053,r258
MAT-4e7676ffbbf5d2f7,MAT-4e7676ffbbf5d2f7,"Кружево, черный 13-037",13-037,8.7,8700.0,1000.0,2026-05-31,Основной склад,STOCK_SNAPSHOT,FILE-053,r259
MAT-6a09b205756c07c3,MAT-6a09b205756c07c3,"Кружево, черный 13-077",13-077,4.3,15136.0,3520.0,2026-05-31,Основной склад,STOCK_SNAPSHOT,FILE-053,r260
MAT-804fd341f6894519,MAT-804fd341f6894519,"Кружево, черный 13-096",13-096,10.5,10500.0,1000.0,2026-05-31,Основной склад,STOCK_SNAPSHOT,FILE-053,r261
MAT-bbbba20103415909,MAT-bbbba20103415909,"Лен бирюзовый, 3-003",3-003,5.7,4275.0,750.0,2026-05-31,Основной склад,STOCK_SNAPSHOT,FILE-053,r262
MAT-48ea491d7c140c59,MAT-48ea491d7c140c59,"Лен деним, 3-006",3-006,2.3,1725.0,750.0,2026-05-31,Основной склад,STOCK_SNAPSHOT,FILE-053,r263
MAT-281887f649f117b5,MAT-281887f649f117b5,"Лен красный, 3-005",3-005,15.1,11325.0,750.0,2026-05-31,Основной склад,STOCK_SNAPSHOT,FILE-053,r264
MAT-21ec412065ff9fdd,MAT-21ec412065ff9fdd,"Лен молочный, 3-002",3-002,26.6,19950.0,750.0,2026-05-31,Основной склад,STOCK_SNAPSHOT,FILE-053,r265
MAT-79f0d8098fafb88d,MAT-79f0d8098fafb88d,"Лен оранжевый, 3-004",3-004,9.3,6975.0,750.0,2026-05-31,Основной склад,STOCK_SNAPSHOT,FILE-053,r266
MAT-c3b8fab24a3f07ba,MAT-c3b8fab24a3f07ba,"Лен синий, 3-007",3-007,9.2,6900.0,750.0,2026-05-31,Основной склад,STOCK_SNAPSHOT,FILE-053,r267
MAT-705ee2df4ee271c8,MAT-705ee2df4ee271c8,"Лен черный, 3-001",3-001,13.5,10125.0,750.0,2026-05-31,Основной склад,STOCK_SNAPSHOT,FILE-053,r268
MAT-d1d9f413a6e6cfaf,MAT-d1d9f413a6e6cfaf,"Мех, бордовый, длинный ворс 25-004",25-004,2.5,5500.0,2200.0,2026-05-31,Основной склад,STOCK_SNAPSHOT,FILE-053,r269
MAT-97d2a4e2a448e2fd,MAT-97d2a4e2a448e2fd,"Мех, коричневый, длинный ворс 25-003",25-003,3.5,7700.0,2200.0,2026-05-31,Основной склад,STOCK_SNAPSHOT,FILE-053,r270
MAT-04fddc8f0ca10ff0,MAT-04fddc8f0ca10ff0,"Мех, разноцветный 25-007",25-007,1.0,2200.0,2200.0,2026-05-31,Основной склад,STOCK_SNAPSHOT,FILE-053,r271
MAT-ace92ff8c01a0747,MAT-ace92ff8c01a0747,"Мех, синий, длинный ворс 25-002",25-002,7.0,15400.0,2200.0,2026-05-31,Основной склад,STOCK_SNAPSHOT,FILE-053,r272
MAT-86adebe46b62e0fd,MAT-86adebe46b62e0fd,"Мех, синий, очень длинный ворс 25-006",25-006,1.0,2200.0,2200.0,2026-05-31,Основной склад,STOCK_SNAPSHOT,FILE-053,r273
MAT-d595c2cc6fd7a501,MAT-d595c2cc6fd7a501,"Мех, черный, длинный ворс 25-005",25-005,0.9,1980.0,2200.0,2026-05-31,Основной склад,STOCK_SNAPSHOT,FILE-053,r274
MAT-f00f4f522e8de1f5,MAT-f00f4f522e8de1f5,"Мех, черный, короткий ворс 25-001",25-001,2.2,4840.0,2200.0,2026-05-31,Основной склад,STOCK_SNAPSHOT,FILE-053,r275
MAT-532dbe43eb4bf438,MAT-532dbe43eb4bf438,"Органза жатая, белый 21-015",21-015,2.0,3400.0,1700.0,2026-05-31,Основной склад,STOCK_SNAPSHOT,FILE-053,r276
MAT-f4fa9ccc5aa8a0be,MAT-f4fa9ccc5aa8a0be,"Органза плотная, черный 21-016",21-016,10.6,49820.0,4700.0,2026-05-31,Основной склад,STOCK_SNAPSHOT,FILE-053,r277
MAT-8d703b1b17a35f12,MAT-8d703b1b17a35f12,"Органза, бело-черный 21-009",21-009,15.0,37500.0,2500.0,2026-05-31,Основной склад,STOCK_SNAPSHOT,FILE-053,r278
MAT-747a85f9866258fa,MAT-747a85f9866258fa,"Органза, белый 21-008",21-008,10.0,25000.0,2500.0,2026-05-31,Основной склад,STOCK_SNAPSHOT,FILE-053,r279
MAT-e5e702a8bfedcf00,MAT-e5e702a8bfedcf00,"Органза, белый 21-023",21-023,5.0,1500.0,300.0,2026-05-31,Основной склад,STOCK_SNAPSHOT,FILE-053,r280
MAT-f10c04aaa94b812a,MAT-f10c04aaa94b812a,"Органза, белый, принт черные полоски 21-011",21-011,13.5,33750.0,2500.0,2026-05-31,Основной склад,STOCK_SNAPSHOT,FILE-053,r281
MAT-db25a117d3ada21a,MAT-db25a117d3ada21a,"Органза, голубой 21-027",21-027,14.25,4275.0,300.0,2026-05-31,Основной склад,STOCK_SNAPSHOT,FILE-053,r282
MAT-7edbc9a2b6e743c8,MAT-7edbc9a2b6e743c8,"Органза, графит 21-030",21-030,10.4,10400.0,1000.0,2026-05-31,Основной склад,STOCK_SNAPSHOT,FILE-053,r283
MAT-2225ea0168691879,MAT-2225ea0168691879,"Органза, желтый 21-025",21-025,23.75,7125.0,300.0,2026-05-31,Основной склад,STOCK_SNAPSHOT,FILE-053,r284
MAT-a3e777dd0351d19b,MAT-a3e777dd0351d19b,"Органза, зеленый 21-017",21-017,31.0,52700.0,1700.0,2026-05-31,Основной склад,STOCK_SNAPSHOT,FILE-053,r285
MAT-0fcb94e292af19e4,MAT-0fcb94e292af19e4,"Органза, зеленый 21-018",21-018,29.6,50320.0,1700.0,2026-05-31,Основной склад,STOCK_SNAPSHOT,FILE-053,r286
MAT-a68e7581751a6a18,MAT-a68e7581751a6a18,"Органза, красная принт черные полоски 21-012",21-012,16.3,40750.0,2500.0,2026-05-31,Основной склад,STOCK_SNAPSHOT,FILE-053,r287
MAT-032d4b856a4c176a,MAT-032d4b856a4c176a,"Органза, красный 21-004",21-004,5.25,4200.0,800.0,2026-05-31,Основной склад,STOCK_SNAPSHOT,FILE-053,r288
MAT-371610c2e25e3d1f,MAT-371610c2e25e3d1f,"Органза, красный 21-028",21-028,14.7,4410.0,300.0,2026-05-31,Основной склад,STOCK_SNAPSHOT,FILE-053,r289
MAT-ca6b21612b41215c,MAT-ca6b21612b41215c,"Органза, оранжевый 21-006",21-006,13.8,6900.0,500.0,2026-05-31,Основной склад,STOCK_SNAPSHOT,FILE-053,r290
MAT-c81fbd09b677383e,MAT-c81fbd09b677383e,"Органза, розовая 21-029",21-029,6.2,4960.0,800.0,2026-05-31,Основной склад,STOCK_SNAPSHOT,FILE-053,r291
MAT-ebdb29c3d3b21976,MAT-ebdb29c3d3b21976,"Органза, розовый 21-005",21-005,14.85,7425.0,500.0,2026-05-31,Основной склад,STOCK_SNAPSHOT,FILE-053,r292
MAT-b501c9d89c5a1d53,MAT-b501c9d89c5a1d53,"Органза, серый 21-024",21-024,5.6,1680.0,300.0,2026-05-31,Основной склад,STOCK_SNAPSHOT,FILE-053,r293
MAT-f717c5564c9936fe,MAT-f717c5564c9936fe,"Органза, синий 21-001",21-001,9.0,4500.0,500.0,2026-05-31,Основной склад,STOCK_SNAPSHOT,FILE-053,r294
MAT-ac145a1263b0b7e4,MAT-ac145a1263b0b7e4,"Органза, фиолетовый 21-003",21-003,20.2,16160.0,800.0,2026-05-31,Основной склад,STOCK_SNAPSHOT,FILE-053,r295
MAT-dbdb35ed3a84880c,MAT-dbdb35ed3a84880c,"Органза, фуксия 21-002",21-002,8.3,6640.0,800.0,2026-05-31,Основной склад,STOCK_SNAPSHOT,FILE-053,r296
MAT-f8fecf750c2d80f3,MAT-f8fecf750c2d80f3,"Органза, черно-белая полоска 21-007",21-007,6.75,16875.0,2500.0,2026-05-31,Основной склад,STOCK_SNAPSHOT,FILE-053,r297
MAT-8ad573f71975a6e8,MAT-8ad573f71975a6e8,"Органза, черный 21-026",21-026,16.6,4980.0,300.0,2026-05-31,Основной склад,STOCK_SNAPSHOT,FILE-053,r298
MAT-16a265675b58f833,MAT-16a265675b58f833,"Органза, черный, принт белые бантики 21-013",21-013,12.6,31500.0,2500.0,2026-05-31,Основной склад,STOCK_SNAPSHOT,FILE-053,r299
MAT-942297bf617dcbbd,MAT-942297bf617dcbbd,"Органза, черный, принт полоски 21-010",21-010,3.3,8250.0,2500.0,2026-05-31,Основной склад,STOCK_SNAPSHOT,FILE-053,r300
MAT-ea68a989724840d3,MAT-ea68a989724840d3,"Органза, черный, принт черные бантики 21-014",21-014,4.0,10000.0,2500.0,2026-05-31,Основной склад,STOCK_SNAPSHOT,FILE-053,r301
MAT-79c85852331f6c1c,MAT-79c85852331f6c1c,"Парча, бежевый 15-001",15-001,2.65,5300.0,2000.0,2026-05-31,Основной склад,STOCK_SNAPSHOT,FILE-053,r302
MAT-b3f601c568ccb0d3,MAT-b3f601c568ccb0d3,"Парча, бежевый 15-021",15-021,7.4,14800.0,2000.0,2026-05-31,Основной склад,STOCK_SNAPSHOT,FILE-053,r303
MAT-b064c94ee359ae9e,MAT-b064c94ee359ae9e,"Парча, белый 15-022",15-022,8.5,17000.0,2000.0,2026-05-31,Основной склад,STOCK_SNAPSHOT,FILE-053,r304
MAT-61a0fa3bc04e32c9,MAT-61a0fa3bc04e32c9,"Парча, бордовый 15-002",15-002,3.1,6200.0,2000.0,2026-05-31,Основной склад,STOCK_SNAPSHOT,FILE-053,r305
MAT-f60e359c934ca835,MAT-f60e359c934ca835,"Парча, бордовый 15-013",15-013,11.7,23400.0,2000.0,2026-05-31,Основной склад,STOCK_SNAPSHOT,FILE-053,r306
MAT-3d5f7b92b4c9054a,MAT-3d5f7b92b4c9054a,"Парча, бронзовый 15-009",15-009,4.0,8000.0,2000.0,2026-05-31,Основной склад,STOCK_SNAPSHOT,FILE-053,r307
MAT-764ae938aef66ee1,MAT-764ae938aef66ee1,"Парча, зеленый 15-005",15-005,4.7,9400.0,2000.0,2026-05-31,Основной склад,STOCK_SNAPSHOT,FILE-053,r308
MAT-89b7eebe88a34b50,MAT-89b7eebe88a34b50,"Парча, золотой 15-011",15-011,3.75,7500.0,2000.0,2026-05-31,Основной склад,STOCK_SNAPSHOT,FILE-053,r309
MAT-d1b9f1eee3d1080e,MAT-d1b9f1eee3d1080e,"Парча, коричневый 15-029",15-029,5.5,11000.0,2000.0,2026-05-31,Основной склад,STOCK_SNAPSHOT,FILE-053,r310
MAT-233d43e67d79ac9c,MAT-233d43e67d79ac9c,"Парча, коричневый 15-030",15-030,12.0,24000.0,2000.0,2026-05-31,Основной склад,STOCK_SNAPSHOT,FILE-053,r311
MAT-7f8c1121e46d3a29,MAT-7f8c1121e46d3a29,"Парча, красный 15-007",15-007,8.6,17200.0,2000.0,2026-05-31,Основной склад,STOCK_SNAPSHOT,FILE-053,r312
MAT-e166f906dcfbe6ac,MAT-e166f906dcfbe6ac,"Парча, оранжевая 15-003",15-003,5.5,11000.0,2000.0,2026-05-31,Основной склад,STOCK_SNAPSHOT,FILE-053,r313
MAT-a792e7892dfba0fb,MAT-a792e7892dfba0fb,"Парча, принт акварель 15-010",15-010,10.8,21600.0,2000.0,2026-05-31,Основной склад,STOCK_SNAPSHOT,FILE-053,r314
MAT-e8f76b6d9178b2a0,MAT-e8f76b6d9178b2a0,"Парча, розовый 15-012",15-012,7.5,15000.0,2000.0,2026-05-31,Основной склад,STOCK_SNAPSHOT,FILE-053,r315
MAT-56acd2be89a004ac,MAT-56acd2be89a004ac,"Парча, серебряный 15-016",15-016,2.2,4400.0,2000.0,2026-05-31,Основной склад,STOCK_SNAPSHOT,FILE-053,r316
MAT-1ecad4423b710dc9,MAT-1ecad4423b710dc9,"Парча, серебряный 15-017",15-017,6.5,13000.0,2000.0,2026-05-31,Основной склад,STOCK_SNAPSHOT,FILE-053,r317
MAT-cc14499bdd9641c6,MAT-cc14499bdd9641c6,"Парча, синий 15-006",15-006,1.5,3000.0,2000.0,2026-05-31,Основной склад,STOCK_SNAPSHOT,FILE-053,r318
MAT-f4b03b6a316b7ebe,MAT-f4b03b6a316b7ebe,"Парча, синий 15-027",15-027,11.0,22000.0,2000.0,2026-05-31,Основной склад,STOCK_SNAPSHOT,FILE-053,r319
MAT-d98d295587f0d10a,MAT-d98d295587f0d10a,"Парча, темно-серебряный 15-015",15-015,1.65,3300.0,2000.0,2026-05-31,Основной склад,STOCK_SNAPSHOT,FILE-053,r320
MAT-d69e570c2fa3108c,MAT-d69e570c2fa3108c,"Парча, черная цветы 15-026",15-026,9.5,19000.0,2000.0,2026-05-31,Основной склад,STOCK_SNAPSHOT,FILE-053,r321
MAT-e56bc9314931ea97,MAT-e56bc9314931ea97,"Парча, черный 15-008",15-008,2.7,5400.0,2000.0,2026-05-31,Основной склад,STOCK_SNAPSHOT,FILE-053,r322
MAT-a57be2f0a9a299c8,MAT-a57be2f0a9a299c8,"Парча, черный 15-014",15-014,3.7,7400.0,2000.0,2026-05-31,Основной склад,STOCK_SNAPSHOT,FILE-053,r323
MAT-1961fbcf4e7f25cc,MAT-1961fbcf4e7f25cc,"Парча, черный 15-028",15-028,10.7,21400.0,2000.0,2026-05-31,Основной склад,STOCK_SNAPSHOT,FILE-053,r324
MAT-2b181269d2551428,MAT-2b181269d2551428,"Парча, черный с белым 15-023",15-023,8.0,16000.0,2000.0,2026-05-31,Основной склад,STOCK_SNAPSHOT,FILE-053,r325
MAT-556bb527287453a0,MAT-556bb527287453a0,"СЕТКА лагатолла, зеленый 22-Л-007",,26.5,29150.0,1100.0,2026-05-31,Основной склад,STOCK_SNAPSHOT,FILE-053,r326
MAT-d7c1f9dcf633b014,MAT-d7c1f9dcf633b014,"СЕТКА лагатолла, пудра 22-Л-009",,2.5,2750.0,1100.0,2026-05-31,Основной склад,STOCK_SNAPSHOT,FILE-053,r327
MAT-5f9d88e56fc5b744,MAT-5f9d88e56fc5b744,"СЕТКА лагатолла, черный 22-Л-002",,3.0,3300.0,1100.0,2026-05-31,Основной склад,STOCK_SNAPSHOT,FILE-053,r328
MAT-09fa1432e1395b2a,MAT-09fa1432e1395b2a,Сетка черная 22-Ж-001,,10.0,999.6,99.96,2026-05-31,Основной склад,STOCK_SNAPSHOT,FILE-053,r329
MAT-5ca9c22bcfddc3c2,MAT-5ca9c22bcfddc3c2,"Сетка, бежевый 22-033",22-033,142.6,16370.43,114.8,2026-05-31,Основной склад,STOCK_SNAPSHOT,FILE-053,r330
MAT-39ad9107202d00b1,MAT-39ad9107202d00b1,"Сетка, белая 22-Ж-002",,44.5,4448.22,99.96,2026-05-31,Основной склад,STOCK_SNAPSHOT,FILE-053,r331
MAT-903530095e786911,MAT-903530095e786911,"Сетка, белая блестящая 22-029",22-029,18.0,5400.0,300.0,2026-05-31,Основной склад,STOCK_SNAPSHOT,FILE-053,r332
MAT-adc00317365bd72d,MAT-adc00317365bd72d,"Сетка, белая горошек 0,5 белый 22-006",22-006,14.5,7250.0,500.0,2026-05-31,Основной склад,STOCK_SNAPSHOT,FILE-053,r333
MAT-97632dea816a254e,MAT-97632dea816a254e,"Сетка, белая горошек белый 1см 22-009",22-009,10.5,5250.0,500.0,2026-05-31,Основной склад,STOCK_SNAPSHOT,FILE-053,r334
MAT-8c838f393c4e2d57,MAT-8c838f393c4e2d57,"Сетка, белая пшенка белая 22-003",22-003,3.3,1650.0,500.0,2026-05-31,Основной склад,STOCK_SNAPSHOT,FILE-053,r335
MAT-ee6bc8640660bb03,MAT-ee6bc8640660bb03,"Сетка, белая с золотом 22-002",22-002,5.5,2200.0,400.0,2026-05-31,Основной склад,STOCK_SNAPSHOT,FILE-053,r336
MAT-8dcf77edeafb4516,MAT-8dcf77edeafb4516,"Сетка, желтая 22-035",22-035,56.4,5640.0,100.0,2026-05-31,Основной склад,STOCK_SNAPSHOT,FILE-053,r337
MAT-e828da432bb55a74,MAT-e828da432bb55a74,"Сетка, коралловый 22-037",22-037,23.5,2350.0,100.0,2026-05-31,Основной склад,STOCK_SNAPSHOT,FILE-053,r338
MAT-3820d491e828d009,MAT-3820d491e828d009,"Сетка, коричневая 22-024",22-024,17.5,5250.0,300.0,2026-05-31,Основной склад,STOCK_SNAPSHOT,FILE-053,r339
MAT-63f9d84315909a59,MAT-63f9d84315909a59,"Сетка, красный 22-045",22-045,32.7,3270.0,100.0,2026-05-31,Основной склад,STOCK_SNAPSHOT,FILE-053,r340
MAT-daf46f2b8f5a9e4f,MAT-daf46f2b8f5a9e4f,"Сетка, розовый 22-030",22-030,30.5,9150.0,300.0,2026-05-31,Основной склад,STOCK_SNAPSHOT,FILE-053,r341
MAT-8ac0802a196c325d,MAT-8ac0802a196c325d,"Сетка, розовый 22-053",22-053,43.8,4380.0,100.0,2026-05-31,Основной склад,STOCK_SNAPSHOT,FILE-053,r342
MAT-ba965c0dfe3bdecc,MAT-ba965c0dfe3bdecc,"Сетка, салатовый 22-034",22-034,34.8,3480.0,100.0,2026-05-31,Основной склад,STOCK_SNAPSHOT,FILE-053,r343
MAT-d0e8a2e8f51fc07d,MAT-d0e8a2e8f51fc07d,"Сетка, серый 22-056",22-056,33.4,3340.0,100.0,2026-05-31,Основной склад,STOCK_SNAPSHOT,FILE-053,r344
MAT-09d3e3737a913874,MAT-09d3e3737a913874,"Сетка, синий 22-042",22-042,5.0,500.0,100.0,2026-05-31,Основной склад,STOCK_SNAPSHOT,FILE-053,r345
MAT-c429dde5fbcbda6b,MAT-c429dde5fbcbda6b,"Сетка, телесная пшенка черная 22-004",22-004,7.6,3800.0,500.0,2026-05-31,Основной склад,STOCK_SNAPSHOT,FILE-053,r346
MAT-01dc228edd6af3a1,MAT-01dc228edd6af3a1,"Сетка, трикотажная бежевая 22-021",22-021,8.8,9680.0,1100.0,2026-05-31,Основной склад,STOCK_SNAPSHOT,FILE-053,r347
MAT-effc70d234da08ec,MAT-effc70d234da08ec,"Сетка, трикотажная светло-бежевая 22-059",22-059,3.2,3520.0,1100.0,2026-05-31,Основной склад,STOCK_SNAPSHOT,FILE-053,r348
MAT-9d65c541db2a0cfc,MAT-9d65c541db2a0cfc,"Сетка, хлопок бордовый 22-013",22-013,2.4,1200.0,500.0,2026-05-31,Основной склад,STOCK_SNAPSHOT,FILE-053,r349
MAT-0abb6c16d9b41941,MAT-0abb6c16d9b41941,"Сетка, хлопок коричневый 22-014",22-014,50.5,25250.0,500.0,2026-05-31,Основной склад,STOCK_SNAPSHOT,FILE-053,r350
MAT-b0721f2f955c64e6,MAT-b0721f2f955c64e6,"Сетка, черная горошек 0,5 черная 22-007",22-007,29.5,14750.0,500.0,2026-05-31,Основной склад,STOCK_SNAPSHOT,FILE-053,r351
MAT-0f90055914164f9d,MAT-0f90055914164f9d,"Сетка, черная горошек белый 1см 22-008",22-008,2.7,1350.0,500.0,2026-05-31,Основной склад,STOCK_SNAPSHOT,FILE-053,r352
MAT-0abf4e225b0b18ac,MAT-0abf4e225b0b18ac,"Сетка, черная пшенка черная 22-005",22-005,5.0,2500.0,500.0,2026-05-31,Основной склад,STOCK_SNAPSHOT,FILE-053,r353
MAT-d48b9f596c9c8e05,MAT-d48b9f596c9c8e05,"Сетка, черный 22-022",22-022,4.0,4400.0,1100.0,2026-05-31,Основной склад,STOCK_SNAPSHOT,FILE-053,r354
MAT-4f0a06c148b1ac78,MAT-4f0a06c148b1ac78,Синтетическая ткань  белый эко-шелк 20-027,20-027,2.0,2200.0,1100.0,2026-05-31,Основной склад,STOCK_SNAPSHOT,FILE-053,r355
MAT-86e02f5cfc54a30e,MAT-86e02f5cfc54a30e,Синтетическая ткань  бордовый эко-шелк 20-021,20-021,10.0,5000.0,500.0,2026-05-31,Основной склад,STOCK_SNAPSHOT,FILE-053,r356
MAT-f81f142134487d39,MAT-f81f142134487d39,Синтетическая ткань бежевый 20-017,20-017,2.95,1475.0,500.0,2026-05-31,Основной склад,STOCK_SNAPSHOT,FILE-053,r357
MAT-2c850ea0bf3d0639,MAT-2c850ea0bf3d0639,Синтетическая ткань бежевый эко-шелк 20-018,20-018,9.0,4500.0,500.0,2026-05-31,Основной склад,STOCK_SNAPSHOT,FILE-053,r358
MAT-7406b5d822900aea,MAT-7406b5d822900aea,Синтетическая ткань белый эко-шелк 20-015,20-015,31.5,9008.64,285.99,2026-05-31,Основной склад,STOCK_SNAPSHOT,FILE-053,r359
MAT-07ecd06382b8eea1,MAT-07ecd06382b8eea1,Синтетическая ткань белый-атлас  20-031,20-031,41.5,26975.0,650.0,2026-05-31,Основной склад,STOCK_SNAPSHOT,FILE-053,r360
MAT-26767e5b3e58adc9,MAT-26767e5b3e58adc9,Синтетическая ткань бордовый эко-шелк 20-032,20-032,8.4,4200.0,500.0,2026-05-31,Основной склад,STOCK_SNAPSHOT,FILE-053,r361
MAT-859ff1a05b79f787,MAT-859ff1a05b79f787,Синтетическая ткань голубой 20-007,20-007,6.2,4340.0,700.0,2026-05-31,Основной склад,STOCK_SNAPSHOT,FILE-053,r362
MAT-669c6422c4e25a20,MAT-669c6422c4e25a20,Синтетическая ткань жемчужный эко-шелк 20-026,20-026,17.5,8750.0,500.0,2026-05-31,Основной склад,STOCK_SNAPSHOT,FILE-053,r363
MAT-35abd105b94c775c,MAT-35abd105b94c775c,Синтетическая ткань зеленый светлый 20-009,20-009,9.0,6300.0,700.0,2026-05-31,Основной склад,STOCK_SNAPSHOT,FILE-053,r364
MAT-13f860e242c91c67,MAT-13f860e242c91c67,Синтетическая ткань зеленый эко-шелк 20-024,20-024,4.85,1455.0,300.0,2026-05-31,Основной склад,STOCK_SNAPSHOT,FILE-053,r365
MAT-2fd30510c747e41f,MAT-2fd30510c747e41f,Синтетическая ткань красный 20-012,20-012,7.5,5250.0,700.0,2026-05-31,Основной склад,STOCK_SNAPSHOT,FILE-053,r366
MAT-8544c0592fa561af,MAT-8544c0592fa561af,Синтетическая ткань красный атлас плотный 20-030,20-030,15.3,16830.0,1100.0,2026-05-31,Основной склад,STOCK_SNAPSHOT,FILE-053,r367
MAT-329a27a3cc56bd86,MAT-329a27a3cc56bd86,Синтетическая ткань красный эко-шелк 20-019,20-019,3.25,975.0,300.0,2026-05-31,Основной склад,STOCK_SNAPSHOT,FILE-053,r368
MAT-8440b507a582a563,MAT-8440b507a582a563,Синтетическая ткань красный-морковный 20-005,20-005,5.3,3710.0,700.0,2026-05-31,Основной склад,STOCK_SNAPSHOT,FILE-053,r369
MAT-813e7b9898bb9e6e,MAT-813e7b9898bb9e6e,Синтетическая ткань мелкие цветы 20А-002,,44.5,22250.0,500.0,2026-05-31,Основной склад,STOCK_SNAPSHOT,FILE-053,r370
MAT-571bf3dff8dec641,MAT-571bf3dff8dec641,Синтетическая ткань оранжевый эко-шелк 20-023,20-023,23.3,11650.0,500.0,2026-05-31,Основной склад,STOCK_SNAPSHOT,FILE-053,r371
MAT-793e84451ba920c7,MAT-793e84451ba920c7,Синтетическая ткань полоска с барсуком 20-008,20-008,20.0,14000.0,700.0,2026-05-31,Основной склад,STOCK_SNAPSHOT,FILE-053,r372
MAT-21bac1dc9fb5bc32,MAT-21bac1dc9fb5bc32,Синтетическая ткань розовый 20-003,20-003,1.7,1190.0,700.0,2026-05-31,Основной склад,STOCK_SNAPSHOT,FILE-053,r373
MAT-16934bd50c50f6f8,MAT-16934bd50c50f6f8,Синтетическая ткань розовый 20-013,20-013,35.0,24500.0,700.0,2026-05-31,Основной склад,STOCK_SNAPSHOT,FILE-053,r374
MAT-c2f73b69c2364fc5,MAT-c2f73b69c2364fc5,Синтетическая ткань розовый в белый горох 20-014,20-014,23.0,16100.0,700.0,2026-05-31,Основной склад,STOCK_SNAPSHOT,FILE-053,r375
MAT-2b562e309f94ac14,MAT-2b562e309f94ac14,Синтетическая ткань серый светлый эко-шелк 20-033,20-033,13.5,6750.0,500.0,2026-05-31,Основной склад,STOCK_SNAPSHOT,FILE-053,r376
MAT-fd006e20e63e01fe,MAT-fd006e20e63e01fe,Синтетическая ткань серый эко-шелк 20-025,20-025,15.35,7675.0,500.0,2026-05-31,Основной склад,STOCK_SNAPSHOT,FILE-053,r377
MAT-e3d0ed9e979560be,MAT-e3d0ed9e979560be,Синтетическая ткань фиолетовый эко-шелк 20-022,20-022,24.5,12250.0,500.0,2026-05-31,Основной склад,STOCK_SNAPSHOT,FILE-053,r378
MAT-dfe42302afdea8a9,MAT-dfe42302afdea8a9,Синтетическая ткань фуксия эко-шелк 20-020,20-020,17.3,8650.0,500.0,2026-05-31,Основной склад,STOCK_SNAPSHOT,FILE-053,r379
MAT-9ba3350a0838e33e,MAT-9ba3350a0838e33e,Синтетическая ткань цветной атлас  20-036,20-036,7.7,3850.0,500.0,2026-05-31,Основной склад,STOCK_SNAPSHOT,FILE-053,r380
MAT-bffdda497c25ad2b,MAT-bffdda497c25ad2b,Синтетическая ткань черно-белый леопард 20-001,20-001,12.5,8750.0,700.0,2026-05-31,Основной склад,STOCK_SNAPSHOT,FILE-053,r381
MAT-1761cd4d188666fb,MAT-1761cd4d188666fb,Синтетическая ткань черный атлас без стрейча 20-035,20-035,2.8,1400.0,500.0,2026-05-31,Основной склад,STOCK_SNAPSHOT,FILE-053,r382
MAT-72179fb79997a6fd,MAT-72179fb79997a6fd,Синтетическая ткань черный в белая пшенка 20-002,20-002,2.3,1610.0,700.0,2026-05-31,Основной склад,STOCK_SNAPSHOT,FILE-053,r383
MAT-f69f3596ce139afe,MAT-f69f3596ce139afe,Синтетическая ткань черный в белый горох 20-004,20-004,18.0,12600.0,700.0,2026-05-31,Основной склад,STOCK_SNAPSHOT,FILE-053,r384
MAT-11aa868f55ed7bde,MAT-11aa868f55ed7bde,Синтетическая ткань черный эко-шелк 20-029,20-029,12.6,6300.0,500.0,2026-05-31,Основной склад,STOCK_SNAPSHOT,FILE-053,r385
MAT-63d2a29fc40d679a,MAT-63d2a29fc40d679a,Синтетическая ткань черный- атлас плотный 20-028,20-028,31.6,27289.35,863.59,2026-05-31,Основной склад,STOCK_SNAPSHOT,FILE-053,r386
MAT-bb5ef6a1099e4b0a,MAT-bb5ef6a1099e4b0a,"Синтетическая ткань, черный армани 20-016",20-016,31.9,7459.64,233.84,2026-05-31,Основной склад,STOCK_SNAPSHOT,FILE-053,r387
MAT-463a7b0d8371d178,MAT-463a7b0d8371d178,"Тафта авторская, цветок-купон 2A-002",,21.5,77400.0,3600.0,2026-05-31,Основной склад,STOCK_SNAPSHOT,FILE-053,r388
MAT-a353663a24402374,MAT-a353663a24402374,Тафта бежевая 2-035,2-035,1.5,3300.0,2200.0,2026-05-31,Основной склад,STOCK_SNAPSHOT,FILE-053,r389
MAT-fb7d1fdc62314459,MAT-fb7d1fdc62314459,Тафта искусственная черная 2-И-003,,7.7,3917.76,508.8,2026-05-31,Основной склад,STOCK_SNAPSHOT,FILE-053,r390
MAT-2ac21573e7fb0a6c,MAT-2ac21573e7fb0a6c,"Тафта-хамелеон, бежевый с синим 2-И-001",,24.4,53680.0,2200.0,2026-05-31,Основной склад,STOCK_SNAPSHOT,FILE-053,r391
MAT-a9051480cadb2642,MAT-a9051480cadb2642,"Тафта, голубой 2-003",2-003,12.6,27720.0,2200.0,2026-05-31,Основной склад,STOCK_SNAPSHOT,FILE-053,r392
MAT-facb3e1df1313ec0,MAT-facb3e1df1313ec0,"Тафта, зеленый 2-005",2-005,5.4,11880.0,2200.0,2026-05-31,Основной склад,STOCK_SNAPSHOT,FILE-053,r393
MAT-0e25ef9e815f77d3,MAT-0e25ef9e815f77d3,"Тафта, зеленый 2-006",2-006,11.2,24640.0,2200.0,2026-05-31,Основной склад,STOCK_SNAPSHOT,FILE-053,r394
MAT-daf7f6852081a48f,MAT-daf7f6852081a48f,"Тафта, зеленый 2-013",2-013,9.6,21120.0,2200.0,2026-05-31,Основной склад,STOCK_SNAPSHOT,FILE-053,r395
MAT-5edd63b25b1178b2,MAT-5edd63b25b1178b2,"Тафта, зеленый 2-039",2-039,14.9,32780.0,2200.0,2026-05-31,Основной склад,STOCK_SNAPSHOT,FILE-053,r396
MAT-3f5785197d934bb2,MAT-3f5785197d934bb2,"Тафта, золотой 2-033",2-033,15.5,34100.0,2200.0,2026-05-31,Основной склад,STOCK_SNAPSHOT,FILE-053,r397
MAT-b307144d03d8b1a2,MAT-b307144d03d8b1a2,"Тафта, кирпичный 2-037",2-037,13.5,29700.0,2200.0,2026-05-31,Основной склад,STOCK_SNAPSHOT,FILE-053,r398
MAT-2c0edd04c578d97b,MAT-2c0edd04c578d97b,"Тафта, коричневый 2-008",2-008,5.0,11000.0,2200.0,2026-05-31,Основной склад,STOCK_SNAPSHOT,FILE-053,r399
MAT-230eefcc81d08a55,MAT-230eefcc81d08a55,"Тафта, коричневый 2-010",2-010,11.3,24860.0,2200.0,2026-05-31,Основной склад,STOCK_SNAPSHOT,FILE-053,r400
MAT-db6a4b554427ce5b,MAT-db6a4b554427ce5b,"Тафта, коричневый 2-011",2-011,12.4,27280.0,2200.0,2026-05-31,Основной склад,STOCK_SNAPSHOT,FILE-053,r401
MAT-d16020ac76c4e27d,MAT-d16020ac76c4e27d,"Тафта, коричневый, кромка зеленая с фиолетовым 2-009",2-009,17.9,39380.0,2200.0,2026-05-31,Основной склад,STOCK_SNAPSHOT,FILE-053,r402
MAT-2be2f262cd05003d,MAT-2be2f262cd05003d,"Тафта, красно-оранжевый 2-036",2-036,23.15,50930.0,2200.0,2026-05-31,Основной склад,STOCK_SNAPSHOT,FILE-053,r403
MAT-0c4ccf504c6ba0b1,MAT-0c4ccf504c6ba0b1,"Тафта, молочный 2-002",2-002,10.3,22660.0,2200.0,2026-05-31,Основной склад,STOCK_SNAPSHOT,FILE-053,r404
MAT-e80ad7951a4c3dcf,MAT-e80ad7951a4c3dcf,"Тафта, морская волна 2-021",2-021,14.7,32340.0,2200.0,2026-05-31,Основной склад,STOCK_SNAPSHOT,FILE-053,r405
MAT-0c559991ffbd0bb6,MAT-0c559991ffbd0bb6,"Тафта, морская волна 2-022",2-022,4.1,9020.0,2200.0,2026-05-31,Основной склад,STOCK_SNAPSHOT,FILE-053,r406
MAT-119399c14d94db02,MAT-119399c14d94db02,"Тафта, морская волна 2-040",2-040,4.4,9680.0,2200.0,2026-05-31,Основной склад,STOCK_SNAPSHOT,FILE-053,r407
MAT-5f5aefcccf541e9b,MAT-5f5aefcccf541e9b,"Тафта, оранжевый 2-016",2-016,23.3,51260.0,2200.0,2026-05-31,Основной склад,STOCK_SNAPSHOT,FILE-053,r408
MAT-9374e5c4d196392d,MAT-9374e5c4d196392d,"Тафта, перламутровая 2-014",2-014,2.9,6380.0,2200.0,2026-05-31,Основной склад,STOCK_SNAPSHOT,FILE-053,r409
MAT-c3bf5d1fe9899c0a,MAT-c3bf5d1fe9899c0a,"Тафта, серый 2-028",2-028,7.0,15400.0,2200.0,2026-05-31,Основной склад,STOCK_SNAPSHOT,FILE-053,r410
MAT-74b80b9ee6c94167,MAT-74b80b9ee6c94167,"Тафта, серый 2-032",2-032,19.0,41800.0,2200.0,2026-05-31,Основной склад,STOCK_SNAPSHOT,FILE-053,r411
MAT-a9c4be92892e1797,MAT-a9c4be92892e1797,"Тафта, серый 2-О-005",,4.7,10340.0,2200.0,2026-05-31,Основной склад,STOCK_SNAPSHOT,FILE-053,r412
MAT-540e5ff252c5297a,MAT-540e5ff252c5297a,"Тафта, синий 2-025",2-025,5.0,11000.0,2200.0,2026-05-31,Основной склад,STOCK_SNAPSHOT,FILE-053,r413
MAT-d39ecffac1d12452,MAT-d39ecffac1d12452,"Тафта, синий 2-026",2-026,12.75,28050.0,2200.0,2026-05-31,Основной склад,STOCK_SNAPSHOT,FILE-053,r414
MAT-cf2520f5819a3cba,MAT-cf2520f5819a3cba,"Тафта, синий 2-030",2-030,5.0,11000.0,2200.0,2026-05-31,Основной склад,STOCK_SNAPSHOT,FILE-053,r415
MAT-21e90d19854bcfa2,MAT-21e90d19854bcfa2,"Тафта, темно-бежевый 2-038",2-038,13.95,30690.0,2200.0,2026-05-31,Основной склад,STOCK_SNAPSHOT,FILE-053,r416
MAT-442a783e4b3eda16,MAT-442a783e4b3eda16,"Тафта, фиолетовый 2-018",2-018,15.8,34760.0,2200.0,2026-05-31,Основной склад,STOCK_SNAPSHOT,FILE-053,r417
MAT-82c7bff8548db8d6,MAT-82c7bff8548db8d6,"Тафта, фиолетовый 2-019",2-019,4.3,9460.0,2200.0,2026-05-31,Основной склад,STOCK_SNAPSHOT,FILE-053,r418
MAT-576ec7ec3cce794e,MAT-576ec7ec3cce794e,"Тафта, фиолетовый 2-041",2-041,5.0,11000.0,2200.0,2026-05-31,Основной склад,STOCK_SNAPSHOT,FILE-053,r419
MAT-e467d7559e365fa4,MAT-e467d7559e365fa4,"Тафта, хаки 2-029",2-029,16.6,36520.0,2200.0,2026-05-31,Основной склад,STOCK_SNAPSHOT,FILE-053,r420
MAT-f5c58c7309cfd6eb,MAT-f5c58c7309cfd6eb,"Тафта, хамелеон красный 2-042",2-042,16.2,35640.0,2200.0,2026-05-31,Основной склад,STOCK_SNAPSHOT,FILE-053,r421
MAT-3b632a762888e16d,MAT-3b632a762888e16d,"Тафта, ягодный 2-024",2-024,8.2,18040.0,2200.0,2026-05-31,Основной склад,STOCK_SNAPSHOT,FILE-053,r422
MAT-4d892ede278d5216,MAT-4d892ede278d5216,Трикотаж бежевый 23-010,23-010,30.5,15250.0,500.0,2026-05-31,Основной склад,STOCK_SNAPSHOT,FILE-053,r423
MAT-b2b9c27d12b737a3,MAT-b2b9c27d12b737a3,Трикотаж бежевый 23-038,23-038,9.0,4500.0,500.0,2026-05-31,Основной склад,STOCK_SNAPSHOT,FILE-053,r424
MAT-3bbe6846a94edf95,MAT-3bbe6846a94edf95,Трикотаж бежевый джерси 23-040,23-040,8.3,7470.0,900.0,2026-05-31,Основной склад,STOCK_SNAPSHOT,FILE-053,r425
MAT-c393bf7ff7e17df5,MAT-c393bf7ff7e17df5,Трикотаж бежевый масло  23-009,23-009,7.4,3700.0,500.0,2026-05-31,Основной склад,STOCK_SNAPSHOT,FILE-053,r426
MAT-b14c0e20274e4f4e,MAT-b14c0e20274e4f4e,Трикотаж бежевый тонкий 23-050,23-050,14.0,7000.0,500.0,2026-05-31,Основной склад,STOCK_SNAPSHOT,FILE-053,r427
MAT-6dcf609af701e4a2,MAT-6dcf609af701e4a2,"Трикотаж бежевый, под шерсть 23-020",23-020,11.5,7475.0,650.0,2026-05-31,Основной склад,STOCK_SNAPSHOT,FILE-053,r428
MAT-83442e4696971633,MAT-83442e4696971633,Трикотаж белый 23-048,23-048,10.6,5300.0,500.0,2026-05-31,Основной склад,STOCK_SNAPSHOT,FILE-053,r429
MAT-8e33d1f2072bd783,MAT-8e33d1f2072bd783,Трикотаж белый марля  23-014,23-014,4.8,2400.0,500.0,2026-05-31,Основной склад,STOCK_SNAPSHOT,FILE-053,r430
MAT-a1f85ee900220224,MAT-a1f85ee900220224,Трикотаж бифлекс бежевый 23-005,23-005,7.5,7500.0,1000.0,2026-05-31,Основной склад,STOCK_SNAPSHOT,FILE-053,r431
MAT-88a14c2c95a562df,MAT-88a14c2c95a562df,Трикотаж бифлекс серый 23-015,23-015,19.0,19000.0,1000.0,2026-05-31,Основной склад,STOCK_SNAPSHOT,FILE-053,r432
MAT-61bf81ffb8b8edc4,MAT-61bf81ffb8b8edc4,Трикотаж вязаный черный 23-036,23-036,4.0,3200.0,800.0,2026-05-31,Основной склад,STOCK_SNAPSHOT,FILE-053,r433
MAT-81a67f97bf044d45,MAT-81a67f97bf044d45,Трикотаж голубой футболочный 23-057,23-057,31.7,15850.0,500.0,2026-05-31,Основной склад,STOCK_SNAPSHOT,FILE-053,r434
MAT-c1723a5611f26c60,MAT-c1723a5611f26c60,Трикотаж горох шерсть 23-055,23-055,11.5,11500.0,1000.0,2026-05-31,Основной склад,STOCK_SNAPSHOT,FILE-053,r435
MAT-3740a806a313b354,MAT-3740a806a313b354,"Трикотаж графит, под шерсть 23-021",23-021,15.8,10270.0,650.0,2026-05-31,Основной склад,STOCK_SNAPSHOT,FILE-053,r436
MAT-c2d7b2aceb3cfac5,MAT-c2d7b2aceb3cfac5,Трикотаж зеленый джерси 23-042,23-042,10.5,9450.0,900.0,2026-05-31,Основной склад,STOCK_SNAPSHOT,FILE-053,r437
MAT-857aa3d63e2345f1,MAT-857aa3d63e2345f1,Трикотаж зеленый футболочный 23-056,23-056,26.6,13300.0,500.0,2026-05-31,Основной склад,STOCK_SNAPSHOT,FILE-053,r438
MAT-17787b69435435a6,MAT-17787b69435435a6,"Трикотаж италия, голубой масло 23-052",23-052,7.2,10800.0,1500.0,2026-05-31,Основной склад,STOCK_SNAPSHOT,FILE-053,r439
MAT-3ae2fbbb66b18a7a,MAT-3ae2fbbb66b18a7a,"Трикотаж италия, красный масло 23-053",23-053,9.0,13500.0,1500.0,2026-05-31,Основной склад,STOCK_SNAPSHOT,FILE-053,r440
MAT-3921a7904747570d,MAT-3921a7904747570d,Трикотаж красный футболочный 23-060,23-060,30.7,15350.0,500.0,2026-05-31,Основной склад,STOCK_SNAPSHOT,FILE-053,r441
MAT-2a81b2f5ea5706e9,MAT-2a81b2f5ea5706e9,Трикотаж леопард 23-037,23-037,11.2,5600.0,500.0,2026-05-31,Основной склад,STOCK_SNAPSHOT,FILE-053,r442
MAT-c444dae5bfbbd705,MAT-c444dae5bfbbd705,Трикотаж масло крупные горохи 23-043,23-043,19.0,9500.0,500.0,2026-05-31,Основной склад,STOCK_SNAPSHOT,FILE-053,r443
MAT-d7a3fcd3a86a65eb,MAT-d7a3fcd3a86a65eb,Трикотаж масло пшенка 23-044,23-044,17.4,8700.0,500.0,2026-05-31,Основной склад,STOCK_SNAPSHOT,FILE-053,r444
MAT-fc86366d79a7abce,MAT-fc86366d79a7abce,Трикотаж масло разные горохи 23-045,23-045,14.1,7050.0,500.0,2026-05-31,Основной склад,STOCK_SNAPSHOT,FILE-053,r445
MAT-9feb3a0dacd5bd74,MAT-9feb3a0dacd5bd74,Трикотаж молочный 23-039,23-039,2.9,2610.0,900.0,2026-05-31,Основной склад,STOCK_SNAPSHOT,FILE-053,r446
MAT-271db54baacb758e,MAT-271db54baacb758e,Трикотаж розовый футболочный 23-058,23-058,33.9,16950.0,500.0,2026-05-31,Основной склад,STOCK_SNAPSHOT,FILE-053,r447
MAT-eb97ceef86b8c29a,MAT-eb97ceef86b8c29a,"Трикотаж серый, под шерсть 23-016",23-016,26.5,17225.0,650.0,2026-05-31,Основной склад,STOCK_SNAPSHOT,FILE-053,r448
MAT-1f874146766c0b13,MAT-1f874146766c0b13,Трикотаж синий джерси 23-041,23-041,5.0,4500.0,900.0,2026-05-31,Основной склад,STOCK_SNAPSHOT,FILE-053,r449
MAT-e502437a817b0cb0,MAT-e502437a817b0cb0,Трикотаж темно-синий 23-034,23-034,5.0,4000.0,800.0,2026-05-31,Основной склад,STOCK_SNAPSHOT,FILE-053,r450
MAT-75e54968f1606437,MAT-75e54968f1606437,Трикотаж темно-синий 23-035,23-035,6.7,5360.0,800.0,2026-05-31,Основной склад,STOCK_SNAPSHOT,FILE-053,r451
MAT-51be1cd88c9f348c,MAT-51be1cd88c9f348c,Трикотаж темно-синий с ворсом 23-046,23-046,9.0,5850.0,650.0,2026-05-31,Основной склад,STOCK_SNAPSHOT,FILE-053,r452
MAT-03bd096f0a1d6601,MAT-03bd096f0a1d6601,Трикотаж фуксия футболочный 23-059,23-059,40.3,20150.0,500.0,2026-05-31,Основной склад,STOCK_SNAPSHOT,FILE-053,r453
MAT-efb721835759388c,MAT-efb721835759388c,Трикотаж футболочный серый 23-047,23-047,30.2,15100.0,500.0,2026-05-31,Основной склад,STOCK_SNAPSHOT,FILE-053,r454
MAT-126dedbb28246179,MAT-126dedbb28246179,Трикотаж футер серый 23-019,23-019,6.9,4140.0,600.0,2026-05-31,Основной склад,STOCK_SNAPSHOT,FILE-053,r455
MAT-c3b2f2a85c9e8806,MAT-c3b2f2a85c9e8806,Трикотаж футер черный 23-017,23-017,22.3,13380.0,600.0,2026-05-31,Основной склад,STOCK_SNAPSHOT,FILE-053,r456
MAT-7cfb686395cf09ea,MAT-7cfb686395cf09ea,Трикотаж цветной 23-003,23-003,6.5,3250.0,500.0,2026-05-31,Основной склад,STOCK_SNAPSHOT,FILE-053,r457
MAT-570e4b97956a6ebe,MAT-570e4b97956a6ebe,Трикотаж цветной 23-051,23-051,6.0,4800.0,800.0,2026-05-31,Основной склад,STOCK_SNAPSHOT,FILE-053,r458
MAT-6b333ab942783dd3,MAT-6b333ab942783dd3,Трикотаж черный 23-032,23-032,9.0,7200.0,800.0,2026-05-31,Основной склад,STOCK_SNAPSHOT,FILE-053,r459
MAT-11ec8f5c7f70857d,MAT-11ec8f5c7f70857d,Трикотаж черный 23-049,23-049,76.0,38000.0,500.0,2026-05-31,Основной склад,STOCK_SNAPSHOT,FILE-053,r460
MAT-a7fe817b015d9a5a,MAT-a7fe817b015d9a5a,"Трикотаж, белый, лапша тонкая 23-061",23-061,64.5,41925.0,650.0,2026-05-31,Основной склад,STOCK_SNAPSHOT,FILE-053,r461
MAT-1492024b19efdb25,MAT-1492024b19efdb25,"Трикотаж, бифлекс серый 23-074",23-074,6.0,6000.0,1000.0,2026-05-31,Основной склад,STOCK_SNAPSHOT,FILE-053,r462
MAT-e4583bd8f908cefd,MAT-e4583bd8f908cefd,"Трикотаж, голубой 23-023",23-023,14.8,7400.0,500.0,2026-05-31,Основной склад,STOCK_SNAPSHOT,FILE-053,r463
MAT-9ce4a8c1c477c216,MAT-9ce4a8c1c477c216,"Трикотаж, голубой футболочный 23-026",23-026,6.0,3000.0,500.0,2026-05-31,Основной склад,STOCK_SNAPSHOT,FILE-053,r464
MAT-8f19a6a139ee7f46,MAT-8f19a6a139ee7f46,"Трикотаж, джерси графит 23-071",23-071,6.2,3100.0,500.0,2026-05-31,Основной склад,STOCK_SNAPSHOT,FILE-053,r465
MAT-f377442b8e2880b9,MAT-f377442b8e2880b9,"Трикотаж, оранжевый футболочный 23-028",23-028,4.0,2000.0,500.0,2026-05-31,Основной склад,STOCK_SNAPSHOT,FILE-053,r466
MAT-e968d92b8c491c38,MAT-e968d92b8c491c38,"Трикотаж, рибана, бежевый 23-068",23-068,3.6,1800.0,500.0,2026-05-31,Основной склад,STOCK_SNAPSHOT,FILE-053,r467
MAT-981276de832f72e0,MAT-981276de832f72e0,"Трикотаж, рибана, бежевый 23-076",23-076,5.0,2500.0,500.0,2026-05-31,Основной склад,STOCK_SNAPSHOT,FILE-053,r468
MAT-e96eb731056cff6a,MAT-e96eb731056cff6a,"Трикотаж, рибана, белый 23-063",23-063,1.0,500.0,500.0,2026-05-31,Основной склад,STOCK_SNAPSHOT,FILE-053,r469
MAT-ce65b9526294d6c8,MAT-ce65b9526294d6c8,"Трикотаж, рибана, голубой 23-069",23-069,5.3,2650.0,500.0,2026-05-31,Основной склад,STOCK_SNAPSHOT,FILE-053,r470
MAT-d678751fee372096,MAT-d678751fee372096,"Трикотаж, рибана, розовый 23-070",23-070,9.8,4900.0,500.0,2026-05-31,Основной склад,STOCK_SNAPSHOT,FILE-053,r471
MAT-2bea7763ee6d495b,MAT-2bea7763ee6d495b,"Трикотаж, рибана, серая 23-065",23-065,5.0,2500.0,500.0,2026-05-31,Основной склад,STOCK_SNAPSHOT,FILE-053,r472
MAT-d28c4e187417c647,MAT-d28c4e187417c647,"Трикотаж, рибана, серый 23-067",23-067,7.3,3650.0,500.0,2026-05-31,Основной склад,STOCK_SNAPSHOT,FILE-053,r473
MAT-72a06140f8f78224,MAT-72a06140f8f78224,"Трикотаж, рибана, фуксия 23-075",23-075,7.5,3750.0,500.0,2026-05-31,Основной склад,STOCK_SNAPSHOT,FILE-053,r474
MAT-3f808a68fdca21cc,MAT-3f808a68fdca21cc,"Трикотаж, рибана, черный 23-064",23-064,10.2,5100.0,500.0,2026-05-31,Основной склад,STOCK_SNAPSHOT,FILE-053,r475
MAT-ced1fd9f4ca4108b,MAT-ced1fd9f4ca4108b,"Трикотаж, серый 23-072",23-072,5.0,2500.0,500.0,2026-05-31,Основной склад,STOCK_SNAPSHOT,FILE-053,r476
MAT-6d806dec2211e41a,MAT-6d806dec2211e41a,"Трикотаж, темно-серый 23-073",23-073,3.0,1500.0,500.0,2026-05-31,Основной склад,STOCK_SNAPSHOT,FILE-053,r477
MAT-44958e5509accfcc,MAT-44958e5509accfcc,"Трикотаж, темно-синий 23-029",23-029,5.0,4000.0,800.0,2026-05-31,Основной склад,STOCK_SNAPSHOT,FILE-053,r478
MAT-d6d243c1c2db1ea7,MAT-d6d243c1c2db1ea7,"Трикотаж, фуксия футболочный 23-027",23-027,23.0,11500.0,500.0,2026-05-31,Основной склад,STOCK_SNAPSHOT,FILE-053,r479
MAT-dea5e138f6eb024a,MAT-dea5e138f6eb024a,"Трикотаж, футер бежевый 23-077",23-077,16.5,9900.0,600.0,2026-05-31,Основной склад,STOCK_SNAPSHOT,FILE-053,r480
MAT-ec6f79b75a14bb42,MAT-ec6f79b75a14bb42,"Трикотаж, черный 23-022",23-022,14.2,9230.0,650.0,2026-05-31,Основной склад,STOCK_SNAPSHOT,FILE-053,r481
MAT-628bf7418d348c11,MAT-628bf7418d348c11,"Трикотаж, черный, лапша тонкая 23-062",23-062,75.0,48750.0,650.0,2026-05-31,Основной склад,STOCK_SNAPSHOT,FILE-053,r482
MAT-fe47960482155464,MAT-fe47960482155464,Х/Б астры 4П-027,,42.0,37800.0,900.0,2026-05-31,Основной склад,STOCK_SNAPSHOT,FILE-053,r483
MAT-7a60fcc0af1677d5,MAT-7a60fcc0af1677d5,Х/Б бабочки на голубом 4П-002,,3.5,3150.0,900.0,2026-05-31,Основной склад,STOCK_SNAPSHOT,FILE-053,r484
MAT-f95735259870afcf,MAT-f95735259870afcf,Х/Б бабочки на голубом 4П-024,,12.6,8820.0,700.0,2026-05-31,Основной склад,STOCK_SNAPSHOT,FILE-053,r485
MAT-129910a8b52424a2,MAT-129910a8b52424a2,Х/Б батист  купоны арабеска 4А-013,,4.5,6750.0,1500.0,2026-05-31,Основной склад,STOCK_SNAPSHOT,FILE-053,r486
MAT-29894f260a8d327c,MAT-29894f260a8d327c,"Х/Б батист ""гжель"" капли 4А-023",,46.3,46300.0,1000.0,2026-05-31,Основной склад,STOCK_SNAPSHOT,FILE-053,r487
MAT-4a365d5a98bc0341,MAT-4a365d5a98bc0341,Х/Б батист балет на белом 4А-032,,18.2,21428.04,1177.36,2026-05-31,Основной склад,STOCK_SNAPSHOT,FILE-053,r488
MAT-7d90dd0c1ef8393a,MAT-7d90dd0c1ef8393a,Х/Б батист балет на черном 4А-031,,4.8,4800.0,1000.0,2026-05-31,Основной склад,STOCK_SNAPSHOT,FILE-053,r489
MAT-fd3f65ed7b7f316b,MAT-fd3f65ed7b7f316b,Х/Б батист гжель цветы купоны 4А-053,,34.5,34500.0,1000.0,2026-05-31,Основной склад,STOCK_SNAPSHOT,FILE-053,r490
MAT-2be937f009679476,MAT-2be937f009679476,Х/Б батист грибочки на белом 4А-034,,14.9,14900.0,1000.0,2026-05-31,Основной склад,STOCK_SNAPSHOT,FILE-053,r491
MAT-296a312efe581cc5,MAT-296a312efe581cc5,Х/Б батист грибочки на черном 4А-033,,22.2,22200.0,1000.0,2026-05-31,Основной склад,STOCK_SNAPSHOT,FILE-053,r492
MAT-42c14483105f6269,MAT-42c14483105f6269,Х/Б батист девочки Y на белом 4А-037,,11.6,11600.0,1000.0,2026-05-31,Основной склад,STOCK_SNAPSHOT,FILE-053,r493
MAT-14e386f09040927d,MAT-14e386f09040927d,Х/Б батист девочки Y на синем 4А-036,,4.0,4000.0,1000.0,2026-05-31,Основной склад,STOCK_SNAPSHOT,FILE-053,r494
MAT-dd451b1fb63aa5fd,MAT-dd451b1fb63aa5fd,Х/Б батист девочки Y на черном 4А-035,,32.0,32000.0,1000.0,2026-05-31,Основной склад,STOCK_SNAPSHOT,FILE-053,r495
MAT-224308213dd9287f,MAT-224308213dd9287f,Х/Б батист зеленые капли 4А-029,,67.0,67000.0,1000.0,2026-05-31,Основной склад,STOCK_SNAPSHOT,FILE-053,r496
MAT-b4dfa6869ed370c5,MAT-b4dfa6869ed370c5,Х/Б батист кайма Ynina синяя 4А-045,,6.4,6400.0,1000.0,2026-05-31,Основной склад,STOCK_SNAPSHOT,FILE-053,r497
MAT-2b8fab7ada05a242,MAT-2b8fab7ada05a242,Х/Б батист крупные разводы 4А-003,,28.0,28000.0,1000.0,2026-05-31,Основной склад,STOCK_SNAPSHOT,FILE-053,r498
MAT-9fb39b93b90eb5a8,MAT-9fb39b93b90eb5a8,Х/Б батист мелкие разводы с черным проблеском 4А-002,,13.0,13000.0,1000.0,2026-05-31,Основной склад,STOCK_SNAPSHOT,FILE-053,r499
MAT-7389d1ee9a4960c4,MAT-7389d1ee9a4960c4,Х/Б батист микс крупный белый 4А-039,,5.1,5100.0,1000.0,2026-05-31,Основной склад,STOCK_SNAPSHOT,FILE-053,r500
MAT-33d47435abed8e34,MAT-33d47435abed8e34,Х/Б батист микс крупный синий 4А-041,,1.8,1800.0,1000.0,2026-05-31,Основной склад,STOCK_SNAPSHOT,FILE-053,r501
MAT-e76b97b5bf4e0be2,MAT-e76b97b5bf4e0be2,Х/Б батист микс крупный черный 4А-040,,5.0,5000.0,1000.0,2026-05-31,Основной склад,STOCK_SNAPSHOT,FILE-053,r502
MAT-bde824596d3df033,MAT-bde824596d3df033,Х/Б батист оранжевый двойная YY 4А-085,,13.55,13550.0,1000.0,2026-05-31,Основной склад,STOCK_SNAPSHOT,FILE-053,r503
MAT-a604ea8ba2df9cb3,MAT-a604ea8ba2df9cb3,"Х/Б батист полоска бел/синяя/белая 1,2/2/1,2 4А-048",,4.65,4650.0,1000.0,2026-05-31,Основной склад,STOCK_SNAPSHOT,FILE-053,r504
MAT-afd2730350eee4af,MAT-afd2730350eee4af,Х/Б батист полоски к зеленым каплям 4А-030,,47.0,47000.0,1000.0,2026-05-31,Основной склад,STOCK_SNAPSHOT,FILE-053,r505
MAT-dfb7a381522c6855,MAT-dfb7a381522c6855,Х/Б батист полоски к синим каплям  4А-024,,1.5,1500.0,1000.0,2026-05-31,Основной склад,STOCK_SNAPSHOT,FILE-053,r506
MAT-0f8a612255ba6eaf,MAT-0f8a612255ba6eaf,Х/Б батист полоски к синим каплям  4А-028,,3.2,4800.0,1500.0,2026-05-31,Основной склад,STOCK_SNAPSHOT,FILE-053,r507
MAT-809ad626b2d3186b,MAT-809ad626b2d3186b,Х/Б батист синие капли  4А-027,,18.0,18000.0,1000.0,2026-05-31,Основной склад,STOCK_SNAPSHOT,FILE-053,r508
MAT-d2e0fd8a2ece1967,MAT-d2e0fd8a2ece1967,Х/Б батист солнечная 4А-004,,6.6,6600.0,1000.0,2026-05-31,Основной склад,STOCK_SNAPSHOT,FILE-053,r509
MAT-268c29291bd369f7,MAT-268c29291bd369f7,Х/Б батист цветные капли  4А-025,,26.0,26000.0,1000.0,2026-05-31,Основной склад,STOCK_SNAPSHOT,FILE-053,r510
MAT-d61d091b56b026b0,MAT-d61d091b56b026b0,Х/Б батист черные спинки без принта 4А-014,,38.0,57000.0,1500.0,2026-05-31,Основной склад,STOCK_SNAPSHOT,FILE-053,r511
MAT-2b4b5cfb48b759f1,MAT-2b4b5cfb48b759f1,Х/Б батист черный двойная YY 4А-086,,15.2,15200.0,1000.0,2026-05-31,Основной склад,STOCK_SNAPSHOT,FILE-053,r512
MAT-a1e5e84251ba9541,MAT-a1e5e84251ba9541,Х/Б батист черный хаотичный Y 4А-043,,17.5,17500.0,1000.0,2026-05-31,Основной склад,STOCK_SNAPSHOT,FILE-053,r513
MAT-6809a3064009e541,MAT-6809a3064009e541,"Х/Б бежевый с вышитыми сотами, 4-001",4-001,15.6,10920.0,700.0,2026-05-31,Основной склад,STOCK_SNAPSHOT,FILE-053,r514
MAT-4960c714d1f9b64a,MAT-4960c714d1f9b64a,"Х/Б бежевый с мелкими цветами вышитый, 4-002",4-002,3.4,2380.0,700.0,2026-05-31,Основной склад,STOCK_SNAPSHOT,FILE-053,r515
MAT-428b574a68b8a7ad,MAT-428b574a68b8a7ad,"Х/Б белая атласная, 4-004",4-004,10.6,6360.0,600.0,2026-05-31,Основной склад,STOCK_SNAPSHOT,FILE-053,r516
MAT-7653329fdddc6abb,MAT-7653329fdddc6abb,"Х/Б белая со складками, 4-009",4-009,9.2,6440.0,700.0,2026-05-31,Основной склад,STOCK_SNAPSHOT,FILE-053,r517
MAT-5d916489f6513b95,MAT-5d916489f6513b95,"Х/Б белый в мелкий рисунок ромбики, 4-005",4-005,9.8,5880.0,600.0,2026-05-31,Основной склад,STOCK_SNAPSHOT,FILE-053,r518
MAT-1da77c3acf364284,MAT-1da77c3acf364284,"Х/Б белый в полоску 0,3, 4-012",4-012,3.5,1400.0,400.0,2026-05-31,Основной склад,STOCK_SNAPSHOT,FILE-053,r519
MAT-5dfe85128b2f3cd9,MAT-5dfe85128b2f3cd9,"Х/Б белый, вышивка с одной стороны 4-013",4-013,3.3,2310.0,700.0,2026-05-31,Основной склад,STOCK_SNAPSHOT,FILE-053,r520
MAT-7f04e34412971f8e,MAT-7f04e34412971f8e,"Х/Б белый, девочки, 4А-109",,21.4,32100.0,1500.0,2026-05-31,Основной склад,STOCK_SNAPSHOT,FILE-053,r521
MAT-256bbd04080cbe4a,MAT-256bbd04080cbe4a,Х/Б большие цветы голубые 4П-009,,6.0,5400.0,900.0,2026-05-31,Основной склад,STOCK_SNAPSHOT,FILE-053,r522
MAT-208310ebdbab07bd,MAT-208310ebdbab07bd,Х/Б большие цветы оранжевый 4П-010,,4.1,3690.0,900.0,2026-05-31,Основной склад,STOCK_SNAPSHOT,FILE-053,r523
MAT-0e3062cff8c4a800,MAT-0e3062cff8c4a800,Х/Б большие цветы цветные 4П-011,,6.0,5400.0,900.0,2026-05-31,Основной склад,STOCK_SNAPSHOT,FILE-053,r524
MAT-61952b80ea70e208,MAT-61952b80ea70e208,"Х/Б вышитый  мелкими ромбиками, 4-011",4-011,4.8,3360.0,700.0,2026-05-31,Основной склад,STOCK_SNAPSHOT,FILE-053,r525
MAT-245256b347addc77,MAT-245256b347addc77,"Х/Б вышитый с рисунком по одной стороне, 4-010",4-010,12.0,7200.0,600.0,2026-05-31,Основной склад,STOCK_SNAPSHOT,FILE-053,r526
MAT-fda4420044c6ce6b,MAT-fda4420044c6ce6b,"Х/Б горошек крупный, розовый фон, 4А-093",,5.1,6171.0,1210.0,2026-05-31,Основной склад,STOCK_SNAPSHOT,FILE-053,r527
MAT-0dacdc48d817d9d2,MAT-0dacdc48d817d9d2,"Х/Б горошек, белый фон, 4А-088",,4.0,4840.0,1210.0,2026-05-31,Основной склад,STOCK_SNAPSHOT,FILE-053,r528
MAT-eccee20d54739bac,MAT-eccee20d54739bac,"Х/Б горошек, голубой фон, 4А-090",,8.6,10406.0,1210.0,2026-05-31,Основной склад,STOCK_SNAPSHOT,FILE-053,r529
MAT-eb9400bc7c75dbdf,MAT-eb9400bc7c75dbdf,"Х/Б горошек, розовый фон, 4А-089",,5.3,6413.0,1210.0,2026-05-31,Основной склад,STOCK_SNAPSHOT,FILE-053,r530
MAT-1b1874b66e2a8ec9,MAT-1b1874b66e2a8ec9,"Х/Б горошек, черный фон, 4А-087",,6.6,7986.0,1210.0,2026-05-31,Основной склад,STOCK_SNAPSHOT,FILE-053,r531
MAT-09acb84e646ce55a,MAT-09acb84e646ce55a,Х/Б желтые цветы 4П-021,,5.2,4680.0,900.0,2026-05-31,Основной склад,STOCK_SNAPSHOT,FILE-053,r532
MAT-79cd4da39a72d63c,MAT-79cd4da39a72d63c,"Х/Б желтый со складками, 4-008",4-008,10.0,7000.0,700.0,2026-05-31,Основной склад,STOCK_SNAPSHOT,FILE-053,r533
MAT-4f9220cc37706172,MAT-4f9220cc37706172,"Х/Б зеленый, 4-035",4-035,6.6,1980.0,300.0,2026-05-31,Основной склад,STOCK_SNAPSHOT,FILE-053,r534
MAT-1ae9fc8b51417d50,MAT-1ae9fc8b51417d50,"Х/Б зеленый, 4-040",4-040,13.2,5280.0,400.0,2026-05-31,Основной склад,STOCK_SNAPSHOT,FILE-053,r535
MAT-7013ac1d557c81bc,MAT-7013ac1d557c81bc,Х/Б изумруд штапель с цветами 4П-006,,25.9,15540.0,600.0,2026-05-31,Основной склад,STOCK_SNAPSHOT,FILE-053,r536
MAT-59c5ff0cb902a269,MAT-59c5ff0cb902a269,"Х/Б кайма Yanina,черная, 4А-106",,5.5,8250.0,1500.0,2026-05-31,Основной склад,STOCK_SNAPSHOT,FILE-053,r537
MAT-5bd4f17dd05368ee,MAT-5bd4f17dd05368ee,"Х/Б кайма, сине-белая полоска, 4А-113",,8.0,11600.0,1450.0,2026-05-31,Основной склад,STOCK_SNAPSHOT,FILE-053,r538
MAT-a76e50897e0e51b1,MAT-a76e50897e0e51b1,"Х/Б кайма, черно-белая полоска, 4А-108",,5.5,8250.0,1500.0,2026-05-31,Основной склад,STOCK_SNAPSHOT,FILE-053,r539
MAT-9bbd9bdfd4aacf62,MAT-9bbd9bdfd4aacf62,"Х/Б кайма,Yanina белая, 4А-107",,3.35,5025.0,1500.0,2026-05-31,Основной склад,STOCK_SNAPSHOT,FILE-053,r540
MAT-9a7043635ba3b556,MAT-9a7043635ba3b556,"Х/Б кайма,бело-голубая, 4А-103",,26.0,1747.72,67.22,2026-05-31,Основной склад,STOCK_SNAPSHOT,FILE-053,r541
MAT-77ed56a19418dcd5,MAT-77ed56a19418dcd5,"Х/Б кайма,бело-зеленая, 4А-102",,22.5,1512.45,67.22,2026-05-31,Основной склад,STOCK_SNAPSHOT,FILE-053,r542
MAT-eb4034f865c30901,MAT-eb4034f865c30901,"Х/Б кайма,бело-розовая, 4А-104",,18.25,1226.76,67.22,2026-05-31,Основной склад,STOCK_SNAPSHOT,FILE-053,r543
MAT-2efd6ee9075f119e,MAT-2efd6ee9075f119e,"Х/Б кайма,зелено-черная, 4А-101",,32.5,2184.65,67.22,2026-05-31,Основной склад,STOCK_SNAPSHOT,FILE-053,r544
MAT-25bcf1cfa2ad4906,MAT-25bcf1cfa2ad4906,Х/Б кораблики 4П-014,,16.3,6520.0,400.0,2026-05-31,Основной склад,STOCK_SNAPSHOT,FILE-053,r545
MAT-3326f85cd0ce177f,MAT-3326f85cd0ce177f,"Х/Б красный плотный, 4-034",4-034,7.1,2840.0,400.0,2026-05-31,Основной склад,STOCK_SNAPSHOT,FILE-053,r546
MAT-638030d7dd42650d,MAT-638030d7dd42650d,Х/Б молочный в черный горох 4П-005,,9.0,8100.0,900.0,2026-05-31,Основной склад,STOCK_SNAPSHOT,FILE-053,r547
MAT-b6248a9d3ddeef4f,MAT-b6248a9d3ddeef4f,Х/Б оранжевый хб в горох  4П-003,,7.0,6300.0,900.0,2026-05-31,Основной склад,STOCK_SNAPSHOT,FILE-053,r548
MAT-b8a6e82fd1fea6b4,MAT-b8a6e82fd1fea6b4,"Х/Б папайя, черный фон, 4А-095",,34.7,42478.87,1224.17,2026-05-31,Основной склад,STOCK_SNAPSHOT,FILE-053,r549
MAT-04562b21af83ea06,MAT-04562b21af83ea06,"Х/Б перцы белый фон, 4А-091",,24.0,29197.89,1216.58,2026-05-31,Основной склад,STOCK_SNAPSHOT,FILE-053,r550
MAT-5c936baa3c13d782,MAT-5c936baa3c13d782,"Х/Б перцы черный фон, 4А-092",,5.6,6776.0,1210.0,2026-05-31,Основной склад,STOCK_SNAPSHOT,FILE-053,r551
MAT-52238e2b15cccd2a,MAT-52238e2b15cccd2a,Х/Б полоска на белом 4П-018,,4.4,2640.0,600.0,2026-05-31,Основной склад,STOCK_SNAPSHOT,FILE-053,r552
MAT-e0b94317c8106ebb,MAT-e0b94317c8106ebb,Х/Б полоска на голубом 4П-019,,17.8,10680.0,600.0,2026-05-31,Основной склад,STOCK_SNAPSHOT,FILE-053,r553
MAT-6e0881fd957296fb,MAT-6e0881fd957296fb,Х/Б полоски цветные 4П-028,,14.0,12600.0,900.0,2026-05-31,Основной склад,STOCK_SNAPSHOT,FILE-053,r554
MAT-63ed1e26ff94e115,MAT-63ed1e26ff94e115,Х/Б попугаи на голубом 4П-023,,8.7,6090.0,700.0,2026-05-31,Основной склад,STOCK_SNAPSHOT,FILE-053,r555
MAT-d80de428af2113cc,MAT-d80de428af2113cc,Х/Б саржа полосы белые  4А-007,,5.3,7950.0,1500.0,2026-05-31,Основной склад,STOCK_SNAPSHOT,FILE-053,r556
MAT-2016c6477650416d,MAT-2016c6477650416d,"Х/Б саржа, белый с принтом ""Y и девочки"" 4А-022",,14.5,21750.0,1500.0,2026-05-31,Основной склад,STOCK_SNAPSHOT,FILE-053,r557
MAT-2cb15e0efe76eb3b,MAT-2cb15e0efe76eb3b,"Х/Б саржа, молочный с принтом ""девочки"" 4А-006",,6.6,9900.0,1500.0,2026-05-31,Основной склад,STOCK_SNAPSHOT,FILE-053,r558
MAT-8d874acae0a99526,MAT-8d874acae0a99526,"Х/Б саржа, черный с принтом ""Y и девочки"" 4А-021",,7.5,11250.0,1500.0,2026-05-31,Основной склад,STOCK_SNAPSHOT,FILE-053,r559
MAT-5ad88cfe1a39a86f,MAT-5ad88cfe1a39a86f,"Х/Б серый с мелкими точками, 4-044",4-044,31.8,19080.0,600.0,2026-05-31,Основной склад,STOCK_SNAPSHOT,FILE-053,r560
MAT-2ded3f26baca5751,MAT-2ded3f26baca5751,Х/Б серый хб в горох 4П-004,,9.0,8100.0,900.0,2026-05-31,Основной склад,STOCK_SNAPSHOT,FILE-053,r561
MAT-84e71ea251d8c87e,MAT-84e71ea251d8c87e,"Х/Б серый, 4-045",4-045,29.5,17700.0,600.0,2026-05-31,Основной склад,STOCK_SNAPSHOT,FILE-053,r562
MAT-77e66e446e8062d2,MAT-77e66e446e8062d2,Х/Б синии листья на белом 4П-012,,7.75,4650.0,600.0,2026-05-31,Основной склад,STOCK_SNAPSHOT,FILE-053,r563
MAT-e87431bf2728b718,MAT-e87431bf2728b718,"Х/Б синий батист девочки, 4А-105",,31.0,46500.0,1500.0,2026-05-31,Основной склад,STOCK_SNAPSHOT,FILE-053,r564
MAT-73fb3ea84b5c3132,MAT-73fb3ea84b5c3132,"Х/Б синий плотный, 4-033",4-033,8.4,3360.0,400.0,2026-05-31,Основной склад,STOCK_SNAPSHOT,FILE-053,r565
MAT-7d3c8b6230654cd1,MAT-7d3c8b6230654cd1,Х/Б синяя полоска на бежевом 4П-020,,25.2,15120.0,600.0,2026-05-31,Основной склад,STOCK_SNAPSHOT,FILE-053,r566
MAT-980c7b36fab0902a,MAT-980c7b36fab0902a,"Х/Б сиреневый атласный, 4-030",4-030,13.8,9660.0,700.0,2026-05-31,Основной склад,STOCK_SNAPSHOT,FILE-053,r567
MAT-d90c486f036e4744,MAT-d90c486f036e4744,Х/Б собачки 4П-013,,15.3,6120.0,400.0,2026-05-31,Основной склад,STOCK_SNAPSHOT,FILE-053,r568
MAT-3d1db48c740a5e1b,MAT-3d1db48c740a5e1b,Х/Б туфельки 4П-016,,11.6,4640.0,400.0,2026-05-31,Основной склад,STOCK_SNAPSHOT,FILE-053,r569
MAT-e7fd8016792636c3,MAT-e7fd8016792636c3,"Х/Б фуксия, 4-041",4-041,9.0,3600.0,400.0,2026-05-31,Основной склад,STOCK_SNAPSHOT,FILE-053,r570
MAT-404b82ed5796bd35,MAT-404b82ed5796bd35,Х/Б хаки с цветами 4П-008,,5.75,3450.0,600.0,2026-05-31,Основной склад,STOCK_SNAPSHOT,FILE-053,r571
MAT-db08aace782db209,MAT-db08aace782db209,"Х/Б хаки, 4-031",4-031,6.1,2440.0,400.0,2026-05-31,Основной склад,STOCK_SNAPSHOT,FILE-053,r572
MAT-8c28d66e307956e6,MAT-8c28d66e307956e6,Х/Б хкрасный штапель с цветами 4П-007,,6.0,3600.0,600.0,2026-05-31,Основной склад,STOCK_SNAPSHOT,FILE-053,r573
MAT-b6a0d2990e9fe269,MAT-b6a0d2990e9fe269,Х/Б Хлопок гжель цветы 4А-070,,69.0,100050.0,1450.0,2026-05-31,Основной склад,STOCK_SNAPSHOT,FILE-053,r574
MAT-131ee7fe75340182,MAT-131ee7fe75340182,Х/Б Хлопок грибочки белые 4А-059,,69.6,100920.0,1450.0,2026-05-31,Основной склад,STOCK_SNAPSHOT,FILE-053,r575
MAT-ad695bb9e8dbea49,MAT-ad695bb9e8dbea49,Х/Б Хлопок грибочки синие 4А-061,,29.5,42775.0,1450.0,2026-05-31,Основной склад,STOCK_SNAPSHOT,FILE-053,r576
MAT-6d96a1e3adc51e5c,MAT-6d96a1e3adc51e5c,Х/Б Хлопок грибочки черные 4А-060,,30.1,43645.0,1450.0,2026-05-31,Основной склад,STOCK_SNAPSHOT,FILE-053,r577
MAT-e6c10ecbf9612e93,MAT-e6c10ecbf9612e93,Х/Б Хлопок девочки Y белый 4А-055,,32.8,47560.0,1450.0,2026-05-31,Основной склад,STOCK_SNAPSHOT,FILE-053,r578
MAT-ee925b308d64f1e0,MAT-ee925b308d64f1e0,Х/Б Хлопок девочки Y розовый 4А-058,,34.2,49590.0,1450.0,2026-05-31,Основной склад,STOCK_SNAPSHOT,FILE-053,r579
MAT-6fc3ea7e2d1386da,MAT-6fc3ea7e2d1386da,Х/Б Хлопок девочки Y синий 4А-057,,65.2,94540.0,1450.0,2026-05-31,Основной склад,STOCK_SNAPSHOT,FILE-053,r580
MAT-9abee54ce8d45331,MAT-9abee54ce8d45331,Х/Б Хлопок девочки Y черный 4А-056,,21.4,31030.0,1450.0,2026-05-31,Основной склад,STOCK_SNAPSHOT,FILE-053,r581
MAT-75f27cf622580721,MAT-75f27cf622580721,Х/Б Хлопок кайма YANINA белая 4А-075,,5.0,7500.0,1500.0,2026-05-31,Основной склад,STOCK_SNAPSHOT,FILE-053,r582
MAT-cb03067eb12dd0c6,MAT-cb03067eb12dd0c6,Х/Б Хлопок кайма YANINA розовая 4А-078,,8.8,13200.0,1500.0,2026-05-31,Основной склад,STOCK_SNAPSHOT,FILE-053,r583
MAT-984bc61809b3b998,MAT-984bc61809b3b998,Х/Б Хлопок кайма YANINA синяя 4А-077,,5.0,7500.0,1500.0,2026-05-31,Основной склад,STOCK_SNAPSHOT,FILE-053,r584
MAT-cb7216726b702893,MAT-cb7216726b702893,Х/Б Хлопок микс средний белый 4А-063,,14.3,20735.0,1450.0,2026-05-31,Основной склад,STOCK_SNAPSHOT,FILE-053,r585
MAT-ccdef0796ca2d5cc,MAT-ccdef0796ca2d5cc,Х/Б Хлопок микс средний голубой 4А-065,,41.0,59450.0,1450.0,2026-05-31,Основной склад,STOCK_SNAPSHOT,FILE-053,r586
MAT-08ec29b7f2569621,MAT-08ec29b7f2569621,Х/Б Хлопок микс средний красный 4А-067,,6.0,8700.0,1450.0,2026-05-31,Основной склад,STOCK_SNAPSHOT,FILE-053,r587
MAT-6b772a5fa710cf9e,MAT-6b772a5fa710cf9e,Х/Б Хлопок микс средний розовый 4А-068,,13.5,19575.0,1450.0,2026-05-31,Основной склад,STOCK_SNAPSHOT,FILE-053,r588
MAT-6f9ff5d16c921510,MAT-6f9ff5d16c921510,Х/Б Хлопок микс средний синий 4А-066,,3.8,5510.0,1450.0,2026-05-31,Основной склад,STOCK_SNAPSHOT,FILE-053,r589
MAT-c97bbfa9035d6d2c,MAT-c97bbfa9035d6d2c,Х/Б Хлопок микс средний черный 4А-064,,69.9,101355.0,1450.0,2026-05-31,Основной склад,STOCK_SNAPSHOT,FILE-053,r590
MAT-95eab074d1f30583,MAT-95eab074d1f30583,Х/Б Хлопок полоски роз/зел/роз 4А-074,,5.0,7406.25,1481.25,2026-05-31,Основной склад,STOCK_SNAPSHOT,FILE-053,r591
MAT-423293014757eba7,MAT-423293014757eba7,"Х/Б Хлопок, синие цветы 4А-054",,51.5,51500.0,1000.0,2026-05-31,Основной склад,STOCK_SNAPSHOT,FILE-053,r592
MAT-0007f76d75c613bb,MAT-0007f76d75c613bb,Х/Б цветные  цветы 4П-022,,26.4,23760.0,900.0,2026-05-31,Основной склад,STOCK_SNAPSHOT,FILE-053,r593
MAT-13c16dcfb6fd7527,MAT-13c16dcfb6fd7527,Х/Б цветы  4П-015,,11.9,5950.0,500.0,2026-05-31,Основной склад,STOCK_SNAPSHOT,FILE-053,r594
MAT-ffc99f80dc800c6b,MAT-ffc99f80dc800c6b,"Х/Б цветы,  белый фон, 4А-079",,18.8,27260.0,1450.0,2026-05-31,Основной склад,STOCK_SNAPSHOT,FILE-053,r595
MAT-04453d5758cbd096,MAT-04453d5758cbd096,"Х/Б цветы, желтый фон, 4А-081",,39.0,56550.0,1450.0,2026-05-31,Основной склад,STOCK_SNAPSHOT,FILE-053,r596
MAT-b7f73f93190de73e,MAT-b7f73f93190de73e,"Х/Б цветы, розовый фон, 4А-082",,15.8,22910.0,1450.0,2026-05-31,Основной склад,STOCK_SNAPSHOT,FILE-053,r597
MAT-03e6b9c82400605b,MAT-03e6b9c82400605b,Х/Б черно-белые кружки 4П-026,,5.0,4500.0,900.0,2026-05-31,Основной склад,STOCK_SNAPSHOT,FILE-053,r598
MAT-aa35807e45d9de80,MAT-aa35807e45d9de80,Х/Б черные крестики на белом  4П-025,,12.3,11070.0,900.0,2026-05-31,Основной склад,STOCK_SNAPSHOT,FILE-053,r599
MAT-ea76e40fb805db66,MAT-ea76e40fb805db66,"Х/Б черный в белый горох, 4А-005",,10.3,15450.0,1500.0,2026-05-31,Основной склад,STOCK_SNAPSHOT,FILE-053,r600
MAT-70c3a2c0956f4de1,MAT-70c3a2c0956f4de1,Х/Б штапель белый пляж 4А-008,,3.9,5850.0,1500.0,2026-05-31,Основной склад,STOCK_SNAPSHOT,FILE-053,r601
MAT-ca6288112a437007,MAT-ca6288112a437007,Х/Б штапель голубой пляж 4А-009,,2.0,3000.0,1500.0,2026-05-31,Основной склад,STOCK_SNAPSHOT,FILE-053,r602
MAT-e68312fac7114a8e,MAT-e68312fac7114a8e,Х/Б штапель купон арабеска 4А-016,,15.5,23250.0,1500.0,2026-05-31,Основной склад,STOCK_SNAPSHOT,FILE-053,r603
MAT-f9b6a4c9765d0dd0,MAT-f9b6a4c9765d0dd0,Х/Б штапель купон зебра  4А-015,,10.1,15150.0,1500.0,2026-05-31,Основной склад,STOCK_SNAPSHOT,FILE-053,r604
MAT-086cbd0e9c26ef0a,MAT-086cbd0e9c26ef0a,Х/Б штапель серый пляж 4А-010,,7.0,10500.0,1500.0,2026-05-31,Основной склад,STOCK_SNAPSHOT,FILE-053,r605
MAT-9bae93db197a2d9c,MAT-9bae93db197a2d9c,"Х/Б штапель, бежевый 4Ш-002",,10.5,4200.0,400.0,2026-05-31,Основной склад,STOCK_SNAPSHOT,FILE-053,r606
MAT-874b5929795f1e71,MAT-874b5929795f1e71,"Х/Б штапель, бежевый 4Ш-013",,25.8,10320.0,400.0,2026-05-31,Основной склад,STOCK_SNAPSHOT,FILE-053,r607
MAT-024d926aebd821b5,MAT-024d926aebd821b5,"Х/Б штапель, белый 4Ш-001",,28.5,11400.0,400.0,2026-05-31,Основной склад,STOCK_SNAPSHOT,FILE-053,r608
MAT-37094b3dcffb6a48,MAT-37094b3dcffb6a48,"Х/Б штапель, голубой 4Ш-014",,29.2,11680.0,400.0,2026-05-31,Основной склад,STOCK_SNAPSHOT,FILE-053,r609
MAT-b0ce639054da2973,MAT-b0ce639054da2973,"Х/Б штапель, графит 4Ш-009",,17.6,7040.0,400.0,2026-05-31,Основной склад,STOCK_SNAPSHOT,FILE-053,r610
MAT-3f068bcd96dae05e,MAT-3f068bcd96dae05e,"Х/Б штапель, коралловый 4Ш-012",,9.6,3840.0,400.0,2026-05-31,Основной склад,STOCK_SNAPSHOT,FILE-053,r611
MAT-71b2ee28811d7ca6,MAT-71b2ee28811d7ca6,"Х/Б штапель, оранжевый 4Ш-005",,2.8,1120.0,400.0,2026-05-31,Основной склад,STOCK_SNAPSHOT,FILE-053,r612
MAT-8886a925957d09a1,MAT-8886a925957d09a1,"Х/Б штапель, розовый 4Ш-004",,15.6,6240.0,400.0,2026-05-31,Основной склад,STOCK_SNAPSHOT,FILE-053,r613
MAT-0f51bc02de051718,MAT-0f51bc02de051718,"Х/Б штапель, розовый 4Ш-006",,1.7,680.0,400.0,2026-05-31,Основной склад,STOCK_SNAPSHOT,FILE-053,r614
MAT-2dc9e563649edb6b,MAT-2dc9e563649edb6b,"Х/Б штапель, синий 4Ш-008",,14.5,5800.0,400.0,2026-05-31,Основной склад,STOCK_SNAPSHOT,FILE-053,r615
MAT-ef3826e972a37063,MAT-ef3826e972a37063,"Х/Б штапель, фуксия 4Ш-007",,9.0,3600.0,400.0,2026-05-31,Основной склад,STOCK_SNAPSHOT,FILE-053,r616
MAT-1fbfeae404a1f8e7,MAT-1fbfeae404a1f8e7,"Х/Б штапель, черный 4Ш-010",,13.0,5200.0,400.0,2026-05-31,Основной склад,STOCK_SNAPSHOT,FILE-053,r617
MAT-aa38b339b807350b,MAT-aa38b339b807350b,"Х/Б штапель, черный 4Ш-011",,15.0,6000.0,400.0,2026-05-31,Основной склад,STOCK_SNAPSHOT,FILE-053,r618
MAT-55ee56a9c1826812,MAT-55ee56a9c1826812,"Х/Б, бежевый 4-015",4-015,10.3,3605.0,350.0,2026-05-31,Основной склад,STOCK_SNAPSHOT,FILE-053,r619
MAT-af6f09872a55353b,MAT-af6f09872a55353b,"Х/Б, белый 4-017",4-017,8.0,4000.0,500.0,2026-05-31,Основной склад,STOCK_SNAPSHOT,FILE-053,r620
MAT-009601020391994f,MAT-009601020391994f,"Х/Б, белый плотный 4-018",4-018,50.0,40137.5,802.75,2026-05-31,Основной склад,STOCK_SNAPSHOT,FILE-053,r621
MAT-48fa3433d103be85,MAT-48fa3433d103be85,"Х/Б, белый, жатый 4-014",4-014,8.7,6090.0,700.0,2026-05-31,Основной склад,STOCK_SNAPSHOT,FILE-053,r622
MAT-41479d4c98f3f1bc,MAT-41479d4c98f3f1bc,"Х/Б, темно- бежевый 4-016",4-016,4.5,1575.0,350.0,2026-05-31,Основной склад,STOCK_SNAPSHOT,FILE-053,r623
MAT-278fa001d35007fc,MAT-278fa001d35007fc,Хлопок грибочки розовые 4А-062,,36.55,52997.5,1450.0,2026-05-31,Основной склад,STOCK_SNAPSHOT,FILE-053,r624
MAT-44dba7e83fcbd1f7,MAT-44dba7e83fcbd1f7,"Хлопок серый, 4-056",4-056,31.5,12600.0,400.0,2026-05-31,Основной склад,STOCK_SNAPSHOT,FILE-053,r625
MAT-c8d5622d5312e30b,MAT-c8d5622d5312e30b,"Хлопок темно-синий, 4-038",4-038,27.0,10800.0,400.0,2026-05-31,Основной склад,STOCK_SNAPSHOT,FILE-053,r626
MAT-940e2f384d793f0b,MAT-940e2f384d793f0b,"Чесуча искусственная, жемчужный 1-А-002",,16.0,12000.0,750.0,2026-05-31,Основной склад,STOCK_SNAPSHOT,FILE-053,r627
MAT-61082d70e64d07bb,MAT-61082d70e64d07bb,"Чесуча искусственная, серый 1-А-001",,4.0,3000.0,750.0,2026-05-31,Основной склад,STOCK_SNAPSHOT,FILE-053,r628
MAT-f754b74d721924ed,MAT-f754b74d721924ed,"Чесуча, бежевый 1-011",1-011,4.5,9900.0,2200.0,2026-05-31,Основной склад,STOCK_SNAPSHOT,FILE-053,r629
MAT-95dc5a3aeaddb6bd,MAT-95dc5a3aeaddb6bd,"Чесуча, бежевый с розовым 1-013",1-013,8.7,19140.0,2200.0,2026-05-31,Основной склад,STOCK_SNAPSHOT,FILE-053,r630
MAT-fb8f538c363d20f4,MAT-fb8f538c363d20f4,"Чесуча, бордовый 1-008",1-008,9.2,20240.0,2200.0,2026-05-31,Основной склад,STOCK_SNAPSHOT,FILE-053,r631
MAT-5942fcce1a659b56,MAT-5942fcce1a659b56,"Чесуча, бордовый 1-009",1-009,4.5,9900.0,2200.0,2026-05-31,Основной склад,STOCK_SNAPSHOT,FILE-053,r632
MAT-6b008adf907799ae,MAT-6b008adf907799ae,"Чесуча, бордовый 1-023",1-023,10.6,23320.0,2200.0,2026-05-31,Основной склад,STOCK_SNAPSHOT,FILE-053,r633
MAT-b9ee1a8a251e3db0,MAT-b9ee1a8a251e3db0,"Чесуча, зеленый 1-002",1-002,5.0,11000.0,2200.0,2026-05-31,Основной склад,STOCK_SNAPSHOT,FILE-053,r634
MAT-c80716ab537e2d3b,MAT-c80716ab537e2d3b,"Чесуча, зеленый 1-003",1-003,5.6,12320.0,2200.0,2026-05-31,Основной склад,STOCK_SNAPSHOT,FILE-053,r635
MAT-5ce61bf59340a523,MAT-5ce61bf59340a523,"Чесуча, зеленый 1-005",1-005,2.8,6160.0,2200.0,2026-05-31,Основной склад,STOCK_SNAPSHOT,FILE-053,r636
MAT-ab8f7ce59fa795e1,MAT-ab8f7ce59fa795e1,"Чесуча, золотой 1-021",1-021,17.4,38280.0,2200.0,2026-05-31,Основной склад,STOCK_SNAPSHOT,FILE-053,r637
MAT-befab3517ced7577,MAT-befab3517ced7577,"Чесуча, красно-зеленый 1-004",1-004,4.7,10340.0,2200.0,2026-05-31,Основной склад,STOCK_SNAPSHOT,FILE-053,r638
MAT-79d2f05a51960058,MAT-79d2f05a51960058,"Чесуча, красно-оранжевый 1-006",1-006,9.5,20900.0,2200.0,2026-05-31,Основной склад,STOCK_SNAPSHOT,FILE-053,r639
MAT-91580c8bf18d0a1b,MAT-91580c8bf18d0a1b,"Чесуча, красный 1-020",1-020,15.0,33000.0,2200.0,2026-05-31,Основной склад,STOCK_SNAPSHOT,FILE-053,r640
MAT-414fc29334a65a1d,MAT-414fc29334a65a1d,"Чесуча, красный 1-029",1-029,11.75,25850.0,2200.0,2026-05-31,Основной склад,STOCK_SNAPSHOT,FILE-053,r641
MAT-dae2ea4a08c93ddb,MAT-dae2ea4a08c93ddb,"Чесуча, оранжевый 1-030",1-030,22.0,48400.0,2200.0,2026-05-31,Основной склад,STOCK_SNAPSHOT,FILE-053,r642
MAT-253b405605e3fe5b,MAT-253b405605e3fe5b,"Чесуча, светло-серый (жемчужный) 1-037",1-037,18.7,41140.0,2200.0,2026-05-31,Основной склад,STOCK_SNAPSHOT,FILE-053,r643
MAT-6ad7d1876b171f21,MAT-6ad7d1876b171f21,"Чесуча, светло-фиолетовый1-015",1-015,8.3,18260.0,2200.0,2026-05-31,Основной склад,STOCK_SNAPSHOT,FILE-053,r644
MAT-16eb895e22fa9830,MAT-16eb895e22fa9830,"Чесуча, серебряный 1-022",1-022,10.65,23430.0,2200.0,2026-05-31,Основной склад,STOCK_SNAPSHOT,FILE-053,r645
MAT-085a85e9d85c83bc,MAT-085a85e9d85c83bc,"Чесуча, серый 1-024",1-024,18.0,39600.0,2200.0,2026-05-31,Основной склад,STOCK_SNAPSHOT,FILE-053,r646
MAT-be8f6fded54688cc,MAT-be8f6fded54688cc,"Чесуча, серый 1-036",1-036,12.1,26620.0,2200.0,2026-05-31,Основной склад,STOCK_SNAPSHOT,FILE-053,r647
MAT-fea0176b2b522ed5,MAT-fea0176b2b522ed5,"Чесуча, синий (васильковый) 1-034",1-034,42.0,92400.0,2200.0,2026-05-31,Основной склад,STOCK_SNAPSHOT,FILE-053,r648
MAT-504e9b3687269655,MAT-504e9b3687269655,"Чесуча, синий 1-019",1-019,12.4,27280.0,2200.0,2026-05-31,Основной склад,STOCK_SNAPSHOT,FILE-053,r649
MAT-74b833ddbe313cd0,MAT-74b833ddbe313cd0,"Чесуча, синий 1-028",1-028,10.3,22660.0,2200.0,2026-05-31,Основной склад,STOCK_SNAPSHOT,FILE-053,r650
MAT-4e6cc6fac8bd68e5,MAT-4e6cc6fac8bd68e5,"Чесуча, синий 1-О-005",,3.3,7260.0,2200.0,2026-05-31,Основной склад,STOCK_SNAPSHOT,FILE-053,r651
MAT-80b7dcb1385cd569,MAT-80b7dcb1385cd569,"Чесуча, темно-серый 1-035",1-035,18.6,40920.0,2200.0,2026-05-31,Основной склад,STOCK_SNAPSHOT,FILE-053,r652
MAT-38ba82f0f094421a,MAT-38ba82f0f094421a,"Чесуча, темно-синий 1-026",1-026,3.1,6820.0,2200.0,2026-05-31,Основной склад,STOCK_SNAPSHOT,FILE-053,r653
MAT-2071de33078e06bd,MAT-2071de33078e06bd,"Чесуча, темно-фиолетовый 1-016",1-016,7.9,17380.0,2200.0,2026-05-31,Основной склад,STOCK_SNAPSHOT,FILE-053,r654
MAT-a184dc28710a5be5,MAT-a184dc28710a5be5,"Чесуча, фуксия 1-032",1-032,16.9,37180.0,2200.0,2026-05-31,Основной склад,STOCK_SNAPSHOT,FILE-053,r655
MAT-d8125ee1e7a71710,MAT-d8125ee1e7a71710,"Чесуча, цикламеновый 1-025",1-025,3.3,7260.0,2200.0,2026-05-31,Основной склад,STOCK_SNAPSHOT,FILE-053,r656
MAT-7a4903835be15875,MAT-7a4903835be15875,"Чесуча, ярко-розовый 1-031",1-031,24.5,53900.0,2200.0,2026-05-31,Основной склад,STOCK_SNAPSHOT,FILE-053,r657
MAT-0b76be31829da8cf,MAT-0b76be31829da8cf,"Шанель искусственная, красный 8А-004",,28.6,20020.0,700.0,2026-05-31,Основной склад,STOCK_SNAPSHOT,FILE-053,r658
MAT-1a6bbdfbc1606c80,MAT-1a6bbdfbc1606c80,"Шанель искусственная, молочный 8А-001",,3.8,3268.0,860.0,2026-05-31,Основной склад,STOCK_SNAPSHOT,FILE-053,r659
MAT-b23f124bda781496,MAT-b23f124bda781496,"Шанель искусственная, разноцветный 8А-003",,20.0,14000.0,700.0,2026-05-31,Основной склад,STOCK_SNAPSHOT,FILE-053,r660
MAT-a211c73106cf0883,MAT-a211c73106cf0883,"Шанель искусственная, розовый 8А-002",,26.5,22790.0,860.0,2026-05-31,Основной склад,STOCK_SNAPSHOT,FILE-053,r661
MAT-5c20285e877b4917,MAT-5c20285e877b4917,"Шанель искусственная, розовый 8А-008",,16.4,16400.0,1000.0,2026-05-31,Основной склад,STOCK_SNAPSHOT,FILE-053,r662
MAT-1589da955417aace,MAT-1589da955417aace,"Шанель искусственная, черная с люрексом 8А-009",,23.5,16450.0,700.0,2026-05-31,Основной склад,STOCK_SNAPSHOT,FILE-053,r663
MAT-2cd00d6424509bb4,MAT-2cd00d6424509bb4,"Шанель искусственная, черный 8А-005",,20.7,14490.0,700.0,2026-05-31,Основной склад,STOCK_SNAPSHOT,FILE-053,r664
MAT-21e8cf42f3f9612d,MAT-21e8cf42f3f9612d,"Шелк белый, принт ""Y"" в ряд серые с черным 17A-057",,6.9,20010.0,2900.0,2026-05-31,Основной склад,STOCK_SNAPSHOT,FILE-053,r665
MAT-2407f222cb12a55d,MAT-2407f222cb12a55d,"Шелк белый, принт грибы 17A-012",,33.5,97150.0,2900.0,2026-05-31,Основной склад,STOCK_SNAPSHOT,FILE-053,r666
MAT-4a6a0015128b2d9a,MAT-4a6a0015128b2d9a,"Шелк белый, принт капли сине-голубые деград 17A-033       деграде голубые с синим",,44.5,137950.0,3100.0,2026-05-31,Основной склад,STOCK_SNAPSHOT,FILE-053,r667
MAT-e80619dd3bb4d651,MAT-e80619dd3bb4d651,"Шелк белый, принт микс крупный 17A-029",,12.5,36250.0,2900.0,2026-05-31,Основной склад,STOCK_SNAPSHOT,FILE-053,r668
MAT-97eee2a7858c0a7f,MAT-97eee2a7858c0a7f,"Шелк белый, принт микс средний 17A-018",,29.2,90520.0,3100.0,2026-05-31,Основной склад,STOCK_SNAPSHOT,FILE-053,r669
MAT-308a2705aa538519,MAT-308a2705aa538519,"Шелк белый, принт оранжевый хаотичные ""Y"" 17A-017",,60.0,174000.0,2900.0,2026-05-31,Основной склад,STOCK_SNAPSHOT,FILE-053,r670
MAT-fbecc2ab0103efba,MAT-fbecc2ab0103efba,"Шелк белый, принт полоски оранжевые 17A-056",,7.8,24180.0,3100.0,2026-05-31,Основной склад,STOCK_SNAPSHOT,FILE-053,r671
MAT-c52de874b66107e7,MAT-c52de874b66107e7,"Шелк белый, принт полоски серые 17A-055",,3.7,10730.0,2900.0,2026-05-31,Основной склад,STOCK_SNAPSHOT,FILE-053,r672
MAT-5a9b2ead4e37d24b,MAT-5a9b2ead4e37d24b,"Шелк белый, принт серый хаотичные ""Y"" 17A-016",,5.8,16820.0,2900.0,2026-05-31,Основной склад,STOCK_SNAPSHOT,FILE-053,r673
MAT-c033928f170b4501,MAT-c033928f170b4501,"Шелк белый, принт черный ""Y"" + балерины 17A-014",,9.05,26245.0,2900.0,2026-05-31,Основной склад,STOCK_SNAPSHOT,FILE-053,r674
MAT-f7eb0a91af7b0472,MAT-f7eb0a91af7b0472,"Шелк белый, принт черный ""Y"" 17A-009",,46.4,92800.0,2000.0,2026-05-31,Основной склад,STOCK_SNAPSHOT,FILE-053,r675
MAT-eb7a4d4ca1c0b08e,MAT-eb7a4d4ca1c0b08e,"Шелк бирюзовый, принт микс средний 17A-021",,16.1,49910.0,3100.0,2026-05-31,Основной склад,STOCK_SNAPSHOT,FILE-053,r676
MAT-e7cfdfb0ccbeedae,MAT-e7cfdfb0ccbeedae,"Шелк голубой, принт микс средний 17A-022",,19.9,57710.0,2900.0,2026-05-31,Основной склад,STOCK_SNAPSHOT,FILE-053,r677
MAT-5234e6e928faeaa4,MAT-5234e6e928faeaa4,"Шелк желтый, принт крупные девочки 17A-003",,7.1,26980.0,3800.0,2026-05-31,Основной склад,STOCK_SNAPSHOT,FILE-053,r678
MAT-d1a0dfc4f5d93b01,MAT-d1a0dfc4f5d93b01,"Шелк зеленый, принт микс средний 17A-025",,6.3,18270.0,2900.0,2026-05-31,Основной склад,STOCK_SNAPSHOT,FILE-053,r679
MAT-b60e35d149422b50,MAT-b60e35d149422b50,Шелк кайма белый-черный-белый 17A-043,,1.0,3100.0,3100.0,2026-05-31,Основной склад,STOCK_SNAPSHOT,FILE-053,r680
MAT-c67cf64841020bf7,MAT-c67cf64841020bf7,Шелк кайма красный-синий-красный 17A-039,,6.0,18600.0,3100.0,2026-05-31,Основной склад,STOCK_SNAPSHOT,FILE-053,r681
MAT-0e176ec816809a0d,MAT-0e176ec816809a0d,Шелк кайма розовый-зеленый-розовый 17A-040,,3.5,10850.0,3100.0,2026-05-31,Основной склад,STOCK_SNAPSHOT,FILE-053,r682
MAT-68b75321fba8338d,MAT-68b75321fba8338d,"Шелк кайма синий, принт YANINA 17A-038",,7.0,21700.0,3100.0,2026-05-31,Основной склад,STOCK_SNAPSHOT,FILE-053,r683
MAT-e5bf86a164b81f87,MAT-e5bf86a164b81f87,Шелк кайма черная-белая-черная 17A-046,,21.2,74200.0,3500.0,2026-05-31,Основной склад,STOCK_SNAPSHOT,FILE-053,r684
MAT-c01fe54170677c4c,MAT-c01fe54170677c4c,Шелк кайма черный-белый-черный 17A-045,,9.2,26680.0,2900.0,2026-05-31,Основной склад,STOCK_SNAPSHOT,FILE-053,r685
MAT-997b8b51201db63c,MAT-997b8b51201db63c,"Шелк кайма, принт YANINA 17A-036",,7.0,21700.0,3100.0,2026-05-31,Основной склад,STOCK_SNAPSHOT,FILE-053,r686
MAT-997b8b51201db63c,MAT-997b8b51201db63c,"Шелк кайма, принт YANINA 17A-036",,7.0,21700.0,3100.0,2026-05-31,Основной склад,STOCK_SNAPSHOT,FILE-053,r687
MAT-3103b5eff0dd2b28,MAT-3103b5eff0dd2b28,"Шелк красный, принт микс средний 17A-023",,1.85,5365.0,2900.0,2026-05-31,Основной склад,STOCK_SNAPSHOT,FILE-053,r688
MAT-3d8657f20fa7ee80,MAT-3d8657f20fa7ee80,Шелк принт бирюзовые капли 17A-051,,34.3,99470.0,2900.0,2026-05-31,Основной склад,STOCK_SNAPSHOT,FILE-053,r689
MAT-e8e62c7566121742,MAT-e8e62c7566121742,"Шелк принт синие капли деграде, 17A-031",,43.95,136245.0,3100.0,2026-05-31,Основной склад,STOCK_SNAPSHOT,FILE-053,r690
MAT-53451d3425508335,MAT-53451d3425508335,"Шелк розовый, принт микс крупный 17A-028",,21.6,62640.0,2900.0,2026-05-31,Основной склад,STOCK_SNAPSHOT,FILE-053,r691
MAT-3d60aab0bffc4c9b,MAT-3d60aab0bffc4c9b,"Шелк серый с розовым, принт крупные разводы 17A-004",,31.1,102630.0,3300.0,2026-05-31,Основной склад,STOCK_SNAPSHOT,FILE-053,r692
MAT-b54f48c215a027e9,MAT-b54f48c215a027e9,"Шелк серый, принт крупные девочки 17A-002",,12.5,47500.0,3800.0,2026-05-31,Основной склад,STOCK_SNAPSHOT,FILE-053,r693
MAT-047d0f89234daed3,MAT-047d0f89234daed3,"Шелк серый, принт цветок 17A-049",,19.3,55970.0,2900.0,2026-05-31,Основной склад,STOCK_SNAPSHOT,FILE-053,r694
MAT-253d8d44904cbe14,MAT-253d8d44904cbe14,"Шелк синий, принт грибы 17A-011",,27.5,79750.0,2900.0,2026-05-31,Основной склад,STOCK_SNAPSHOT,FILE-053,r695
MAT-c78ddf9bcc7051e8,MAT-c78ddf9bcc7051e8,"Шелк синий, принт мелкие девочки 17A-006",,63.0,113400.0,1800.0,2026-05-31,Основной склад,STOCK_SNAPSHOT,FILE-053,r696
MAT-ab5371485366563c,MAT-ab5371485366563c,"Шелк синий, принт микс крупный 17A-027",,2.7,8370.0,3100.0,2026-05-31,Основной склад,STOCK_SNAPSHOT,FILE-053,r697
MAT-eae8911aab9a8cce,MAT-eae8911aab9a8cce,"Шелк фуксия, принт цветок 17A-048",,18.8,54520.0,2900.0,2026-05-31,Основной склад,STOCK_SNAPSHOT,FILE-053,r698
MAT-b97ceea32d3058e2,MAT-b97ceea32d3058e2,"Шелк черный, принт ""Y"" в ряд белые с серым 17A-058",,10.4,30160.0,2900.0,2026-05-31,Основной склад,STOCK_SNAPSHOT,FILE-053,r699
MAT-8cc53ed4d7aa9fe8,MAT-8cc53ed4d7aa9fe8,"Шелк черный, принт белый  горох 17A-007",,45.6,82080.0,1800.0,2026-05-31,Основной склад,STOCK_SNAPSHOT,FILE-053,r700
MAT-db727ed5307d48e6,MAT-db727ed5307d48e6,"Шелк черный, принт белый ""Y"" + балерины 17A-013",,9.25,28675.0,3100.0,2026-05-31,Основной склад,STOCK_SNAPSHOT,FILE-053,r701
MAT-cb403acc8fd9aa30,MAT-cb403acc8fd9aa30,"Шелк черный, принт белый ""Y"" + девочки 17A-059",,7.8,22620.0,2900.0,2026-05-31,Основной склад,STOCK_SNAPSHOT,FILE-053,r702
MAT-6d033159065639cc,MAT-6d033159065639cc,"Шелк черный, принт белый хаотичные ""Y"" 17А-015",,49.3,133896.09,2715.95,2026-05-31,Основной склад,STOCK_SNAPSHOT,FILE-053,r703
MAT-0e5bd0c917b8df90,MAT-0e5bd0c917b8df90,"Шелк черный, принт грибы 17A-010",,35.0,101500.0,2900.0,2026-05-31,Основной склад,STOCK_SNAPSHOT,FILE-053,r704
MAT-de56ca813d34fa1f,MAT-de56ca813d34fa1f,"Шелк черный, принт капли цветные деграде 17A-032",,19.23,59613.0,3100.0,2026-05-31,Основной склад,STOCK_SNAPSHOT,FILE-053,r705
MAT-3d832d21e8643555,MAT-3d832d21e8643555,"Шелк черный, принт крупные девочки 17A-030",,8.0,24800.0,3100.0,2026-05-31,Основной склад,STOCK_SNAPSHOT,FILE-053,r706
MAT-43526364db4220e7,MAT-43526364db4220e7,"Шелк черный, принт мелкая девочка, 17А-005",,8.65,15570.0,1800.0,2026-05-31,Основной склад,STOCK_SNAPSHOT,FILE-053,r707
MAT-5144478acb5ec73f,MAT-5144478acb5ec73f,"Шелк черный, принт микс крупный 17A-026",,15.5,44950.0,2900.0,2026-05-31,Основной склад,STOCK_SNAPSHOT,FILE-053,r708
MAT-65dbfeb3a6372323,MAT-65dbfeb3a6372323,"Шелк черный, принт микс средний 17A-019",,18.3,53070.0,2900.0,2026-05-31,Основной склад,STOCK_SNAPSHOT,FILE-053,r709
MAT-d2b303d9fb0fa75e,MAT-d2b303d9fb0fa75e,"Шелк черный, принт цветок 17A-047",,19.2,55680.0,2900.0,2026-05-31,Основной склад,STOCK_SNAPSHOT,FILE-053,r710
MAT-3ec0ac667ce6c377,MAT-3ec0ac667ce6c377,"Шелк-кади, бежевый 16А-001",,7.2,18000.0,2500.0,2026-05-31,Основной склад,STOCK_SNAPSHOT,FILE-053,r711
MAT-c90a494fb5e3c496,MAT-c90a494fb5e3c496,"Шелк-кади, бежевый 16А-002",,7.2,18000.0,2500.0,2026-05-31,Основной склад,STOCK_SNAPSHOT,FILE-053,r712
MAT-ff4fe8187398216c,MAT-ff4fe8187398216c,"Шелк-кади, зеленый 16А-009",,1.7,4250.0,2500.0,2026-05-31,Основной склад,STOCK_SNAPSHOT,FILE-053,r713
MAT-610742c2a367c2e6,MAT-610742c2a367c2e6,"Шелк-кади, красный 16А-008",,3.1,7750.0,2500.0,2026-05-31,Основной склад,STOCK_SNAPSHOT,FILE-053,r714
MAT-435f6ae1189d923d,MAT-435f6ae1189d923d,"Шелк-кади, морская волна 16А-007",,5.8,14500.0,2500.0,2026-05-31,Основной склад,STOCK_SNAPSHOT,FILE-053,r715
MAT-4751493ac29399d3,MAT-4751493ac29399d3,"Шелк-кади, оранжевый 16А-004",,5.0,12500.0,2500.0,2026-05-31,Основной склад,STOCK_SNAPSHOT,FILE-053,r716
MAT-32f5c119e7b1fb71,MAT-32f5c119e7b1fb71,"Шелк-кади, розовый 16А-003",,8.75,21875.0,2500.0,2026-05-31,Основной склад,STOCK_SNAPSHOT,FILE-053,r717
MAT-32ede03e3e89576e,MAT-32ede03e3e89576e,"Шелк-кади, синий 16А-006",,2.8,7000.0,2500.0,2026-05-31,Основной склад,STOCK_SNAPSHOT,FILE-053,r718
MAT-8eebc3ec64f09beb,MAT-8eebc3ec64f09beb,"Шелк-кади, черный 16А-010",,5.1,12750.0,2500.0,2026-05-31,Основной склад,STOCK_SNAPSHOT,FILE-053,r719
MAT-8bb9937a70faf2cb,MAT-8bb9937a70faf2cb,"Шелк-туаль, голубой 16-015",16-015,5.6,12320.0,2200.0,2026-05-31,Основной склад,STOCK_SNAPSHOT,FILE-053,r720
MAT-fac7d3f4dec3ebcd,MAT-fac7d3f4dec3ebcd,"Шелк, абежевый с рисунком цветы 17-012",17-012,5.0,10000.0,2000.0,2026-05-31,Основной склад,STOCK_SNAPSHOT,FILE-053,r721
MAT-52c2f7f567505319,MAT-52c2f7f567505319,"Шелк, акварнель  17-005",17-005,7.5,15000.0,2000.0,2026-05-31,Основной склад,STOCK_SNAPSHOT,FILE-053,r722
MAT-8d2d27e582817cfa,MAT-8d2d27e582817cfa,"Шелк, акварнель  17-006",17-006,4.7,9400.0,2000.0,2026-05-31,Основной склад,STOCK_SNAPSHOT,FILE-053,r723
MAT-5954ad032e7e6cf2,MAT-5954ad032e7e6cf2,"Шелк, акварнель фиолетовый 17-004",17-004,4.0,8000.0,2000.0,2026-05-31,Основной склад,STOCK_SNAPSHOT,FILE-053,r724
MAT-a8ddbfd23f5d8535,MAT-a8ddbfd23f5d8535,"Шелк, бежевый 16-047",16-047,49.3,71485.0,1450.0,2026-05-31,Основной склад,STOCK_SNAPSHOT,FILE-053,r725
MAT-044785494219a9e5,MAT-044785494219a9e5,"Шелк, бежевый в горох 17-007",17-007,8.75,8750.0,1000.0,2026-05-31,Основной склад,STOCK_SNAPSHOT,FILE-053,r726
MAT-7b5776e8dfaa593a,MAT-7b5776e8dfaa593a,"Шелк, белый 16-001",16-001,88.8,137318.14,1546.38,2026-05-31,Основной склад,STOCK_SNAPSHOT,FILE-053,r727
MAT-fb2aa6d35c10385f,MAT-fb2aa6d35c10385f,"Шелк, белый в крупный горох 17-002",17-002,5.3,10600.0,2000.0,2026-05-31,Основной склад,STOCK_SNAPSHOT,FILE-053,r728
MAT-a3120d65de215634,MAT-a3120d65de215634,"Шелк, белый с принтом ""черные ласточки"" 17A-054",,12.65,36685.0,2900.0,2026-05-31,Основной склад,STOCK_SNAPSHOT,FILE-053,r729
MAT-28e1875b2d9e069e,MAT-28e1875b2d9e069e,"Шелк, бирюзовый 16-022",16-022,10.0,22000.0,2200.0,2026-05-31,Основной склад,STOCK_SNAPSHOT,FILE-053,r730
MAT-dc01d8061492d24e,MAT-dc01d8061492d24e,"Шелк, бирюзовый 16-041",16-041,44.0,70400.0,1600.0,2026-05-31,Основной склад,STOCK_SNAPSHOT,FILE-053,r731
MAT-aeb370ad4803d821,MAT-aeb370ad4803d821,"Шелк, бордовый 16-045",16-045,48.3,70035.0,1450.0,2026-05-31,Основной склад,STOCK_SNAPSHOT,FILE-053,r732
MAT-76d1c219cfc948f0,MAT-76d1c219cfc948f0,"Шелк, голубой 16-017",16-017,5.0,7500.0,1500.0,2026-05-31,Основной склад,STOCK_SNAPSHOT,FILE-053,r733
MAT-5a5738f28cfb3421,MAT-5a5738f28cfb3421,"Шелк, голубой 16-018",16-018,13.8,20700.0,1500.0,2026-05-31,Основной склад,STOCK_SNAPSHOT,FILE-053,r734
MAT-7ef77273d543a133,MAT-7ef77273d543a133,"Шелк, голубой 16-019",16-019,33.2,49800.0,1500.0,2026-05-31,Основной склад,STOCK_SNAPSHOT,FILE-053,r735
MAT-5eccff180bd8ffab,MAT-5eccff180bd8ffab,"Шелк, желтый 16-029",16-029,30.9,46350.0,1500.0,2026-05-31,Основной склад,STOCK_SNAPSHOT,FILE-053,r736
MAT-fc13e4697f836939,MAT-fc13e4697f836939,"Шелк, желтый 16-030",16-030,76.2,114300.0,1500.0,2026-05-31,Основной склад,STOCK_SNAPSHOT,FILE-053,r737
MAT-6667f7d6dd357259,MAT-6667f7d6dd357259,"Шелк, жемчужный 16-002",16-002,9.0,19800.0,2200.0,2026-05-31,Основной склад,STOCK_SNAPSHOT,FILE-053,r738
MAT-7a51b840b36be852,MAT-7a51b840b36be852,"Шелк, жемчужный 16-048",16-048,94.3,136735.0,1450.0,2026-05-31,Основной склад,STOCK_SNAPSHOT,FILE-053,r739
MAT-3011adcf4bb6d6f1,MAT-3011adcf4bb6d6f1,"Шелк, зеленый 16-035",16-035,50.0,72710.28,1454.21,2026-05-31,Основной склад,STOCK_SNAPSHOT,FILE-053,r740
MAT-fcdbd70d396e7fc9,MAT-fcdbd70d396e7fc9,"Шелк, золотой 16-009",16-009,25.5,38250.0,1500.0,2026-05-31,Основной склад,STOCK_SNAPSHOT,FILE-053,r741
MAT-9d1c4c7918039980,MAT-9d1c4c7918039980,"Шелк, кирпичный 16-027",16-027,14.0,30800.0,2200.0,2026-05-31,Основной склад,STOCK_SNAPSHOT,FILE-053,r742
MAT-35dbce4ca9dea719,MAT-35dbce4ca9dea719,"Шелк, красный 16-037",16-037,59.8,89700.0,1500.0,2026-05-31,Основной склад,STOCK_SNAPSHOT,FILE-053,r743
MAT-3d1c0d69be352946,MAT-3d1c0d69be352946,"Шелк, красный, без стрейча 16-040",16-040,35.1,52650.0,1500.0,2026-05-31,Основной склад,STOCK_SNAPSHOT,FILE-053,r744
MAT-3206d4eabc8a2102,MAT-3206d4eabc8a2102,"Шелк, мелкие цветные листочки 17-008",17-008,7.2,10800.0,1500.0,2026-05-31,Основной склад,STOCK_SNAPSHOT,FILE-053,r745
MAT-ce31532a2780788a,MAT-ce31532a2780788a,"Шелк, оранжевый 16-028",16-028,10.5,15750.0,1500.0,2026-05-31,Основной склад,STOCK_SNAPSHOT,FILE-053,r746
MAT-74d0ef8f9efbfd8c,MAT-74d0ef8f9efbfd8c,"Шелк, принт овощи, 17А-062",,22.0,102300.0,4650.0,2026-05-31,Основной склад,STOCK_SNAPSHOT,FILE-053,r747
MAT-27181b72f7c986ba,MAT-27181b72f7c986ba,"Шелк, принт папайя, 17А-061",,50.5,247108.78,4893.24,2026-05-31,Основной склад,STOCK_SNAPSHOT,FILE-053,r748
MAT-883d19e61bd8a422,MAT-883d19e61bd8a422,"Шелк, пуччи ленты 17-011",17-011,6.15,14760.0,2400.0,2026-05-31,Основной склад,STOCK_SNAPSHOT,FILE-053,r749
MAT-c387e99e8b34635d,MAT-c387e99e8b34635d,"Шелк, пуччи петля 17-010",17-010,8.5,20400.0,2400.0,2026-05-31,Основной склад,STOCK_SNAPSHOT,FILE-053,r750
MAT-04461b7329b3e05b,MAT-04461b7329b3e05b,"Шелк, розовый 16-023",16-023,60.2,88084.64,1463.2,2026-05-31,Основной склад,STOCK_SNAPSHOT,FILE-053,r751
MAT-ede795d470216cb6,MAT-ede795d470216cb6,"Шелк, светло-серый 16-003",16-003,14.7,29400.0,2000.0,2026-05-31,Основной склад,STOCK_SNAPSHOT,FILE-053,r752
MAT-9f401f53c844b6b6,MAT-9f401f53c844b6b6,"Шелк, светло-серый 16-004",16-004,31.6,63200.0,2000.0,2026-05-31,Основной склад,STOCK_SNAPSHOT,FILE-053,r753
MAT-85e937fce96c3ee8,MAT-85e937fce96c3ee8,"Шелк, серый 16-005",16-005,22.0,33000.0,1500.0,2026-05-31,Основной склад,STOCK_SNAPSHOT,FILE-053,r754
MAT-7903fbd87f27d12f,MAT-7903fbd87f27d12f,"Шелк, серый 16-006",16-006,39.8,59700.0,1500.0,2026-05-31,Основной склад,STOCK_SNAPSHOT,FILE-053,r755
MAT-c985d5c8acaff308,MAT-c985d5c8acaff308,"Шелк, серый 16-007",16-007,2.2,4840.0,2200.0,2026-05-31,Основной склад,STOCK_SNAPSHOT,FILE-053,r756
MAT-e73f7d45ddbc29e3,MAT-e73f7d45ddbc29e3,"Шелк, синий 16-020",16-020,17.0,37400.0,2200.0,2026-05-31,Основной склад,STOCK_SNAPSHOT,FILE-053,r757
MAT-11bf787212d75c91,MAT-11bf787212d75c91,"Шелк, телесный 16-010",16-010,10.5,15750.0,1500.0,2026-05-31,Основной склад,STOCK_SNAPSHOT,FILE-053,r758
MAT-1819d73dd50af24d,MAT-1819d73dd50af24d,"Шелк, темно-телесный 16-012",16-012,7.5,11250.0,1500.0,2026-05-31,Основной склад,STOCK_SNAPSHOT,FILE-053,r759
MAT-9abdc37089300cc3,MAT-9abdc37089300cc3,"Шелк, фиолетовый 16-036",16-036,7.05,10575.0,1500.0,2026-05-31,Основной склад,STOCK_SNAPSHOT,FILE-053,r760
MAT-8120246f27d61ce4,MAT-8120246f27d61ce4,"Шелк, фуксия 16-024",16-024,4.0,6000.0,1500.0,2026-05-31,Основной склад,STOCK_SNAPSHOT,FILE-053,r761
MAT-09c7ecd62b727a88,MAT-09c7ecd62b727a88,"Шелк, фуксия 16-026",16-026,42.65,63975.0,1500.0,2026-05-31,Основной склад,STOCK_SNAPSHOT,FILE-053,r762
MAT-6c2c300aabf83096,MAT-6c2c300aabf83096,"Шелк, цикламеновый 16-025",16-025,10.0,22000.0,2200.0,2026-05-31,Основной склад,STOCK_SNAPSHOT,FILE-053,r763
MAT-6ed2dca42737533d,MAT-6ed2dca42737533d,"Шелк, черный 16-038",16-038,103.35,150733.48,1458.48,2026-05-31,Основной склад,STOCK_SNAPSHOT,FILE-053,r764
MAT-b8dd3a1eec49b149,MAT-b8dd3a1eec49b149,"Шелк, черный без стрейча 16-046",16-046,37.45,74900.0,2000.0,2026-05-31,Основной склад,STOCK_SNAPSHOT,FILE-053,r765
MAT-1ade8430ca5ec543,MAT-1ade8430ca5ec543,"Шелк, черный в крупный горох 17-001",17-001,14.9,29800.0,2000.0,2026-05-31,Основной склад,STOCK_SNAPSHOT,FILE-053,r766
MAT-e6c1d4eed57e23fa,MAT-e6c1d4eed57e23fa,"Шелк, черный с принтом ""белая Y"" 17А-008",,39.2,78400.0,2000.0,2026-05-31,Основной склад,STOCK_SNAPSHOT,FILE-053,r767
MAT-5711fb19a951edde,MAT-5711fb19a951edde,"Шелк, черный с принтом ""белые ласточки"" 17A-053",,5.4,15660.0,2900.0,2026-05-31,Основной склад,STOCK_SNAPSHOT,FILE-053,r768
MAT-366b69456da1c1cf,MAT-366b69456da1c1cf,Шелка кайма белый-розовый-белый 17A-042,,3.45,10695.0,3100.0,2026-05-31,Основной склад,STOCK_SNAPSHOT,FILE-053,r769
MAT-a859534e5150bb83,MAT-a859534e5150bb83,"Шерсть пальтовая, бежевый 9-009",9-009,10.15,30450.0,3000.0,2026-05-31,Основной склад,STOCK_SNAPSHOT,FILE-053,r770
MAT-6d49b3c25c1df943,MAT-6d49b3c25c1df943,"Шерсть пальтовая, бежевый 9-014",9-014,3.4,10200.0,3000.0,2026-05-31,Основной склад,STOCK_SNAPSHOT,FILE-053,r771
MAT-bc4dc9d4a00b4600,MAT-bc4dc9d4a00b4600,"Шерсть пальтовая, бежевый 9-025",9-025,3.5,10500.0,3000.0,2026-05-31,Основной склад,STOCK_SNAPSHOT,FILE-053,r772
MAT-c7de0b504550373a,MAT-c7de0b504550373a,"Шерсть пальтовая, бордовая 9-023",9-023,10.2,30600.0,3000.0,2026-05-31,Основной склад,STOCK_SNAPSHOT,FILE-053,r773
MAT-7b2a317c99053959,MAT-7b2a317c99053959,"Шерсть пальтовая, графит 9-004",9-004,2.7,8100.0,3000.0,2026-05-31,Основной склад,STOCK_SNAPSHOT,FILE-053,r774
MAT-284127655db3cb26,MAT-284127655db3cb26,"Шерсть пальтовая, зеленый 9-022",9-022,7.0,21000.0,3000.0,2026-05-31,Основной склад,STOCK_SNAPSHOT,FILE-053,r775
MAT-3aec743f09672806,MAT-3aec743f09672806,"Шерсть пальтовая, коричневый 9-003",9-003,9.2,27600.0,3000.0,2026-05-31,Основной склад,STOCK_SNAPSHOT,FILE-053,r776
MAT-6a8bb8d43ff76277,MAT-6a8bb8d43ff76277,"Шерсть пальтовая, красный 9-015",9-015,3.8,11400.0,3000.0,2026-05-31,Основной склад,STOCK_SNAPSHOT,FILE-053,r777
MAT-fde56a0f67be1bfe,MAT-fde56a0f67be1bfe,"Шерсть пальтовая, красный 9-017",9-017,19.0,57000.0,3000.0,2026-05-31,Основной склад,STOCK_SNAPSHOT,FILE-053,r778
MAT-db1debdb32a4108f,MAT-db1debdb32a4108f,"Шерсть пальтовая, розовый 9-О-001",,1.5,4500.0,3000.0,2026-05-31,Основной склад,STOCK_SNAPSHOT,FILE-053,r779
MAT-5ca4e362db904449,MAT-5ca4e362db904449,"Шерсть пальтовая, светло-бежевый 9-012",9-012,22.3,66900.0,3000.0,2026-05-31,Основной склад,STOCK_SNAPSHOT,FILE-053,r780
MAT-263b39baba4ea910,MAT-263b39baba4ea910,"Шерсть пальтовая, серый 9-О-005",,3.0,9000.0,3000.0,2026-05-31,Основной склад,STOCK_SNAPSHOT,FILE-053,r781
MAT-c235983464f32d9e,MAT-c235983464f32d9e,"Шерсть пальтовая, серый 9-О-006",,2.7,8100.0,3000.0,2026-05-31,Основной склад,STOCK_SNAPSHOT,FILE-053,r782
MAT-fe8d9990957fbd59,MAT-fe8d9990957fbd59,"Шерсть пальтовая, серый в крапинку 9-013",9-013,16.0,48000.0,3000.0,2026-05-31,Основной склад,STOCK_SNAPSHOT,FILE-053,r783
MAT-e3430b77316f8935,MAT-e3430b77316f8935,"Шерсть пальтовая, серый в полоску 9-024",9-024,3.25,9750.0,3000.0,2026-05-31,Основной склад,STOCK_SNAPSHOT,FILE-053,r784
MAT-7d854ce4325c2a09,MAT-7d854ce4325c2a09,"Шерсть пальтовая, синий 9-007",9-007,3.4,10200.0,3000.0,2026-05-31,Основной склад,STOCK_SNAPSHOT,FILE-053,r785
MAT-39a96e2ffb01b25e,MAT-39a96e2ffb01b25e,"Шерсть пальтовая, синий 9-О-002",,2.55,7650.0,3000.0,2026-05-31,Основной склад,STOCK_SNAPSHOT,FILE-053,r786
MAT-77e11c45ac783df0,MAT-77e11c45ac783df0,"Шерсть пальтовая, темно-бежевый 9-008",9-008,6.6,19800.0,3000.0,2026-05-31,Основной склад,STOCK_SNAPSHOT,FILE-053,r787
MAT-3257130b49dbd835,MAT-3257130b49dbd835,"Шерсть пальтовая, темно-серый 9-002",9-002,5.1,15300.0,3000.0,2026-05-31,Основной склад,STOCK_SNAPSHOT,FILE-053,r788
MAT-7e926d5abb756f15,MAT-7e926d5abb756f15,"Шерсть пальтовая, темно-синий 9-005",9-005,9.7,29100.0,3000.0,2026-05-31,Основной склад,STOCK_SNAPSHOT,FILE-053,r789
MAT-2aa0c5fa8bfb5bee,MAT-2aa0c5fa8bfb5bee,"Шерсть пальтовая, темно-синий 9-020",9-020,5.2,15600.0,3000.0,2026-05-31,Основной склад,STOCK_SNAPSHOT,FILE-053,r790
MAT-d2b5644d508c7bc9,MAT-d2b5644d508c7bc9,"Шерсть пальтовая, темно-синий 9-021",9-021,3.0,9000.0,3000.0,2026-05-31,Основной склад,STOCK_SNAPSHOT,FILE-053,r791
MAT-0e1e8bad5788ef6e,MAT-0e1e8bad5788ef6e,"Шерсть пальтовая, фиолетовый 9-018",9-018,13.7,41100.0,3000.0,2026-05-31,Основной склад,STOCK_SNAPSHOT,FILE-053,r792
MAT-1412ecf5d7c8022f,MAT-1412ecf5d7c8022f,"Шерсть пальтовая, фуксия 9-016",9-016,6.5,19500.0,3000.0,2026-05-31,Основной склад,STOCK_SNAPSHOT,FILE-053,r793
MAT-919dcc6e417b3ff6,MAT-919dcc6e417b3ff6,"Шерсть пальтовая, черный 9-001",9-001,12.5,37500.0,3000.0,2026-05-31,Основной склад,STOCK_SNAPSHOT,FILE-053,r794
MAT-cd8292fdc794e4f9,MAT-cd8292fdc794e4f9,"Шерсть пальтовая, черный барашек 9-019",9-019,6.5,19500.0,3000.0,2026-05-31,Основной склад,STOCK_SNAPSHOT,FILE-053,r795
MAT-0a5f050501eb8469,MAT-0a5f050501eb8469,"Шерсть пальтовая, ярко-синий 9-006",9-006,6.9,20700.0,3000.0,2026-05-31,Основной склад,STOCK_SNAPSHOT,FILE-053,r796
MAT-50f67d0bcea1213a,MAT-50f67d0bcea1213a,"Шерсть плотная, коричневая 8-017",8-017,4.4,8800.0,2000.0,2026-05-31,Основной склад,STOCK_SNAPSHOT,FILE-053,r797
MAT-77a1179c16bb7d28,MAT-77a1179c16bb7d28,"Шерсть плотная, синий 8-018",8-018,10.5,21000.0,2000.0,2026-05-31,Основной склад,STOCK_SNAPSHOT,FILE-053,r798
MAT-0dbedc63ebbc6148,MAT-0dbedc63ebbc6148,"Шерсть тонкая, бежевый 8-070",8-070,13.45,26900.0,2000.0,2026-05-31,Основной склад,STOCK_SNAPSHOT,FILE-053,r799
MAT-daea23aae808f68a,MAT-daea23aae808f68a,"Шерсть тонкая, серый 8-065",8-065,4.3,8600.0,2000.0,2026-05-31,Основной склад,STOCK_SNAPSHOT,FILE-053,r800
MAT-05c049ce0236b8eb,MAT-05c049ce0236b8eb,"Шерсть тонкая, серый 8-066",8-066,9.9,19800.0,2000.0,2026-05-31,Основной склад,STOCK_SNAPSHOT,FILE-053,r801
MAT-a6c2dad6e9677f1b,MAT-a6c2dad6e9677f1b,"Шерсть тонкая, темно-серый 8-064",8-064,4.4,8800.0,2000.0,2026-05-31,Основной склад,STOCK_SNAPSHOT,FILE-053,r802
MAT-4a3174f053d87076,MAT-4a3174f053d87076,"Шерсть тонкая, темный хаки 8-068",8-068,14.1,28200.0,2000.0,2026-05-31,Основной склад,STOCK_SNAPSHOT,FILE-053,r803
MAT-17a28f495e122854,MAT-17a28f495e122854,"Шерсть тонкая, хаки 8-069",8-069,11.55,23100.0,2000.0,2026-05-31,Основной склад,STOCK_SNAPSHOT,FILE-053,r804
MAT-9d8d90e158ec2538,MAT-9d8d90e158ec2538,"Шерсть-версаче, черный 8-055",8-055,15.4,38500.0,2500.0,2026-05-31,Основной склад,STOCK_SNAPSHOT,FILE-053,r805
MAT-39e5bdd05cff1435,MAT-39e5bdd05cff1435,"Шерсть-кучерелли, голубой 8-058",8-058,48.0,120000.0,2500.0,2026-05-31,Основной склад,STOCK_SNAPSHOT,FILE-053,r806
MAT-82e139513c7bd951,MAT-82e139513c7bd951,"Шерсть-кучерелли, коралловый 8-061",8-061,11.5,28750.0,2500.0,2026-05-31,Основной склад,STOCK_SNAPSHOT,FILE-053,r807
MAT-e2e86d89607269f8,MAT-e2e86d89607269f8,"Шерсть-кучерелли, коричневый 8-051",8-051,9.1,22750.0,2500.0,2026-05-31,Основной склад,STOCK_SNAPSHOT,FILE-053,r808
MAT-0e4b8f1ad185831b,MAT-0e4b8f1ad185831b,"Шерсть-кучерелли, коричневый 8-052",8-052,10.1,25250.0,2500.0,2026-05-31,Основной склад,STOCK_SNAPSHOT,FILE-053,r809
MAT-e14ebd4efaea7be4,MAT-e14ebd4efaea7be4,"Шерсть-кучерелли, красный 8-060",8-060,16.2,40500.0,2500.0,2026-05-31,Основной склад,STOCK_SNAPSHOT,FILE-053,r810
MAT-2eb3e3bb7b18fa9c,MAT-2eb3e3bb7b18fa9c,"Шерсть-кучерелли, морская волна 8-057",8-057,9.5,23750.0,2500.0,2026-05-31,Основной склад,STOCK_SNAPSHOT,FILE-053,r811
MAT-b5c2b698171c4678,MAT-b5c2b698171c4678,"Шерсть-кучерелли, розовый 8-053",8-053,10.0,25000.0,2500.0,2026-05-31,Основной склад,STOCK_SNAPSHOT,FILE-053,r812
MAT-8acc95f6e66b26d6,MAT-8acc95f6e66b26d6,"Шерсть-кучерелли, розовый 8-054",8-054,11.5,28750.0,2500.0,2026-05-31,Основной склад,STOCK_SNAPSHOT,FILE-053,r813
MAT-6c303b99ca11e56a,MAT-6c303b99ca11e56a,"Шерсть-кучерелли, серый (грибной) 8-059",8-059,9.5,23750.0,2500.0,2026-05-31,Основной склад,STOCK_SNAPSHOT,FILE-053,r814
MAT-20e6852d6b9110b8,MAT-20e6852d6b9110b8,"Шерсть-кучерелли, черный 8-056",8-056,36.5,116800.0,3200.0,2026-05-31,Основной склад,STOCK_SNAPSHOT,FILE-053,r815
MAT-1fc4f1fa44adf511,MAT-1fc4f1fa44adf511,"Шерсть-шанель, коричневый 8-026",8-026,12.5,25000.0,2000.0,2026-05-31,Основной склад,STOCK_SNAPSHOT,FILE-053,r816
MAT-8004d1d85866f602,MAT-8004d1d85866f602,"Шерсть-шанель, красный 8-024",8-024,8.1,16200.0,2000.0,2026-05-31,Основной склад,STOCK_SNAPSHOT,FILE-053,r817
MAT-642443d822e8a6d8,MAT-642443d822e8a6d8,"Шерсть, бежевая с блеском 8-015",8-015,5.9,11800.0,2000.0,2026-05-31,Основной склад,STOCK_SNAPSHOT,FILE-053,r818
MAT-2212ad22970ceb5e,MAT-2212ad22970ceb5e,"Шерсть, бежевый 8-040",8-040,3.45,6900.0,2000.0,2026-05-31,Основной склад,STOCK_SNAPSHOT,FILE-053,r819
MAT-f17dee8544e9ecda,MAT-f17dee8544e9ecda,"Шерсть, бежевый 8-041",8-041,6.6,13200.0,2000.0,2026-05-31,Основной склад,STOCK_SNAPSHOT,FILE-053,r820
MAT-57a6bbbd5c9662bb,MAT-57a6bbbd5c9662bb,"Шерсть, в клетку 8-004",8-004,4.5,9000.0,2000.0,2026-05-31,Основной склад,STOCK_SNAPSHOT,FILE-053,r821
MAT-2ae89faa0087465d,MAT-2ae89faa0087465d,"Шерсть, в полоску 8-006",8-006,6.6,13200.0,2000.0,2026-05-31,Основной склад,STOCK_SNAPSHOT,FILE-053,r822
MAT-94fb070559853363,MAT-94fb070559853363,"Шерсть, голубой 8-001",8-001,9.7,19400.0,2000.0,2026-05-31,Основной склад,STOCK_SNAPSHOT,FILE-053,r823
MAT-c130e42603761ad2,MAT-c130e42603761ad2,"Шерсть, голубой в крапинку 8-O-006",,2.1,4200.0,2000.0,2026-05-31,Основной склад,STOCK_SNAPSHOT,FILE-053,r824
MAT-2d7ce13082366b6c,MAT-2d7ce13082366b6c,"Шерсть, зеленый 8-002",8-002,7.3,14600.0,2000.0,2026-05-31,Основной склад,STOCK_SNAPSHOT,FILE-053,r825
MAT-7ca0836a9fe8760d,MAT-7ca0836a9fe8760d,"Шерсть, зеленый 8-O-008",,3.0,6000.0,2000.0,2026-05-31,Основной склад,STOCK_SNAPSHOT,FILE-053,r826
MAT-e26b0da3b14ef7c5,MAT-e26b0da3b14ef7c5,"Шерсть, коричневый 8-003",8-003,5.7,11400.0,2000.0,2026-05-31,Основной склад,STOCK_SNAPSHOT,FILE-053,r827
MAT-c6f3e6fedcce6dd3,MAT-c6f3e6fedcce6dd3,"Шерсть, коричневый 8-019",8-019,9.0,18000.0,2000.0,2026-05-31,Основной склад,STOCK_SNAPSHOT,FILE-053,r828
MAT-47d4b7cd65b1338a,MAT-47d4b7cd65b1338a,"Шерсть, коричневый в полоску 8-009",8-009,4.9,9800.0,2000.0,2026-05-31,Основной склад,STOCK_SNAPSHOT,FILE-053,r829
MAT-4bf31cf8733bf991,MAT-4bf31cf8733bf991,"Шерсть, коричневый в полоску 8-010",8-010,4.1,8200.0,2000.0,2026-05-31,Основной склад,STOCK_SNAPSHOT,FILE-053,r830
MAT-3cec42a22a7a822b,MAT-3cec42a22a7a822b,"Шерсть, коричневый с люрексом 8-045",8-045,5.3,10600.0,2000.0,2026-05-31,Основной склад,STOCK_SNAPSHOT,FILE-053,r831
MAT-a46258e22cd98ff2,MAT-a46258e22cd98ff2,"Шерсть, красный 8-020",8-020,6.2,12400.0,2000.0,2026-05-31,Основной склад,STOCK_SNAPSHOT,FILE-053,r832
MAT-eafc14d32c5814ab,MAT-eafc14d32c5814ab,"Шерсть, красный 8-O-002",,2.5,5000.0,2000.0,2026-05-31,Основной склад,STOCK_SNAPSHOT,FILE-053,r833
MAT-84d9019c50809c47,MAT-84d9019c50809c47,"Шерсть, красный в крапинку 8-O-007",,1.0,2000.0,2000.0,2026-05-31,Основной склад,STOCK_SNAPSHOT,FILE-053,r834
MAT-cf4dd1e1b9125229,MAT-cf4dd1e1b9125229,"Шерсть, молочный 8-037",8-037,5.8,11600.0,2000.0,2026-05-31,Основной склад,STOCK_SNAPSHOT,FILE-053,r835
MAT-3fba9ecc9cbc296f,MAT-3fba9ecc9cbc296f,"Шерсть, оранжевый 8-038",8-038,8.0,16000.0,2000.0,2026-05-31,Основной склад,STOCK_SNAPSHOT,FILE-053,r836
MAT-13c9a7375e62b886,MAT-13c9a7375e62b886,"Шерсть, оранжевый 8-062",8-062,4.55,11375.0,2500.0,2026-05-31,Основной склад,STOCK_SNAPSHOT,FILE-053,r837
MAT-4664c1fbb0df07cb,MAT-4664c1fbb0df07cb,"Шерсть, серо-бежевый 8-042",8-042,4.9,9800.0,2000.0,2026-05-31,Основной склад,STOCK_SNAPSHOT,FILE-053,r838
MAT-b8d171fa35c5a21b,MAT-b8d171fa35c5a21b,"Шерсть, серый 8-035",8-035,6.4,12800.0,2000.0,2026-05-31,Основной склад,STOCK_SNAPSHOT,FILE-053,r839
MAT-6ce83bab7a5fed5b,MAT-6ce83bab7a5fed5b,"Шерсть, серый 8-O-009",,2.6,5200.0,2000.0,2026-05-31,Основной склад,STOCK_SNAPSHOT,FILE-053,r840
MAT-dee48bef359b82a3,MAT-dee48bef359b82a3,"Шерсть, серый 8-O-011",,2.6,5200.0,2000.0,2026-05-31,Основной склад,STOCK_SNAPSHOT,FILE-053,r841
MAT-ada2bd8cd80b7b86,MAT-ada2bd8cd80b7b86,"Шерсть, серый в полоску 8-007",8-007,3.65,7300.0,2000.0,2026-05-31,Основной склад,STOCK_SNAPSHOT,FILE-053,r842
MAT-bad110011a6b150a,MAT-bad110011a6b150a,"Шерсть, серый в полоску 8-013",8-013,5.0,10000.0,2000.0,2026-05-31,Основной склад,STOCK_SNAPSHOT,FILE-053,r843
MAT-276c3ce9d7c4dc54,MAT-276c3ce9d7c4dc54,"Шерсть, серый в полоску 8-O-004",,2.0,4000.0,2000.0,2026-05-31,Основной склад,STOCK_SNAPSHOT,FILE-053,r844
MAT-57b87b00bbb13076,MAT-57b87b00bbb13076,"Шерсть, серый в полоску с золотым люрексом 8-014",8-014,5.76,11520.0,2000.0,2026-05-31,Основной склад,STOCK_SNAPSHOT,FILE-053,r845
MAT-5ce50746266f4917,MAT-5ce50746266f4917,"Шерсть, синий 8-O-003",,2.0,4000.0,2000.0,2026-05-31,Основной склад,STOCK_SNAPSHOT,FILE-053,r846
MAT-53cd3ba1a2140f6d,MAT-53cd3ba1a2140f6d,"Шерсть, синяя рогожка 8-034",8-034,14.1,28200.0,2000.0,2026-05-31,Основной склад,STOCK_SNAPSHOT,FILE-053,r847
MAT-8bd508cc0b97040c,MAT-8bd508cc0b97040c,"Шерсть, темно-серый 8-030",8-030,4.7,9400.0,2000.0,2026-05-31,Основной склад,STOCK_SNAPSHOT,FILE-053,r848
MAT-c99f6121de2e7060,MAT-c99f6121de2e7060,"Шерсть, темно-синий 8-046",8-046,3.6,7200.0,2000.0,2026-05-31,Основной склад,STOCK_SNAPSHOT,FILE-053,r849
MAT-3accb86ee383959b,MAT-3accb86ee383959b,"Шерсть, темно-синий 8-049",8-049,11.3,22600.0,2000.0,2026-05-31,Основной склад,STOCK_SNAPSHOT,FILE-053,r850
MAT-05efa409ffcd7c7e,MAT-05efa409ffcd7c7e,"Шерсть, темно-синий 8-050",8-050,4.6,9200.0,2000.0,2026-05-31,Основной склад,STOCK_SNAPSHOT,FILE-053,r851
MAT-5ca85aa8d0c5ec93,MAT-5ca85aa8d0c5ec93,"Шерсть, темно-синий 8-O-005",,1.0,2000.0,2000.0,2026-05-31,Основной склад,STOCK_SNAPSHOT,FILE-053,r852
MAT-0065e0fb519e13b9,MAT-0065e0fb519e13b9,"Шерсть, темно-синий 8-O-013",,2.0,4000.0,2000.0,2026-05-31,Основной склад,STOCK_SNAPSHOT,FILE-053,r853
MAT-fe32757c259efbde,MAT-fe32757c259efbde,"Шерсть, темно-синий в полоску 8-O-014",,3.6,7200.0,2000.0,2026-05-31,Основной склад,STOCK_SNAPSHOT,FILE-053,r854
MAT-cb521719513a6038,MAT-cb521719513a6038,"Шерсть, фиолетовый 8-O-010",,2.0,4000.0,2000.0,2026-05-31,Основной склад,STOCK_SNAPSHOT,FILE-053,r855
MAT-8508d2944486f00f,MAT-8508d2944486f00f,"Шерсть, хаки 8-039",8-039,6.8,13600.0,2000.0,2026-05-31,Основной склад,STOCK_SNAPSHOT,FILE-053,r856
MAT-e6701986e9a7510a,MAT-e6701986e9a7510a,"Шерсть, хаки в полоску 8-011",8-011,12.0,24000.0,2000.0,2026-05-31,Основной склад,STOCK_SNAPSHOT,FILE-053,r857
MAT-08152bc7fce3ed93,MAT-08152bc7fce3ed93,"Шерсть, черная рогожка 8-033",8-033,14.0,28000.0,2000.0,2026-05-31,Основной склад,STOCK_SNAPSHOT,FILE-053,r858
MAT-face7e0102990380,MAT-face7e0102990380,"Шерсть, черная рогожка пластик 8-032",8-032,4.8,9600.0,2000.0,2026-05-31,Основной склад,STOCK_SNAPSHOT,FILE-053,r859
MAT-c7dc3e15bad45287,MAT-c7dc3e15bad45287,"Шерсть, черно-белая елочка 8-071",8-071,7.6,15200.0,2000.0,2026-05-31,Основной склад,STOCK_SNAPSHOT,FILE-053,r860
MAT-e5e2db228a084af3,MAT-e5e2db228a084af3,"Шерсть, черно-белый леопард 8-043",8-043,4.5,9000.0,2000.0,2026-05-31,Основной склад,STOCK_SNAPSHOT,FILE-053,r861
MAT-b6e974df497a9d00,MAT-b6e974df497a9d00,"Шерсть, черный 8-047",8-047,6.7,13400.0,2000.0,2026-05-31,Основной склад,STOCK_SNAPSHOT,FILE-053,r862
MAT-8766ad99c60763a4,MAT-8766ad99c60763a4,"Шерсть, черный 8-073",8-073,10.9,18530.0,1700.0,2026-05-31,Основной склад,STOCK_SNAPSHOT,FILE-053,r863
MAT-f1cb514ec3338c57,MAT-f1cb514ec3338c57,"Шерсть, черный 8-075",8-075,7.15,17875.0,2500.0,2026-05-31,Основной склад,STOCK_SNAPSHOT,FILE-053,r864
MAT-ddbc5c6965699277,MAT-ddbc5c6965699277,"Шерсть, черный 8-O-001",,2.9,3190.0,1100.0,2026-05-31,Основной склад,STOCK_SNAPSHOT,FILE-053,r865
MAT-f7a89d4c74dac8a1,MAT-f7a89d4c74dac8a1,"Шерсть, черный в крапинку 8-O-015",,2.6,3900.0,1500.0,2026-05-31,Основной склад,STOCK_SNAPSHOT,FILE-053,r866
MAT-4195522f6f30454a,MAT-4195522f6f30454a,"Шерсть, черный в полоску 8-O-012",,3.0,6000.0,2000.0,2026-05-31,Основной склад,STOCK_SNAPSHOT,FILE-053,r867
MAT-df69ffcf7717bf52,MAT-df69ffcf7717bf52,"Шерсть, черный в синюю полоску 8-008",8-008,4.65,9300.0,2000.0,2026-05-31,Основной склад,STOCK_SNAPSHOT,FILE-053,r868
MAT-7a68f9a17cbd83ad,MAT-7a68f9a17cbd83ad,"Шифон ,принт зебра коричневая 19-019",19-019,5.75,11500.0,2000.0,2026-05-31,Основной склад,STOCK_SNAPSHOT,FILE-053,r869
MAT-74d0ee05e2614453,MAT-74d0ee05e2614453,Шифон авторский гдевочки синий 19A-020,,56.0,140000.0,2500.0,2026-05-31,Основной склад,STOCK_SNAPSHOT,FILE-053,r870
MAT-15672d21ab82ebaf,MAT-15672d21ab82ebaf,Шифон авторский гортензия 19A-018,,41.0,96965.0,2365.0,2026-05-31,Основной склад,STOCK_SNAPSHOT,FILE-053,r871
MAT-0194e36c1b1d927f,MAT-0194e36c1b1d927f,Шифон авторский мелкие цветы 19A-019,,50.3,118959.5,2365.0,2026-05-31,Основной склад,STOCK_SNAPSHOT,FILE-053,r872
MAT-5c0094b85a23f404,MAT-5c0094b85a23f404,Шифон баклажановый 18-004,18-004,17.7,23010.0,1300.0,2026-05-31,Основной склад,STOCK_SNAPSHOT,FILE-053,r873
MAT-48181b217ff62c1d,MAT-48181b217ff62c1d,"Шифон баклажановый, принт желтый горох 19-028",19-028,20.8,41600.0,2000.0,2026-05-31,Основной склад,STOCK_SNAPSHOT,FILE-053,r874
MAT-7d4b5f31721d2954,MAT-7d4b5f31721d2954,Шифон бежевый 18-016,18-016,55.0,49500.0,900.0,2026-05-31,Основной склад,STOCK_SNAPSHOT,FILE-053,r875
MAT-c163fbfd2e192083,MAT-c163fbfd2e192083,Шифон бежевый креповый 18-012,18-012,6.0,10560.0,1760.0,2026-05-31,Основной склад,STOCK_SNAPSHOT,FILE-053,r876
MAT-cb8290de67b37457,MAT-cb8290de67b37457,"Шифон бежевый, принт горох 19A-013",,24.55,56465.0,2300.0,2026-05-31,Основной склад,STOCK_SNAPSHOT,FILE-053,r877
MAT-77825266d221a7c6,MAT-77825266d221a7c6,Шифон белый 18-015,18-015,41.9,48851.2,1165.9,2026-05-31,Основной склад,STOCK_SNAPSHOT,FILE-053,r878
MAT-f42480bb7e88f67e,MAT-f42480bb7e88f67e,"Шифон белый жатый, принт листья 19-005",19-005,7.0,17500.0,2500.0,2026-05-31,Основной склад,STOCK_SNAPSHOT,FILE-053,r879
MAT-69a864ce3b1122aa,MAT-69a864ce3b1122aa,"Шифон белый, принт гжель 19-026",19-026,6.3,12600.0,2000.0,2026-05-31,Основной склад,STOCK_SNAPSHOT,FILE-053,r880
MAT-b573d51417957117,MAT-b573d51417957117,"Шифон белый, принт гжель купоны 19A-011",,11.05,25415.0,2300.0,2026-05-31,Основной склад,STOCK_SNAPSHOT,FILE-053,r881
MAT-865d82bd2388e91e,MAT-865d82bd2388e91e,"Шифон белый, принт горох 19-003",19-003,7.6,15200.0,2000.0,2026-05-31,Основной склад,STOCK_SNAPSHOT,FILE-053,r882
MAT-be81ed6dfe71ae65,MAT-be81ed6dfe71ae65,"Шифон белый, принт крупный микс 19A-003",,8.6,19780.0,2300.0,2026-05-31,Основной склад,STOCK_SNAPSHOT,FILE-053,r883
MAT-199b58183d1ed5b4,MAT-199b58183d1ed5b4,"Шифон белый, принт полоска 19-007",19-007,16.1,32200.0,2000.0,2026-05-31,Основной склад,STOCK_SNAPSHOT,FILE-053,r884
MAT-ff7622e2dd0f0466,MAT-ff7622e2dd0f0466,Шифон бирюзовый 18-018,18-018,23.4,21060.0,900.0,2026-05-31,Основной склад,STOCK_SNAPSHOT,FILE-053,r885
MAT-36bff514f6123ed1,MAT-36bff514f6123ed1,Шифон бирюзовый креповый 18-009,18-009,4.0,7040.0,1760.0,2026-05-31,Основной склад,STOCK_SNAPSHOT,FILE-053,r886
MAT-78d658886663ea75,MAT-78d658886663ea75,"Шифон бирюзовый, принт крупный микс 19A-006",,29.5,67850.0,2300.0,2026-05-31,Основной склад,STOCK_SNAPSHOT,FILE-053,r887
MAT-a8a62219773e60be,MAT-a8a62219773e60be,Шифон бледно-розовый 18-001,18-001,9.0,11700.0,1300.0,2026-05-31,Основной склад,STOCK_SNAPSHOT,FILE-053,r888
MAT-a9c56e73d376941c,MAT-a9c56e73d376941c,Шифон голубой 18-017,18-017,20.1,18090.0,900.0,2026-05-31,Основной склад,STOCK_SNAPSHOT,FILE-053,r889
MAT-f406362ed60e5b26,MAT-f406362ed60e5b26,Шифон голубой креповый 18-010,18-010,13.8,24288.0,1760.0,2026-05-31,Основной склад,STOCK_SNAPSHOT,FILE-053,r890
MAT-2876447de7fc23de,MAT-2876447de7fc23de,"Шифон голубой, принт крупный микс 19A-005",,21.4,49220.0,2300.0,2026-05-31,Основной склад,STOCK_SNAPSHOT,FILE-053,r891
MAT-aff85f3baf9f7b11,MAT-aff85f3baf9f7b11,"Шифон голубой, принт темно-синий горох 19-027",19-027,16.4,32800.0,2000.0,2026-05-31,Основной склад,STOCK_SNAPSHOT,FILE-053,r892
MAT-ba7a524540fab04a,MAT-ba7a524540fab04a,"Шифон голубой, принт тюльпаны 19-009",19-009,4.0,8000.0,2000.0,2026-05-31,Основной склад,STOCK_SNAPSHOT,FILE-053,r893
MAT-ae1cade512383ee8,MAT-ae1cade512383ee8,Шифон желтый 18-006,18-006,21.0,18900.0,900.0,2026-05-31,Основной склад,STOCK_SNAPSHOT,FILE-053,r894
MAT-bb05e6d9c16281ca,MAT-bb05e6d9c16281ca,Шифон желтый 18-008,18-008,41.5,37350.0,900.0,2026-05-31,Основной склад,STOCK_SNAPSHOT,FILE-053,r895
MAT-c5b3194f4c054047,MAT-c5b3194f4c054047,"Шифон желтый, принт зеленый 19-025",19-025,4.5,9000.0,2000.0,2026-05-31,Основной склад,STOCK_SNAPSHOT,FILE-053,r896
MAT-57a73dcde14b125d,MAT-57a73dcde14b125d,"Шифон желтый, принт крупный микс 19A-004",,30.0,69000.0,2300.0,2026-05-31,Основной склад,STOCK_SNAPSHOT,FILE-053,r897
MAT-1c08da40c17f5cfb,MAT-1c08da40c17f5cfb,Шифон зеленый 18-024,18-024,132.1,118890.0,900.0,2026-05-31,Основной склад,STOCK_SNAPSHOT,FILE-053,r898
MAT-d196835b3c67ab95,MAT-d196835b3c67ab95,Шифон зеленый креповый 18-011,18-011,42.9,75504.0,1760.0,2026-05-31,Основной склад,STOCK_SNAPSHOT,FILE-053,r899
MAT-908514bd58ff37bd,MAT-908514bd58ff37bd,"Шифон зеленый, принт крупный микс 19A-010",,14.1,32430.0,2300.0,2026-05-31,Основной склад,STOCK_SNAPSHOT,FILE-053,r900
MAT-091b731aacda9863,MAT-091b731aacda9863,"Шифон искусственный, гортензия, 18-И-003",,46.8,23400.0,500.0,2026-05-31,Основной склад,STOCK_SNAPSHOT,FILE-053,r901
MAT-ec7162913c6a7d74,MAT-ec7162913c6a7d74,"Шифон искусственный, желтый 18-И-007",,5.0,1900.0,380.0,2026-05-31,Основной склад,STOCK_SNAPSHOT,FILE-053,r902
MAT-5ccf242369d604e8,MAT-5ccf242369d604e8,"Шифон искусственный, красный, 18-И-006",,8.0,3040.0,380.0,2026-05-31,Основной склад,STOCK_SNAPSHOT,FILE-053,r903
MAT-46e0303708a3eed0,MAT-46e0303708a3eed0,"Шифон искусственный, розовый 18-И-008",,5.8,2204.0,380.0,2026-05-31,Основной склад,STOCK_SNAPSHOT,FILE-053,r904
MAT-606cd508b3fe353f,MAT-606cd508b3fe353f,"Шифон искусственный, фиолетовый, 18-И-005",,24.4,9272.0,380.0,2026-05-31,Основной склад,STOCK_SNAPSHOT,FILE-053,r905
MAT-d7945f027df81d52,MAT-d7945f027df81d52,"Шифон искусственный, цветы, 18-И-004",,50.0,25000.0,500.0,2026-05-31,Основной склад,STOCK_SNAPSHOT,FILE-053,r906
MAT-62ac806c732852ab,MAT-62ac806c732852ab,Шифон коралловый 18-030,18-030,24.5,22050.0,900.0,2026-05-31,Основной склад,STOCK_SNAPSHOT,FILE-053,r907
MAT-0d22382690b9beaf,MAT-0d22382690b9beaf,"Шифон коричневый, принт полоска 19-020",19-020,8.0,16000.0,2000.0,2026-05-31,Основной склад,STOCK_SNAPSHOT,FILE-053,r908
MAT-6dfa6ed913d87cc0,MAT-6dfa6ed913d87cc0,Шифон красный 18-036,18-036,123.9,111510.0,900.0,2026-05-31,Основной склад,STOCK_SNAPSHOT,FILE-053,r909
MAT-fded34d289037919,MAT-fded34d289037919,"Шифон красный, принт крупный микс 19A-008",,15.4,35420.0,2300.0,2026-05-31,Основной склад,STOCK_SNAPSHOT,FILE-053,r910
MAT-a55463d6fbc5d803,MAT-a55463d6fbc5d803,Шифон малиновый 18-049,18-049,26.35,34255.0,1300.0,2026-05-31,Основной склад,STOCK_SNAPSHOT,FILE-053,r911
MAT-fe1c982b69cc452e,MAT-fe1c982b69cc452e,Шифон молочный креповый 18-014,18-014,10.0,17600.0,1760.0,2026-05-31,Основной склад,STOCK_SNAPSHOT,FILE-053,r912
MAT-d0d89765ec6dfe04,MAT-d0d89765ec6dfe04,Шифон морковный 18-035,18-035,33.2,29880.0,900.0,2026-05-31,Основной склад,STOCK_SNAPSHOT,FILE-053,r913
MAT-e2560c9cceafbe43,MAT-e2560c9cceafbe43,Шифон морская волна 18-023,18-023,24.2,31460.0,1300.0,2026-05-31,Основной склад,STOCK_SNAPSHOT,FILE-053,r914
MAT-607107c2333c5fdd,MAT-607107c2333c5fdd,Шифон мятный 18-025,18-025,57.8,52020.0,900.0,2026-05-31,Основной склад,STOCK_SNAPSHOT,FILE-053,r915
MAT-8c680e0ee14eb936,MAT-8c680e0ee14eb936,Шифон оранжевый 18-029,18-029,37.7,33930.0,900.0,2026-05-31,Основной склад,STOCK_SNAPSHOT,FILE-053,r916
MAT-d5d11998642b4258,MAT-d5d11998642b4258,Шифон оранжевый креповый 18-043,18-043,16.5,28875.0,1750.0,2026-05-31,Основной склад,STOCK_SNAPSHOT,FILE-053,r917
MAT-d0250c44e25d1656,MAT-d0250c44e25d1656,"Шифон оранжевый, принт цветы 19-024",19-024,19.0,38000.0,2000.0,2026-05-31,Основной склад,STOCK_SNAPSHOT,FILE-053,r918
MAT-b485b30109733d1e,MAT-b485b30109733d1e,Шифон персиковый 18-052,18-052,14.65,17580.0,1200.0,2026-05-31,Основной склад,STOCK_SNAPSHOT,FILE-053,r919
MAT-5da669d619d4f0bd,MAT-5da669d619d4f0bd,"Шифон розовый ""любовь"" 18-031",18-031,6.3,5670.0,900.0,2026-05-31,Основной склад,STOCK_SNAPSHOT,FILE-053,r920
MAT-fd93278adb5041b7,MAT-fd93278adb5041b7,Шифон розовый 18-032,18-032,6.3,8190.0,1300.0,2026-05-31,Основной склад,STOCK_SNAPSHOT,FILE-053,r921
MAT-d75e71347618ec34,MAT-d75e71347618ec34,Шифон розовый 18-042,18-042,36.4,64064.0,1760.0,2026-05-31,Основной склад,STOCK_SNAPSHOT,FILE-053,r922
MAT-8d9d797c8300b2c8,MAT-8d9d797c8300b2c8,Шифон розовый 18-051,18-051,8.5,11050.0,1300.0,2026-05-31,Основной склад,STOCK_SNAPSHOT,FILE-053,r923
MAT-810e24ff9fbc3b02,MAT-810e24ff9fbc3b02,Шифон розовый креповый 18-037,18-037,16.0,20800.0,1300.0,2026-05-31,Основной склад,STOCK_SNAPSHOT,FILE-053,r924
MAT-3cb25ba2d9e87d64,MAT-3cb25ba2d9e87d64,Шифон розовый креповый 18-041,18-041,8.9,15664.0,1760.0,2026-05-31,Основной склад,STOCK_SNAPSHOT,FILE-053,r925
MAT-7cee099dbf6d6a76,MAT-7cee099dbf6d6a76,"Шифон розовый, принт крупный микс 19A-009",,13.5,31050.0,2300.0,2026-05-31,Основной склад,STOCK_SNAPSHOT,FILE-053,r926
MAT-4c918b3278d7467e,MAT-4c918b3278d7467e,Шифон светло зеленый 18-005,18-005,9.0,11700.0,1300.0,2026-05-31,Основной склад,STOCK_SNAPSHOT,FILE-053,r927
MAT-1c972d77d46bd076,MAT-1c972d77d46bd076,Шифон светло-зеленый жатый 18-007,18-007,10.5,13650.0,1300.0,2026-05-31,Основной склад,STOCK_SNAPSHOT,FILE-053,r928
MAT-4d8e080c65695e19,MAT-4d8e080c65695e19,Шифон светло-мятный 18-026,18-026,1.0,900.0,900.0,2026-05-31,Основной склад,STOCK_SNAPSHOT,FILE-053,r929
MAT-a9ae2a325e8f5675,MAT-a9ae2a325e8f5675,Шифон светло-серый 18-022,18-022,13.5,16200.0,1200.0,2026-05-31,Основной склад,STOCK_SNAPSHOT,FILE-053,r930
MAT-dde924f32278f441,MAT-dde924f32278f441,"Шифон светлый, принт купон баклажан 19-013",19-013,10.0,20000.0,2000.0,2026-05-31,Основной склад,STOCK_SNAPSHOT,FILE-053,r931
MAT-334f1f93d8cad083,MAT-334f1f93d8cad083,Шифон серо-голубой 18-002,18-002,42.0,37800.0,900.0,2026-05-31,Основной склад,STOCK_SNAPSHOT,FILE-053,r932
MAT-1dfdf54106ee229e,MAT-1dfdf54106ee229e,"Шифон серый жатый, принт розовые листья 19-006",19-006,5.2,13000.0,2500.0,2026-05-31,Основной склад,STOCK_SNAPSHOT,FILE-053,r933
MAT-1b1e02e3f274bb79,MAT-1b1e02e3f274bb79,Шифон серый креповый 18-040,18-040,12.2,21472.0,1760.0,2026-05-31,Основной склад,STOCK_SNAPSHOT,FILE-053,r934
MAT-99cbea8c73e31283,MAT-99cbea8c73e31283,"Шифон серый, принт белый горох 19-029",19-029,5.6,11200.0,2000.0,2026-05-31,Основной склад,STOCK_SNAPSHOT,FILE-053,r935
MAT-bdea8f8b8acd7c6a,MAT-bdea8f8b8acd7c6a,Шифон синий 18-020,18-020,94.2,102376.51,1086.8,2026-05-31,Основной склад,STOCK_SNAPSHOT,FILE-053,r936
MAT-f7c2c16d747bb0a6,MAT-f7c2c16d747bb0a6,Шифон синий креповый 18-044,18-044,5.3,9328.0,1760.0,2026-05-31,Основной склад,STOCK_SNAPSHOT,FILE-053,r937
MAT-078b6ede331ba462,MAT-078b6ede331ba462,Шифон синий креповый 18-050,18-050,8.0,14000.0,1750.0,2026-05-31,Основной склад,STOCK_SNAPSHOT,FILE-053,r938
MAT-20d0f2f9a21be65d,MAT-20d0f2f9a21be65d,Шифон синий с люрексом 19-010,19-010,6.0,15000.0,2500.0,2026-05-31,Основной склад,STOCK_SNAPSHOT,FILE-053,r939
MAT-0a4adc08c72d7a3b,MAT-0a4adc08c72d7a3b,"Шифон синий, печворк 19-018",19-018,28.8,57600.0,2000.0,2026-05-31,Основной склад,STOCK_SNAPSHOT,FILE-053,r940
MAT-89b2984d828260ce,MAT-89b2984d828260ce,"Шифон синий, принт крупный микс 19A-007",,8.65,19895.0,2300.0,2026-05-31,Основной склад,STOCK_SNAPSHOT,FILE-053,r941
MAT-6663a636cba96d0e,MAT-6663a636cba96d0e,Шифон сиреневый 18-047,18-047,54.0,48600.0,900.0,2026-05-31,Основной склад,STOCK_SNAPSHOT,FILE-053,r942
MAT-3aca4e626a0b1c16,MAT-3aca4e626a0b1c16,Шифон темно-голубой 18-019,18-019,58.8,76440.0,1300.0,2026-05-31,Основной склад,STOCK_SNAPSHOT,FILE-053,r943
MAT-ce0239b84e90003e,MAT-ce0239b84e90003e,Шифон фиолетовый 18-048,18-048,16.4,14760.0,900.0,2026-05-31,Основной склад,STOCK_SNAPSHOT,FILE-053,r944
MAT-c7b9f80159091400,MAT-c7b9f80159091400,Шифон фуксия 18-034,18-034,7.8,7020.0,900.0,2026-05-31,Основной склад,STOCK_SNAPSHOT,FILE-053,r945
MAT-d0ada1df497f963e,MAT-d0ada1df497f963e,"Шифон цветной, принт капли зеленые 19-030",19-030,7.25,14500.0,2000.0,2026-05-31,Основной склад,STOCK_SNAPSHOT,FILE-053,r946
MAT-b9858870b7ae6ace,MAT-b9858870b7ae6ace,"Шифон цветной, принт купон коралл 19-022",19-022,21.0,42000.0,2000.0,2026-05-31,Основной склад,STOCK_SNAPSHOT,FILE-053,r947
MAT-f7ac6b8f5bdf8eb5,MAT-f7ac6b8f5bdf8eb5,"Шифон цветной, принт купон оранжевый 19-023",19-023,20.6,41200.0,2000.0,2026-05-31,Основной склад,STOCK_SNAPSHOT,FILE-053,r948
MAT-dae49071b7810a3d,MAT-dae49071b7810a3d,"Шифон цветной, принт пионы 19-011",19-011,4.0,8000.0,2000.0,2026-05-31,Основной склад,STOCK_SNAPSHOT,FILE-053,r949
MAT-9024932e0f8bf366,MAT-9024932e0f8bf366,Шифон черный 18-039,18-039,7.3,8604.99,1178.77,2026-05-31,Основной склад,STOCK_SNAPSHOT,FILE-053,r950
MAT-c2304f35b9cca730,MAT-c2304f35b9cca730,Шифон-туаль зеленый 18-046,18-046,14.1,24816.0,1760.0,2026-05-31,Основной склад,STOCK_SNAPSHOT,FILE-053,r951
MAT-4f6a48e4e0df10eb,MAT-4f6a48e4e0df10eb,"Шифон, серый с принтом ""розовые листья"" 19A-017",,29.6,68080.0,2300.0,2026-05-31,Основной склад,STOCK_SNAPSHOT,FILE-053,r952
MAT-7464f9fb00b7b308,MAT-7464f9fb00b7b308,"Эко кожа, коричневая 25-011",25-011,9.8,6860.0,700.0,2026-05-31,Основной склад,STOCK_SNAPSHOT,FILE-053,r953
MAT-3ae3c4643940ae5e,MAT-3ae3c4643940ae5e,"Эко кожа, розовая 25-009",25-009,27.7,19390.0,700.0,2026-05-31,Основной склад,STOCK_SNAPSHOT,FILE-053,r954
MAT-4aef2abe5eae2aad,MAT-4aef2abe5eae2aad,"Эко кожа, черный 25-010",25-010,14.5,10150.0,700.0,2026-05-31,Основной склад,STOCK_SNAPSHOT,FILE-053,r955
MAT-5ac968311dec2c6a,MAT-5ac968311dec2c6a,Атлас (дюшес) темно-коричневый  20-006,20-006,2.5,1750.0,700.0,2026-05-31,Основной склад,STOCK_SNAPSHOT,FILE-053,r957
MAT-300f63c5e156ec4c,MAT-300f63c5e156ec4c,"Бархат стрейч, бирюзовый 6-049",6-049,6.0,2460.0,410.0,2026-05-31,Основной склад,STOCK_SNAPSHOT,FILE-053,r958
MAT-653b40e0e37dcb29,MAT-653b40e0e37dcb29,"Бархат стрейч, серо-зеленый 6-050",6-050,6.0,2460.0,410.0,2026-05-31,Основной склад,STOCK_SNAPSHOT,FILE-053,r959
MAT-cb2dc898b2338b09,MAT-cb2dc898b2338b09,"Бархат стрейч, черный 6-030",6-030,84.7,43400.19,512.4,2026-05-31,Основной склад,STOCK_SNAPSHOT,FILE-053,r960
MAT-6575a1a2a8588039,MAT-6575a1a2a8588039,"Бархат х/б, светло-голубой 6-013",6-013,2.3,3795.0,1650.0,2026-05-31,Основной склад,STOCK_SNAPSHOT,FILE-053,r961
MAT-a9f66ec16f78c34b,MAT-a9f66ec16f78c34b,"Батист белый, 4-023",4-023,30.0,6147.6,204.92,2026-05-31,Основной склад,STOCK_SNAPSHOT,FILE-053,r962
MAT-f1f5e56c4cf861fa,MAT-f1f5e56c4cf861fa,"Батист розовый, 4-049",4-049,4.0,1260.0,315.0,2026-05-31,Основной склад,STOCK_SNAPSHOT,FILE-053,r963
MAT-d4b53c99ac93fc62,MAT-d4b53c99ac93fc62,"Батист черный, 4-024",4-024,30.0,5996.82,199.89,2026-05-31,Основной склад,STOCK_SNAPSHOT,FILE-053,r964
MAT-70a7a59485477aab,MAT-70a7a59485477aab,Бязь макетная 4-007,4-007,50.7,5119.69,100.98,2026-05-31,Основной склад,STOCK_SNAPSHOT,FILE-053,r965
MAT-a64565149a91a3bb,MAT-a64565149a91a3bb,"Вечерняя ткань белая сетка с перьями, расшивкой пайетками 12-090",12-090,36.2,277320.0,7660.77,2026-05-31,Основной склад,STOCK_SNAPSHOT,FILE-053,r966
MAT-8af724e0cf1a2d09,MAT-8af724e0cf1a2d09,"Вечерняя ткань серая сетка с перьями, расшивкой пайетками 12-088",12-088,6.9,129030.0,18700.0,2026-05-31,Основной склад,STOCK_SNAPSHOT,FILE-053,r967
MAT-89e51c9e4d057aa3,MAT-89e51c9e4d057aa3,Вечерняя ткань синие пайетки на сетке 12-069,12-069,0.5,300.0,600.0,2026-05-31,Основной склад,STOCK_SNAPSHOT,FILE-053,r968
MAT-9d3c0c61d0ecf71c,MAT-9d3c0c61d0ecf71c,Вечерняя ткань черная сетка с перьями 12-091,12-091,5.15,231750.0,45000.0,2026-05-31,Основной склад,STOCK_SNAPSHOT,FILE-053,r969
MAT-49577d55cbfb7d92,MAT-49577d55cbfb7d92,Вечерняя ткань черная сетка с перьями и пайетками 12-094,12-094,15.5,118402.78,7638.89,2026-05-31,Основной склад,STOCK_SNAPSHOT,FILE-053,r970
MAT-522a890adb3f4dd0,MAT-522a890adb3f4dd0,"Вечерняя ткань черная сетка с перьями, расшивкой пайетками 12-087",12-087,10.5,77700.0,7400.0,2026-05-31,Основной склад,STOCK_SNAPSHOT,FILE-053,r971
MAT-8cadf70205d3594f,MAT-8cadf70205d3594f,"Вечерняя ткань, черные пайетки на сетке 12-021",12-021,15.0,22500.0,1500.0,2026-05-31,Основной склад,STOCK_SNAPSHOT,FILE-053,r972
MAT-2ca6001714de8a84,MAT-2ca6001714de8a84,"Джинсовая ткань, молочная 4-042",4-042,17.5,14363.9,820.79,2026-05-31,Основной склад,STOCK_SNAPSHOT,FILE-053,r973
MAT-6da47f58d728476c,MAT-6da47f58d728476c,"Джинсовая ткань, черная 4-043",4-043,9.0,7290.37,810.04,2026-05-31,Основной склад,STOCK_SNAPSHOT,FILE-053,r974
MAT-5a4ca80c7e062f2f,MAT-5a4ca80c7e062f2f,"Дюшес, золотой 5-019",5-019,2.0,7000.0,3500.0,2026-05-31,Основной склад,STOCK_SNAPSHOT,FILE-053,r975
MAT-f5b2f019d0d5e8fb,MAT-f5b2f019d0d5e8fb,"Дюшес, сиреневый 5-005",5-005,5.0,11000.0,2200.0,2026-05-31,Основной склад,STOCK_SNAPSHOT,FILE-053,r976
MAT-511779ca83c6f090,MAT-511779ca83c6f090,"Дюшес, фиолетовый 5-020",5-020,2.0,7000.0,3500.0,2026-05-31,Основной склад,STOCK_SNAPSHOT,FILE-053,r977
MAT-16e1d96752cbd1cf,MAT-16e1d96752cbd1cf,"Креп синтетический, черный 10А-001",,36.5,13494.25,369.71,2026-05-31,Основной склад,STOCK_SNAPSHOT,FILE-053,r978
MAT-9bad00d3a53a50cc,MAT-9bad00d3a53a50cc,"Кружево, белый 13-097",13-097,13.0,13000.0,1000.0,2026-05-31,Основной склад,STOCK_SNAPSHOT,FILE-053,r979
MAT-363daab10ba15d45,MAT-363daab10ba15d45,"Кружево, черный 13-031",13-031,2.15,2150.0,1000.0,2026-05-31,Основной склад,STOCK_SNAPSHOT,FILE-053,r980
MAT-d877effce749153f,MAT-d877effce749153f,"Кружево, черный 13-034",13-034,6.0,6000.0,1000.0,2026-05-31,Основной склад,STOCK_SNAPSHOT,FILE-053,r981
MAT-804fd341f6894519,MAT-804fd341f6894519,"Кружево, черный 13-096",13-096,13.8,13800.0,1000.0,2026-05-31,Основной склад,STOCK_SNAPSHOT,FILE-053,r982
MAT-daf46f2b8f5a9e4f,MAT-daf46f2b8f5a9e4f,"Сетка, розовый 22-030",22-030,0.5,150.0,300.0,2026-05-31,Основной склад,STOCK_SNAPSHOT,FILE-053,r983
MAT-743ca5e0c4c80969,MAT-743ca5e0c4c80969,"Сетка, черный 22-032",22-032,50.0,5500.0,110.0,2026-05-31,Основной склад,STOCK_SNAPSHOT,FILE-053,r984
MAT-7406b5d822900aea,MAT-7406b5d822900aea,Синтетическая ткань белый эко-шелк 20-015,20-015,30.0,8579.66,285.99,2026-05-31,Основной склад,STOCK_SNAPSHOT,FILE-053,r985
MAT-13f860e242c91c67,MAT-13f860e242c91c67,Синтетическая ткань зеленый эко-шелк 20-024,20-024,2.0,600.0,300.0,2026-05-31,Основной склад,STOCK_SNAPSHOT,FILE-053,r986
MAT-63d2a29fc40d679a,MAT-63d2a29fc40d679a,Синтетическая ткань черный- атлас плотный 20-028,20-028,3.5,3850.0,1100.0,2026-05-31,Основной склад,STOCK_SNAPSHOT,FILE-053,r987
MAT-2ac21573e7fb0a6c,MAT-2ac21573e7fb0a6c,"Тафта-хамелеон, бежевый с синим 2-И-001",,5.0,11000.0,2200.0,2026-05-31,Основной склад,STOCK_SNAPSHOT,FILE-053,r988
MAT-119399c14d94db02,MAT-119399c14d94db02,"Тафта, морская волна 2-040",2-040,5.0,11000.0,2200.0,2026-05-31,Основной склад,STOCK_SNAPSHOT,FILE-053,r989
MAT-21e90d19854bcfa2,MAT-21e90d19854bcfa2,"Тафта, темно-бежевый 2-038",2-038,5.0,11000.0,2200.0,2026-05-31,Основной склад,STOCK_SNAPSHOT,FILE-053,r990
MAT-576ec7ec3cce794e,MAT-576ec7ec3cce794e,"Тафта, фиолетовый 2-041",2-041,5.0,11000.0,2200.0,2026-05-31,Основной склад,STOCK_SNAPSHOT,FILE-053,r991
MAT-ec6f79b75a14bb42,MAT-ec6f79b75a14bb42,"Трикотаж, черный 23-022",23-022,2.3,1495.0,650.0,2026-05-31,Основной склад,STOCK_SNAPSHOT,FILE-053,r992
MAT-628bf7418d348c11,MAT-628bf7418d348c11,"Трикотаж, черный, лапша тонкая 23-062",23-062,4.0,2600.0,650.0,2026-05-31,Основной склад,STOCK_SNAPSHOT,FILE-053,r993
MAT-4a365d5a98bc0341,MAT-4a365d5a98bc0341,Х/Б батист балет на белом 4А-032,,6.0,7064.19,1177.37,2026-05-31,Основной склад,STOCK_SNAPSHOT,FILE-053,r994
MAT-42c14483105f6269,MAT-42c14483105f6269,Х/Б батист девочки Y на белом 4А-037,,11.0,11000.0,1000.0,2026-05-31,Основной склад,STOCK_SNAPSHOT,FILE-053,r995
MAT-14e386f09040927d,MAT-14e386f09040927d,Х/Б батист девочки Y на синем 4А-036,,6.0,6000.0,1000.0,2026-05-31,Основной склад,STOCK_SNAPSHOT,FILE-053,r996
MAT-dd451b1fb63aa5fd,MAT-dd451b1fb63aa5fd,Х/Б батист девочки Y на черном 4А-035,,5.0,5000.0,1000.0,2026-05-31,Основной склад,STOCK_SNAPSHOT,FILE-053,r997
MAT-2b8fab7ada05a242,MAT-2b8fab7ada05a242,Х/Б батист крупные разводы 4А-003,,6.0,6000.0,1000.0,2026-05-31,Основной склад,STOCK_SNAPSHOT,FILE-053,r998
MAT-33d47435abed8e34,MAT-33d47435abed8e34,Х/Б батист микс крупный синий 4А-041,,5.0,5000.0,1000.0,2026-05-31,Основной склад,STOCK_SNAPSHOT,FILE-053,r999
MAT-e76b97b5bf4e0be2,MAT-e76b97b5bf4e0be2,Х/Б батист микс крупный черный 4А-040,,3.0,3000.0,1000.0,2026-05-31,Основной склад,STOCK_SNAPSHOT,FILE-053,r1000
MAT-61952b80ea70e208,MAT-61952b80ea70e208,"Х/Б вышитый  мелкими ромбиками, 4-011",4-011,8.0,5600.0,700.0,2026-05-31,Основной склад,STOCK_SNAPSHOT,FILE-053,r1001
MAT-fda4420044c6ce6b,MAT-fda4420044c6ce6b,"Х/Б горошек крупный, розовый фон, 4А-093",,16.0,19360.0,1210.0,2026-05-31,Основной склад,STOCK_SNAPSHOT,FILE-053,r1002
MAT-0dacdc48d817d9d2,MAT-0dacdc48d817d9d2,"Х/Б горошек, белый фон, 4А-088",,18.5,22385.0,1210.0,2026-05-31,Основной склад,STOCK_SNAPSHOT,FILE-053,r1003
MAT-eccee20d54739bac,MAT-eccee20d54739bac,"Х/Б горошек, голубой фон, 4А-090",,16.0,19360.0,1210.0,2026-05-31,Основной склад,STOCK_SNAPSHOT,FILE-053,r1004
MAT-eb9400bc7c75dbdf,MAT-eb9400bc7c75dbdf,"Х/Б горошек, розовый фон, 4А-089",,15.0,18150.0,1210.0,2026-05-31,Основной склад,STOCK_SNAPSHOT,FILE-053,r1005
MAT-1b1874b66e2a8ec9,MAT-1b1874b66e2a8ec9,"Х/Б горошек, черный фон, 4А-087",,18.0,21780.0,1210.0,2026-05-31,Основной склад,STOCK_SNAPSHOT,FILE-053,r1006
MAT-9a7043635ba3b556,MAT-9a7043635ba3b556,"Х/Б кайма,бело-голубая, 4А-103",,34.0,2285.48,67.22,2026-05-31,Основной склад,STOCK_SNAPSHOT,FILE-053,r1007
MAT-77ed56a19418dcd5,MAT-77ed56a19418dcd5,"Х/Б кайма,бело-зеленая, 4А-102",,42.5,2856.85,67.22,2026-05-31,Основной склад,STOCK_SNAPSHOT,FILE-053,r1008
MAT-eb4034f865c30901,MAT-eb4034f865c30901,"Х/Б кайма,бело-розовая, 4А-104",,34.0,2285.48,67.22,2026-05-31,Основной склад,STOCK_SNAPSHOT,FILE-053,r1009
MAT-2efd6ee9075f119e,MAT-2efd6ee9075f119e,"Х/Б кайма,зелено-черная, 4А-101",,42.5,2856.85,67.22,2026-05-31,Основной склад,STOCK_SNAPSHOT,FILE-053,r1010
MAT-ceb5a2dce48163bc,MAT-ceb5a2dce48163bc,"Х/Б овощи, голубой фон, 4А-094",,24.6,29766.0,1210.0,2026-05-31,Основной склад,STOCK_SNAPSHOT,FILE-053,r1011
MAT-eff099a171a8513c,MAT-eff099a171a8513c,"Х/Б папайя, бирюзовый фон, 4А-096",,24.6,29766.0,1210.0,2026-05-31,Основной склад,STOCK_SNAPSHOT,FILE-053,r1012
MAT-03fc1c1cca3152d8,MAT-03fc1c1cca3152d8,"Х/Б папайя, светло-голубой фон, 4А-097",,24.6,29766.0,1210.0,2026-05-31,Основной склад,STOCK_SNAPSHOT,FILE-053,r1013
MAT-b8a6e82fd1fea6b4,MAT-b8a6e82fd1fea6b4,"Х/Б папайя, черный фон, 4А-095",,24.6,29987.13,1218.99,2026-05-31,Основной склад,STOCK_SNAPSHOT,FILE-053,r1014
MAT-04562b21af83ea06,MAT-04562b21af83ea06,"Х/Б перцы белый фон, 4А-091",,30.6,37168.11,1214.64,2026-05-31,Основной склад,STOCK_SNAPSHOT,FILE-053,r1015
MAT-5c936baa3c13d782,MAT-5c936baa3c13d782,"Х/Б перцы черный фон, 4А-092",,19.0,22990.0,1210.0,2026-05-31,Основной склад,STOCK_SNAPSHOT,FILE-053,r1016
MAT-43e99b55e5da2367,MAT-43e99b55e5da2367,"Х/Б рубашка-горох, белый, 4А-099",,25.0,36300.0,1452.0,2026-05-31,Основной склад,STOCK_SNAPSHOT,FILE-053,r1017
MAT-f7cd39076d56521e,MAT-f7cd39076d56521e,"Х/Б рубашка-горох, розовый, 4А-098",,26.0,36300.0,1396.15,2026-05-31,Основной склад,STOCK_SNAPSHOT,FILE-053,r1018
MAT-588e95cfeb9092b0,MAT-588e95cfeb9092b0,"Х/Б рубашка-перец белый, 4А-100",,25.0,36300.0,1452.0,2026-05-31,Основной склад,STOCK_SNAPSHOT,FILE-053,r1019
MAT-2016c6477650416d,MAT-2016c6477650416d,"Х/Б саржа, белый с принтом ""Y и девочки"" 4А-022",,4.5,6750.0,1500.0,2026-05-31,Основной склад,STOCK_SNAPSHOT,FILE-053,r1020
MAT-8d874acae0a99526,MAT-8d874acae0a99526,"Х/Б саржа, черный с принтом ""Y и девочки"" 4А-021",,5.0,7500.0,1500.0,2026-05-31,Основной склад,STOCK_SNAPSHOT,FILE-053,r1021
MAT-9abee54ce8d45331,MAT-9abee54ce8d45331,Х/Б Хлопок девочки Y черный 4А-056,,15.0,21750.0,1450.0,2026-05-31,Основной склад,STOCK_SNAPSHOT,FILE-053,r1022
MAT-6b772a5fa710cf9e,MAT-6b772a5fa710cf9e,Х/Б Хлопок микс средний розовый 4А-068,,8.0,11600.0,1450.0,2026-05-31,Основной склад,STOCK_SNAPSHOT,FILE-053,r1023
MAT-c97bbfa9035d6d2c,MAT-c97bbfa9035d6d2c,Х/Б Хлопок микс средний черный 4А-064,,5.5,7975.0,1450.0,2026-05-31,Основной склад,STOCK_SNAPSHOT,FILE-053,r1024
MAT-95eab074d1f30583,MAT-95eab074d1f30583,Х/Б Хлопок полоски роз/зел/роз 4А-074,,3.0,4443.75,1481.25,2026-05-31,Основной склад,STOCK_SNAPSHOT,FILE-053,r1025
MAT-e3f0d00f89c2e6dc,MAT-e3f0d00f89c2e6dc,"Х/Б черный, 4-032",4-032,6.5,1950.0,300.0,2026-05-31,Основной склад,STOCK_SNAPSHOT,FILE-053,r1026
MAT-024d926aebd821b5,MAT-024d926aebd821b5,"Х/Б штапель, белый 4Ш-001",,2.5,1000.0,400.0,2026-05-31,Основной склад,STOCK_SNAPSHOT,FILE-053,r1027
MAT-8886a925957d09a1,MAT-8886a925957d09a1,"Х/Б штапель, розовый 4Ш-004",,0.5,200.0,400.0,2026-05-31,Основной склад,STOCK_SNAPSHOT,FILE-053,r1028
MAT-4486e77a23146616,MAT-4486e77a23146616,"Хлопок молочный, 4-051",4-051,4.0,3000.0,750.0,2026-05-31,Основной склад,STOCK_SNAPSHOT,FILE-053,r1029
MAT-21e8cf42f3f9612d,MAT-21e8cf42f3f9612d,"Шелк белый, принт ""Y"" в ряд серые с черным 17A-057",,8.0,23200.0,2900.0,2026-05-31,Основной склад,STOCK_SNAPSHOT,FILE-053,r1030
MAT-2407f222cb12a55d,MAT-2407f222cb12a55d,"Шелк белый, принт грибы 17A-012",,2.5,7250.0,2900.0,2026-05-31,Основной склад,STOCK_SNAPSHOT,FILE-053,r1031
MAT-e80619dd3bb4d651,MAT-e80619dd3bb4d651,"Шелк белый, принт микс крупный 17A-029",,1.5,4350.0,2900.0,2026-05-31,Основной склад,STOCK_SNAPSHOT,FILE-053,r1032
MAT-308a2705aa538519,MAT-308a2705aa538519,"Шелк белый, принт оранжевый хаотичные ""Y"" 17A-017",,4.0,11600.0,2900.0,2026-05-31,Основной склад,STOCK_SNAPSHOT,FILE-053,r1033
MAT-fe687439b81384d3,MAT-fe687439b81384d3,"Шелк белый, принт перчики, 17А-060",,25.9,127520.11,4923.56,2026-05-31,Основной склад,STOCK_SNAPSHOT,FILE-053,r1034
MAT-c52de874b66107e7,MAT-c52de874b66107e7,"Шелк белый, принт полоски серые 17A-055",,1.5,4350.0,2900.0,2026-05-31,Основной склад,STOCK_SNAPSHOT,FILE-053,r1035
MAT-c033928f170b4501,MAT-c033928f170b4501,"Шелк белый, принт черный ""Y"" + балерины 17A-014",,3.0,8700.0,2900.0,2026-05-31,Основной склад,STOCK_SNAPSHOT,FILE-053,r1036
MAT-eb7a4d4ca1c0b08e,MAT-eb7a4d4ca1c0b08e,"Шелк бирюзовый, принт микс средний 17A-021",,2.5,7750.0,3100.0,2026-05-31,Основной склад,STOCK_SNAPSHOT,FILE-053,r1037
MAT-e7cfdfb0ccbeedae,MAT-e7cfdfb0ccbeedae,"Шелк голубой, принт микс средний 17A-022",,1.5,4350.0,2900.0,2026-05-31,Основной склад,STOCK_SNAPSHOT,FILE-053,r1038
MAT-3103b5eff0dd2b28,MAT-3103b5eff0dd2b28,"Шелк красный, принт микс средний 17A-023",,9.0,26100.0,2900.0,2026-05-31,Основной склад,STOCK_SNAPSHOT,FILE-053,r1039
MAT-e8e62c7566121742,MAT-e8e62c7566121742,"Шелк принт синие капли деграде, 17A-031",,6.45,19995.0,3100.0,2026-05-31,Основной склад,STOCK_SNAPSHOT,FILE-053,r1040
MAT-53451d3425508335,MAT-53451d3425508335,"Шелк розовый, принт микс крупный 17A-028",,1.5,4350.0,2900.0,2026-05-31,Основной склад,STOCK_SNAPSHOT,FILE-053,r1041
MAT-047d0f89234daed3,MAT-047d0f89234daed3,"Шелк серый, принт цветок 17A-049",,5.3,15370.0,2900.0,2026-05-31,Основной склад,STOCK_SNAPSHOT,FILE-053,r1042
MAT-253d8d44904cbe14,MAT-253d8d44904cbe14,"Шелк синий, принт грибы 17A-011",,3.5,10150.0,2900.0,2026-05-31,Основной склад,STOCK_SNAPSHOT,FILE-053,r1043
MAT-c78ddf9bcc7051e8,MAT-c78ddf9bcc7051e8,"Шелк синий, принт мелкие девочки 17A-006",,3.0,5400.0,1800.0,2026-05-31,Основной склад,STOCK_SNAPSHOT,FILE-053,r1044
MAT-b2e21494b8901df1,MAT-b2e21494b8901df1,"Шелк синий, принт микс средний 17A-020",,12.5,38750.0,3100.0,2026-05-31,Основной склад,STOCK_SNAPSHOT,FILE-053,r1045
MAT-eae8911aab9a8cce,MAT-eae8911aab9a8cce,"Шелк фуксия, принт цветок 17A-048",,5.34,15486.0,2900.0,2026-05-31,Основной склад,STOCK_SNAPSHOT,FILE-053,r1046
MAT-6d033159065639cc,MAT-6d033159065639cc,"Шелк черный, принт белый хаотичные ""Y"" 17А-015",,6.0,18600.0,3100.0,2026-05-31,Основной склад,STOCK_SNAPSHOT,FILE-053,r1047
MAT-0e5bd0c917b8df90,MAT-0e5bd0c917b8df90,"Шелк черный, принт грибы 17A-010",,3.5,10150.0,2900.0,2026-05-31,Основной склад,STOCK_SNAPSHOT,FILE-053,r1048
MAT-5144478acb5ec73f,MAT-5144478acb5ec73f,"Шелк черный, принт микс крупный 17A-026",,9.5,27550.0,2900.0,2026-05-31,Основной склад,STOCK_SNAPSHOT,FILE-053,r1049
MAT-65dbfeb3a6372323,MAT-65dbfeb3a6372323,"Шелк черный, принт микс средний 17A-019",,8.5,24650.0,2900.0,2026-05-31,Основной склад,STOCK_SNAPSHOT,FILE-053,r1050
MAT-d2b303d9fb0fa75e,MAT-d2b303d9fb0fa75e,"Шелк черный, принт цветок 17A-047",,9.05,26245.0,2900.0,2026-05-31,Основной склад,STOCK_SNAPSHOT,FILE-053,r1051
MAT-435f6ae1189d923d,MAT-435f6ae1189d923d,"Шелк-кади, морская волна 16А-007",,2.0,5000.0,2500.0,2026-05-31,Основной склад,STOCK_SNAPSHOT,FILE-053,r1052
MAT-7b5776e8dfaa593a,MAT-7b5776e8dfaa593a,"Шелк, белый 16-001",16-001,10.0,15463.76,1546.38,2026-05-31,Основной склад,STOCK_SNAPSHOT,FILE-053,r1053
MAT-a3120d65de215634,MAT-a3120d65de215634,"Шелк, белый с принтом ""черные ласточки"" 17A-054",,15.0,43500.0,2900.0,2026-05-31,Основной склад,STOCK_SNAPSHOT,FILE-053,r1054
MAT-5a5738f28cfb3421,MAT-5a5738f28cfb3421,"Шелк, голубой 16-018",16-018,3.0,4500.0,1500.0,2026-05-31,Основной склад,STOCK_SNAPSHOT,FILE-053,r1055
MAT-7ef77273d543a133,MAT-7ef77273d543a133,"Шелк, голубой 16-019",16-019,2.5,3750.0,1500.0,2026-05-31,Основной склад,STOCK_SNAPSHOT,FILE-053,r1056
MAT-3011adcf4bb6d6f1,MAT-3011adcf4bb6d6f1,"Шелк, зеленый 16-035",16-035,2.5,3635.51,1454.2,2026-05-31,Основной склад,STOCK_SNAPSHOT,FILE-053,r1057
MAT-fcdbd70d396e7fc9,MAT-fcdbd70d396e7fc9,"Шелк, золотой 16-009",16-009,3.5,5250.0,1500.0,2026-05-31,Основной склад,STOCK_SNAPSHOT,FILE-053,r1058
MAT-35dbce4ca9dea719,MAT-35dbce4ca9dea719,"Шелк, красный 16-037",16-037,8.0,12000.0,1500.0,2026-05-31,Основной склад,STOCK_SNAPSHOT,FILE-053,r1059
MAT-27181b72f7c986ba,MAT-27181b72f7c986ba,"Шелк, принт папайя, 17А-061",,23.5,114991.22,4893.24,2026-05-31,Основной склад,STOCK_SNAPSHOT,FILE-053,r1060
MAT-04461b7329b3e05b,MAT-04461b7329b3e05b,"Шелк, розовый 16-023",16-023,3.0,4500.0,1500.0,2026-05-31,Основной склад,STOCK_SNAPSHOT,FILE-053,r1061
MAT-9f401f53c844b6b6,MAT-9f401f53c844b6b6,"Шелк, светло-серый 16-004",16-004,2.9,5800.0,2000.0,2026-05-31,Основной склад,STOCK_SNAPSHOT,FILE-053,r1062
MAT-49b180f401a6269a,MAT-49b180f401a6269a,"Шелк, синий 16-039",16-039,4.0,6000.0,1500.0,2026-05-31,Основной склад,STOCK_SNAPSHOT,FILE-053,r1063
MAT-9abdc37089300cc3,MAT-9abdc37089300cc3,"Шелк, фиолетовый 16-036",16-036,3.0,4500.0,1500.0,2026-05-31,Основной склад,STOCK_SNAPSHOT,FILE-053,r1064
MAT-6ed2dca42737533d,MAT-6ed2dca42737533d,"Шелк, черный 16-038",16-038,16.0,24326.28,1520.39,2026-05-31,Основной склад,STOCK_SNAPSHOT,FILE-053,r1065
MAT-e6c1d4eed57e23fa,MAT-e6c1d4eed57e23fa,"Шелк, черный с принтом ""белая Y"" 17А-008",,8.0,16000.0,2000.0,2026-05-31,Основной склад,STOCK_SNAPSHOT,FILE-053,r1066
MAT-5711fb19a951edde,MAT-5711fb19a951edde,"Шелк, черный с принтом ""белые ласточки"" 17A-053",,15.0,43500.0,2900.0,2026-05-31,Основной склад,STOCK_SNAPSHOT,FILE-053,r1067
MAT-15672d21ab82ebaf,MAT-15672d21ab82ebaf,Шифон авторский гортензия 19A-018,,3.5,8277.5,2365.0,2026-05-31,Основной склад,STOCK_SNAPSHOT,FILE-053,r1068
MAT-0194e36c1b1d927f,MAT-0194e36c1b1d927f,Шифон авторский мелкие цветы 19A-019,,3.5,8277.5,2365.0,2026-05-31,Основной склад,STOCK_SNAPSHOT,FILE-053,r1069
MAT-c163fbfd2e192083,MAT-c163fbfd2e192083,Шифон бежевый креповый 18-012,18-012,3.0,5280.0,1760.0,2026-05-31,Основной склад,STOCK_SNAPSHOT,FILE-053,r1070
MAT-77825266d221a7c6,MAT-77825266d221a7c6,Шифон белый 18-015,18-015,36.0,40642.9,1128.97,2026-05-31,Основной склад,STOCK_SNAPSHOT,FILE-053,r1071
MAT-69a864ce3b1122aa,MAT-69a864ce3b1122aa,"Шифон белый, принт гжель 19-026",19-026,8.3,16600.0,2000.0,2026-05-31,Основной склад,STOCK_SNAPSHOT,FILE-053,r1072
MAT-b573d51417957117,MAT-b573d51417957117,"Шифон белый, принт гжель купоны 19A-011",,20.0,46000.0,2300.0,2026-05-31,Основной склад,STOCK_SNAPSHOT,FILE-053,r1073
MAT-be81ed6dfe71ae65,MAT-be81ed6dfe71ae65,"Шифон белый, принт крупный микс 19A-003",,7.0,16100.0,2300.0,2026-05-31,Основной склад,STOCK_SNAPSHOT,FILE-053,r1074
MAT-ff7622e2dd0f0466,MAT-ff7622e2dd0f0466,Шифон бирюзовый 18-018,18-018,0.5,450.0,900.0,2026-05-31,Основной склад,STOCK_SNAPSHOT,FILE-053,r1075
MAT-a9c56e73d376941c,MAT-a9c56e73d376941c,Шифон голубой 18-017,18-017,0.5,450.0,900.0,2026-05-31,Основной склад,STOCK_SNAPSHOT,FILE-053,r1076
MAT-2876447de7fc23de,MAT-2876447de7fc23de,"Шифон голубой, принт крупный микс 19A-005",,9.0,20700.0,2300.0,2026-05-31,Основной склад,STOCK_SNAPSHOT,FILE-053,r1077
MAT-bb05e6d9c16281ca,MAT-bb05e6d9c16281ca,Шифон желтый 18-008,18-008,0.5,450.0,900.0,2026-05-31,Основной склад,STOCK_SNAPSHOT,FILE-053,r1078
MAT-57a73dcde14b125d,MAT-57a73dcde14b125d,"Шифон желтый, принт крупный микс 19A-004",,3.5,8050.0,2300.0,2026-05-31,Основной склад,STOCK_SNAPSHOT,FILE-053,r1079
MAT-1c08da40c17f5cfb,MAT-1c08da40c17f5cfb,Шифон зеленый 18-024,18-024,10.0,9000.0,900.0,2026-05-31,Основной склад,STOCK_SNAPSHOT,FILE-053,r1080
MAT-908514bd58ff37bd,MAT-908514bd58ff37bd,"Шифон зеленый, принт крупный микс 19A-010",,3.5,8050.0,2300.0,2026-05-31,Основной склад,STOCK_SNAPSHOT,FILE-053,r1081
MAT-fded34d289037919,MAT-fded34d289037919,"Шифон красный, принт крупный микс 19A-008",,7.0,16100.0,2300.0,2026-05-31,Основной склад,STOCK_SNAPSHOT,FILE-053,r1082
MAT-7cee099dbf6d6a76,MAT-7cee099dbf6d6a76,"Шифон розовый, принт крупный микс 19A-009",,24.5,56350.0,2300.0,2026-05-31,Основной склад,STOCK_SNAPSHOT,FILE-053,r1083
MAT-bf81afbea9a7276c,MAT-bf81afbea9a7276c,"Шифон серый, принт горох 19A-014",,8.3,19090.0,2300.0,2026-05-31,Основной склад,STOCK_SNAPSHOT,FILE-053,r1084
MAT-bdea8f8b8acd7c6a,MAT-bdea8f8b8acd7c6a,Шифон синий 18-020,18-020,6.0,6520.8,1086.8,2026-05-31,Основной склад,STOCK_SNAPSHOT,FILE-053,r1085
MAT-89b2984d828260ce,MAT-89b2984d828260ce,"Шифон синий, принт крупный микс 19A-007",,13.5,31050.0,2300.0,2026-05-31,Основной склад,STOCK_SNAPSHOT,FILE-053,r1086
MAT-9024932e0f8bf366,MAT-9024932e0f8bf366,Шифон черный 18-039,18-039,55.0,62044.42,1128.08,2026-05-31,Основной склад,STOCK_SNAPSHOT,FILE-053,r1087
MAT-4a869e1a07c3633b,MAT-4a869e1a07c3633b,"Шифон, белый с принтом ""листья"" 19A-016",,10.35,23805.0,2300.0,2026-05-31,Основной склад,STOCK_SNAPSHOT,FILE-053,r1088
MAT-4f6a48e4e0df10eb,MAT-4f6a48e4e0df10eb,"Шифон, серый с принтом ""розовые листья"" 19A-017",,16.0,36800.0,2300.0,2026-05-31,Основной склад,STOCK_SNAPSHOT,FILE-053,r1089
MAT-196912acf1e239ea,MAT-196912acf1e239ea,"Шифон, черный с принтом ""листья"" 19A-015",,31.0,71300.0,2300.0,2026-05-31,Основной склад,STOCK_SNAPSHOT,FILE-053,r1090
MAT-4aef2abe5eae2aad,MAT-4aef2abe5eae2aad,"Эко кожа, черный 25-010",25-010,8.0,5600.0,700.0,2026-05-31,Основной склад,STOCK_SNAPSHOT,FILE-053,r1091
MAT-5ac968311dec2c6a,MAT-5ac968311dec2c6a,Атлас (дюшес) темно-коричневый  20-006,20-006,1.5,1050.0,700.0,2026-05-31,Основной склад,STOCK_SNAPSHOT,FILE-053,r1093
MAT-cb2dc898b2338b09,MAT-cb2dc898b2338b09,"Бархат стрейч, черный 6-030",6-030,88.1,44948.93,510.2,2026-05-31,Основной склад,STOCK_SNAPSHOT,FILE-053,r1094
MAT-83b83544008ae983,MAT-83b83544008ae983,"Бархат х/б, черный 6-001",6-001,8.0,17603.04,2200.38,2026-05-31,Основной склад,STOCK_SNAPSHOT,FILE-053,r1095
MAT-85342e03ecd70b0f,MAT-85342e03ecd70b0f,"Бархат шелк, черный 6-046",6-046,3.0,5700.0,1900.0,2026-05-31,Основной склад,STOCK_SNAPSHOT,FILE-053,r1096
MAT-a9f66ec16f78c34b,MAT-a9f66ec16f78c34b,"Батист белый, 4-023",4-023,29.0,5942.68,204.92,2026-05-31,Основной склад,STOCK_SNAPSHOT,FILE-053,r1097
MAT-f1f5e56c4cf861fa,MAT-f1f5e56c4cf861fa,"Батист розовый, 4-049",4-049,3.0,945.0,315.0,2026-05-31,Основной склад,STOCK_SNAPSHOT,FILE-053,r1098
MAT-d4b53c99ac93fc62,MAT-d4b53c99ac93fc62,"Батист черный, 4-024",4-024,36.0,7252.69,201.46,2026-05-31,Основной склад,STOCK_SNAPSHOT,FILE-053,r1099
MAT-70a7a59485477aab,MAT-70a7a59485477aab,Бязь макетная 4-007,4-007,26.2,2645.68,100.98,2026-05-31,Основной склад,STOCK_SNAPSHOT,FILE-053,r1100
MAT-1cef8318c3a46504,MAT-1cef8318c3a46504,"Вечерняя ткань, сетка розовая со стразами 12-082",12-082,12.95,18130.0,1400.0,2026-05-31,Основной склад,STOCK_SNAPSHOT,FILE-053,r1101
MAT-7632a1a3365d65d7,MAT-7632a1a3365d65d7,"Вечерняя ткань, сетка черная со стразами 12-080",12-080,4.1,5740.0,1400.0,2026-05-31,Основной склад,STOCK_SNAPSHOT,FILE-053,r1102
MAT-8cadf70205d3594f,MAT-8cadf70205d3594f,"Вечерняя ткань, черные пайетки на сетке 12-021",12-021,13.0,19500.0,1500.0,2026-05-31,Основной склад,STOCK_SNAPSHOT,FILE-053,r1103
MAT-804fd341f6894519,MAT-804fd341f6894519,"Кружево, черный 13-096",13-096,1.2,1200.0,1000.0,2026-05-31,Основной склад,STOCK_SNAPSHOT,FILE-053,r1104
MAT-21ec412065ff9fdd,MAT-21ec412065ff9fdd,"Лен молочный, 3-002",3-002,10.0,7500.0,750.0,2026-05-31,Основной склад,STOCK_SNAPSHOT,FILE-053,r1105
MAT-705ee2df4ee271c8,MAT-705ee2df4ee271c8,"Лен черный, 3-001",3-001,15.9,11925.0,750.0,2026-05-31,Основной склад,STOCK_SNAPSHOT,FILE-053,r1106
MAT-8ad573f71975a6e8,MAT-8ad573f71975a6e8,"Органза, черный 21-026",21-026,0.6,180.0,300.0,2026-05-31,Основной склад,STOCK_SNAPSHOT,FILE-053,r1107
MAT-d7c1f9dcf633b014,MAT-d7c1f9dcf633b014,"СЕТКА лагатолла, пудра 22-Л-009",,0.5,550.0,1100.0,2026-05-31,Основной склад,STOCK_SNAPSHOT,FILE-053,r1108
MAT-ff1f32a16f11bf9c,MAT-ff1f32a16f11bf9c,"СЕТКА лагатолла, телесный 22-Л-003",,1.2,1320.0,1100.0,2026-05-31,Основной склад,STOCK_SNAPSHOT,FILE-053,r1109
MAT-09fa1432e1395b2a,MAT-09fa1432e1395b2a,Сетка черная 22-Ж-001,,12.5,1249.5,99.96,2026-05-31,Основной склад,STOCK_SNAPSHOT,FILE-053,r1110
MAT-39ad9107202d00b1,MAT-39ad9107202d00b1,"Сетка, белая 22-Ж-002",,4.5,449.82,99.96,2026-05-31,Основной склад,STOCK_SNAPSHOT,FILE-053,r1111
MAT-3820d491e828d009,MAT-3820d491e828d009,"Сетка, коричневая 22-024",22-024,1.0,300.0,300.0,2026-05-31,Основной склад,STOCK_SNAPSHOT,FILE-053,r1112
MAT-8ac0802a196c325d,MAT-8ac0802a196c325d,"Сетка, розовый 22-053",22-053,4.0,400.0,100.0,2026-05-31,Основной склад,STOCK_SNAPSHOT,FILE-053,r1113
MAT-d48b9f596c9c8e05,MAT-d48b9f596c9c8e05,"Сетка, черный 22-022",22-022,1.0,1100.0,1100.0,2026-05-31,Основной склад,STOCK_SNAPSHOT,FILE-053,r1114
MAT-7406b5d822900aea,MAT-7406b5d822900aea,Синтетическая ткань белый эко-шелк 20-015,20-015,23.0,6577.74,285.99,2026-05-31,Основной склад,STOCK_SNAPSHOT,FILE-053,r1115
MAT-fd006e20e63e01fe,MAT-fd006e20e63e01fe,Синтетическая ткань серый эко-шелк 20-025,20-025,5.0,2500.0,500.0,2026-05-31,Основной склад,STOCK_SNAPSHOT,FILE-053,r1116
MAT-63d2a29fc40d679a,MAT-63d2a29fc40d679a,Синтетическая ткань черный- атлас плотный 20-028,20-028,3.0,2590.76,863.59,2026-05-31,Основной склад,STOCK_SNAPSHOT,FILE-053,r1117
MAT-bb5ef6a1099e4b0a,MAT-bb5ef6a1099e4b0a,"Синтетическая ткань, черный армани 20-016",20-016,28.3,8369.94,295.76,2026-05-31,Основной склад,STOCK_SNAPSHOT,FILE-053,r1118
MAT-fb7d1fdc62314459,MAT-fb7d1fdc62314459,Тафта искусственная черная 2-И-003,,0.3,152.64,508.8,2026-05-31,Основной склад,STOCK_SNAPSHOT,FILE-053,r1119
MAT-4a365d5a98bc0341,MAT-4a365d5a98bc0341,Х/Б батист балет на белом 4А-032,,35.0,41207.77,1177.36,2026-05-31,Основной склад,STOCK_SNAPSHOT,FILE-053,r1120
MAT-3f14ef06256de537,MAT-3f14ef06256de537,"Х/Б рубашка-дерево, 4А-110",,21.0,26460.0,1260.0,2026-05-31,Основной склад,STOCK_SNAPSHOT,FILE-053,r1121
MAT-564f2dedc00702ef,MAT-564f2dedc00702ef,"Х/Б рубашка-цветок, 4А-111",,21.0,26460.0,1260.0,2026-05-31,Основной склад,STOCK_SNAPSHOT,FILE-053,r1122
MAT-ffc99f80dc800c6b,MAT-ffc99f80dc800c6b,"Х/Б цветы,  белый фон, 4А-079",,15.0,21750.0,1450.0,2026-05-31,Основной склад,STOCK_SNAPSHOT,FILE-053,r1123
MAT-b7f73f93190de73e,MAT-b7f73f93190de73e,"Х/Б цветы, розовый фон, 4А-082",,18.0,26100.0,1450.0,2026-05-31,Основной склад,STOCK_SNAPSHOT,FILE-053,r1124
MAT-f9a6f829c1b52275,MAT-f9a6f829c1b52275,"Хлопок белый, 4-057",4-057,20.0,15000.0,750.0,2026-05-31,Основной склад,STOCK_SNAPSHOT,FILE-053,r1125
MAT-f222296d4794c919,MAT-f222296d4794c919,"Хлопок голубой, 4-053",4-053,18.0,19252.8,1069.6,2026-05-31,Основной склад,STOCK_SNAPSHOT,FILE-053,r1126
MAT-b0d183e6bb50503f,MAT-b0d183e6bb50503f,"Хлопок желтый, 4-050",4-050,15.0,11250.0,750.0,2026-05-31,Основной склад,STOCK_SNAPSHOT,FILE-053,r1127
MAT-4486e77a23146616,MAT-4486e77a23146616,"Хлопок молочный, 4-051",4-051,36.0,27000.0,750.0,2026-05-31,Основной склад,STOCK_SNAPSHOT,FILE-053,r1128
MAT-4ff76ea57e60d38c,MAT-4ff76ea57e60d38c,"Хлопок розовый, 4-052",4-052,18.0,11001.6,611.2,2026-05-31,Основной склад,STOCK_SNAPSHOT,FILE-053,r1129
MAT-11740a470385d216,MAT-11740a470385d216,"Хлопок черный, 4-058",4-058,20.0,15000.0,750.0,2026-05-31,Основной склад,STOCK_SNAPSHOT,FILE-053,r1130
MAT-21e8cf42f3f9612d,MAT-21e8cf42f3f9612d,"Шелк белый, принт ""Y"" в ряд серые с черным 17A-057",,7.3,21170.0,2900.0,2026-05-31,Основной склад,STOCK_SNAPSHOT,FILE-053,r1131
MAT-c52de874b66107e7,MAT-c52de874b66107e7,"Шелк белый, принт полоски серые 17A-055",,2.0,5800.0,2900.0,2026-05-31,Основной склад,STOCK_SNAPSHOT,FILE-053,r1132
MAT-8cc53ed4d7aa9fe8,MAT-8cc53ed4d7aa9fe8,"Шелк черный, принт белый  горох 17A-007",,50.9,91620.0,1800.0,2026-05-31,Основной склад,STOCK_SNAPSHOT,FILE-053,r1133
MAT-6d033159065639cc,MAT-6d033159065639cc,"Шелк черный, принт белый хаотичные ""Y"" 17А-015",,38.0,103205.91,2715.95,2026-05-31,Основной склад,STOCK_SNAPSHOT,FILE-053,r1134
MAT-7b5776e8dfaa593a,MAT-7b5776e8dfaa593a,"Шелк, белый 16-001",16-001,23.85,38718.24,1623.41,2026-05-31,Основной склад,STOCK_SNAPSHOT,FILE-053,r1135
MAT-7ef77273d543a133,MAT-7ef77273d543a133,"Шелк, голубой 16-019",16-019,8.0,12000.0,1500.0,2026-05-31,Основной склад,STOCK_SNAPSHOT,FILE-053,r1136
MAT-45b31c49424439fc,MAT-45b31c49424439fc,"Шелк, мятный 16-016",16-016,10.0,15000.0,1500.0,2026-05-31,Основной склад,STOCK_SNAPSHOT,FILE-053,r1137
MAT-04461b7329b3e05b,MAT-04461b7329b3e05b,"Шелк, розовый 16-023",16-023,13.0,19500.0,1500.0,2026-05-31,Основной склад,STOCK_SNAPSHOT,FILE-053,r1138
MAT-ede795d470216cb6,MAT-ede795d470216cb6,"Шелк, светло-серый 16-003",16-003,18.0,36000.0,2000.0,2026-05-31,Основной склад,STOCK_SNAPSHOT,FILE-053,r1139
MAT-6ed2dca42737533d,MAT-6ed2dca42737533d,"Шелк, черный 16-038",16-038,43.2,64704.45,1497.79,2026-05-31,Основной склад,STOCK_SNAPSHOT,FILE-053,r1140
MAT-b8dd3a1eec49b149,MAT-b8dd3a1eec49b149,"Шелк, черный без стрейча 16-046",16-046,12.0,24000.0,2000.0,2026-05-31,Основной склад,STOCK_SNAPSHOT,FILE-053,r1141
MAT-5711fb19a951edde,MAT-5711fb19a951edde,"Шелк, черный с принтом ""белые ласточки"" 17A-053",,0.9,2610.0,2900.0,2026-05-31,Основной склад,STOCK_SNAPSHOT,FILE-053,r1142
MAT-b2513b6878cff7c6,MAT-b2513b6878cff7c6,"Шерсть, черная 8-063",8-063,18.5,37000.0,2000.0,2026-05-31,Основной склад,STOCK_SNAPSHOT,FILE-053,r1143
MAT-77825266d221a7c6,MAT-77825266d221a7c6,Шифон белый 18-015,18-015,1.0,1165.9,1165.9,2026-05-31,Основной склад,STOCK_SNAPSHOT,FILE-053,r1144
MAT-31e12b97e325586b,MAT-31e12b97e325586b,"Шифон белый, принт горох 19A-012",,60.5,128017.5,2115.99,2026-05-31,Основной склад,STOCK_SNAPSHOT,FILE-053,r1145
MAT-0e905583a2545b26,MAT-0e905583a2545b26,"Шифон искусственный, бежевый, 18-И-001",,20.0,2810.86,140.54,2026-05-31,Основной склад,STOCK_SNAPSHOT,FILE-053,r1146
MAT-392c94884e600bc7,MAT-392c94884e600bc7,"Шифон креповой искусственный, черный, 18-И-002",,5.0,1605.0,321.0,2026-05-31,Основной склад,STOCK_SNAPSHOT,FILE-053,r1147
MAT-bf81afbea9a7276c,MAT-bf81afbea9a7276c,"Шифон серый, принт горох 19A-014",,32.0,73600.0,2300.0,2026-05-31,Основной склад,STOCK_SNAPSHOT,FILE-053,r1148
MAT-9024932e0f8bf366,MAT-9024932e0f8bf366,Шифон черный 18-039,18-039,57.65,67955.79,1178.76,2026-05-31,Основной склад,STOCK_SNAPSHOT,FILE-053,r1149
MAT-b778c1663de4e420,MAT-b778c1663de4e420,"Шифон черный, принт горох 19A-001",,20.0,39900.0,1995.0,2026-05-31,Основной склад,STOCK_SNAPSHOT,FILE-053,r1150
MAT-300f63c5e156ec4c,MAT-300f63c5e156ec4c,"Бархат стрейч, бирюзовый 6-049",6-049,3.0,1230.0,410.0,2026-05-31,Основной склад,STOCK_SNAPSHOT,FILE-053,r1152
MAT-cd09e21ee38a0733,MAT-cd09e21ee38a0733,"Бархат стрейч, светло-серый 6-048",6-048,10.35,4243.5,410.0,2026-05-31,Основной склад,STOCK_SNAPSHOT,FILE-053,r1153
MAT-cb2dc898b2338b09,MAT-cb2dc898b2338b09,"Бархат стрейч, черный 6-030",6-030,19.0,9735.59,512.4,2026-05-31,Основной склад,STOCK_SNAPSHOT,FILE-053,r1154
MAT-83fb085039a72119,MAT-83fb085039a72119,"Бархат х/б, бежевый 6-039",6-039,0.45,1125.0,2500.0,2026-05-31,Основной склад,STOCK_SNAPSHOT,FILE-053,r1155
MAT-f12c47ca7fe90da3,MAT-f12c47ca7fe90da3,"Бархат х/б, светло-коричневый 6-009",6-009,1.0,1650.0,1650.0,2026-05-31,Основной склад,STOCK_SNAPSHOT,FILE-053,r1156
MAT-83b83544008ae983,MAT-83b83544008ae983,"Бархат х/б, черный 6-001",6-001,11.95,28278.96,2366.44,2026-05-31,Основной склад,STOCK_SNAPSHOT,FILE-053,r1157
MAT-40398dd324162b46,MAT-40398dd324162b46,"Бархат шелк, зеленый 6-035",6-035,2.5,3250.0,1300.0,2026-05-31,Основной склад,STOCK_SNAPSHOT,FILE-053,r1158
MAT-06faf0d3a1382a0d,MAT-06faf0d3a1382a0d,"Бархат шелк, красный 6-044",6-044,8.7,21750.0,2500.0,2026-05-31,Основной склад,STOCK_SNAPSHOT,FILE-053,r1159
MAT-2d251c9ce803518a,MAT-2d251c9ce803518a,"Бархат шелк, серый 6-031",6-031,3.2,4160.0,1300.0,2026-05-31,Основной склад,STOCK_SNAPSHOT,FILE-053,r1160
MAT-6901b5ecaffc3002,MAT-6901b5ecaffc3002,"Бархат шелк, фиолетовый 6-038",6-038,3.2,4160.0,1300.0,2026-05-31,Основной склад,STOCK_SNAPSHOT,FILE-053,r1161
MAT-85342e03ecd70b0f,MAT-85342e03ecd70b0f,"Бархат шелк, черный 6-046",6-046,4.5,8550.0,1900.0,2026-05-31,Основной склад,STOCK_SNAPSHOT,FILE-053,r1162
MAT-a9f66ec16f78c34b,MAT-a9f66ec16f78c34b,"Батист белый, 4-023",4-023,31.0,5794.16,186.91,2026-05-31,Основной склад,STOCK_SNAPSHOT,FILE-053,r1163
MAT-c56030f41c72c48f,MAT-c56030f41c72c48f,"Батист серый, 4-039",4-039,1.6,640.0,400.0,2026-05-31,Основной склад,STOCK_SNAPSHOT,FILE-053,r1164
MAT-d4b53c99ac93fc62,MAT-d4b53c99ac93fc62,"Батист черный, 4-024",4-024,6.4,1222.19,190.97,2026-05-31,Основной склад,STOCK_SNAPSHOT,FILE-053,r1165
MAT-12b6b3f7d5d54052,MAT-12b6b3f7d5d54052,Бифлекс бежевыфй 23-011,23-011,3.1,3100.0,1000.0,2026-05-31,Основной склад,STOCK_SNAPSHOT,FILE-053,r1166
MAT-70a7a59485477aab,MAT-70a7a59485477aab,Бязь макетная 4-007,4-007,65.0,6563.7,100.98,2026-05-31,Основной склад,STOCK_SNAPSHOT,FILE-053,r1167
MAT-bc2ad3198a7615ba,MAT-bc2ad3198a7615ba,Вечерняя ткань белые пайетки на трикотаже 12-053,12-053,2.3,1035.0,450.0,2026-05-31,Основной склад,STOCK_SNAPSHOT,FILE-053,r1168
MAT-8af724e0cf1a2d09,MAT-8af724e0cf1a2d09,"Вечерняя ткань серая сетка с перьями, расшивкой пайетками 12-088",12-088,6.4,119680.0,18700.0,2026-05-31,Основной склад,STOCK_SNAPSHOT,FILE-053,r1169
MAT-49577d55cbfb7d92,MAT-49577d55cbfb7d92,Вечерняя ткань черная сетка с перьями и пайетками 12-094,12-094,5.15,39340.28,7638.89,2026-05-31,Основной склад,STOCK_SNAPSHOT,FILE-053,r1170
MAT-522a890adb3f4dd0,MAT-522a890adb3f4dd0,"Вечерняя ткань черная сетка с перьями, расшивкой пайетками 12-087",12-087,3.9,28860.0,7400.0,2026-05-31,Основной склад,STOCK_SNAPSHOT,FILE-053,r1171
MAT-bd3e129d9de7960f,MAT-bd3e129d9de7960f,Вечерняя ткань черные пайетки матовые 12-024,12-024,2.85,51300.0,18000.0,2026-05-31,Основной склад,STOCK_SNAPSHOT,FILE-053,r1172
MAT-2f5895aba316019b,MAT-2f5895aba316019b,"Вечерняя ткань, черные пайетки 12-018",12-018,2.2,1870.0,850.0,2026-05-31,Основной склад,STOCK_SNAPSHOT,FILE-053,r1173
MAT-8cadf70205d3594f,MAT-8cadf70205d3594f,"Вечерняя ткань, черные пайетки на сетке 12-021",12-021,1.8,2700.0,1500.0,2026-05-31,Основной склад,STOCK_SNAPSHOT,FILE-053,r1174
MAT-8c8eb27367eb872b,MAT-8c8eb27367eb872b,"Дабл-креп, васильковый 11-009",11-009,8.4,19320.0,2300.0,2026-05-31,Основной склад,STOCK_SNAPSHOT,FILE-053,r1175
MAT-8ad8c9c22d57e30f,MAT-8ad8c9c22d57e30f,"Дабл-креп, голубой 11-011",11-011,10.0,23000.0,2300.0,2026-05-31,Основной склад,STOCK_SNAPSHOT,FILE-053,r1176
MAT-80f1c693c6d2f41a,MAT-80f1c693c6d2f41a,"Дабл-креп, деним 11-010",11-010,20.2,46460.0,2300.0,2026-05-31,Основной склад,STOCK_SNAPSHOT,FILE-053,r1177
MAT-0c76de0af7903f0e,MAT-0c76de0af7903f0e,"Дабл-креп, молочный 11-005",11-005,11.15,25645.0,2300.0,2026-05-31,Основной склад,STOCK_SNAPSHOT,FILE-053,r1178
MAT-d96d93345bbd8c45,MAT-d96d93345bbd8c45,"Дабл-креп, розовый 11-028",11-028,3.3,7590.0,2300.0,2026-05-31,Основной склад,STOCK_SNAPSHOT,FILE-053,r1179
MAT-c0a989e974676032,MAT-c0a989e974676032,"Дабл-креп, фуксия 11-017",11-017,2.5,5750.0,2300.0,2026-05-31,Основной склад,STOCK_SNAPSHOT,FILE-053,r1180
MAT-b6894f6f718abb27,MAT-b6894f6f718abb27,"Дабл-креп, черный 11-001",11-001,13.4,30820.0,2300.0,2026-05-31,Основной склад,STOCK_SNAPSHOT,FILE-053,r1181
MAT-6747b109b1dc7fb8,MAT-6747b109b1dc7fb8,"Джерси, черный 23-031",23-031,3.8,4560.0,1200.0,2026-05-31,Основной склад,STOCK_SNAPSHOT,FILE-053,r1182
MAT-2ca6001714de8a84,MAT-2ca6001714de8a84,"Джинсовая ткань, молочная 4-042",4-042,5.1,4186.05,820.79,2026-05-31,Основной склад,STOCK_SNAPSHOT,FILE-053,r1183
MAT-6da47f58d728476c,MAT-6da47f58d728476c,"Джинсовая ткань, черная 4-043",4-043,13.9,11259.58,810.04,2026-05-31,Основной склад,STOCK_SNAPSHOT,FILE-053,r1184
MAT-697172a32e39dcb5,MAT-697172a32e39dcb5,"Дюшес-дабл, темно-синий 5-015",5-015,7.0,35000.0,5000.0,2026-05-31,Основной склад,STOCK_SNAPSHOT,FILE-053,r1185
MAT-1dd8238920a18fae,MAT-1dd8238920a18fae,"Дюшес, желтый 5-018",5-018,2.0,7000.0,3500.0,2026-05-31,Основной склад,STOCK_SNAPSHOT,FILE-053,r1186
MAT-f1c1257ab474f574,MAT-f1c1257ab474f574,"Дюшес, розовый 5-002",5-002,9.7,21340.0,2200.0,2026-05-31,Основной склад,STOCK_SNAPSHOT,FILE-053,r1187
MAT-511779ca83c6f090,MAT-511779ca83c6f090,"Дюшес, фиолетовый 5-020",5-020,5.6,19600.0,3500.0,2026-05-31,Основной склад,STOCK_SNAPSHOT,FILE-053,r1188
MAT-16e1d96752cbd1cf,MAT-16e1d96752cbd1cf,"Креп синтетический, черный 10А-001",,21.8,8059.58,369.71,2026-05-31,Основной склад,STOCK_SNAPSHOT,FILE-053,r1189
MAT-9d5e1a6b575acef6,MAT-9d5e1a6b575acef6,Креп тонкий шерсть черный 10-001,10-001,22.0,44000.0,2000.0,2026-05-31,Основной склад,STOCK_SNAPSHOT,FILE-053,r1190
MAT-6e9226421541e3f6,MAT-6e9226421541e3f6,"Креп тонкий шерсть, фуксия 10-007",10-007,1.3,2600.0,2000.0,2026-05-31,Основной склад,STOCK_SNAPSHOT,FILE-053,r1191
MAT-9bad00d3a53a50cc,MAT-9bad00d3a53a50cc,"Кружево, белый 13-097",13-097,4.95,4950.0,1000.0,2026-05-31,Основной склад,STOCK_SNAPSHOT,FILE-053,r1192
MAT-51f1476d37357fcd,MAT-51f1476d37357fcd,"Кружево, золотой, на серой сетке 13-019",13-019,3.7,6105.0,1650.0,2026-05-31,Основной склад,STOCK_SNAPSHOT,FILE-053,r1193
MAT-deafa76a012ce173,MAT-deafa76a012ce173,"Кружево, молочный 13-045",13-045,3.0,4950.0,1650.0,2026-05-31,Основной склад,STOCK_SNAPSHOT,FILE-053,r1194
MAT-67785609cfc87937,MAT-67785609cfc87937,"Кружево, розовый 13-018",13-018,3.7,6105.0,1650.0,2026-05-31,Основной склад,STOCK_SNAPSHOT,FILE-053,r1195
MAT-e5e702a8bfedcf00,MAT-e5e702a8bfedcf00,"Органза, белый 21-023",21-023,0.5,150.0,300.0,2026-05-31,Основной склад,STOCK_SNAPSHOT,FILE-053,r1196
MAT-f717c5564c9936fe,MAT-f717c5564c9936fe,"Органза, синий 21-001",21-001,1.0,500.0,500.0,2026-05-31,Основной склад,STOCK_SNAPSHOT,FILE-053,r1197
MAT-8ad573f71975a6e8,MAT-8ad573f71975a6e8,"Органза, черный 21-026",21-026,2.0,600.0,300.0,2026-05-31,Основной склад,STOCK_SNAPSHOT,FILE-053,r1198
MAT-942297bf617dcbbd,MAT-942297bf617dcbbd,"Органза, черный, принт полоски 21-010",21-010,3.5,8750.0,2500.0,2026-05-31,Основной склад,STOCK_SNAPSHOT,FILE-053,r1199
MAT-556bb527287453a0,MAT-556bb527287453a0,"СЕТКА лагатолла, зеленый 22-Л-007",,1.2,1320.0,1100.0,2026-05-31,Основной склад,STOCK_SNAPSHOT,FILE-053,r1200
MAT-7170cd2640932465,MAT-7170cd2640932465,"СЕТКА лагатолла, серый 22-Л-012",,1.6,1760.0,1100.0,2026-05-31,Основной склад,STOCK_SNAPSHOT,FILE-053,r1201
MAT-ff1f32a16f11bf9c,MAT-ff1f32a16f11bf9c,"СЕТКА лагатолла, телесный 22-Л-003",,39.7,43670.0,1100.0,2026-05-31,Основной склад,STOCK_SNAPSHOT,FILE-053,r1202
MAT-5ca9c22bcfddc3c2,MAT-5ca9c22bcfddc3c2,"Сетка, бежевый 22-033",22-033,16.9,1987.57,117.61,2026-05-31,Основной склад,STOCK_SNAPSHOT,FILE-053,r1203
MAT-39ad9107202d00b1,MAT-39ad9107202d00b1,"Сетка, белая 22-Ж-002",,1.0,99.96,99.96,2026-05-31,Основной склад,STOCK_SNAPSHOT,FILE-053,r1204
MAT-8dcf77edeafb4516,MAT-8dcf77edeafb4516,"Сетка, желтая 22-035",22-035,0.6,60.0,100.0,2026-05-31,Основной склад,STOCK_SNAPSHOT,FILE-053,r1205
MAT-e828da432bb55a74,MAT-e828da432bb55a74,"Сетка, коралловый 22-037",22-037,15.3,1530.0,100.0,2026-05-31,Основной склад,STOCK_SNAPSHOT,FILE-053,r1206
MAT-63f9d84315909a59,MAT-63f9d84315909a59,"Сетка, красный 22-045",22-045,2.0,200.0,100.0,2026-05-31,Основной склад,STOCK_SNAPSHOT,FILE-053,r1207
MAT-7aa6dca17aa9c507,MAT-7aa6dca17aa9c507,"Сетка, молочный 22-052",22-052,4.0,400.0,100.0,2026-05-31,Основной склад,STOCK_SNAPSHOT,FILE-053,r1208
MAT-ba965c0dfe3bdecc,MAT-ba965c0dfe3bdecc,"Сетка, салатовый 22-034",22-034,0.5,50.0,100.0,2026-05-31,Основной склад,STOCK_SNAPSHOT,FILE-053,r1209
MAT-d0e8a2e8f51fc07d,MAT-d0e8a2e8f51fc07d,"Сетка, серый 22-056",22-056,1.0,100.0,100.0,2026-05-31,Основной склад,STOCK_SNAPSHOT,FILE-053,r1210
MAT-09d3e3737a913874,MAT-09d3e3737a913874,"Сетка, синий 22-042",22-042,4.0,400.0,100.0,2026-05-31,Основной склад,STOCK_SNAPSHOT,FILE-053,r1211
MAT-743ca5e0c4c80969,MAT-743ca5e0c4c80969,"Сетка, черный 22-032",22-032,53.0,6078.0,114.68,2026-05-31,Основной склад,STOCK_SNAPSHOT,FILE-053,r1212
MAT-4f0a06c148b1ac78,MAT-4f0a06c148b1ac78,Синтетическая ткань  белый эко-шелк 20-027,20-027,5.5,6050.0,1100.0,2026-05-31,Основной склад,STOCK_SNAPSHOT,FILE-053,r1213
MAT-7406b5d822900aea,MAT-7406b5d822900aea,Синтетическая ткань белый эко-шелк 20-015,20-015,3.5,1000.96,285.99,2026-05-31,Основной склад,STOCK_SNAPSHOT,FILE-053,r1214
MAT-07ecd06382b8eea1,MAT-07ecd06382b8eea1,Синтетическая ткань белый-атлас  20-031,20-031,14.0,9100.0,650.0,2026-05-31,Основной склад,STOCK_SNAPSHOT,FILE-053,r1215
MAT-35abd105b94c775c,MAT-35abd105b94c775c,Синтетическая ткань зеленый светлый 20-009,20-009,1.0,700.0,700.0,2026-05-31,Основной склад,STOCK_SNAPSHOT,FILE-053,r1216
MAT-8544c0592fa561af,MAT-8544c0592fa561af,Синтетическая ткань красный атлас плотный 20-030,20-030,19.4,21340.0,1100.0,2026-05-31,Основной склад,STOCK_SNAPSHOT,FILE-053,r1217
MAT-329a27a3cc56bd86,MAT-329a27a3cc56bd86,Синтетическая ткань красный эко-шелк 20-019,20-019,0.1,30.0,300.0,2026-05-31,Основной склад,STOCK_SNAPSHOT,FILE-053,r1218
MAT-21bac1dc9fb5bc32,MAT-21bac1dc9fb5bc32,Синтетическая ткань розовый 20-003,20-003,1.0,700.0,700.0,2026-05-31,Основной склад,STOCK_SNAPSHOT,FILE-053,r1219
MAT-11aa868f55ed7bde,MAT-11aa868f55ed7bde,Синтетическая ткань черный эко-шелк 20-029,20-029,11.1,5550.0,500.0,2026-05-31,Основной склад,STOCK_SNAPSHOT,FILE-053,r1220
MAT-63d2a29fc40d679a,MAT-63d2a29fc40d679a,Синтетическая ткань черный- атлас плотный 20-028,20-028,3.2,2999.89,937.47,2026-05-31,Основной склад,STOCK_SNAPSHOT,FILE-053,r1221
MAT-bb5ef6a1099e4b0a,MAT-bb5ef6a1099e4b0a,"Синтетическая ткань, черный армани 20-016",20-016,3.8,1123.88,295.76,2026-05-31,Основной склад,STOCK_SNAPSHOT,FILE-053,r1222
MAT-463a7b0d8371d178,MAT-463a7b0d8371d178,"Тафта авторская, цветок-купон 2A-002",,21.9,78840.0,3600.0,2026-05-31,Основной склад,STOCK_SNAPSHOT,FILE-053,r1223
MAT-fb7d1fdc62314459,MAT-fb7d1fdc62314459,Тафта искусственная черная 2-И-003,,7.0,3561.6,508.8,2026-05-31,Основной склад,STOCK_SNAPSHOT,FILE-053,r1224
MAT-daf7f6852081a48f,MAT-daf7f6852081a48f,"Тафта, зеленый 2-013",2-013,20.0,44000.0,2200.0,2026-05-31,Основной склад,STOCK_SNAPSHOT,FILE-053,r1225
MAT-18b1bbca2b6889cc,MAT-18b1bbca2b6889cc,"Тафта, черный 2-001",2-001,42.8,94160.0,2200.0,2026-05-31,Основной склад,STOCK_SNAPSHOT,FILE-053,r1226
MAT-b36127bd67fa9170,MAT-b36127bd67fa9170,"Трикотаж, бежевый ""кожа ангела"" 23-012",23-012,5.0,6000.0,1200.0,2026-05-31,Основной склад,STOCK_SNAPSHOT,FILE-053,r1227
MAT-9a42ea70c1044895,MAT-9a42ea70c1044895,"Трикотаж, молочный ""кожа ангела"" 23-013",23-013,5.0,6000.0,1200.0,2026-05-31,Основной склад,STOCK_SNAPSHOT,FILE-053,r1228
MAT-29894f260a8d327c,MAT-29894f260a8d327c,"Х/Б батист ""гжель"" капли 4А-023",,3.0,3000.0,1000.0,2026-05-31,Основной склад,STOCK_SNAPSHOT,FILE-053,r1229
MAT-33d47435abed8e34,MAT-33d47435abed8e34,Х/Б батист микс крупный синий 4А-041,,3.7,3700.0,1000.0,2026-05-31,Основной склад,STOCK_SNAPSHOT,FILE-053,r1230
MAT-a604ea8ba2df9cb3,MAT-a604ea8ba2df9cb3,"Х/Б батист полоска бел/синяя/белая 1,2/2/1,2 4А-048",,0.15,150.0,1000.0,2026-05-31,Основной склад,STOCK_SNAPSHOT,FILE-053,r1231
MAT-fda4420044c6ce6b,MAT-fda4420044c6ce6b,"Х/Б горошек крупный, розовый фон, 4А-093",,3.9,4719.0,1210.0,2026-05-31,Основной склад,STOCK_SNAPSHOT,FILE-053,r1232
MAT-0dacdc48d817d9d2,MAT-0dacdc48d817d9d2,"Х/Б горошек, белый фон, 4А-088",,2.5,3025.0,1210.0,2026-05-31,Основной склад,STOCK_SNAPSHOT,FILE-053,r1233
MAT-eccee20d54739bac,MAT-eccee20d54739bac,"Х/Б горошек, голубой фон, 4А-090",,0.4,484.0,1210.0,2026-05-31,Основной склад,STOCK_SNAPSHOT,FILE-053,r1234
MAT-eb9400bc7c75dbdf,MAT-eb9400bc7c75dbdf,"Х/Б горошек, розовый фон, 4А-089",,4.7,5687.0,1210.0,2026-05-31,Основной склад,STOCK_SNAPSHOT,FILE-053,r1235
MAT-1b1874b66e2a8ec9,MAT-1b1874b66e2a8ec9,"Х/Б горошек, черный фон, 4А-087",,0.4,484.0,1210.0,2026-05-31,Основной склад,STOCK_SNAPSHOT,FILE-053,r1236
MAT-77ed56a19418dcd5,MAT-77ed56a19418dcd5,"Х/Б кайма,бело-зеленая, 4А-102",,10.0,672.2,67.22,2026-05-31,Основной склад,STOCK_SNAPSHOT,FILE-053,r1237
MAT-eb4034f865c30901,MAT-eb4034f865c30901,"Х/Б кайма,бело-розовая, 4А-104",,7.75,520.96,67.22,2026-05-31,Основной склад,STOCK_SNAPSHOT,FILE-053,r1238
MAT-ceb5a2dce48163bc,MAT-ceb5a2dce48163bc,"Х/Б овощи, голубой фон, 4А-094",,0.4,484.0,1210.0,2026-05-31,Основной склад,STOCK_SNAPSHOT,FILE-053,r1239
MAT-eff099a171a8513c,MAT-eff099a171a8513c,"Х/Б папайя, бирюзовый фон, 4А-096",,0.4,484.0,1210.0,2026-05-31,Основной склад,STOCK_SNAPSHOT,FILE-053,r1240
MAT-03fc1c1cca3152d8,MAT-03fc1c1cca3152d8,"Х/Б папайя, светло-голубой фон, 4А-097",,0.4,484.0,1210.0,2026-05-31,Основной склад,STOCK_SNAPSHOT,FILE-053,r1241
MAT-b8a6e82fd1fea6b4,MAT-b8a6e82fd1fea6b4,"Х/Б папайя, черный фон, 4А-095",,0.4,484.0,1210.0,2026-05-31,Основной склад,STOCK_SNAPSHOT,FILE-053,r1242
MAT-04562b21af83ea06,MAT-04562b21af83ea06,"Х/Б перцы белый фон, 4А-091",,0.4,484.0,1210.0,2026-05-31,Основной склад,STOCK_SNAPSHOT,FILE-053,r1243
MAT-5c936baa3c13d782,MAT-5c936baa3c13d782,"Х/Б перцы черный фон, 4А-092",,0.4,484.0,1210.0,2026-05-31,Основной склад,STOCK_SNAPSHOT,FILE-053,r1244
MAT-131ee7fe75340182,MAT-131ee7fe75340182,Х/Б Хлопок грибочки белые 4А-059,,73.4,106430.0,1450.0,2026-05-31,Основной склад,STOCK_SNAPSHOT,FILE-053,r1245
MAT-ad695bb9e8dbea49,MAT-ad695bb9e8dbea49,Х/Б Хлопок грибочки синие 4А-061,,0.4,580.0,1450.0,2026-05-31,Основной склад,STOCK_SNAPSHOT,FILE-053,r1246
MAT-6d96a1e3adc51e5c,MAT-6d96a1e3adc51e5c,Х/Б Хлопок грибочки черные 4А-060,,0.4,580.0,1450.0,2026-05-31,Основной склад,STOCK_SNAPSHOT,FILE-053,r1247
MAT-e6c10ecbf9612e93,MAT-e6c10ecbf9612e93,Х/Б Хлопок девочки Y белый 4А-055,,0.4,580.0,1450.0,2026-05-31,Основной склад,STOCK_SNAPSHOT,FILE-053,r1248
MAT-ee925b308d64f1e0,MAT-ee925b308d64f1e0,Х/Б Хлопок девочки Y розовый 4А-058,,0.4,580.0,1450.0,2026-05-31,Основной склад,STOCK_SNAPSHOT,FILE-053,r1249
MAT-6fc3ea7e2d1386da,MAT-6fc3ea7e2d1386da,Х/Б Хлопок девочки Y синий 4А-057,,3.2,4640.0,1450.0,2026-05-31,Основной склад,STOCK_SNAPSHOT,FILE-053,r1250
MAT-9abee54ce8d45331,MAT-9abee54ce8d45331,Х/Б Хлопок девочки Y черный 4А-056,,0.4,580.0,1450.0,2026-05-31,Основной склад,STOCK_SNAPSHOT,FILE-053,r1251
MAT-cb7216726b702893,MAT-cb7216726b702893,Х/Б Хлопок микс средний белый 4А-063,,0.4,580.0,1450.0,2026-05-31,Основной склад,STOCK_SNAPSHOT,FILE-053,r1252
MAT-ccdef0796ca2d5cc,MAT-ccdef0796ca2d5cc,Х/Б Хлопок микс средний голубой 4А-065,,0.4,580.0,1450.0,2026-05-31,Основной склад,STOCK_SNAPSHOT,FILE-053,r1253
MAT-08ec29b7f2569621,MAT-08ec29b7f2569621,Х/Б Хлопок микс средний красный 4А-067,,4.54,6583.0,1450.0,2026-05-31,Основной склад,STOCK_SNAPSHOT,FILE-053,r1254
MAT-6b772a5fa710cf9e,MAT-6b772a5fa710cf9e,Х/Б Хлопок микс средний розовый 4А-068,,0.4,580.0,1450.0,2026-05-31,Основной склад,STOCK_SNAPSHOT,FILE-053,r1255
MAT-c97bbfa9035d6d2c,MAT-c97bbfa9035d6d2c,Х/Б Хлопок микс средний черный 4А-064,,1.5,2175.0,1450.0,2026-05-31,Основной склад,STOCK_SNAPSHOT,FILE-053,r1256
MAT-ffc99f80dc800c6b,MAT-ffc99f80dc800c6b,"Х/Б цветы,  белый фон, 4А-079",,0.4,580.0,1450.0,2026-05-31,Основной склад,STOCK_SNAPSHOT,FILE-053,r1257
MAT-3f6ef77fdd9aee43,MAT-3f6ef77fdd9aee43,"Х/Б цветы, голубой фон, 4А-080",,7.9,11455.0,1450.0,2026-05-31,Основной склад,STOCK_SNAPSHOT,FILE-053,r1258
MAT-04453d5758cbd096,MAT-04453d5758cbd096,"Х/Б цветы, желтый фон, 4А-081",,0.4,580.0,1450.0,2026-05-31,Основной склад,STOCK_SNAPSHOT,FILE-053,r1259
MAT-b7f73f93190de73e,MAT-b7f73f93190de73e,"Х/Б цветы, розовый фон, 4А-082",,0.4,580.0,1450.0,2026-05-31,Основной склад,STOCK_SNAPSHOT,FILE-053,r1260
MAT-024d926aebd821b5,MAT-024d926aebd821b5,"Х/Б штапель, белый 4Ш-001",,2.7,1080.0,400.0,2026-05-31,Основной склад,STOCK_SNAPSHOT,FILE-053,r1261
MAT-8886a925957d09a1,MAT-8886a925957d09a1,"Х/Б штапель, розовый 4Ш-004",,2.1,840.0,400.0,2026-05-31,Основной склад,STOCK_SNAPSHOT,FILE-053,r1262
MAT-55ee56a9c1826812,MAT-55ee56a9c1826812,"Х/Б, бежевый 4-015",4-015,1.7,595.0,350.0,2026-05-31,Основной склад,STOCK_SNAPSHOT,FILE-053,r1263
MAT-278fa001d35007fc,MAT-278fa001d35007fc,Хлопок грибочки розовые 4А-062,,0.4,580.0,1450.0,2026-05-31,Основной склад,STOCK_SNAPSHOT,FILE-053,r1264
MAT-153839a87861d889,MAT-153839a87861d889,"Чесуча искусственная, черный 1А-003",,0.6,450.0,750.0,2026-05-31,Основной склад,STOCK_SNAPSHOT,FILE-053,r1265
MAT-f754b74d721924ed,MAT-f754b74d721924ed,"Чесуча, бежевый 1-011",1-011,4.5,9900.0,2200.0,2026-05-31,Основной склад,STOCK_SNAPSHOT,FILE-053,r1266
MAT-fb8f538c363d20f4,MAT-fb8f538c363d20f4,"Чесуча, бордовый 1-008",1-008,9.0,19800.0,2200.0,2026-05-31,Основной склад,STOCK_SNAPSHOT,FILE-053,r1267
MAT-414fc29334a65a1d,MAT-414fc29334a65a1d,"Чесуча, красный 1-029",1-029,11.75,25850.0,2200.0,2026-05-31,Основной склад,STOCK_SNAPSHOT,FILE-053,r1268
MAT-253b405605e3fe5b,MAT-253b405605e3fe5b,"Чесуча, светло-серый (жемчужный) 1-037",1-037,3.6,7920.0,2200.0,2026-05-31,Основной склад,STOCK_SNAPSHOT,FILE-053,r1269
MAT-504e9b3687269655,MAT-504e9b3687269655,"Чесуча, синий 1-019",1-019,1.1,2420.0,2200.0,2026-05-31,Основной склад,STOCK_SNAPSHOT,FILE-053,r1270
MAT-2071de33078e06bd,MAT-2071de33078e06bd,"Чесуча, темно-фиолетовый 1-016",1-016,4.3,9460.0,2200.0,2026-05-31,Основной склад,STOCK_SNAPSHOT,FILE-053,r1271
MAT-a184dc28710a5be5,MAT-a184dc28710a5be5,"Чесуча, фуксия 1-032",1-032,9.1,20020.0,2200.0,2026-05-31,Основной склад,STOCK_SNAPSHOT,FILE-053,r1272
MAT-262e0d77be31d2ea,MAT-262e0d77be31d2ea,"Чесуча, черная 1-038",1-038,12.0,32640.0,2720.0,2026-05-31,Основной склад,STOCK_SNAPSHOT,FILE-053,r1273
MAT-4a6a0015128b2d9a,MAT-4a6a0015128b2d9a,"Шелк белый, принт капли сине-голубые деград 17A-033       деграде голубые с синим",,3.0,9300.0,3100.0,2026-05-31,Основной склад,STOCK_SNAPSHOT,FILE-053,r1274
MAT-e80619dd3bb4d651,MAT-e80619dd3bb4d651,"Шелк белый, принт микс крупный 17A-029",,5.0,14500.0,2900.0,2026-05-31,Основной склад,STOCK_SNAPSHOT,FILE-053,r1275
MAT-fe687439b81384d3,MAT-fe687439b81384d3,"Шелк белый, принт перчики, 17А-060",,43.1,211329.89,4903.25,2026-05-31,Основной склад,STOCK_SNAPSHOT,FILE-053,r1276
MAT-c52de874b66107e7,MAT-c52de874b66107e7,"Шелк белый, принт полоски серые 17A-055",,2.5,7250.0,2900.0,2026-05-31,Основной склад,STOCK_SNAPSHOT,FILE-053,r1277
MAT-5a9b2ead4e37d24b,MAT-5a9b2ead4e37d24b,"Шелк белый, принт серый хаотичные ""Y"" 17A-016",,2.8,8120.0,2900.0,2026-05-31,Основной склад,STOCK_SNAPSHOT,FILE-053,r1278
MAT-c033928f170b4501,MAT-c033928f170b4501,"Шелк белый, принт черный ""Y"" + балерины 17A-014",,2.3,6670.0,2900.0,2026-05-31,Основной склад,STOCK_SNAPSHOT,FILE-053,r1279
MAT-d1a0dfc4f5d93b01,MAT-d1a0dfc4f5d93b01,"Шелк зеленый, принт микс средний 17A-025",,6.7,19430.0,2900.0,2026-05-31,Основной склад,STOCK_SNAPSHOT,FILE-053,r1280
MAT-3103b5eff0dd2b28,MAT-3103b5eff0dd2b28,"Шелк красный, принт микс средний 17A-023",,1.9,5510.0,2900.0,2026-05-31,Основной склад,STOCK_SNAPSHOT,FILE-053,r1281
MAT-53451d3425508335,MAT-53451d3425508335,"Шелк розовый, принт микс крупный 17A-028",,2.4,6960.0,2900.0,2026-05-31,Основной склад,STOCK_SNAPSHOT,FILE-053,r1282
MAT-b2e21494b8901df1,MAT-b2e21494b8901df1,"Шелк синий, принт микс средний 17A-020",,7.0,21700.0,3100.0,2026-05-31,Основной склад,STOCK_SNAPSHOT,FILE-053,r1283
MAT-eae8911aab9a8cce,MAT-eae8911aab9a8cce,"Шелк фуксия, принт цветок 17A-048",,2.4,6960.0,2900.0,2026-05-31,Основной склад,STOCK_SNAPSHOT,FILE-053,r1284
MAT-0e5bd0c917b8df90,MAT-0e5bd0c917b8df90,"Шелк черный, принт грибы 17A-010",,1.2,3480.0,2900.0,2026-05-31,Основной склад,STOCK_SNAPSHOT,FILE-053,r1285
MAT-7b5776e8dfaa593a,MAT-7b5776e8dfaa593a,"Шелк, белый 16-001",16-001,74.9,124124.86,1657.21,2026-05-31,Основной склад,STOCK_SNAPSHOT,FILE-053,r1286
MAT-3b5045cb5ee74a00,MAT-3b5045cb5ee74a00,"Шелк, белый 16-042",16-042,20.0,93000.0,4650.0,2026-05-31,Основной склад,STOCK_SNAPSHOT,FILE-053,r1287
MAT-dc01d8061492d24e,MAT-dc01d8061492d24e,"Шелк, бирюзовый 16-041",16-041,2.2,3520.0,1600.0,2026-05-31,Основной склад,STOCK_SNAPSHOT,FILE-053,r1288
MAT-5a5738f28cfb3421,MAT-5a5738f28cfb3421,"Шелк, голубой 16-018",16-018,5.2,7800.0,1500.0,2026-05-31,Основной склад,STOCK_SNAPSHOT,FILE-053,r1289
MAT-5eccff180bd8ffab,MAT-5eccff180bd8ffab,"Шелк, желтый 16-029",16-029,4.8,7200.0,1500.0,2026-05-31,Основной склад,STOCK_SNAPSHOT,FILE-053,r1290
MAT-fc13e4697f836939,MAT-fc13e4697f836939,"Шелк, желтый 16-030",16-030,3.0,4500.0,1500.0,2026-05-31,Основной склад,STOCK_SNAPSHOT,FILE-053,r1291
MAT-6464157daf7e1778,MAT-6464157daf7e1778,"Шелк, зеленый 16-033",16-033,4.0,6000.0,1500.0,2026-05-31,Основной склад,STOCK_SNAPSHOT,FILE-053,r1292
MAT-3011adcf4bb6d6f1,MAT-3011adcf4bb6d6f1,"Шелк, зеленый 16-035",16-035,5.95,8879.21,1492.3,2026-05-31,Основной склад,STOCK_SNAPSHOT,FILE-053,r1293
MAT-35dbce4ca9dea719,MAT-35dbce4ca9dea719,"Шелк, красный 16-037",16-037,9.4,14100.0,1500.0,2026-05-31,Основной склад,STOCK_SNAPSHOT,FILE-053,r1294
MAT-3d1c0d69be352946,MAT-3d1c0d69be352946,"Шелк, красный, без стрейча 16-040",16-040,3.0,4500.0,1500.0,2026-05-31,Основной склад,STOCK_SNAPSHOT,FILE-053,r1295
MAT-45b31c49424439fc,MAT-45b31c49424439fc,"Шелк, мятный 16-016",16-016,28.0,42000.0,1500.0,2026-05-31,Основной склад,STOCK_SNAPSHOT,FILE-053,r1296
MAT-74d0ef8f9efbfd8c,MAT-74d0ef8f9efbfd8c,"Шелк, принт овощи, 17А-062",,15.0,69750.0,4650.0,2026-05-31,Основной склад,STOCK_SNAPSHOT,FILE-053,r1297
MAT-04461b7329b3e05b,MAT-04461b7329b3e05b,"Шелк, розовый 16-023",16-023,4.3,6365.36,1480.32,2026-05-31,Основной склад,STOCK_SNAPSHOT,FILE-053,r1298
MAT-ede795d470216cb6,MAT-ede795d470216cb6,"Шелк, светло-серый 16-003",16-003,0.8,1600.0,2000.0,2026-05-31,Основной склад,STOCK_SNAPSHOT,FILE-053,r1299
MAT-9f401f53c844b6b6,MAT-9f401f53c844b6b6,"Шелк, светло-серый 16-004",16-004,7.0,14000.0,2000.0,2026-05-31,Основной склад,STOCK_SNAPSHOT,FILE-053,r1300
MAT-85e937fce96c3ee8,MAT-85e937fce96c3ee8,"Шелк, серый 16-005",16-005,1.8,2700.0,1500.0,2026-05-31,Основной склад,STOCK_SNAPSHOT,FILE-053,r1301
MAT-7903fbd87f27d12f,MAT-7903fbd87f27d12f,"Шелк, серый 16-006",16-006,3.1,4650.0,1500.0,2026-05-31,Основной склад,STOCK_SNAPSHOT,FILE-053,r1302
MAT-e73f7d45ddbc29e3,MAT-e73f7d45ddbc29e3,"Шелк, синий 16-020",16-020,4.5,9900.0,2200.0,2026-05-31,Основной склад,STOCK_SNAPSHOT,FILE-053,r1303
MAT-49b180f401a6269a,MAT-49b180f401a6269a,"Шелк, синий 16-039",16-039,48.9,73350.0,1500.0,2026-05-31,Основной склад,STOCK_SNAPSHOT,FILE-053,r1304
MAT-11bf787212d75c91,MAT-11bf787212d75c91,"Шелк, телесный 16-010",16-010,7.3,10950.0,1500.0,2026-05-31,Основной склад,STOCK_SNAPSHOT,FILE-053,r1305
MAT-b1d72a302856b707,MAT-b1d72a302856b707,"Шелк, темно-синий 16-021",16-021,22.3,35680.0,1600.0,2026-05-31,Основной склад,STOCK_SNAPSHOT,FILE-053,r1306
MAT-1819d73dd50af24d,MAT-1819d73dd50af24d,"Шелк, темно-телесный 16-012",16-012,0.45,675.0,1500.0,2026-05-31,Основной склад,STOCK_SNAPSHOT,FILE-053,r1307
MAT-9abdc37089300cc3,MAT-9abdc37089300cc3,"Шелк, фиолетовый 16-036",16-036,17.05,25575.0,1500.0,2026-05-31,Основной склад,STOCK_SNAPSHOT,FILE-053,r1308
MAT-8120246f27d61ce4,MAT-8120246f27d61ce4,"Шелк, фуксия 16-024",16-024,4.55,6825.0,1500.0,2026-05-31,Основной склад,STOCK_SNAPSHOT,FILE-053,r1309
MAT-09c7ecd62b727a88,MAT-09c7ecd62b727a88,"Шелк, фуксия 16-026",16-026,18.55,27825.0,1500.0,2026-05-31,Основной склад,STOCK_SNAPSHOT,FILE-053,r1310
MAT-6ed2dca42737533d,MAT-6ed2dca42737533d,"Шелк, черный 16-038",16-038,58.7,86935.79,1481.02,2026-05-31,Основной склад,STOCK_SNAPSHOT,FILE-053,r1311
MAT-b8dd3a1eec49b149,MAT-b8dd3a1eec49b149,"Шелк, черный без стрейча 16-046",16-046,38.45,76900.0,2000.0,2026-05-31,Основной склад,STOCK_SNAPSHOT,FILE-053,r1312
MAT-e6c1d4eed57e23fa,MAT-e6c1d4eed57e23fa,"Шелк, черный с принтом ""белая Y"" 17А-008",,6.4,12800.0,2000.0,2026-05-31,Основной склад,STOCK_SNAPSHOT,FILE-053,r1313
MAT-0fa6fc8f562e1190,MAT-0fa6fc8f562e1190,"Шелк, ярко-зеленый 16-034",16-034,21.0,31500.0,1500.0,2026-05-31,Основной склад,STOCK_SNAPSHOT,FILE-053,r1314
MAT-7b2a317c99053959,MAT-7b2a317c99053959,"Шерсть пальтовая, графит 9-004",9-004,1.7,5100.0,3000.0,2026-05-31,Основной склад,STOCK_SNAPSHOT,FILE-053,r1315
MAT-9d8d90e158ec2538,MAT-9d8d90e158ec2538,"Шерсть-версаче, черный 8-055",8-055,1.3,3250.0,2500.0,2026-05-31,Основной склад,STOCK_SNAPSHOT,FILE-053,r1316
MAT-b5c2b698171c4678,MAT-b5c2b698171c4678,"Шерсть-кучерелли, розовый 8-053",8-053,2.0,5000.0,2500.0,2026-05-31,Основной склад,STOCK_SNAPSHOT,FILE-053,r1317
MAT-20e6852d6b9110b8,MAT-20e6852d6b9110b8,"Шерсть-кучерелли, черный 8-056",8-056,11.3,36160.0,3200.0,2026-05-31,Основной склад,STOCK_SNAPSHOT,FILE-053,r1318
MAT-4664c1fbb0df07cb,MAT-4664c1fbb0df07cb,"Шерсть, серо-бежевый 8-042",8-042,3.4,6800.0,2000.0,2026-05-31,Основной склад,STOCK_SNAPSHOT,FILE-053,r1319
MAT-77825266d221a7c6,MAT-77825266d221a7c6,Шифон белый 18-015,18-015,36.0,32400.0,900.0,2026-05-31,Основной склад,STOCK_SNAPSHOT,FILE-053,r1320
MAT-69a864ce3b1122aa,MAT-69a864ce3b1122aa,"Шифон белый, принт гжель 19-026",19-026,3.4,6800.0,2000.0,2026-05-31,Основной склад,STOCK_SNAPSHOT,FILE-053,r1321
MAT-b573d51417957117,MAT-b573d51417957117,"Шифон белый, принт гжель купоны 19A-011",,0.7,1610.0,2300.0,2026-05-31,Основной склад,STOCK_SNAPSHOT,FILE-053,r1322
MAT-be81ed6dfe71ae65,MAT-be81ed6dfe71ae65,"Шифон белый, принт крупный микс 19A-003",,5.4,12420.0,2300.0,2026-05-31,Основной склад,STOCK_SNAPSHOT,FILE-053,r1323
MAT-a9c56e73d376941c,MAT-a9c56e73d376941c,Шифон голубой 18-017,18-017,30.2,27180.0,900.0,2026-05-31,Основной склад,STOCK_SNAPSHOT,FILE-053,r1324
MAT-1c08da40c17f5cfb,MAT-1c08da40c17f5cfb,Шифон зеленый 18-024,18-024,5.0,4500.0,900.0,2026-05-31,Основной склад,STOCK_SNAPSHOT,FILE-053,r1325
MAT-908514bd58ff37bd,MAT-908514bd58ff37bd,"Шифон зеленый, принт крупный микс 19A-010",,5.0,11500.0,2300.0,2026-05-31,Основной склад,STOCK_SNAPSHOT,FILE-053,r1326
MAT-0e905583a2545b26,MAT-0e905583a2545b26,"Шифон искусственный, бежевый, 18-И-001",,40.0,5621.72,140.54,2026-05-31,Основной склад,STOCK_SNAPSHOT,FILE-053,r1327
MAT-6dfa6ed913d87cc0,MAT-6dfa6ed913d87cc0,Шифон красный 18-036,18-036,5.0,4500.0,900.0,2026-05-31,Основной склад,STOCK_SNAPSHOT,FILE-053,r1328
MAT-392c94884e600bc7,MAT-392c94884e600bc7,"Шифон креповой искусственный, черный, 18-И-002",,22.5,7222.5,321.0,2026-05-31,Основной склад,STOCK_SNAPSHOT,FILE-053,r1329
MAT-607107c2333c5fdd,MAT-607107c2333c5fdd,Шифон мятный 18-025,18-025,2.5,2250.0,900.0,2026-05-31,Основной склад,STOCK_SNAPSHOT,FILE-053,r1330
MAT-5da669d619d4f0bd,MAT-5da669d619d4f0bd,"Шифон розовый ""любовь"" 18-031",18-031,4.5,4050.0,900.0,2026-05-31,Основной склад,STOCK_SNAPSHOT,FILE-053,r1331
MAT-7cee099dbf6d6a76,MAT-7cee099dbf6d6a76,"Шифон розовый, принт крупный микс 19A-009",,8.2,18860.0,2300.0,2026-05-31,Основной склад,STOCK_SNAPSHOT,FILE-053,r1332
MAT-4d8e080c65695e19,MAT-4d8e080c65695e19,Шифон светло-мятный 18-026,18-026,44.85,40365.0,900.0,2026-05-31,Основной склад,STOCK_SNAPSHOT,FILE-053,r1333
MAT-334f1f93d8cad083,MAT-334f1f93d8cad083,Шифон серо-голубой 18-002,18-002,8.6,7740.0,900.0,2026-05-31,Основной склад,STOCK_SNAPSHOT,FILE-053,r1334
MAT-bdea8f8b8acd7c6a,MAT-bdea8f8b8acd7c6a,Шифон синий 18-020,18-020,60.4,65642.69,1086.8,2026-05-31,Основной склад,STOCK_SNAPSHOT,FILE-053,r1335
MAT-89b2984d828260ce,MAT-89b2984d828260ce,"Шифон синий, принт крупный микс 19A-007",,2.35,5405.0,2300.0,2026-05-31,Основной склад,STOCK_SNAPSHOT,FILE-053,r1336
MAT-5fb60343d4ae6f04,MAT-5fb60343d4ae6f04,Шифон темно-синий 18-021,18-021,5.6,5040.0,900.0,2026-05-31,Основной склад,STOCK_SNAPSHOT,FILE-053,r1337
MAT-c7b9f80159091400,MAT-c7b9f80159091400,Шифон фуксия 18-034,18-034,97.3,87570.0,900.0,2026-05-31,Основной склад,STOCK_SNAPSHOT,FILE-053,r1338
MAT-8cdb8b4c95645f34,MAT-8cdb8b4c95645f34,"Шифон цветной, принт темные разводы 19-033",19-033,47.8,119500.0,2500.0,2026-05-31,Основной склад,STOCK_SNAPSHOT,FILE-053,r1339
MAT-9024932e0f8bf366,MAT-9024932e0f8bf366,Шифон черный 18-039,18-039,35.3,39714.8,1125.07,2026-05-31,Основной склад,STOCK_SNAPSHOT,FILE-053,r1340
MAT-4a869e1a07c3633b,MAT-4a869e1a07c3633b,"Шифон, белый с принтом ""листья"" 19A-016",,39.55,90965.0,2300.0,2026-05-31,Основной склад,STOCK_SNAPSHOT,FILE-053,r1341
MAT-6dcfa8bbbd753374,MAT-6dcfa8bbbd753374,"Шифон, графит 18-003",18-003,32.0,33900.0,1059.38,2026-05-31,Основной склад,STOCK_SNAPSHOT,FILE-053,r1342
MAT-4f6a48e4e0df10eb,MAT-4f6a48e4e0df10eb,"Шифон, серый с принтом ""розовые листья"" 19A-017",,1.5,3450.0,2300.0,2026-05-31,Основной склад,STOCK_SNAPSHOT,FILE-053,r1343
MAT-196912acf1e239ea,MAT-196912acf1e239ea,"Шифон, черный с принтом ""листья"" 19A-015",,15.65,35995.0,2300.0,2026-05-31,Основной склад,STOCK_SNAPSHOT,FILE-053,r1344
MAT-94d2c43d54c9dac6,MAT-94d2c43d54c9dac6,Итого,,19448.96,29837656.49,,2026-05-31,Основной склад,STOCK_SNAPSHOT,FILE-053,r1345
