sales_line_id,period_month,canonical_sku,qty,revenue_rub,unit_price_rub,cogs_reported_rub,cogs_source,product_cogs_rub,commission_proxy_rub,agency_comm_at_net_rate_rub,reported_margin_rub,product_margin_rub,commission_proxy_share_of_rev,split_method,net_rate_policy,agency_take_policy
SL-edf5bb3d05d51de9,2025-06,T-2928,1.0,119775.97,119775.97,63399.0,FILE,19862.03,43536.97,63864.55,56376.97,99913.94,0.3635,FILE_MINUS_W3_MEDIAN,0.4668,0.5332
SL-4595031e6b1f06b3,2025-07,T-2928,1.0,163812.93,163812.93,107435.96,FILE,19862.03,87573.93,87345.05,56376.97,143950.9,0.5346,FILE_MINUS_W3_MEDIAN,0.4668,0.5332
SL-3fd2414498dd8ee7,2026-01,T-2928,1.0,123394.37,123394.37,67017.4,FILE,19862.03,47155.37,65793.88,56376.97,103532.34,0.3822,FILE_MINUS_W3_MEDIAN,0.4668,0.5332
SL-eb7376d94956e876,2024-01,0-2480,1.0,132250.0,132250.0,97418.6,FILE,14149.6,83269.0,70515.7,34831.4,118100.4,0.6296,FILE_MINUS_W3_MEDIAN,0.4668,0.5332
SL-a76b795e030b6ab3,2024-05,T-2420A,3.0,460920.0,153640.0,309528.06,FILE,46312.56,263215.5,245762.54,151391.94,414607.44,0.5711,FILE_MINUS_W3_MEDIAN,0.4668,0.5332
SL-d044d79e03731ceb,2024-06,T-2420A,1.0,153640.0,153640.0,103176.02,FILE,15437.52,87738.5,81920.85,50463.98,138202.48,0.5711,FILE_MINUS_W3_MEDIAN,0.4668,0.5332
SL-dc6cd26013b975fa,2024-01,0-2817,1.0,107075.75,107075.75,70560.75,FILE,15985.0,54575.75,57092.79,36515.0,91090.75,0.5097,FILE_MINUS_W3_MEDIAN,0.4668,0.5332
SL-3619520c99913a21,2024-02,0-2817,1.0,118239.54,118239.54,81724.54,FILE,15985.0,65739.54,63045.32,36515.0,102254.54,0.556,FILE_MINUS_W3_MEDIAN,0.4668,0.5332
SL-c5972da4bf89e08a,2024-04,0-2817,1.0,120750.0,120750.0,84235.0,FILE,15985.0,68250.0,64383.9,36515.0,104765.0,0.5652,FILE_MINUS_W3_MEDIAN,0.4668,0.5332
SL-e66a647aba0e9d6e,2025-04,0-2817,1.0,126790.0,126790.0,87650.0,FILE,15985.0,71665.0,67604.43,39140.0,110805.0,0.5652,FILE_MINUS_W3_MEDIAN,0.4668,0.5332
SL-6487bee030f481b8,2025-05,T-2973,1.0,73511.14,73511.14,5919.43,W3_BOM_H9,5919.43,0.0,39196.14,67591.71,67591.71,0.0,W3_AS_PRODUCT,0.4668,0.5332
SL-3b979bc72faf11a7,2025-06,T-2973,2.0,151200.0,75600.0,11838.86,W3_BOM_H9,11838.86,0.0,80619.84,139361.14,139361.14,0.0,W3_AS_PRODUCT,0.4668,0.5332
SL-f9f778347bb7e92f,2025-07,T-2973,1.0,75600.0,75600.0,5919.43,W3_BOM_H9,5919.43,0.0,40309.92,69680.57,69680.57,0.0,W3_AS_PRODUCT,0.4668,0.5332
SL-f64a034630d959bb,2025-08,T-2973,1.0,75600.0,75600.0,5919.43,W3_BOM_H9,5919.43,0.0,40309.92,69680.57,69680.57,0.0,W3_AS_PRODUCT,0.4668,0.5332
SL-42c420d005d11329,2026-04,T-2973,1.0,37333.67,37333.67,10383.1,FILE,6709.34,3673.76,19906.31,26950.57,30624.33,0.0984,FILE_MINUS_W3_MEDIAN,0.4668,0.5332
SL-b35d0d404661f39b,2025-06,T-2871A,1.0,62542.0,62542.0,23794.45,FILE,5535.45,18259.0,33347.39,38747.55,57006.55,0.2919,FILE_MINUS_W3_MEDIAN,0.4668,0.5332
SL-51f9a2dcba1dc8c9,2025-08,T-2871A,1.0,101850.0,101850.0,63102.45,FILE,5535.45,57567.0,54306.42,38747.55,96314.55,0.5652,FILE_MINUS_W3_MEDIAN,0.4668,0.5332
SL-ce9f93770837a8fc,2024-01,0-2665,1.0,101990.0,101990.0,66033.0,FILE,16543.0,49490.0,54381.07,35957.0,85447.0,0.4852,FILE_MINUS_W3_MEDIAN,0.4668,0.5332
SL-f42946074de338da,2024-02,0-2665,2.0,239115.0,119557.5,167201.0,FILE,33086.0,134115.0,127496.12,71914.0,206029.0,0.5609,FILE_MINUS_W3_MEDIAN,0.4668,0.5332
SL-2687944939a738be,2024-04,0-2665,1.0,120750.0,120750.0,84793.0,FILE,16543.0,68250.0,64383.9,35957.0,104207.0,0.5652,FILE_MINUS_W3_MEDIAN,0.4668,0.5332
SL-e6c5e1cf1f8dc7f4,2024-11,0-2665,1.0,52500.0,52500.0,16543.0,FILE,16543.0,0.0,27993.0,35957.0,35957.0,0.0,FILE_MINUS_W3_MEDIAN,0.4668,0.5332
SL-ae7a766e67dedeaf,2025-11,0-2665,1.0,55125.0,55125.0,16543.0,FILE,16543.0,0.0,29392.65,38582.0,38582.0,0.0,FILE_MINUS_W3_MEDIAN,0.4668,0.5332
SL-1e5725b4509525d2,2025-02,T-2938,2.0,266700.0,133350.0,169437.34,FILE,18693.34,150744.0,142204.44,97262.66,248006.66,0.5652,FILE_MINUS_W3_MEDIAN,0.4668,0.5332
SL-869b9e354b0cd0e7,2025-04,T-2938,1.0,113475.0,113475.0,64843.67,FILE,9346.67,55497.0,60504.87,48631.33,104128.33,0.4891,FILE_MINUS_W3_MEDIAN,0.4668,0.5332
SL-dbc2014d4303ff5c,2024-05,T-2540,1.0,179400.0,179400.0,118855.4,FILE,23265.4,95590.0,95656.08,60544.6,156134.6,0.5328,FILE_MINUS_W3_MEDIAN,0.4668,0.5332
SL-61e72fce86f421d6,2024-06,T-2540,3.0,436800.0,145600.0,255166.2,FILE,69796.2,185370.0,232901.76,181633.8,367003.8,0.4244,FILE_MINUS_W3_MEDIAN,0.4668,0.5332
SL-e03e5e52c44dfde7,2024-07,T-2540,1.0,161460.0,161460.0,100915.4,FILE,23265.4,77650.0,86090.47,60544.6,138194.6,0.4809,FILE_MINUS_W3_MEDIAN,0.4668,0.5332
SL-36bb425e5f327af5,2025-01,T-2540,1.0,120873.55,120873.55,60328.95,FILE,23265.4,37063.55,64449.78,60544.6,97608.15,0.3066,FILE_MINUS_W3_MEDIAN,0.4668,0.5332
SL-8fc760dde2234d24,2025-06,T-2973B,1.0,75600.0,75600.0,6757.47,W3_BOM_H9,6757.47,0.0,40309.92,68842.53,68842.53,0.0,W3_AS_PRODUCT,0.4668,0.5332
SL-d06d176be3857d62,2025-07,T-2973B,4.0,258228.24,64557.06,27029.9,W3_BOM_H9,27029.9,0.0,137687.3,231198.34,231198.34,0.0,W3_AS_PRODUCT,0.4668,0.5332
SL-afb7460265740e2e,2025-11,T-2973B,1.0,75600.0,75600.0,6757.47,W3_BOM_H9,6757.47,0.0,40309.92,68842.53,68842.53,0.0,W3_AS_PRODUCT,0.4668,0.5332
SL-688aa4c8178e2e62,2025-06,T-2871A,1.0,101850.0,101850.0,63572.5,FILE,5535.45,58037.05,54306.42,38277.5,96314.55,0.5698,FILE_MINUS_W3_MEDIAN,0.4668,0.5332
SL-60eaaead7dd93a57,2025-08,T-2871A,1.0,83060.64,83060.64,44783.14,FILE,5535.45,39247.69,44287.93,38277.5,77525.19,0.4725,FILE_MINUS_W3_MEDIAN,0.4668,0.5332
SL-b1d0f831fb5ca18d,2025-09,T-2871A,1.0,101850.0,101850.0,63572.5,FILE,5535.45,58037.05,54306.42,38277.5,96314.55,0.5698,FILE_MINUS_W3_MEDIAN,0.4668,0.5332
SL-44ac93445d5d1c94,2025-10,T-2871A,-1.0,-101850.0,101850.0,-63572.5,FILE,-5535.45,-58037.05,-54306.42,-38277.5,-96314.55,0.5698,FILE_MINUS_W3_MEDIAN,0.4668,0.5332
SL-784e25925b6dece2,2026-04,T-2871A,1.0,101850.0,101850.0,63572.5,FILE,5535.45,58037.05,54306.42,38277.5,96314.55,0.5698,FILE_MINUS_W3_MEDIAN,0.4668,0.5332
SL-121266cf64e58cf9,2024-04,T-2032C,1.0,38800.0,38800.0,12552.1,FILE,12552.1,0.0,20688.16,26247.9,26247.9,0.0,FILE_MINUS_W3_MEDIAN,0.4668,0.5332
SL-f9dd391f4c917017,2024-05,T-2032C,1.0,89240.0,89240.0,62992.1,FILE,12552.1,50440.0,47582.77,26247.9,76687.9,0.5652,FILE_MINUS_W3_MEDIAN,0.4668,0.5332
SL-f152788fb3cfd029,2024-06,T-2032C,1.0,89240.0,89240.0,62992.1,FILE,12552.1,50440.0,47582.77,26247.9,76687.9,0.5652,FILE_MINUS_W3_MEDIAN,0.4668,0.5332
SL-422abdb8c23924cb,2024-07,T-2032C,1.0,89250.0,89250.0,63002.1,FILE,12552.1,50450.0,47588.1,26247.9,76697.9,0.5653,FILE_MINUS_W3_MEDIAN,0.4668,0.5332
SL-69d9bd72f6874e1d,2024-08,T-2032C,1.0,89250.0,89250.0,63002.1,FILE,12552.1,50450.0,47588.1,26247.9,76697.9,0.5653,FILE_MINUS_W3_MEDIAN,0.4668,0.5332
SL-dd394587151ef9cf,2025-06,T-2973A,1.0,72891.62,72891.62,5977.62,W3_BOM_H9,5977.62,0.0,38865.81,66914.0,66914.0,0.0,W3_AS_PRODUCT,0.4668,0.5332
SL-b3594872dedf8545,2025-07,T-2973A,1.0,51431.97,51431.97,5977.62,W3_BOM_H9,5977.62,0.0,27423.53,45454.35,45454.35,0.0,W3_AS_PRODUCT,0.4668,0.5332
SL-86aef1244cd283c4,2026-01,T-2973A,1.0,75600.0,75600.0,5977.62,W3_BOM_H9,5977.62,0.0,40309.92,69622.38,69622.38,0.0,W3_AS_PRODUCT,0.4668,0.5332
SL-16ef2d729e96f8c6,2026-06,T-2973A,1.0,75600.0,75600.0,5977.62,W3_BOM_H9,5977.62,0.0,40309.92,69622.38,69622.38,0.0,W3_AS_PRODUCT,0.4668,0.5332
SL-2eb1081c4d2d98d8,2026-06,T-2973A,2.0,108470.0,54235.0,11955.23,W3_BOM_H9,11955.23,0.0,57836.2,96514.77,96514.77,0.0,W3_AS_PRODUCT,0.4668,0.5332
SL-5a5b7ece6042d39f,2024-09,T-1960,1.0,86491.0,86491.0,58689.0,FILE,12587.0,46102.0,46117.0,27802.0,73904.0,0.533,FILE_MINUS_W3_MEDIAN,0.4668,0.5332
SL-3b112816d8c58cd9,2024-10,T-1960,2.0,184480.0,92240.0,128876.0,FILE,25174.0,103702.0,98364.74,55604.0,159306.0,0.5621,FILE_MINUS_W3_MEDIAN,0.4668,0.5332
SL-a16d4d5ba83b1166,2025-03,T-1960,1.0,51130.0,51130.0,21323.0,FILE,12587.0,8736.0,27262.52,29807.0,38543.0,0.1709,FILE_MINUS_W3_MEDIAN,0.4668,0.5332
SL-cbab4371571038f6,2025-06,T-1960,1.0,96850.0,96850.0,67043.0,FILE,12587.0,54456.0,51640.42,29807.0,84263.0,0.5623,FILE_MINUS_W3_MEDIAN,0.4668,0.5332
SL-d92e0b27d5c25a7d,2025-08,T-1960,1.0,96840.0,96840.0,67033.0,FILE,12587.0,54446.0,51635.09,29807.0,84253.0,0.5622,FILE_MINUS_W3_MEDIAN,0.4668,0.5332
SL-6f8460fcb6dc8d61,2026-05,T-1960,1.0,96840.0,96840.0,67033.0,FILE,12587.0,54446.0,51635.09,29807.0,84253.0,0.5622,FILE_MINUS_W3_MEDIAN,0.4668,0.5332
SL-bb5cdfd48da47b92,2024-05,T-2572,2.0,233680.0,116840.0,154190.0,FILE,22110.0,132080.0,124598.18,79490.0,211570.0,0.5652,FILE_MINUS_W3_MEDIAN,0.4668,0.5332
SL-1df0c6f7ce98ddd5,2024-06,T-2572,1.0,116840.0,116840.0,77095.0,FILE,11055.0,66040.0,62299.09,39745.0,105785.0,0.5652,FILE_MINUS_W3_MEDIAN,0.4668,0.5332
SL-da9c5296dba8fcf2,2025-11,T-2572,1.0,53340.0,53340.0,11055.0,FILE,11055.0,0.0,28440.89,42285.0,42285.0,0.0,FILE_MINUS_W3_MEDIAN,0.4668,0.5332
SL-95eb2c267d22779e,2024-04,T-2753,1.0,129607.28,129607.28,82739.78,FILE,11932.5,70807.28,69106.6,46867.5,117674.78,0.5463,FILE_MINUS_W3_MEDIAN,0.4668,0.5332
SL-c9496d5122aeecb6,2024-06,T-2753,2.0,270480.0,135240.0,176745.0,FILE,23865.0,152880.0,144219.94,93735.0,246615.0,0.5652,FILE_MINUS_W3_MEDIAN,0.4668,0.5332
SL-584d06a378123987,2024-07,T-2753,1.0,108000.0,108000.0,61132.5,FILE,11932.5,49200.0,57585.6,46867.5,96067.5,0.4556,FILE_MINUS_W3_MEDIAN,0.4668,0.5332
SL-49914f1bec41ecf8,2024-08,T-2753,1.0,135240.0,135240.0,88372.5,FILE,11932.5,76440.0,72109.97,46867.5,123307.5,0.5652,FILE_MINUS_W3_MEDIAN,0.4668,0.5332
SL-2c4ba12222a6ab0a,2024-11,T-2753,1.0,116045.12,116045.12,69177.62,FILE,11932.5,57245.12,61875.26,46867.5,104112.62,0.4933,FILE_MINUS_W3_MEDIAN,0.4668,0.5332
SL-322d1359cf4e8fcf,2025-06,T-2753,1.0,142000.0,142000.0,92192.5,FILE,11932.5,80260.0,75714.4,49807.5,130067.5,0.5652,FILE_MINUS_W3_MEDIAN,0.4668,0.5332
SL-e1bf8f3c88a18853,2026-02,T-3122,1.0,147090.0,147090.0,96841.0,FILE,13701.0,83140.0,78428.39,50249.0,133389.0,0.5652,FILE_MINUS_W3_MEDIAN,0.4668,0.5332
SL-7c8a31e38f563c61,2026-03,T-3122,2.0,285804.83,142902.42,185306.83,FILE,27402.0,157904.83,152391.14,100498.0,258402.83,0.5525,FILE_MINUS_W3_MEDIAN,0.4668,0.5332
SL-9662e3004b792184,2026-04,T-3122,1.0,122479.0,122479.0,72230.0,FILE,13701.0,58529.0,65305.8,50249.0,108778.0,0.4779,FILE_MINUS_W3_MEDIAN,0.4668,0.5332
SL-1bc4a97dc641893c,2026-06,T-3122,1.0,147090.0,147090.0,96841.0,FILE,13701.0,83140.0,78428.39,50249.0,133389.0,0.5652,FILE_MINUS_W3_MEDIAN,0.4668,0.5332
SL-57d557106dcec916,2024-01,0-1187D,1.0,126000.0,126000.0,83622.52,FILE,12405.52,71217.0,67183.2,42377.48,113594.48,0.5652,FILE_MINUS_W3_MEDIAN,0.4668,0.5332
SL-af011df496a06606,2024-04,T-2752,4.0,579082.69,144770.67,365490.69,FILE,53608.0,311882.69,308766.89,213592.0,525474.69,0.5386,FILE_MINUS_W3_MEDIAN,0.4668,0.5332
SL-a970143ba28a0667,2024-05,T-2752,1.0,153640.0,153640.0,100242.0,FILE,13402.0,86840.0,81920.85,53398.0,140238.0,0.5652,FILE_MINUS_W3_MEDIAN,0.4668,0.5332
SL-422a93b463657331,2024-06,T-2752,1.0,153640.0,153640.0,100242.0,FILE,13402.0,86840.0,81920.85,53398.0,140238.0,0.5652,FILE_MINUS_W3_MEDIAN,0.4668,0.5332
SL-f7742f40d7636cd8,2024-07,T-2752,4.0,527242.57,131810.64,313650.57,FILE,53608.0,260042.57,281125.74,213592.0,473634.57,0.4932,FILE_MINUS_W3_MEDIAN,0.4668,0.5332
SL-5454e944893399c4,2024-08,T-2752,1.0,120644.36,120644.36,67246.36,FILE,13402.0,53844.36,64327.57,53398.0,107242.36,0.4463,FILE_MINUS_W3_MEDIAN,0.4668,0.5332
SL-79e584419dc4625d,2024-04,T-2420A,2.0,296817.54,148408.77,195889.58,FILE,30875.04,165014.54,158263.11,100927.96,265942.5,0.5559,FILE_MINUS_W3_MEDIAN,0.4668,0.5332
SL-a893bc2d6ef4b275,2024-05,T-2420A,3.0,448433.21,149477.74,297041.27,FILE,46312.56,250728.71,239104.59,151391.94,402120.65,0.5591,FILE_MINUS_W3_MEDIAN,0.4668,0.5332
SL-f8e1844563e2a49f,2024-06,T-2420A,3.0,345544.52,115181.51,194152.58,FILE,46312.56,147840.02,184244.34,151391.94,299231.96,0.4278,FILE_MINUS_W3_MEDIAN,0.4668,0.5332
SL-80fa68da2ee3e093,2024-07,T-2420A,2.0,261188.0,130594.0,160260.04,FILE,30875.04,129385.0,139265.44,100927.96,230312.96,0.4954,FILE_MINUS_W3_MEDIAN,0.4668,0.5332
SL-91af66e7d38c137f,2024-09,T-2420A,1.0,153640.0,153640.0,103176.02,FILE,15437.52,87738.5,81920.85,50463.98,138202.48,0.5711,FILE_MINUS_W3_MEDIAN,0.4668,0.5332
SL-45a3753a0a769f87,2025-01,T-2420A,1.0,153640.0,153640.0,103176.02,FILE,15437.52,87738.5,81920.85,50463.98,138202.48,0.5711,FILE_MINUS_W3_MEDIAN,0.4668,0.5332
SL-65b22c7dd1fe33f8,2024-04,T-2540,2.0,362480.0,181240.0,251410.8,FILE,46530.8,204880.0,193274.34,111069.2,315949.2,0.5652,FILE_MINUS_W3_MEDIAN,0.4668,0.5332
SL-8d5769c689d112b0,2024-05,T-2540,2.0,362480.0,181240.0,251410.8,FILE,46530.8,204880.0,193274.34,111069.2,315949.2,0.5652,FILE_MINUS_W3_MEDIAN,0.4668,0.5332
SL-11749c20d7890f05,2024-06,T-2540,3.0,441040.0,147013.33,274436.2,FILE,69796.2,204640.0,235162.53,166603.8,371243.8,0.464,FILE_MINUS_W3_MEDIAN,0.4668,0.5332
SL-e27deb66f708d6c1,2024-07,T-2540,1.0,143896.0,143896.0,88361.4,FILE,23265.4,65096.0,76725.35,55534.6,120630.6,0.4524,FILE_MINUS_W3_MEDIAN,0.4668,0.5332
SL-b58cffca201051b7,2025-04,T-2540,1.0,190300.0,190300.0,130825.4,FILE,23265.4,107560.0,101467.96,59474.6,167034.6,0.5652,FILE_MINUS_W3_MEDIAN,0.4668,0.5332
SL-4e87db25fb8b8a4d,2026-06,T-2540,1.0,147551.0,147551.0,88076.4,FILE,23265.4,64811.0,78674.19,59474.6,124285.6,0.4392,FILE_MINUS_W3_MEDIAN,0.4668,0.5332
SL-31f79b40f7996fbe,2025-06,T-2872,4.0,603344.02,150836.01,360626.14,FILE,62238.11,298388.03,321703.03,242717.88,541105.91,0.4946,FILE_MINUS_W3_MEDIAN,0.4668,0.5332
SL-0985555b2d0ed45e,2025-07,T-2872,1.0,175350.0,175350.0,114670.53,FILE,15559.53,99111.0,93496.62,60679.47,159790.47,0.5652,FILE_MINUS_W3_MEDIAN,0.4668,0.5332
SL-b00e9affb30d4527,2026-05,T-2872,2.0,341331.7,170665.85,219972.76,FILE,31119.05,188853.71,181998.06,121358.94,310212.65,0.5533,FILE_MINUS_W3_MEDIAN,0.4668,0.5332
SL-6ad39e3051056c1c,2026-06,T-2872,1.0,170258.0,170258.0,109578.53,FILE,15559.53,94019.0,90781.57,60679.47,154698.47,0.5522,FILE_MINUS_W3_MEDIAN,0.4668,0.5332
SL-68ade87c6c65f052,2024-01,0-2673,1.0,152000.0,152000.0,97128.0,FILE,17504.19,79623.81,81046.4,54872.0,134495.81,0.5238,FILE_MINUS_W3_MEDIAN,0.4668,0.5332
SL-8d00e97bf76388cf,2024-10,0-2673,1.0,152000.0,152000.0,97128.0,FILE,17504.19,79623.81,81046.4,54872.0,134495.81,0.5238,FILE_MINUS_W3_MEDIAN,0.4668,0.5332
SL-10a93641cc5aa22f,2024-12,0-2673,1.0,66087.0,66087.0,11215.0,FILE,17504.19,-6289.19,35237.59,54872.0,48582.81,-0.0952,FILE_MINUS_W3_MEDIAN,0.4668,0.5332
SL-2d4f74e50ef3b483,2024-01,0-2690,1.0,209000.0,209000.0,134846.5,FILE,16716.5,118130.0,111438.8,74153.5,192283.5,0.5652,FILE_MINUS_W3_MEDIAN,0.4668,0.5332
SL-6efff5c5abac7890,2025-06,T-2933,2.0,277982.68,138991.34,183756.68,FILE,33600.0,150156.68,148220.36,94226.0,244382.68,0.5402,FILE_MINUS_W3_MEDIAN,0.4668,0.5332
SL-04f2a18bae94f99d,2026-05,T-2933,1.0,147000.0,147000.0,99887.0,FILE,16800.0,83087.0,78380.4,47113.0,130200.0,0.5652,FILE_MINUS_W3_MEDIAN,0.4668,0.5332
SL-7930ad0a50d376c5,2024-09,T-2703,1.0,118634.54,118634.54,83022.54,FILE,21430.67,61591.87,63255.94,35612.0,97203.87,0.5192,FILE_MINUS_W3_MEDIAN,0.4668,0.5332
SL-5d6c677cab179e17,2024-10,T-2703,4.0,410202.5,102550.62,267754.5,FILE,85722.67,182031.83,218719.97,142448.0,324479.83,0.4438,FILE_MINUS_W3_MEDIAN,0.4668,0.5332
SL-d91b8580cd864321,2024-11,T-2703,2.0,238894.34,119447.17,167670.34,FILE,42861.33,124809.01,127378.46,71224.0,196033.01,0.5224,FILE_MINUS_W3_MEDIAN,0.4668,0.5332
SL-1530df7b33b39231,2025-04,T-2703,1.0,112899.28,112899.28,74662.28,FILE,21430.67,53231.61,60197.9,38237.0,91468.61,0.4715,FILE_MINUS_W3_MEDIAN,0.4668,0.5332
SL-548a2f03c7c171e2,2025-09,T-2703,1.0,123929.87,123929.87,90938.7,FILE,21430.67,69508.03,66079.41,32991.17,102499.2,0.5609,FILE_MINUS_W3_MEDIAN,0.4668,0.5332
SL-4931917fbd939fe9,2025-11,T-2703,2.0,253580.0,126790.0,177816.46,FILE,42861.33,134955.13,135208.86,75763.54,210718.67,0.5322,FILE_MINUS_W3_MEDIAN,0.4668,0.5332
SL-c83bbeff8340d104,2024-09,T-1960,3.0,269373.0,89791.0,185967.0,FILE,37761.0,148206.0,143629.68,83406.0,231612.0,0.5502,FILE_MINUS_W3_MEDIAN,0.4668,0.5332
SL-dfd5a0de1880ee13,2024-10,T-1960,1.0,91109.0,91109.0,63307.0,FILE,12587.0,50720.0,48579.32,27802.0,78522.0,0.5567,FILE_MINUS_W3_MEDIAN,0.4668,0.5332
SL-a8f1da75f3dcaf61,2024-11,T-1960,1.0,92230.0,92230.0,64428.0,FILE,12587.0,51841.0,49177.04,27802.0,79643.0,0.5621,FILE_MINUS_W3_MEDIAN,0.4668,0.5332
SL-95776f373d6a99fe,2024-12,T-1960,1.0,92250.0,92250.0,64448.0,FILE,12587.0,51861.0,49187.7,27802.0,79663.0,0.5622,FILE_MINUS_W3_MEDIAN,0.4668,0.5332
SL-9c01fab10392d8be,2025-01,T-1960,1.0,92230.0,92230.0,64428.0,FILE,12587.0,51841.0,49177.04,27802.0,79643.0,0.5621,FILE_MINUS_W3_MEDIAN,0.4668,0.5332
SL-596d7dc493e7954d,2025-02,T-1960,1.0,89309.14,89309.14,59502.14,FILE,12587.0,46915.14,47619.63,29807.0,76722.14,0.5253,FILE_MINUS_W3_MEDIAN,0.4668,0.5332
SL-fd9d62adb6082a42,2025-03,T-1960,1.0,96840.0,96840.0,67033.0,FILE,12587.0,54446.0,51635.09,29807.0,84253.0,0.5622,FILE_MINUS_W3_MEDIAN,0.4668,0.5332
SL-3aca8869cf7158b9,2025-07,T-1960,1.0,83000.0,83000.0,53193.0,FILE,12587.0,40606.0,44255.6,29807.0,70413.0,0.4892,FILE_MINUS_W3_MEDIAN,0.4668,0.5332
SL-a2161ea8cdde42c6,2025-12,T-1960,1.0,96840.0,96840.0,67033.0,FILE,12587.0,54446.0,51635.09,29807.0,84253.0,0.5622,FILE_MINUS_W3_MEDIAN,0.4668,0.5332
SL-250735c42b1a9092,2024-01,0-2671,1.0,92150.0,92150.0,63921.0,FILE,11836.0,52085.0,49134.38,28229.0,80314.0,0.5652,FILE_MINUS_W3_MEDIAN,0.4668,0.5332
SL-643ca1f7125eff25,2024-02,0-2671,1.0,57150.0,57150.0,28921.0,FILE,11836.0,17085.0,30472.38,28229.0,45314.0,0.299,FILE_MINUS_W3_MEDIAN,0.4668,0.5332
SL-8293ee42259d10c9,2024-03,0-2671,2.0,184300.0,92150.0,127842.0,FILE,23672.0,104170.0,98268.76,56458.0,160628.0,0.5652,FILE_MINUS_W3_MEDIAN,0.4668,0.5332
SL-69302304ef476136,2024-04,0-2671,1.0,92150.0,92150.0,63921.0,FILE,11836.0,52085.0,49134.38,28229.0,80314.0,0.5652,FILE_MINUS_W3_MEDIAN,0.4668,0.5332
SL-719348c9473799a1,2024-04,0-2671,-1.0,-92150.0,92150.0,-63921.0,FILE,-11836.0,-52085.0,-49134.38,-28229.0,-80314.0,0.5652,FILE_MINUS_W3_MEDIAN,0.4668,0.5332
SL-2b273dce810f0af4,2024-03,0-2415,1.0,38590.0,38590.0,22043.0,FILE,2536.0,19507.0,20576.19,16547.0,36054.0,0.5055,FILE_MINUS_W3_MEDIAN,0.4668,0.5332
SL-748ee8cc2a263785,2024-04,0-2415,-1.0,-38590.0,38590.0,-22043.0,FILE,-2536.0,-19507.0,-20576.19,-16547.0,-36054.0,0.5055,FILE_MINUS_W3_MEDIAN,0.4668,0.5332
SL-cad9ae06d137b86a,2024-01,0-2458,1.0,78300.0,78300.0,50815.7,FILE,6558.7,44257.0,41749.56,27484.3,71741.3,0.5652,FILE_MINUS_W3_MEDIAN,0.4668,0.5332
SL-e00b8c105c05c1fb,2024-06,T-2750C,1.0,47150.0,47150.0,5400.7,W3_BOM_H9,5400.7,0.0,25140.38,41749.3,41749.3,0.0,W3_AS_PRODUCT,0.4668,0.5332
SL-1b24c0b062b35d5f,2025-01,T-2750C,1.0,47150.0,47150.0,5400.7,W3_BOM_H9,5400.7,0.0,25140.38,41749.3,41749.3,0.0,W3_AS_PRODUCT,0.4668,0.5332
SL-1dd8dadbc9e0fb6e,2025-05,T-2750C,1.0,49500.0,49500.0,5400.7,W3_BOM_H9,5400.7,0.0,26393.4,44099.3,44099.3,0.0,W3_AS_PRODUCT,0.4668,0.5332
SL-05dc05bb38c6479d,2026-02,T-3069B,1.0,47040.0,47040.0,5346.6,W3_BOM_H9,5346.6,0.0,25081.73,41693.4,41693.4,0.0,W3_AS_PRODUCT,0.4668,0.5332
SL-ed8919723ab41290,2026-03,T-3069B,1.0,47040.0,47040.0,5346.6,W3_BOM_H9,5346.6,0.0,25081.73,41693.4,41693.4,0.0,W3_AS_PRODUCT,0.4668,0.5332
SL-e2faea04e69f17e8,2026-05,T-3069B,2.0,94080.0,47040.0,10693.2,W3_BOM_H9,10693.2,0.0,50163.46,83386.8,83386.8,0.0,W3_AS_PRODUCT,0.4668,0.5332
SL-e881f4f38bf0eb9d,2026-06,T-3069B,2.0,80081.0,40040.5,10693.2,W3_BOM_H9,10693.2,0.0,42699.19,69387.8,69387.8,0.0,W3_AS_PRODUCT,0.4668,0.5332
SL-9abd3a83acfbbb34,2025-06,T-2750D,2.0,96600.0,48300.0,10828.77,W3_BOM_H9,10828.77,0.0,51507.12,85771.23,85771.23,0.0,W3_AS_PRODUCT,0.4668,0.5332
SL-43749b825827e3f8,2025-07,T-2750D,2.0,70030.98,35015.49,10828.77,W3_BOM_H9,10828.77,0.0,37340.52,59202.21,59202.21,0.0,W3_AS_PRODUCT,0.4668,0.5332
SL-cbe946424355a0ad,2026-03,T-3069B,1.0,47040.0,47040.0,5346.6,W3_BOM_H9,5346.6,0.0,25081.73,41693.4,41693.4,0.0,W3_AS_PRODUCT,0.4668,0.5332
SL-e43064dea87acec8,2025-05,T-2750C,1.0,48300.0,48300.0,5400.7,W3_BOM_H9,5400.7,0.0,25753.56,42899.3,42899.3,0.0,W3_AS_PRODUCT,0.4668,0.5332
SL-2ed62109833ed2e5,2025-06,T-2750C,1.0,44271.05,44271.05,5400.7,W3_BOM_H9,5400.7,0.0,23605.32,38870.35,38870.35,0.0,W3_AS_PRODUCT,0.4668,0.5332
SL-7d9130014c7cf36a,2025-07,T-2750C,-1.0,-44271.05,44271.05,-28671.75,FILE,-5400.7,-23271.05,-23605.32,-15599.3,-38870.35,0.5256,FILE_MINUS_W3_MEDIAN,0.4668,0.5332
SL-08ebb8c40d59147f,2025-09,T-2750C,1.0,48300.0,48300.0,5400.7,W3_BOM_H9,5400.7,0.0,25753.56,42899.3,42899.3,0.0,W3_AS_PRODUCT,0.4668,0.5332
SL-4baf782a5a5da536,2025-12,T-2750C,1.0,48300.0,48300.0,5400.7,W3_BOM_H9,5400.7,0.0,25753.56,42899.3,42899.3,0.0,W3_AS_PRODUCT,0.4668,0.5332
SL-37324a1ef1f71fee,2026-06,T-2750C,1.0,21000.0,21000.0,5400.7,FILE,5400.7,0.0,11197.2,15599.3,15599.3,0.0,FILE_MINUS_W3_MEDIAN,0.4668,0.5332
SL-c3a6d039358c62b9,2024-04,T-2750B,1.0,47150.0,47150.0,5350.27,W3_BOM_H9,5350.27,0.0,25140.38,41799.73,41799.73,0.0,W3_AS_PRODUCT,0.4668,0.5332
SL-e9e571c58c4c70b2,2024-05,T-2750B,1.0,39950.0,39950.0,5350.27,W3_BOM_H9,5350.27,0.0,21301.34,34599.73,34599.73,0.0,W3_AS_PRODUCT,0.4668,0.5332
SL-31f4c0eef3c95e39,2024-06,T-2750B,4.0,188600.0,47150.0,21401.09,W3_BOM_H9,21401.09,0.0,100561.52,167198.91,167198.91,0.0,W3_AS_PRODUCT,0.4668,0.5332
SL-887c957d373dff71,2024-07,T-2750B,1.0,42435.0,42435.0,5350.27,W3_BOM_H9,5350.27,0.0,22626.34,37084.73,37084.73,0.0,W3_AS_PRODUCT,0.4668,0.5332
SL-173f8bc144387f37,2024-08,T-2750B,1.0,47150.0,47150.0,5350.27,W3_BOM_H9,5350.27,0.0,25140.38,41799.73,41799.73,0.0,W3_AS_PRODUCT,0.4668,0.5332
SL-f039f11b978ac735,2024-10,T-2750B,1.0,47150.0,47150.0,5350.27,W3_BOM_H9,5350.27,0.0,25140.38,41799.73,41799.73,0.0,W3_AS_PRODUCT,0.4668,0.5332
SL-ec762e3ab0625e6d,2025-12,T-3091D,2.0,194120.0,97060.0,21759.37,W3_BOM_H9,21759.37,0.0,103504.78,172360.63,172360.63,0.0,W3_AS_PRODUCT,0.4668,0.5332
SL-204b6949b9cba36b,2025-09,T-3062,1.0,50830.0,50830.0,35277.77,FILE,6547.77,28730.0,27102.56,15552.23,44282.23,0.5652,FILE_MINUS_W3_MEDIAN,0.4668,0.5332
SL-143d919e8c6844ff,2025-12,T-3062,2.0,92541.73,46270.86,61437.27,FILE,13095.54,48341.73,49343.25,31104.46,79446.19,0.5224,FILE_MINUS_W3_MEDIAN,0.4668,0.5332
SL-78187e1d650593b2,2026-01,T-3062,1.0,50830.0,50830.0,35277.77,FILE,6547.77,28730.0,27102.56,15552.23,44282.23,0.5652,FILE_MINUS_W3_MEDIAN,0.4668,0.5332
SL-8a3bea5b7e81aefa,2026-02,T-3062,1.0,46391.15,46391.15,30838.92,FILE,6547.77,24291.15,24735.76,15552.23,39843.38,0.5236,FILE_MINUS_W3_MEDIAN,0.4668,0.5332
SL-f909368db690d2be,2026-03,T-3062,2.0,101660.0,50830.0,70555.54,FILE,13095.54,57460.0,54205.11,31104.46,88564.46,0.5652,FILE_MINUS_W3_MEDIAN,0.4668,0.5332
SL-0b2f4d121523726e,2024-05,T-2750B,3.0,136947.21,45649.07,16050.82,W3_BOM_H9,16050.82,0.0,73020.25,120896.39,120896.39,0.0,W3_AS_PRODUCT,0.4668,0.5332
SL-0a2a7e9dcb744630,2024-07,T-2750B,1.0,37720.0,37720.0,5350.27,W3_BOM_H9,5350.27,0.0,20112.3,32369.73,32369.73,0.0,W3_AS_PRODUCT,0.4668,0.5332
SL-51f61e82443a7092,2024-10,T-2750B,1.0,43468.3,43468.3,5350.27,W3_BOM_H9,5350.27,0.0,23177.3,38118.03,38118.03,0.0,W3_AS_PRODUCT,0.4668,0.5332
SL-26e0552036a38226,2024-11,T-2750B,3.0,141450.0,47150.0,16050.82,W3_BOM_H9,16050.82,0.0,75421.14,125399.18,125399.18,0.0,W3_AS_PRODUCT,0.4668,0.5332
SL-1f02e32112bbfce6,2025-07,T-2750B,1.0,48300.0,48300.0,5350.27,W3_BOM_H9,5350.27,0.0,25753.56,42949.73,42949.73,0.0,W3_AS_PRODUCT,0.4668,0.5332
SL-8b4450b76ae7e8ac,2025-08,T-2750B,1.0,48300.0,48300.0,5350.27,W3_BOM_H9,5350.27,0.0,25753.56,42949.73,42949.73,0.0,W3_AS_PRODUCT,0.4668,0.5332
SL-6640e4105121de24,2025-11,T-2750B,1.0,48300.0,48300.0,5350.27,W3_BOM_H9,5350.27,0.0,25753.56,42949.73,42949.73,0.0,W3_AS_PRODUCT,0.4668,0.5332
SL-5f7624f8c1b66c85,2025-12,T-2750B,1.0,44487.82,44487.82,5350.27,W3_BOM_H9,5350.27,0.0,23720.91,39137.55,39137.55,0.0,W3_AS_PRODUCT,0.4668,0.5332
SL-1ba0b1b6a8d3daea,2026-04,T-2750B,1.0,48300.0,48300.0,5350.27,W3_BOM_H9,5350.27,0.0,25753.56,42949.73,42949.73,0.0,W3_AS_PRODUCT,0.4668,0.5332
SL-378223d8815cada0,2025-01,T-2381,2.0,92000.0,46000.0,63200.72,FILE,10740.14,52460.58,49054.4,28799.28,81259.86,0.5702,FILE_MINUS_W3_MEDIAN,0.4668,0.5332
SL-387c21189edc7149,2025-02,T-2381,2.0,96600.0,48300.0,65663.02,FILE,10740.14,54922.88,51507.12,30936.98,85859.86,0.5686,FILE_MINUS_W3_MEDIAN,0.4668,0.5332
SL-ddd56533db67f06b,2025-04,T-2381,1.0,48300.0,48300.0,32832.25,FILE,5370.07,27462.18,25753.56,15467.75,42929.93,0.5686,FILE_MINUS_W3_MEDIAN,0.4668,0.5332
SL-3bc3776efe5b235e,2025-06,T-2381,1.0,47809.32,47809.32,32477.78,FILE,5370.07,27107.71,25491.93,15331.54,42439.25,0.567,FILE_MINUS_W3_MEDIAN,0.4668,0.5332
SL-a69f0fb0c6ad2bc0,2025-08,T-2381,1.0,50830.0,50830.0,34164.94,FILE,5370.07,28794.87,27102.56,16665.06,45459.93,0.5665,FILE_MINUS_W3_MEDIAN,0.4668,0.5332
SL-a5c55765aa022ad7,2025-10,T-2381,1.0,21000.0,21000.0,5378.24,FILE,5370.07,8.17,11197.2,15621.76,15629.93,0.0004,FILE_MINUS_W3_MEDIAN,0.4668,0.5332
SL-363ea2b128475702,2025-11,T-2381,1.0,22100.0,22100.0,5434.94,FILE,5370.07,64.87,11783.72,16665.06,16729.93,0.0029,FILE_MINUS_W3_MEDIAN,0.4668,0.5332
SL-f1f2a9aca2e7ce3d,2026-01,T-2381,1.0,48300.0,48300.0,32729.75,FILE,5370.07,27359.68,25753.56,15570.25,42929.93,0.5665,FILE_MINUS_W3_MEDIAN,0.4668,0.5332
SL-c8099d43f8a6e67f,2026-02,T-2381,1.0,48300.0,48300.0,32734.95,FILE,5370.07,27364.88,25753.56,15565.05,42929.93,0.5666,FILE_MINUS_W3_MEDIAN,0.4668,0.5332
SL-b6eee91b16573e7f,2026-05,T-2381,1.0,48300.0,48300.0,32734.94,FILE,5370.07,27364.87,25753.56,15565.06,42929.93,0.5666,FILE_MINUS_W3_MEDIAN,0.4668,0.5332
SL-9b7fb915a780c0f4,2025-07,T-2910,1.0,133350.0,133350.0,15849.93,W3_BOM_H9,15849.93,0.0,71102.22,117500.07,117500.07,0.0,W3_AS_PRODUCT,0.4668,0.5332
SL-e9e8fb21da841433,2025-08,T-2910,1.0,133350.0,133350.0,15849.93,W3_BOM_H9,15849.93,0.0,71102.22,117500.07,117500.07,0.0,W3_AS_PRODUCT,0.4668,0.5332
SL-cf6e8a15ba49edee,2025-10,T-2910,1.0,113171.96,113171.96,15849.93,W3_BOM_H9,15849.93,0.0,60343.29,97322.03,97322.03,0.0,W3_AS_PRODUCT,0.4668,0.5332
SL-97d90ef9e4c56c46,2025-06,T-2923,1.0,128572.73,128572.73,15498.52,W3_BOM_H9,15498.52,0.0,68554.98,113074.21,113074.21,0.0,W3_AS_PRODUCT,0.4668,0.5332
SL-97754fa8693f24e8,2025-07,T-2923,1.0,133350.0,133350.0,15498.52,W3_BOM_H9,15498.52,0.0,71102.22,117851.48,117851.48,0.0,W3_AS_PRODUCT,0.4668,0.5332
SL-e6d4f9d628d4f7bd,2025-09,T-2923,1.0,133350.0,133350.0,15498.52,W3_BOM_H9,15498.52,0.0,71102.22,117851.48,117851.48,0.0,W3_AS_PRODUCT,0.4668,0.5332
SL-104acb22ddd925c7,2024-01,0-2397B,1.0,238050.0,238050.0,140980.0,FILE,6430.0,134550.0,126928.26,97070.0,231620.0,0.5652,FILE_MINUS_W3_MEDIAN,0.4668,0.5332
SL-fba89e8977ccf7b1,2025-06,T-2873C,1.0,86066.55,86066.55,42751.81,FILE,11468.26,31283.55,45890.68,43314.74,74598.29,0.3635,FILE_MINUS_W3_MEDIAN,0.4668,0.5332
SL-4acef726a69413b3,2025-07,T-2873C,1.0,126000.0,126000.0,82685.26,FILE,11468.26,71217.0,67183.2,43314.74,114531.74,0.5652,FILE_MINUS_W3_MEDIAN,0.4668,0.5332
SL-fdeb16cca7956f14,2026-01,T-2873C,1.0,88666.63,88666.63,45351.89,FILE,11468.26,33883.63,47277.05,43314.74,77198.37,0.3821,FILE_MINUS_W3_MEDIAN,0.4668,0.5332
SL-fcd6048704944943,2026-03,T-3110B,1.0,120060.0,120060.0,77613.85,FILE,9753.85,67860.0,64015.99,42446.15,110306.15,0.5652,FILE_MINUS_W3_MEDIAN,0.4668,0.5332
SL-368b4689527d8b45,2026-05,T-3110B,2.0,192985.43,96492.71,108093.13,FILE,19507.69,88585.44,102899.83,84892.3,173477.74,0.459,FILE_MINUS_W3_MEDIAN,0.4668,0.5332
SL-0903df79cf361241,2026-06,T-3110B,1.0,113568.0,113568.0,71121.85,FILE,9753.85,61368.0,60554.46,42446.15,103814.15,0.5404,FILE_MINUS_W3_MEDIAN,0.4668,0.5332
SL-36b733f9f818ccfe,2024-04,0-2481B,1.0,73600.0,73600.0,51238.84,FILE,13734.68,37504.16,39243.52,22361.16,59865.32,0.5096,FILE_MINUS_W3_MEDIAN,0.4668,0.5332
SL-ffeff7122249c420,2024-04,T-2401B,1.0,110400.0,110400.0,73919.08,FILE,11519.08,62400.0,58865.28,36480.92,98880.92,0.5652,FILE_MINUS_W3_MEDIAN,0.4668,0.5332
SL-66bb8be5f6d491b3,2024-06,T-2401B,1.0,110500.0,110500.0,74019.08,FILE,11519.08,62500.0,58918.6,36480.92,98980.92,0.5656,FILE_MINUS_W3_MEDIAN,0.4668,0.5332
SL-ebe16a82a44a2bca,2025-01,T-2401B,1.0,110400.0,110400.0,73919.08,FILE,11519.08,62400.0,58865.28,36480.92,98880.92,0.5652,FILE_MINUS_W3_MEDIAN,0.4668,0.5332
SL-3fbc3e60f0d4c07e,2025-05,T-2401B,1.0,116000.0,116000.0,77119.08,FILE,11519.08,65600.0,61851.2,38880.92,104480.92,0.5655,FILE_MINUS_W3_MEDIAN,0.4668,0.5332
SL-949550e882110e2c,2024-05,T-2401B,2.0,220800.0,110400.0,150413.2,FILE,23038.16,127375.04,117730.56,70386.8,197761.84,0.5769,FILE_MINUS_W3_MEDIAN,0.4668,0.5332
SL-ea34cee306b8cef7,2024-06,T-2401B,1.0,110400.0,110400.0,75206.6,FILE,11519.08,63687.52,58865.28,35193.4,98880.92,0.5769,FILE_MINUS_W3_MEDIAN,0.4668,0.5332
SL-31a610f0f5842bf0,2025-06,T-2401B,1.0,110400.0,110400.0,72806.6,FILE,11519.08,61287.52,58865.28,37593.4,98880.92,0.5551,FILE_MINUS_W3_MEDIAN,0.4668,0.5332
SL-d565881ad071e374,2025-06,T-3108,1.0,101850.0,101850.0,68820.76,FILE,11253.76,57567.0,54306.42,33029.24,90596.24,0.5652,FILE_MINUS_W3_MEDIAN,0.4668,0.5332
SL-445a1d188b76752e,2024-05,T-2541,1.0,110400.0,110400.0,74275.24,FILE,14130.0,60145.24,58865.28,36124.76,96270.0,0.5448,FILE_MINUS_W3_MEDIAN,0.4668,0.5332
SL-537e61cd476be6af,2024-06,T-2541,2.0,158400.0,79200.0,86150.48,FILE,28260.0,57890.48,84458.88,72249.52,130140.0,0.3655,FILE_MINUS_W3_MEDIAN,0.4668,0.5332
SL-e2781319911aa130,2025-01,T-2541,1.0,74383.72,74383.72,38258.96,FILE,14130.0,24128.96,39661.4,36124.76,60253.72,0.3244,FILE_MINUS_W3_MEDIAN,0.4668,0.5332
SL-6d47c273b20f66e6,2026-03,T-3110B,2.0,227426.76,113713.38,135729.88,FILE,19507.69,116222.19,121263.95,91696.88,207919.07,0.511,FILE_MINUS_W3_MEDIAN,0.4668,0.5332
SL-5393782ef5b93aa7,2026-06,T-3110B,1.0,120060.0,120060.0,74211.56,FILE,9753.85,64457.71,64015.99,45848.44,110306.15,0.5369,FILE_MINUS_W3_MEDIAN,0.4668,0.5332
SL-04f8050a07058382,2025-06,T-2037E,1.0,101850.0,101850.0,65376.14,FILE,8510.52,56865.62,54306.42,36473.86,93339.48,0.5583,FILE_MINUS_W3_MEDIAN,0.4668,0.5332
SL-a27e822a0aa035e0,2025-07,T-2037E,1.0,101850.0,101850.0,65376.14,FILE,8510.52,56865.62,54306.42,36473.86,93339.48,0.5583,FILE_MINUS_W3_MEDIAN,0.4668,0.5332
SL-31a81c595ba2d60c,2024-09,T-2757,1.0,130857.73,130857.73,86696.73,FILE,16939.0,69757.73,69773.34,44161.0,113918.73,0.5331,FILE_MINUS_W3_MEDIAN,0.4668,0.5332
SL-2d95b02a5546ca3e,2024-10,T-2757,1.0,124530.0,124530.0,80369.0,FILE,16939.0,63430.0,66399.4,44161.0,107591.0,0.5094,FILE_MINUS_W3_MEDIAN,0.4668,0.5332
SL-b560c3d90baec3fd,2024-11,T-2757,2.0,281060.0,140530.0,192738.0,FILE,33878.0,158860.0,149861.19,88322.0,247182.0,0.5652,FILE_MINUS_W3_MEDIAN,0.4668,0.5332
SL-2dc75267d349ac23,2025-04,T-2757,2.0,288976.64,144488.32,194544.64,FILE,33878.0,160666.64,154082.34,94432.0,255098.64,0.556,FILE_MINUS_W3_MEDIAN,0.4668,0.5332
SL-358858a4a5cc9d46,2025-07,T-2909,1.0,101850.0,101850.0,64641.66,FILE,7074.66,57567.0,54306.42,37208.34,94775.34,0.5652,FILE_MINUS_W3_MEDIAN,0.4668,0.5332
SL-47569e95dc46d9ba,2025-12,T-2909,1.0,101850.0,101850.0,64641.66,FILE,7074.66,57567.0,54306.42,37208.34,94775.34,0.5652,FILE_MINUS_W3_MEDIAN,0.4668,0.5332
SL-fc94f59fe2693beb,2026-01,T-2909,-1.0,-101850.0,101850.0,-64641.66,FILE,-7074.66,-57567.0,-54306.42,-37208.34,-94775.34,0.5652,FILE_MINUS_W3_MEDIAN,0.4668,0.5332
SL-8e0f47440ced30d2,2024-06,T-2547,1.0,110500.0,110500.0,74011.55,FILE,11511.55,62500.0,58918.6,36488.45,98988.45,0.5656,FILE_MINUS_W3_MEDIAN,0.4668,0.5332
SL-72d216a7986c8cc7,2024-07,T-2547,1.0,81790.94,81790.94,45302.49,FILE,11511.55,33790.94,43610.93,36488.45,70279.39,0.4131,FILE_MINUS_W3_MEDIAN,0.4668,0.5332
SL-0bd4b1c6ec4c7db0,2024-09,T-2708,3.0,342240.0,114080.0,223646.91,FILE,30206.91,193440.0,182482.37,118593.09,312033.09,0.5652,FILE_MINUS_W3_MEDIAN,0.4668,0.5332
SL-6ef34f184a60040d,2024-12,T-2708,2.0,200393.16,100196.58,121331.1,FILE,20137.94,101193.16,106849.63,79062.06,180255.22,0.505,FILE_MINUS_W3_MEDIAN,0.4668,0.5332
SL-6bdff84e0314be8d,2025-12,T-2708,1.0,119780.0,119780.0,77768.97,FILE,10068.97,67700.0,63866.7,42011.03,109711.03,0.5652,FILE_MINUS_W3_MEDIAN,0.4668,0.5332
SL-abf8b71f768b420b,2024-04,T-2556B,4.0,416107.31,104026.83,271832.27,FILE,47724.96,224107.31,221868.42,144275.04,368382.35,0.5386,FILE_MINUS_W3_MEDIAN,0.4668,0.5332
SL-53efc0f71cd11a86,2024-05,T-2556B,1.0,110400.0,110400.0,74331.24,FILE,11931.24,62400.0,58865.28,36068.76,98468.76,0.5652,FILE_MINUS_W3_MEDIAN,0.4668,0.5332
SL-40fbb00e9d830dee,2024-06,T-2556B,2.0,220800.0,110400.0,148662.48,FILE,23862.48,124800.0,117730.56,72137.52,196937.52,0.5652,FILE_MINUS_W3_MEDIAN,0.4668,0.5332
SL-bd64dcf1721c00f7,2024-07,T-2556B,4.0,379017.43,94754.36,234742.39,FILE,47724.96,187017.43,202092.09,144275.04,331292.47,0.4934,FILE_MINUS_W3_MEDIAN,0.4668,0.5332
SL-33b89d31ca7e32c6,2024-08,T-2556B,1.0,96400.0,96400.0,60331.24,FILE,11931.24,48400.0,51400.48,36068.76,84468.76,0.5021,FILE_MINUS_W3_MEDIAN,0.4668,0.5332
SL-29cccdedf54c6c9e,2025-04,T-2556B,1.0,115920.0,115920.0,77451.24,FILE,11931.24,65520.0,61808.54,38468.76,103988.76,0.5652,FILE_MINUS_W3_MEDIAN,0.4668,0.5332
SL-860e30fc305537d9,2024-03,0-2481B,1.0,87400.0,87400.0,63832.28,FILE,13734.68,50097.6,46601.68,23567.72,73665.32,0.5732,FILE_MINUS_W3_MEDIAN,0.4668,0.5332
SL-c68136f9b27b71ad,2024-02,0-2482A,1.0,73600.0,73600.0,48911.34,FILE,2570.34,46341.0,39243.52,24688.66,71029.66,0.6296,FILE_MINUS_W3_MEDIAN,0.4668,0.5332
SL-67be6047aac636ca,2024-07,0-2482A,1.0,27259.0,27259.0,2570.34,FILE,2570.34,0.0,14534.5,24688.66,24688.66,0.0,FILE_MINUS_W3_MEDIAN,0.4668,0.5332
SL-f9ce47cf640d2ffc,2024-04,T-2401B,1.0,102882.06,102882.06,67688.66,FILE,11519.08,56169.58,54856.71,35193.4,91362.98,0.546,FILE_MINUS_W3_MEDIAN,0.4668,0.5332
SL-9126b5486ebc64c5,2024-05,T-2401B,2.0,218438.23,109219.12,148051.43,FILE,23038.16,125013.27,116471.26,70386.8,195400.07,0.5723,FILE_MINUS_W3_MEDIAN,0.4668,0.5332
SL-e1aa4ac34ec251ea,2024-06,T-2401B,4.0,421095.48,105273.87,280321.88,FILE,46076.32,234245.56,224528.11,140773.6,375019.16,0.5563,FILE_MINUS_W3_MEDIAN,0.4668,0.5332
SL-5993a2df836b33ad,2024-07,T-2401B,2.0,187680.0,93840.0,117293.2,FILE,23038.16,94255.04,100070.98,70386.8,164641.84,0.5022,FILE_MINUS_W3_MEDIAN,0.4668,0.5332
SL-44505bb4c5c7123f,2024-09,T-2401B,1.0,110400.0,110400.0,75206.6,FILE,11519.08,63687.52,58865.28,35193.4,98880.92,0.5769,FILE_MINUS_W3_MEDIAN,0.4668,0.5332
SL-6d14183e3b4ff703,2025-01,T-2401B,1.0,110400.0,110400.0,75206.6,FILE,11519.08,63687.52,58865.28,35193.4,98880.92,0.5769,FILE_MINUS_W3_MEDIAN,0.4668,0.5332
SL-1da4260ce71083cb,2025-04,T-2401B,1.0,115920.0,115920.0,78326.6,FILE,11519.08,66807.52,61808.54,37593.4,104400.92,0.5763,FILE_MINUS_W3_MEDIAN,0.4668,0.5332
SL-2556b4076641763a,2026-02,T-3136A,2.0,172260.0,86130.0,87614.28,FILE,19754.27,67860.01,91849.03,84645.72,152505.73,0.3939,FILE_MINUS_W3_MEDIAN,0.4668,0.5332
SL-f9c0bee1b0ee9593,2026-05,T-3136A,1.0,120060.0,120060.0,77737.14,FILE,9877.14,67860.0,64015.99,42322.86,110182.86,0.5652,FILE_MINUS_W3_MEDIAN,0.4668,0.5332
SL-46277010856ca897,2025-06,T-2893,1.0,84487.0,84487.0,37523.91,FILE,7819.91,29704.0,45048.47,46963.09,76667.09,0.3516,FILE_MINUS_W3_MEDIAN,0.4668,0.5332
SL-9ab1e247d96ec692,2025-07,T-2893,1.0,126000.0,126000.0,76236.91,FILE,7819.91,68417.0,67183.2,49763.09,118180.09,0.543,FILE_MINUS_W3_MEDIAN,0.4668,0.5332
SL-05101368393f7115,2025-09,T-2893,1.0,126000.0,126000.0,79036.91,FILE,7819.91,71217.0,67183.2,46963.09,118180.09,0.5652,FILE_MINUS_W3_MEDIAN,0.4668,0.5332
SL-d64edc6d63980a57,2025-05,T-2806,1.0,126000.0,126000.0,78810.3,FILE,7593.3,71217.0,67183.2,47189.7,118406.7,0.5652,FILE_MINUS_W3_MEDIAN,0.4668,0.5332
SL-aa57dcb2a0abeac2,2025-06,T-2806,1.0,126000.0,126000.0,78810.3,FILE,7593.3,71217.0,67183.2,47189.7,118406.7,0.5652,FILE_MINUS_W3_MEDIAN,0.4668,0.5332
SL-aa256adc694d530a,2026-02,T-2806,1.0,118993.64,118993.64,71803.94,FILE,7593.3,64210.64,63447.41,47189.7,111400.34,0.5396,FILE_MINUS_W3_MEDIAN,0.4668,0.5332
SL-a5562b7051bbd6f0,2026-03,T-2806,1.0,126000.0,126000.0,78810.3,FILE,7593.3,71217.0,67183.2,47189.7,118406.7,0.5652,FILE_MINUS_W3_MEDIAN,0.4668,0.5332
SL-900a70d2f4ee4eb2,2026-05,T-2806,1.0,111425.0,111425.0,64235.3,FILE,7593.3,56642.0,59411.81,47189.7,103831.7,0.5083,FILE_MINUS_W3_MEDIAN,0.4668,0.5332
SL-ae38e75849fe7841,2024-04,T-2541,2.0,220800.0,110400.0,148550.48,FILE,28260.0,120290.48,117730.56,72249.52,192540.0,0.5448,FILE_MINUS_W3_MEDIAN,0.4668,0.5332
SL-a56b372cdab0e2ea,2024-05,T-2541,2.0,220800.0,110400.0,148550.48,FILE,28260.0,120290.48,117730.56,72249.52,192540.0,0.5448,FILE_MINUS_W3_MEDIAN,0.4668,0.5332
SL-8473eb676f1b51f5,2024-06,T-2541,2.0,220900.0,110450.0,148650.48,FILE,28260.0,120390.48,117783.88,72249.52,192640.0,0.545,FILE_MINUS_W3_MEDIAN,0.4668,0.5332
SL-ff4539c8444b5d52,2024-07,T-2541,2.0,148221.54,74110.77,75972.02,FILE,28260.0,47712.02,79031.73,72249.52,119961.54,0.3219,FILE_MINUS_W3_MEDIAN,0.4668,0.5332
SL-022e8b443f38e859,2025-04,T-2541,1.0,115920.0,115920.0,77395.24,FILE,14130.0,63265.24,61808.54,38524.76,101790.0,0.5458,FILE_MINUS_W3_MEDIAN,0.4668,0.5332
SL-d92f77ae947006a4,2026-06,T-2541,1.0,89879.0,89879.0,51354.24,FILE,14130.0,37224.24,47923.48,38524.76,75749.0,0.4142,FILE_MINUS_W3_MEDIAN,0.4668,0.5332
SL-ee1156ee3588ee69,2024-04,T-2547,1.0,110400.0,110400.0,73911.55,FILE,11511.55,62400.0,58865.28,36488.45,98888.45,0.5652,FILE_MINUS_W3_MEDIAN,0.4668,0.5332
SL-0fb269449fd36636,2024-05,T-2547,1.0,110400.0,110400.0,73911.55,FILE,11511.55,62400.0,58865.28,36488.45,98888.45,0.5652,FILE_MINUS_W3_MEDIAN,0.4668,0.5332
SL-d034e87695c2cc87,2024-06,T-2547,1.0,110400.0,110400.0,73911.55,FILE,11511.55,62400.0,58865.28,36488.45,98888.45,0.5652,FILE_MINUS_W3_MEDIAN,0.4668,0.5332
SL-57d02a7753e0d59d,2024-09,T-2547,1.0,48000.0,48000.0,11511.55,FILE,11511.55,0.0,25593.6,36488.45,36488.45,0.0,FILE_MINUS_W3_MEDIAN,0.4668,0.5332
SL-7c588cb3b1f9fd5f,2025-02,T-2547,1.0,115920.0,115920.0,77031.55,FILE,11511.55,65520.0,61808.54,38888.45,104408.45,0.5652,FILE_MINUS_W3_MEDIAN,0.4668,0.5332
SL-b11dcf857b97b31b,2025-04,T-2547,1.0,115920.0,115920.0,77031.55,FILE,11511.55,65520.0,61808.54,38888.45,104408.45,0.5652,FILE_MINUS_W3_MEDIAN,0.4668,0.5332
SL-78a8b8c01af4f161,2025-06,T-2873,4.0,406474.06,101618.51,231896.98,FILE,43354.91,188542.07,216731.97,174577.08,363119.15,0.4638,FILE_MINUS_W3_MEDIAN,0.4668,0.5332
SL-49c9cf344347a0b5,2025-07,T-2873,1.0,126000.0,126000.0,82355.73,FILE,10838.73,71517.0,67183.2,43644.27,115161.27,0.5676,FILE_MINUS_W3_MEDIAN,0.4668,0.5332
SL-9aa8d0fef230d312,2026-05,T-2873,2.0,245268.3,122634.15,157979.76,FILE,21677.45,136302.31,130777.06,87288.54,223590.85,0.5557,FILE_MINUS_W3_MEDIAN,0.4668,0.5332
SL-a72eb25252156133,2026-06,T-2873,1.0,122342.0,122342.0,78697.73,FILE,10838.73,67859.0,65232.75,43644.27,111503.27,0.5547,FILE_MINUS_W3_MEDIAN,0.4668,0.5332
SL-6fdc9d0dbbc697af,2024-01,0-2691,1.0,92150.0,92150.0,58384.0,FILE,6299.0,52085.0,49134.38,33766.0,85851.0,0.5652,FILE_MINUS_W3_MEDIAN,0.4668,0.5332
SL-bb306c37d343c96d,2025-01,0-2691,1.0,90408.94,90408.94,54639.69,FILE,6299.0,48340.69,48206.05,35769.25,84109.94,0.5347,FILE_MINUS_W3_MEDIAN,0.4668,0.5332
SL-c33722bfbf0253ff,2025-10,0-2691,1.0,96760.0,96760.0,60990.75,FILE,6299.0,54691.75,51592.43,35769.25,90461.0,0.5652,FILE_MINUS_W3_MEDIAN,0.4668,0.5332
SL-d66edcf77fc90491,2024-02,0-2674,1.0,40065.0,40065.0,5318.52,FILE,5318.52,0.0,21362.66,34746.48,34746.48,0.0,FILE_MINUS_W3_MEDIAN,0.4668,0.5332
SL-0d58915b2be8f5a0,2024-01,0-2676,3.0,323033.0,107677.67,214075.97,FILE,39737.97,174338.0,172241.2,108957.03,283295.03,0.5397,FILE_MINUS_W3_MEDIAN,0.4668,0.5332
SL-05562853a5f0b4c9,2024-12,0-2676,1.0,114000.0,114000.0,77680.99,FILE,13245.99,64435.0,60784.8,36319.01,100754.01,0.5652,FILE_MINUS_W3_MEDIAN,0.4668,0.5332
SL-799894f1e1836214,2025-03,0-2676,1.0,119700.0,119700.0,80901.99,FILE,13245.99,67656.0,63824.04,38798.01,106454.01,0.5652,FILE_MINUS_W3_MEDIAN,0.4668,0.5332
SL-e42bc11145f11cd7,2025-10,T-2964,1.0,115898.63,115898.63,67601.01,FILE,6485.38,61115.63,61797.15,48297.62,109413.25,0.5273,FILE_MINUS_W3_MEDIAN,0.4668,0.5332
SL-5094553f81f79a07,2025-11,T-2964,2.0,171939.02,85969.51,75343.78,FILE,12970.76,62373.02,91677.89,96595.24,158968.26,0.3628,FILE_MINUS_W3_MEDIAN,0.4668,0.5332
SL-e307a8253825d28a,2025-12,T-2964,1.0,123328.9,123328.9,75031.28,FILE,6485.38,68545.9,65758.97,48297.62,116843.52,0.5558,FILE_MINUS_W3_MEDIAN,0.4668,0.5332
SL-dbd384b89de90433,2026-06,T-2964,1.0,54783.0,54783.0,6485.38,FILE,6485.38,0.0,29210.3,48297.62,48297.62,0.0,FILE_MINUS_W3_MEDIAN,0.4668,0.5332
SL-e7661caef810ad4a,2025-04,T-2472,7.0,289777.9,41396.84,177883.81,FILE,49864.53,128019.28,154509.58,111894.09,239913.37,0.4418,FILE_MINUS_W3_MEDIAN,0.4668,0.5332
SL-55adf0f6c2903eee,2025-05,T-2472,2.0,96600.0,48300.0,64630.26,FILE,14247.01,50383.25,51507.12,31969.74,82352.99,0.5216,FILE_MINUS_W3_MEDIAN,0.4668,0.5332
SL-933a07ed9dcbd74a,2025-06,T-2472,1.0,48300.0,48300.0,32315.13,FILE,7123.5,25191.63,25753.56,15984.87,41176.5,0.5216,FILE_MINUS_W3_MEDIAN,0.4668,0.5332
SL-b3206632741690fd,2025-07,T-2472,1.0,45534.6,45534.6,29549.73,FILE,7123.5,22426.23,24279.05,15984.87,38411.1,0.4925,FILE_MINUS_W3_MEDIAN,0.4668,0.5332
SL-d2100e86a94a6e00,2025-10,T-2472,2.0,91681.64,45840.82,64052.9,FILE,14247.01,49805.89,48884.65,27628.74,77434.63,0.5432,FILE_MINUS_W3_MEDIAN,0.4668,0.5332
SL-a6c66d93d0513aa1,2025-11,T-2472,1.0,33400.0,33400.0,19461.38,FILE,7123.5,12337.88,17808.88,13938.62,26276.5,0.3694,FILE_MINUS_W3_MEDIAN,0.4668,0.5332
SL-09d2cce9f79fc814,2026-03,T-2472,1.0,21000.0,21000.0,7061.38,FILE,7123.5,-62.12,11197.2,13938.62,13876.5,-0.003,FILE_MINUS_W3_MEDIAN,0.4668,0.5332
SL-94ecd5e595369d87,2025-06,T-2037E,1.0,44283.0,44283.0,8510.52,FILE,8510.52,0.0,23611.7,35772.48,35772.48,0.0,FILE_MINUS_W3_MEDIAN,0.4668,0.5332
SL-c3b33607c3da978e,2025-07,T-2037E,1.0,90184.43,90184.43,54411.95,FILE,8510.52,45901.43,48086.34,35772.48,81673.91,0.509,FILE_MINUS_W3_MEDIAN,0.4668,0.5332
SL-30eef7c9cebbc822,2024-02,0-2598,1.0,108000.0,108000.0,79388.0,FILE,18345.0,61043.0,57585.6,28612.0,89655.0,0.5652,FILE_MINUS_W3_MEDIAN,0.4668,0.5332
SL-ae77189fa01fbdda,2024-03,0-2598,1.0,108000.0,108000.0,79388.0,FILE,18345.0,61043.0,57585.6,28612.0,89655.0,0.5652,FILE_MINUS_W3_MEDIAN,0.4668,0.5332
SL-d433d096560fe742,2024-11,0-2598,1.0,108000.0,108000.0,79388.0,FILE,18345.0,61043.0,57585.6,28612.0,89655.0,0.5652,FILE_MINUS_W3_MEDIAN,0.4668,0.5332
SL-fe70966f46ff334a,2025-01,0-2598,1.0,113400.0,113400.0,82440.0,FILE,18345.0,64095.0,60464.88,30960.0,95055.0,0.5652,FILE_MINUS_W3_MEDIAN,0.4668,0.5332
SL-76fc93e6ce569283,2025-08,0-2598,1.0,113400.0,113400.0,82440.15,FILE,18345.0,64095.15,60464.88,30959.85,95055.0,0.5652,FILE_MINUS_W3_MEDIAN,0.4668,0.5332
SL-4c4bf619b4dd6ebc,2025-09,0-2598,1.0,107767.75,107767.75,76807.9,FILE,18345.0,58462.9,57461.76,30959.85,89422.75,0.5425,FILE_MINUS_W3_MEDIAN,0.4668,0.5332
SL-804e5f7334b38e1b,2024-12,T-2941,1.0,74524.18,74524.18,31571.1,FILE,9133.0,22438.1,39736.29,42953.08,65391.18,0.3011,FILE_MINUS_W3_MEDIAN,0.4668,0.5332
SL-5c5316e751c4538b,2025-02,T-2941,1.0,126000.0,126000.0,80607.62,FILE,9133.0,71474.62,67183.2,45392.38,116867.0,0.5673,FILE_MINUS_W3_MEDIAN,0.4668,0.5332
SL-036ccbe72eccb87d,2025-09,T-2941,1.0,126000.0,126000.0,80092.68,FILE,9133.0,70959.68,67183.2,45907.32,116867.0,0.5632,FILE_MINUS_W3_MEDIAN,0.4668,0.5332
SL-b276314fc18e9caf,2025-03,T-1416,1.0,39100.0,39100.0,27772.5,FILE,5425.78,22346.72,20848.12,11327.5,33674.22,0.5715,FILE_MINUS_W3_MEDIAN,0.4668,0.5332
SL-4711db1682f651c2,2025-04,T-1416,1.0,39100.0,39100.0,27772.5,FILE,5425.78,22346.72,20848.12,11327.5,33674.22,0.5715,FILE_MINUS_W3_MEDIAN,0.4668,0.5332
SL-d7594ebcd735b32f,2025-05,T-1416,1.0,17000.0,17000.0,5672.5,FILE,5425.78,246.72,9064.4,11327.5,11574.22,0.0145,FILE_MINUS_W3_MEDIAN,0.4668,0.5332
SL-bb4c0f11b3143008,2025-07,T-1416,1.0,35358.37,35358.37,24030.87,FILE,5425.78,18605.09,18853.08,11327.5,29932.59,0.5262,FILE_MINUS_W3_MEDIAN,0.4668,0.5332
SL-dcdb887966fb2461,2025-08,T-1416,3.0,111992.13,37330.71,78009.63,FILE,16277.34,61732.29,59714.2,33982.5,95714.79,0.5512,FILE_MINUS_W3_MEDIAN,0.4668,0.5332
SL-aaf93a29b2f748fd,2025-09,T-1416,3.0,117300.0,39100.0,83317.5,FILE,16277.34,67040.16,62544.36,33982.5,101022.66,0.5715,FILE_MINUS_W3_MEDIAN,0.4668,0.5332
SL-c6e74cd3d69ec09e,2025-10,T-1416,2.0,78200.0,39100.0,55503.88,FILE,10851.56,44652.32,41696.24,22696.12,67348.44,0.571,FILE_MINUS_W3_MEDIAN,0.4668,0.5332
SL-d9300abef252a05b,2025-11,T-1416,2.0,77917.97,38958.99,55221.85,FILE,10851.56,44370.29,41545.86,22696.12,67066.41,0.5694,FILE_MINUS_W3_MEDIAN,0.4668,0.5332
SL-9c90ee09ec051b68,2026-02,T-3156D,1.0,67050.0,67050.0,43334.26,FILE,5381.26,37953.0,35751.06,23715.74,61668.74,0.566,FILE_MINUS_W3_MEDIAN,0.4668,0.5332
SL-0c8b1b4488172062,2024-04,T-2037C,1.0,26800.0,26800.0,6599.96,FILE,6599.96,0.0,14289.76,20200.04,20200.04,0.0,FILE_MINUS_W3_MEDIAN,0.4668,0.5332
SL-c184089d64f7e4ce,2024-05,T-2037C,1.0,61640.0,61640.0,41439.96,FILE,6599.96,34840.0,32866.45,20200.04,55040.04,0.5652,FILE_MINUS_W3_MEDIAN,0.4668,0.5332
SL-4fad788b8811a9a7,2024-06,T-2037C,1.0,61640.0,61640.0,41439.96,FILE,6599.96,34840.0,32866.45,20200.04,55040.04,0.5652,FILE_MINUS_W3_MEDIAN,0.4668,0.5332
SL-e1ddfec28f23ded0,2024-08,T-2037C,1.0,61640.0,61640.0,41439.96,FILE,6599.96,34840.0,32866.45,20200.04,55040.04,0.5652,FILE_MINUS_W3_MEDIAN,0.4668,0.5332
SL-5207b754ca0c6553,2024-12,T-2037C,1.0,61640.0,61640.0,41439.96,FILE,6599.96,34840.0,32866.45,20200.04,55040.04,0.5652,FILE_MINUS_W3_MEDIAN,0.4668,0.5332
SL-16248a64d3eca73f,2025-01,T-2037C,-1.0,-61640.0,61640.0,-41439.96,FILE,-6599.96,-34840.0,-32866.45,-20200.04,-55040.04,0.5652,FILE_MINUS_W3_MEDIAN,0.4668,0.5332
SL-6bfe50d9188ba06e,2025-01,T-2037C,1.0,64720.0,64720.0,43179.96,FILE,6599.96,36580.0,34508.7,21540.04,58120.04,0.5652,FILE_MINUS_W3_MEDIAN,0.4668,0.5332
SL-d2b83dade9bb5100,2026-02,T-2037C,1.0,63987.88,63987.88,42447.84,FILE,6599.96,35847.88,34118.34,21540.04,57387.92,0.5602,FILE_MINUS_W3_MEDIAN,0.4668,0.5332
SL-cac57cb64ed2cf99,2026-02,T-3156D,1.0,61194.71,61194.71,37425.97,FILE,5381.26,32044.71,32629.02,23768.74,55813.45,0.5237,FILE_MINUS_W3_MEDIAN,0.4668,0.5332
SL-dd919dca9aa919eb,2026-04,T-3156D,1.0,67026.64,67026.64,43257.9,FILE,5381.26,37876.64,35738.6,23768.74,61645.38,0.5651,FILE_MINUS_W3_MEDIAN,0.4668,0.5332
SL-a44a87467a8bcdf9,2026-06,T-3156D,1.0,63049.0,63049.0,39280.26,FILE,5381.26,33899.0,33617.73,23768.74,57667.74,0.5377,FILE_MINUS_W3_MEDIAN,0.4668,0.5332
SL-910e2770c13151d3,2024-03,0-2600,1.0,87300.0,87300.0,54761.8,FILE,5832.0,48929.8,46548.36,32538.2,81468.0,0.5605,FILE_MINUS_W3_MEDIAN,0.4668,0.5332
SL-5640cbb341be25d6,2025-09,T-2988,2.0,270424.63,135212.32,181525.21,FILE,26934.76,154590.45,144190.41,88899.42,243489.87,0.5717,FILE_MINUS_W3_MEDIAN,0.4668,0.5332
SL-c73b7018f36318e9,2025-10,T-2988,1.0,138690.0,138690.0,94240.29,FILE,13467.38,80772.91,73949.51,44449.71,125222.62,0.5824,FILE_MINUS_W3_MEDIAN,0.4668,0.5332
SL-7e50e2900d45841e,2026-02,T-2988,1.0,138690.0,138690.0,94240.29,FILE,13467.38,80772.91,73949.51,44449.71,125222.62,0.5824,FILE_MINUS_W3_MEDIAN,0.4668,0.5332
SL-ce1641f6c1cff294,2026-05,T-2988,1.0,138690.0,138690.0,89612.09,FILE,13467.38,76144.71,73949.51,49077.91,125222.62,0.549,FILE_MINUS_W3_MEDIAN,0.4668,0.5332
SL-9413c9aaf3088a97,2025-11,T-2984,1.0,320689.59,320689.59,166740.15,FILE,77050.56,89689.59,170991.69,153949.44,243639.03,0.2797,FILE_MINUS_W3_MEDIAN,0.4668,0.5332
SL-73cd1cfe6d90bd23,2025-12,T-2984,1.0,510700.0,510700.0,356750.56,FILE,77050.56,279700.0,272305.24,153949.44,433649.44,0.5477,FILE_MINUS_W3_MEDIAN,0.4668,0.5332
SL-f052c3ba53b271ef,2024-09,T-2707,2.0,494960.0,247480.0,344903.74,FILE,65143.74,279760.0,263912.67,150056.26,429816.26,0.5652,FILE_MINUS_W3_MEDIAN,0.4668,0.5332
SL-66984b4f98b46bff,2024-10,T-2707,1.0,247480.0,247480.0,172451.87,FILE,32571.87,139880.0,131956.34,75028.13,214908.13,0.5652,FILE_MINUS_W3_MEDIAN,0.4668,0.5332
SL-f403a52bf264c0a6,2024-12,T-2707,3.0,611745.6,203915.2,386661.21,FILE,97715.61,288945.6,326182.75,225084.39,514029.99,0.4723,FILE_MINUS_W3_MEDIAN,0.4668,0.5332
SL-7d8cb9f43d90c50b,2025-07,T-2707,1.0,259850.0,259850.0,179441.87,FILE,32571.87,146870.0,138552.02,80408.13,227278.13,0.5652,FILE_MINUS_W3_MEDIAN,0.4668,0.5332
SL-017b714d02a3ece4,2025-07,T-2892,1.0,175500.0,175500.0,115103.97,FILE,15842.97,99261.0,93576.6,60396.03,159657.03,0.5656,FILE_MINUS_W3_MEDIAN,0.4668,0.5332
SL-79379361649bd1fe,2025-09,T-2892,1.0,175500.0,175500.0,115103.97,FILE,15842.97,99261.0,93576.6,60396.03,159657.03,0.5656,FILE_MINUS_W3_MEDIAN,0.4668,0.5332
SL-d116f822e5dbf314,2026-06,T-2892,1.0,76239.0,76239.0,15842.97,FILE,15842.97,0.0,40650.63,60396.03,60396.03,0.0,FILE_MINUS_W3_MEDIAN,0.4668,0.5332
SL-74be692f5a51634b,2025-05,T-2804,2.0,313354.42,156677.21,196385.3,FILE,35508.88,160876.42,167080.58,116969.12,277845.54,0.5134,FILE_MINUS_W3_MEDIAN,0.4668,0.5332
SL-60a08503316b36f8,2025-06,T-2804,3.0,524979.97,174993.32,349526.29,FILE,53263.31,296262.98,279919.32,175453.68,471716.66,0.5643,FILE_MINUS_W3_MEDIAN,0.4668,0.5332
SL-bff35987a700dd61,2024-01,0-2675,2.0,418067.0,209033.5,260131.74,FILE,40324.74,219807.0,222913.32,157935.26,377742.26,0.5258,FILE_MINUS_W3_MEDIAN,0.4668,0.5332
SL-28e329ee14e0eaae,2024-02,0-2675,1.0,99130.0,99130.0,20162.37,FILE,20162.37,0.0,52856.12,78967.63,78967.63,0.0,FILE_MINUS_W3_MEDIAN,0.4668,0.5332
SL-ce50075184697ecc,2024-07,0-2675,1.0,228000.0,228000.0,149032.37,FILE,20162.37,128870.0,121569.6,78967.63,207837.63,0.5652,FILE_MINUS_W3_MEDIAN,0.4668,0.5332
SL-b7453e30221a7dc3,2024-12,0-2675,1.0,228000.0,228000.0,149032.37,FILE,20162.37,128870.0,121569.6,78967.63,207837.63,0.5652,FILE_MINUS_W3_MEDIAN,0.4668,0.5332
SL-2621c7084d26eabe,2024-01,0-2599,1.0,125217.0,125217.0,35094.5,FILE,35094.5,0.0,66765.7,90122.5,90122.5,0.0,FILE_MINUS_W3_MEDIAN,0.4668,0.5332
SL-a83cbc7c4fe056b5,2024-03,0-2462A,2.0,252000.0,126000.0,170166.96,FILE,27732.96,142434.0,134366.4,81833.04,224267.04,0.5652,FILE_MINUS_W3_MEDIAN,0.4668,0.5332
SL-ef6a24f856978460,2024-04,0-2462A,-1.0,-126000.0,126000.0,-85083.48,FILE,-13866.48,-71217.0,-67183.2,-40916.52,-112133.52,0.5652,FILE_MINUS_W3_MEDIAN,0.4668,0.5332
SL-118ad308f48ff1ed,2024-03,0-2595,1.0,234000.0,234000.0,159011.0,FILE,26750.0,132261.0,124768.8,74989.0,207250.0,0.5652,FILE_MINUS_W3_MEDIAN,0.4668,0.5332
SL-0eabefe54af4feb9,2024-12,T-2940,1.0,161469.05,161469.05,68496.65,FILE,20296.37,48200.28,86095.3,92972.4,141172.68,0.2985,FILE_MINUS_W3_MEDIAN,0.4668,0.5332
SL-e6e139734c85d2b8,2025-01,T-2940,1.0,273000.0,273000.0,174826.14,FILE,20296.37,154529.77,145563.6,98173.86,252703.63,0.566,FILE_MINUS_W3_MEDIAN,0.4668,0.5332
SL-bbf44a81f8f62316,2025-02,T-2940,1.0,273000.0,273000.0,174374.6,FILE,20296.37,154078.23,145563.6,98625.4,252703.63,0.5644,FILE_MINUS_W3_MEDIAN,0.4668,0.5332
SL-734b45114b256456,2025-09,T-2940,1.0,273000.0,273000.0,174375.45,FILE,20296.37,154079.08,145563.6,98624.55,252703.63,0.5644,FILE_MINUS_W3_MEDIAN,0.4668,0.5332
SL-b0640a23f28f4a4d,2026-03,T-3109B,2.0,184791.8,92395.9,124273.78,FILE,23880.18,100393.6,98530.99,60518.02,160911.62,0.5433,FILE_MINUS_W3_MEDIAN,0.4668,0.5332
SL-59054aaa84afdf75,2026-05,T-3109B,2.0,156015.04,78007.52,95497.02,FILE,23880.18,71616.84,83187.22,60518.02,132134.86,0.459,FILE_MINUS_W3_MEDIAN,0.4668,0.5332
SL-a4b77e75ec4739a5,2026-06,T-3109B,3.0,276312.0,92104.0,185534.97,FILE,35820.28,149714.69,147329.56,90777.03,240491.72,0.5418,FILE_MINUS_W3_MEDIAN,0.4668,0.5332
SL-fbb5c7113eb53331,2026-03,T-3109B,2.0,183858.42,91929.21,123984.12,FILE,23880.18,100103.94,98033.31,59874.3,159978.24,0.5445,FILE_MINUS_W3_MEDIAN,0.4668,0.5332
SL-39d01f09ae70f5e7,2025-07,T-2805,1.0,175500.0,175500.0,112455.78,FILE,13194.78,99261.0,93576.6,63044.22,162305.22,0.5656,FILE_MINUS_W3_MEDIAN,0.4668,0.5332
SL-df5505ff03be8ddd,2026-03,T-2805,2.0,350700.0,175350.0,224611.56,FILE,26389.57,198221.99,186993.24,126088.44,324310.43,0.5652,FILE_MINUS_W3_MEDIAN,0.4668,0.5332
SL-c6d9bf5a644c2d0c,2025-12,T-3090,1.0,509005.74,509005.74,349089.73,FILE,66183.99,282905.74,271401.86,159916.01,442821.75,0.5558,FILE_MINUS_W3_MEDIAN,0.4668,0.5332
SL-e95da974ea4f4fa2,2026-04,T-3090,1.0,520030.0,520030.0,360113.99,FILE,66183.99,293930.0,277280.0,159916.01,453846.01,0.5652,FILE_MINUS_W3_MEDIAN,0.4668,0.5332
SL-d17f9bbfc2909ff7,2025-12,T-3092A,3.0,774547.76,258182.59,519519.08,FILE,84121.32,435397.76,412988.87,255028.68,690426.44,0.5621,FILE_MINUS_W3_MEDIAN,0.4668,0.5332
SL-76568622731b3572,2026-01,T-3092A,1.0,229290.04,229290.04,144280.48,FILE,28040.44,116240.04,122257.45,85009.56,201249.6,0.507,FILE_MINUS_W3_MEDIAN,0.4668,0.5332
SL-7b916a114ff09ef9,2026-03,T-3092A,1.0,260020.0,260020.0,175010.44,FILE,28040.44,146970.0,138642.66,85009.56,231979.56,0.5652,FILE_MINUS_W3_MEDIAN,0.4668,0.5332
SL-aa1e60cd2b22614b,2026-06,T-3092A,1.0,260020.0,260020.0,175010.44,FILE,28040.44,146970.0,138642.66,85009.56,231979.56,0.5652,FILE_MINUS_W3_MEDIAN,0.4668,0.5332
SL-b73e8ef4b58ddb6c,2025-12,T-3088,1.0,320050.0,320050.0,209317.9,FILE,28417.9,180900.0,170650.66,110732.1,291632.1,0.5652,FILE_MINUS_W3_MEDIAN,0.4668,0.5332
SL-6530fb87df7b7bdb,2026-04,T-3088,1.0,234471.12,234471.12,123739.02,FILE,28417.9,95321.12,125020.0,110732.1,206053.22,0.4065,FILE_MINUS_W3_MEDIAN,0.4668,0.5332
SL-2ce5165200303c5e,2025-04,T-2701,3.0,1159094.0,386364.67,785198.0,FILE,142704.0,642494.0,618028.92,373896.0,1016390.0,0.5543,FILE_MINUS_W3_MEDIAN,0.4668,0.5332
SL-fe56ac6e499487a3,2025-08,T-2701,1.0,381000.0,381000.0,256368.0,FILE,47568.0,208800.0,203149.2,124632.0,333432.0,0.548,FILE_MINUS_W3_MEDIAN,0.4668,0.5332
SL-02a2b864645c34fd,2024-04,0-2489,1.0,177100.0,177100.0,120273.0,FILE,,,94429.72,56827.0,,,NO_SPLIT,0.4668,0.5332
SL-ac14347191710b7c,2026-04,T-2987,1.0,416070.0,416070.0,269555.91,FILE,34385.91,235170.0,221848.52,146514.09,381684.09,0.5652,FILE_MINUS_W3_MEDIAN,0.4668,0.5332
SL-52cc0ca6185b322c,2025-09,T-3001,2.0,638001.09,319000.54,339314.29,FILE,86495.28,252819.01,340182.18,298686.8,551505.81,0.3963,FILE_MINUS_W3_MEDIAN,0.4668,0.5332
SL-40f2765c66302273,2025-11,T-3001,1.0,438900.0,438900.0,289556.6,FILE,43247.64,246308.96,234021.48,149343.4,395652.36,0.5612,FILE_MINUS_W3_MEDIAN,0.4668,0.5332
SL-45b74616805e8bf3,2025-12,T-3001,1.0,190826.0,190826.0,41482.6,FILE,43247.64,-1765.04,101748.42,149343.4,147578.36,-0.0092,FILE_MINUS_W3_MEDIAN,0.4668,0.5332
SL-871f890304cb6938,2026-01,T-3001,2.0,877800.0,438900.0,584408.32,FILE,86495.28,497913.04,468042.96,293391.68,791304.72,0.5672,FILE_MINUS_W3_MEDIAN,0.4668,0.5332
SL-499b21740c1f9499,2026-02,T-3001,1.0,438900.0,438900.0,291321.64,FILE,43247.64,248074.0,234021.48,147578.36,395652.36,0.5652,FILE_MINUS_W3_MEDIAN,0.4668,0.5332
SL-075a43d00cdfead9,2024-05,0-2594,2.0,648000.0,324000.0,448944.4,FILE,82682.4,366262.0,345513.6,199055.6,565317.6,0.5652,FILE_MINUS_W3_MEDIAN,0.4668,0.5332
SL-fe918cf280115226,2025-11,T-3049,1.0,155371.22,155371.22,99759.98,FILE,17038.76,82721.22,82843.93,55611.24,138332.46,0.5324,FILE_MINUS_W3_MEDIAN,0.4668,0.5332
SL-71ee3bde838cf08f,2025-12,T-3049,3.0,403307.6,134435.87,236473.88,FILE,51116.26,185357.62,215043.61,166833.72,352191.34,0.4596,FILE_MINUS_W3_MEDIAN,0.4668,0.5332
SL-0b39988a81051fc3,2026-02,T-3178,1.0,15070.0,15070.0,1653.22,W3_BOM_H9,1653.22,0.0,8035.32,13416.78,13416.78,0.0,W3_AS_PRODUCT,0.4668,0.5332
SL-aeae192f9001e187,2026-03,T-3178,3.0,41604.85,13868.28,4959.65,W3_BOM_H9,4959.65,0.0,22183.71,36645.2,36645.2,0.0,W3_AS_PRODUCT,0.4668,0.5332
SL-e07eb7fdfbbd4ddf,2026-04,T-3178,2.0,21620.0,10810.0,3306.43,W3_BOM_H9,3306.43,0.0,11527.78,18313.57,18313.57,0.0,W3_AS_PRODUCT,0.4668,0.5332
SL-aa0d73e3973b44f5,2026-05,T-3178,3.0,40140.0,13380.0,4959.65,W3_BOM_H9,4959.65,0.0,21402.65,35180.35,35180.35,0.0,W3_AS_PRODUCT,0.4668,0.5332
SL-8e0b6abb87825fa8,2026-06,T-3178,1.0,14766.0,14766.0,1653.22,W3_BOM_H9,1653.22,0.0,7873.23,13112.78,13112.78,0.0,W3_AS_PRODUCT,0.4668,0.5332
SL-02943ff64a2c5af3,2024-09,T-2720,2.0,881910.0,440955.0,622394.0,FILE,129684.0,492710.0,470234.41,259516.0,752226.0,0.5587,FILE_MINUS_W3_MEDIAN,0.4668,0.5332
SL-20527ce7725d05d6,2025-01,T-2719,1.0,471266.89,471266.89,307936.89,FILE,42170.0,265766.89,251279.51,163330.0,429096.89,0.5639,FILE_MINUS_W3_MEDIAN,0.4668,0.5332
SL-373684d2957657e1,2025-09,T-2719,1.0,496280.0,496280.0,322675.0,FILE,42170.0,280505.0,264616.5,173605.0,454110.0,0.5652,FILE_MINUS_W3_MEDIAN,0.4668,0.5332
SL-6bafde9d95c7bb4d,2026-02,T-2719,1.0,397024.0,397024.0,223419.0,FILE,42170.0,181249.0,211693.2,173605.0,354854.0,0.4565,FILE_MINUS_W3_MEDIAN,0.4668,0.5332
SL-da5a6d525ea5a613,2026-03,T-2719,1.0,496280.0,496280.0,322675.0,FILE,42170.0,280505.0,264616.5,173605.0,454110.0,0.5652,FILE_MINUS_W3_MEDIAN,0.4668,0.5332
SL-0152caaa6ba3d808,2024-02,0-1043,1.0,434653.82,434653.82,272262.82,FILE,32392.0,239870.82,231757.42,162391.0,402261.82,0.5519,FILE_MINUS_W3_MEDIAN,0.4668,0.5332
SL-75b804fba1533405,2024-01,0-2464,1.0,86496.64,86496.64,29521.64,FILE,12338.0,17183.64,46120.01,56975.0,74158.64,0.1987,FILE_MINUS_W3_MEDIAN,0.4668,0.5332
SL-d0869629cae03042,2024-01,0-2597,1.0,222000.0,222000.0,118265.2,FILE,37135.2,81130.0,118370.4,103734.8,184864.8,0.3655,FILE_MINUS_W3_MEDIAN,0.4668,0.5332
SL-dd09480a1464a85e,2025-01,0-2596,1.0,245700.0,245700.0,183233.4,FILE,44359.4,138874.0,131007.24,62466.6,201340.6,0.5652,FILE_MINUS_W3_MEDIAN,0.4668,0.5332
SL-7ad5872e910525f7,2026-02,0-2596,1.0,245700.0,245700.0,183233.4,FILE,44359.4,138874.0,131007.24,62466.6,201340.6,0.5652,FILE_MINUS_W3_MEDIAN,0.4668,0.5332
SL-9fad0ddea86ed34f,2026-04,0-2487A,1.0,145040.0,145040.0,100491.0,FILE,18510.0,81981.0,77335.33,44549.0,126530.0,0.5652,FILE_MINUS_W3_MEDIAN,0.4668,0.5332
SL-b4891b92ae557863,2024-04,T-2560A,3.0,456588.93,152196.31,317193.93,FILE,61005.0,256188.93,243453.22,139395.0,395583.93,0.5611,FILE_MINUS_W3_MEDIAN,0.4668,0.5332
SL-78d75f88172976cd,2024-06,T-2560A,2.0,307280.0,153640.0,214350.0,FILE,40670.0,173680.0,163841.7,92930.0,266610.0,0.5652,FILE_MINUS_W3_MEDIAN,0.4668,0.5332
SL-d126861ad1521ac4,2024-06,T-2560B,1.0,116840.0,116840.0,78699.0,FILE,12659.0,66040.0,62299.09,38141.0,104181.0,0.5652,FILE_MINUS_W3_MEDIAN,0.4668,0.5332
SL-1a163fec7e509640,2024-08,T-2560B,1.0,116840.0,116840.0,78699.0,FILE,12659.0,66040.0,62299.09,38141.0,104181.0,0.5652,FILE_MINUS_W3_MEDIAN,0.4668,0.5332
SL-a6f9b07e33523647,2024-12,T-2560B,1.0,116840.0,116840.0,78699.0,FILE,12659.0,66040.0,62299.09,38141.0,104181.0,0.5652,FILE_MINUS_W3_MEDIAN,0.4668,0.5332
SL-e61b8d24eb62d55c,2025-01,T-2560B,-1.0,-116840.0,116840.0,-78699.0,FILE,-12659.0,-66040.0,-62299.09,-38141.0,-104181.0,0.5652,FILE_MINUS_W3_MEDIAN,0.4668,0.5332
SL-0d7461a1dfef0964,2025-01,T-2560B,1.0,122680.0,122680.0,81999.0,FILE,12659.0,69340.0,65412.98,40681.0,110021.0,0.5652,FILE_MINUS_W3_MEDIAN,0.4668,0.5332
SL-994562ca4c63134a,2026-02,T-2560B,1.0,121292.23,121292.23,80611.23,FILE,12659.0,67952.23,64673.02,40681.0,108633.23,0.5602,FILE_MINUS_W3_MEDIAN,0.4668,0.5332
SL-2ef878f85fd0ac2e,2026-04,T-2885,1.0,175288.91,175288.91,110350.25,FILE,11300.34,99049.91,93464.05,64938.66,163988.57,0.5651,FILE_MINUS_W3_MEDIAN,0.4668,0.5332
SL-82172b0fd1007eb9,2025-07,T-2911,1.0,133350.0,133350.0,94926.75,FILE,19554.75,75372.0,71102.22,38423.25,113795.25,0.5652,FILE_MINUS_W3_MEDIAN,0.4668,0.5332
SL-3bcabf7d496dd4e0,2025-08,T-2911,1.0,133350.0,133350.0,94926.75,FILE,19554.75,75372.0,71102.22,38423.25,113795.25,0.5652,FILE_MINUS_W3_MEDIAN,0.4668,0.5332
SL-0202ad069892dab4,2026-03,T-2911,1.0,133350.0,133350.0,94926.75,FILE,19554.75,75372.0,71102.22,38423.25,113795.25,0.5652,FILE_MINUS_W3_MEDIAN,0.4668,0.5332
SL-3f08667f50b3ae87,2026-05,T-2911,1.0,133350.0,133350.0,94926.75,FILE,19554.75,75372.0,71102.22,38423.25,113795.25,0.5652,FILE_MINUS_W3_MEDIAN,0.4668,0.5332
SL-e78c0bb87e0f42e4,2024-06,T-2546,1.0,167960.89,167960.89,108025.89,FILE,18865.0,89160.89,89556.75,59935.0,149095.89,0.5308,FILE_MINUS_W3_MEDIAN,0.4668,0.5332
SL-9b88dd2914b1eeed,2026-02,T-3137A,1.0,197110.0,197110.0,127347.34,FILE,15937.34,111410.0,105099.05,69762.66,181172.66,0.5652,FILE_MINUS_W3_MEDIAN,0.4668,0.5332
SL-45f523133afe6801,2026-05,T-3137A,1.0,197110.0,197110.0,127347.34,FILE,15937.34,111410.0,105099.05,69762.66,181172.66,0.5652,FILE_MINUS_W3_MEDIAN,0.4668,0.5332
SL-844218a60f80d2f2,2026-06,T-3137A,1.0,85700.0,85700.0,15937.34,FILE,15937.34,0.0,45695.24,69762.66,69762.66,0.0,FILE_MINUS_W3_MEDIAN,0.4668,0.5332
SL-e88ccfbc4f8c8b8e,2026-06,0-2487B,1.0,114532.0,114532.0,73152.5,FILE,10052.5,63100.0,61068.46,41379.5,104479.5,0.5509,FILE_MINUS_W3_MEDIAN,0.4668,0.5332
SL-c712ccc81d9c40f4,2024-04,T-2546,1.0,181240.0,181240.0,121305.0,FILE,18865.0,102440.0,96637.17,59935.0,162375.0,0.5652,FILE_MINUS_W3_MEDIAN,0.4668,0.5332
SL-33f0b8ab278d41da,2024-05,T-2546,1.0,181240.0,181240.0,121305.0,FILE,18865.0,102440.0,96637.17,59935.0,162375.0,0.5652,FILE_MINUS_W3_MEDIAN,0.4668,0.5332
SL-16c030bd763f8e48,2024-06,T-2546,1.0,167960.87,167960.87,108025.87,FILE,18865.0,89160.87,89556.74,59935.0,149095.87,0.5308,FILE_MINUS_W3_MEDIAN,0.4668,0.5332
SL-1e8eb418b3a19b57,2025-02,T-2546,1.0,190300.0,190300.0,126425.0,FILE,18865.0,107560.0,101467.96,63875.0,171435.0,0.5652,FILE_MINUS_W3_MEDIAN,0.4668,0.5332
SL-63b8ce9e5853e529,2025-08,T-2546,1.0,190300.0,190300.0,126425.0,FILE,18865.0,107560.0,101467.96,63875.0,171435.0,0.5652,FILE_MINUS_W3_MEDIAN,0.4668,0.5332
SL-53c4d82670b7a205,2025-05,T-2924,1.0,133350.0,133350.0,94142.3,FILE,18770.37,75371.93,71102.22,39207.7,114579.63,0.5652,FILE_MINUS_W3_MEDIAN,0.4668,0.5332
SL-1e1790ae99bbd28e,2025-11,T-2924,2.0,264667.77,132333.89,186252.38,FILE,37540.75,148711.63,141120.85,78415.39,227127.02,0.5619,FILE_MINUS_W3_MEDIAN,0.4668,0.5332
SL-e3b9bb0449d61e99,2026-04,T-2924,1.0,82498.26,82498.26,43290.56,FILE,18770.37,24520.19,43988.07,39207.7,63727.89,0.2972,FILE_MINUS_W3_MEDIAN,0.4668,0.5332
SL-29da04fd13ec019d,2024-04,0-2491,1.0,53326.0,53326.0,13909.36,FILE,13909.36,0.0,28433.42,39416.64,39416.64,0.0,FILE_MINUS_W3_MEDIAN,0.4668,0.5332
SL-bfb27f35cb67a201,2024-01,0-2721,1.0,304060.0,304060.0,209805.0,FILE,37945.0,171860.0,162124.79,94255.0,266115.0,0.5652,FILE_MINUS_W3_MEDIAN,0.4668,0.5332
SL-1b2e2594b69f4d0d,2024-02,0-2493,1.0,108100.0,108100.0,80024.52,FILE,11961.52,68063.0,57638.92,28075.48,96138.48,0.6296,FILE_MINUS_W3_MEDIAN,0.4668,0.5332
SL-55d0a65dd3dd01ec,2024-07,0-2493,2.0,133445.99,66722.99,77295.03,FILE,23923.04,53371.99,71153.4,56150.96,109522.95,0.4,FILE_MINUS_W3_MEDIAN,0.4668,0.5332
SL-2fac4d7cc68b13f8,2024-08,0-2493,1.0,108100.0,108100.0,80024.52,FILE,11961.52,68063.0,57638.92,28075.48,96138.48,0.6296,FILE_MINUS_W3_MEDIAN,0.4668,0.5332
SL-b76686da85ef1504,2024-11,0-2493,1.0,108000.0,108000.0,79924.52,FILE,11961.52,67963.0,57585.6,28075.48,96038.48,0.6293,FILE_MINUS_W3_MEDIAN,0.4668,0.5332
SL-9ce12eb0c177b55f,2025-08,T-2865A,1.0,311850.0,311850.0,193533.0,FILE,35609.58,157923.42,166278.42,118317.0,276240.42,0.5064,FILE_MINUS_W3_MEDIAN,0.4668,0.5332
SL-04e0bbff14b037d9,2024-05,T-2251A,2.0,220197.45,110098.73,150599.45,FILE,26402.0,124197.45,117409.28,69598.0,193795.45,0.564,FILE_MINUS_W3_MEDIAN,0.4668,0.5332
SL-5aace1548bfef88a,2024-06,T-2251A,3.0,331300.0,110433.33,226903.0,FILE,39603.0,187300.0,176649.16,104397.0,291697.0,0.5653,FILE_MINUS_W3_MEDIAN,0.4668,0.5332
SL-88d9c053534ed724,2024-07,T-2251A,1.0,99335.58,99335.58,64536.58,FILE,13201.0,51335.58,52965.73,34799.0,86134.58,0.5168,FILE_MINUS_W3_MEDIAN,0.4668,0.5332
SL-945e83d99cc440cb,2024-08,T-2251A,1.0,110400.0,110400.0,75601.0,FILE,13201.0,62400.0,58865.28,34799.0,97199.0,0.5652,FILE_MINUS_W3_MEDIAN,0.4668,0.5332
SL-b79140ce21185c9a,2024-09,T-2251A,1.0,110500.0,110500.0,75701.0,FILE,13201.0,62500.0,58918.6,34799.0,97299.0,0.5656,FILE_MINUS_W3_MEDIAN,0.4668,0.5332
SL-815a287245837929,2024-10,T-2251A,1.0,89400.0,89400.0,54601.0,FILE,13201.0,41400.0,47668.08,34799.0,76199.0,0.4631,FILE_MINUS_W3_MEDIAN,0.4668,0.5332
SL-cfd31e4a97de5ff7,2024-11,T-2251A,1.0,110400.0,110400.0,75601.0,FILE,13201.0,62400.0,58865.28,34799.0,97199.0,0.5652,FILE_MINUS_W3_MEDIAN,0.4668,0.5332
SL-330cf6c910657642,2026-06,T-2251A,1.0,115920.0,115920.0,78721.0,FILE,13201.0,65520.0,61808.54,37199.0,102719.0,0.5652,FILE_MINUS_W3_MEDIAN,0.4668,0.5332
SL-022a0e4901d1b6b4,2024-04,T-2754,2.0,226780.0,113390.0,156792.66,FILE,24854.0,131938.66,120919.1,69987.34,201926.0,0.5818,FILE_MINUS_W3_MEDIAN,0.4668,0.5332
SL-d7a6663079dfd163,2024-05,T-2754,2.0,226890.0,113445.0,156902.66,FILE,24854.0,132048.66,120977.75,69987.34,202036.0,0.582,FILE_MINUS_W3_MEDIAN,0.4668,0.5332
SL-bcb460b8a4d08ff1,2024-06,T-2754,2.0,226780.0,113390.0,156792.66,FILE,24854.0,131938.66,120919.1,69987.34,201926.0,0.5818,FILE_MINUS_W3_MEDIAN,0.4668,0.5332
SL-d58d21cdc24fc998,2024-07,T-2754,2.0,181512.0,90756.0,111524.66,FILE,24854.0,86670.66,96782.2,69987.34,156658.0,0.4775,FILE_MINUS_W3_MEDIAN,0.4668,0.5332
SL-03b6d6b1ae2638cb,2024-08,T-2754,2.0,226780.0,113390.0,156792.66,FILE,24854.0,131938.66,120919.1,69987.34,201926.0,0.5818,FILE_MINUS_W3_MEDIAN,0.4668,0.5332
SL-9daebe6e57916059,2026-03,T-3140A,1.0,214160.0,214160.0,113176.72,FILE,38216.72,74960.0,114190.11,100983.28,175943.28,0.35,FILE_MINUS_W3_MEDIAN,0.4668,0.5332
SL-db97ee889a2029a4,2026-05,T-3140A,2.0,640160.0,320080.0,438193.44,FILE,76433.45,361759.99,341333.31,201966.56,563726.55,0.5651,FILE_MINUS_W3_MEDIAN,0.4668,0.5332
SL-8fd8f650a44d39d8,2026-06,T-3140A,2.0,640320.0,320160.0,438353.44,FILE,76433.45,361919.99,341418.62,201966.56,563886.55,0.5652,FILE_MINUS_W3_MEDIAN,0.4668,0.5332
SL-1fbc192fb6055d90,2025-06,T-2788,1.0,177494.96,177494.96,126160.94,FILE,38600.98,87559.96,94640.31,51334.02,138893.98,0.4933,FILE_MINUS_W3_MEDIAN,0.4668,0.5332
SL-ea04ea773a5c9a94,2025-07,T-2788,2.0,403892.92,201946.46,301224.88,FILE,77201.95,224022.93,215355.7,102668.04,326690.97,0.5547,FILE_MINUS_W3_MEDIAN,0.4668,0.5332
SL-3e2ec3c39d1659d0,2025-08,T-2788,1.0,89935.0,89935.0,38600.98,FILE,38600.98,0.0,47953.34,51334.02,51334.02,0.0,FILE_MINUS_W3_MEDIAN,0.4668,0.5332
SL-dca751b8f22eebba,2025-07,T-2792,2.0,457899.82,228949.91,297474.7,FILE,76966.87,220507.83,244152.18,160425.12,380932.95,0.4816,FILE_MINUS_W3_MEDIAN,0.4668,0.5332
SL-5a3d537503f85f79,2025-08,T-2792,1.0,273000.0,273000.0,192787.44,FILE,38483.44,154304.0,145563.6,80212.56,234516.56,0.5652,FILE_MINUS_W3_MEDIAN,0.4668,0.5332
SL-192867542e8b71ab,2025-09,T-2792,1.0,273000.0,273000.0,192787.44,FILE,38483.44,154304.0,145563.6,80212.56,234516.56,0.5652,FILE_MINUS_W3_MEDIAN,0.4668,0.5332
SL-abe049c04d70d5dd,2025-12,T-3187A,1.0,127080.0,127080.0,22462.05,W3_BOM_H9,22462.05,0.0,67759.06,104617.95,104617.95,0.0,W3_AS_PRODUCT,0.4668,0.5332
SL-88e790357017ec74,2026-02,T-3187A,1.0,127080.0,127080.0,22462.05,W3_BOM_H9,22462.05,0.0,67759.06,104617.95,104617.95,0.0,W3_AS_PRODUCT,0.4668,0.5332
SL-47d04f4f75b33299,2026-06,T-3187A,1.0,127080.0,127080.0,22462.05,W3_BOM_H9,22462.05,0.0,67759.06,104617.95,104617.95,0.0,W3_AS_PRODUCT,0.4668,0.5332
SL-ac41b2564fe64b2a,2024-03,0-2814,2.0,717063.81,358531.91,441289.81,FILE,38140.0,403149.81,382338.42,275774.0,678923.81,0.5622,FILE_MINUS_W3_MEDIAN,0.4668,0.5332
SL-21125c69b1297327,2024-12,0-2814,1.0,156957.0,156957.0,19070.0,FILE,19070.0,0.0,83689.47,137887.0,137887.0,0.0,FILE_MINUS_W3_MEDIAN,0.4668,0.5332
SL-f6e371432beff383,2024-07,0-2246B,2.0,132948.03,66474.01,68044.67,FILE,19770.64,48274.03,70887.89,64903.36,113177.39,0.3631,FILE_MINUS_W3_MEDIAN,0.4668,0.5332
SL-37409fee360b3dd1,2024-05,0-2499,1.0,71820.0,71820.0,41513.02,FILE,9730.02,31783.0,38294.42,30306.98,62089.98,0.4425,FILE_MINUS_W3_MEDIAN,0.4668,0.5332
SL-2c900f4d8a42c505,2024-06,0-2499,2.0,184180.0,92090.0,123566.04,FILE,19460.04,104106.0,98204.78,60613.96,164719.96,0.5652,FILE_MINUS_W3_MEDIAN,0.4668,0.5332
SL-2d3e9e4707f186ee,2024-07,0-2499,1.0,40037.0,40037.0,9730.02,FILE,9730.02,0.0,21347.73,30306.98,30306.98,0.0,FILE_MINUS_W3_MEDIAN,0.4668,0.5332
SL-dd69168ef5f638de,2024-02,0-2658,3.0,518300.0,172766.67,408497.0,FILE,43302.0,365195.0,276357.56,109803.0,474998.0,0.7046,FILE_MINUS_W3_MEDIAN,0.4668,0.5332
SL-004426d134550b01,2024-05,0-2658,2.0,374000.0,187000.0,300798.0,FILE,28868.0,271930.0,199416.8,73202.0,345132.0,0.7271,FILE_MINUS_W3_MEDIAN,0.4668,0.5332
SL-40b3ed36f7105df8,2024-07,0-2658,-1.0,-187000.0,187000.0,-150399.0,FILE,-14434.0,-135965.0,-99708.4,-36601.0,-172566.0,0.7271,FILE_MINUS_W3_MEDIAN,0.4668,0.5332
SL-c91b495bbadf2f69,2025-11,0-2658,1.0,81370.0,81370.0,44769.0,FILE,14434.0,30335.0,43386.48,36601.0,66936.0,0.3728,FILE_MINUS_W3_MEDIAN,0.4668,0.5332
SL-076047b8dbe93b2a,2026-04,T-3120A,1.0,158923.2,158923.2,108144.79,FILE,18821.59,89323.2,84737.85,50778.41,140101.61,0.5621,FILE_MINUS_W3_MEDIAN,0.4668,0.5332
SL-ca88ea8f3ecebce1,2024-05,T-2251A,1.0,110400.0,110400.0,75601.0,FILE,13201.0,62400.0,58865.28,34799.0,97199.0,0.5652,FILE_MINUS_W3_MEDIAN,0.4668,0.5332
SL-dbc0572419ea2abf,2024-06,T-2251A,3.0,326200.0,108733.33,221803.0,FILE,39603.0,182200.0,173929.84,104397.0,286597.0,0.5586,FILE_MINUS_W3_MEDIAN,0.4668,0.5332
SL-1dd1201b79fc117e,2024-07,T-2251A,1.0,88400.0,88400.0,53601.0,FILE,13201.0,40400.0,47134.88,34799.0,75199.0,0.457,FILE_MINUS_W3_MEDIAN,0.4668,0.5332
SL-56e88a27cc9ed02a,2024-10,T-2251A,1.0,110400.0,110400.0,75601.0,FILE,13201.0,62400.0,58865.28,34799.0,97199.0,0.5652,FILE_MINUS_W3_MEDIAN,0.4668,0.5332
SL-bc1f327fb481d29b,2024-11,T-2251A,2.0,211000.74,105500.37,141402.74,FILE,26402.0,115000.74,112505.59,69598.0,184598.74,0.545,FILE_MINUS_W3_MEDIAN,0.4668,0.5332
SL-c1fe62349bcc82ff,2024-12,T-2251A,1.0,110400.0,110400.0,75601.0,FILE,13201.0,62400.0,58865.28,34799.0,97199.0,0.5652,FILE_MINUS_W3_MEDIAN,0.4668,0.5332
SL-ea39bad2a00f674f,2025-05,T-2251A,2.0,226320.0,113160.0,151922.0,FILE,26402.0,125520.0,120673.82,74398.0,199918.0,0.5546,FILE_MINUS_W3_MEDIAN,0.4668,0.5332
SL-7a1c38a67a486b16,2026-06,T-2251A,1.0,115920.0,115920.0,78721.0,FILE,13201.0,65520.0,61808.54,37199.0,102719.0,0.5652,FILE_MINUS_W3_MEDIAN,0.4668,0.5332
SL-9fabbf0d3756a3c5,2024-05,T-2495A,2.0,345963.26,172981.63,220292.68,FILE,54329.42,165963.26,184467.61,125670.58,291633.84,0.4797,FILE_MINUS_W3_MEDIAN,0.4668,0.5332
SL-399703cea7db0544,2024-06,T-2495A,5.0,946400.0,189280.0,632223.55,FILE,135823.55,496400.0,504620.48,314176.45,810576.45,0.5245,FILE_MINUS_W3_MEDIAN,0.4668,0.5332
SL-b790a21f4e36c11f,2024-06,T-2495A,-1.0,-144668.36,144668.36,-81833.07,FILE,-27164.71,-54668.36,-77137.17,-62835.29,-117503.65,0.3779,FILE_MINUS_W3_MEDIAN,0.4668,0.5332
SL-ab635af124959b8d,2024-07,T-2495A,1.0,165600.0,165600.0,102764.71,FILE,27164.71,75600.0,88297.92,62835.29,138435.29,0.4565,FILE_MINUS_W3_MEDIAN,0.4668,0.5332
SL-ce9193709cc5ab45,2024-07,T-2495A,-1.0,-118400.0,118400.0,-55564.71,FILE,-27164.71,-28400.0,-63130.88,-62835.29,-91235.29,0.2399,FILE_MINUS_W3_MEDIAN,0.4668,0.5332
SL-a36e55bf1022c4d0,2024-09,T-2495A,1.0,153500.0,153500.0,90664.71,FILE,27164.71,63500.0,81846.2,62835.29,126335.29,0.4137,FILE_MINUS_W3_MEDIAN,0.4668,0.5332
SL-4d6cf08b2df3081b,2024-12,T-2495A,1.0,149779.0,149779.0,86943.71,FILE,27164.71,59779.0,79862.16,62835.29,122614.29,0.3991,FILE_MINUS_W3_MEDIAN,0.4668,0.5332
SL-d1a5448736924e4c,2025-05,T-2495A,1.0,217350.0,217350.0,150014.71,FILE,27164.71,122850.0,115891.02,67335.29,190185.29,0.5652,FILE_MINUS_W3_MEDIAN,0.4668,0.5332
SL-c3b3bfe292944241,2025-07,T-2495A,1.0,217350.0,217350.0,150014.71,FILE,27164.71,122850.0,115891.02,67335.29,190185.29,0.5652,FILE_MINUS_W3_MEDIAN,0.4668,0.5332
SL-7106455b7d9a8dbd,2025-11,T-3187A,1.0,117750.0,117750.0,22462.05,W3_BOM_H9,22462.05,0.0,62784.3,95287.95,95287.95,0.0,W3_AS_PRODUCT,0.4668,0.5332
SL-5c5eee49183369ed,2025-12,T-3187A,2.0,182330.0,91165.0,44924.1,W3_BOM_H9,44924.1,0.0,97218.36,137405.9,137405.9,0.0,W3_AS_PRODUCT,0.4668,0.5332
SL-77644c0dd0b0bd47,2026-03,T-3187A,1.0,127080.0,127080.0,22462.05,W3_BOM_H9,22462.05,0.0,67759.06,104617.95,104617.95,0.0,W3_AS_PRODUCT,0.4668,0.5332
SL-853eb7a86a97f4b2,2024-07,0-2125,1.0,224000.0,224000.0,146797.16,FILE,20188.16,126609.0,119436.8,77202.84,203811.84,0.5652,FILE_MINUS_W3_MEDIAN,0.4668,0.5332
SL-f6817ba8e1b13b0f,2024-01,0-2683,1.0,188720.0,188720.0,96676.75,FILE,23608.75,73068.0,100625.5,92043.25,165111.25,0.3872,FILE_MINUS_W3_MEDIAN,0.4668,0.5332
SL-260ef8b6adbfde06,2024-02,0-2683,1.0,266000.0,266000.0,173956.75,FILE,23608.75,150348.0,141831.2,92043.25,242391.25,0.5652,FILE_MINUS_W3_MEDIAN,0.4668,0.5332
SL-95086b4a2cb234a4,2024-06,0-2683,1.0,266000.0,266000.0,173956.75,FILE,23608.75,150348.0,141831.2,92043.25,242391.25,0.5652,FILE_MINUS_W3_MEDIAN,0.4668,0.5332
SL-e9ed0035f843b895,2025-11,0-2683,1.0,115652.0,115652.0,23608.75,FILE,23608.75,0.0,61665.65,92043.25,92043.25,0.0,FILE_MINUS_W3_MEDIAN,0.4668,0.5332
SL-b2bf2f1cffed4756,2024-04,0-2468A,1.0,252000.0,252000.0,164665.78,FILE,65897.89,98767.89,134366.4,87334.22,186102.11,0.3919,FILE_MINUS_W3_MEDIAN,0.4668,0.5332
SL-f983f43628225388,2024-09,0-2468A,1.0,252000.0,252000.0,208332.89,FILE,65897.89,142435.0,134366.4,43667.11,186102.11,0.5652,FILE_MINUS_W3_MEDIAN,0.4668,0.5332
SL-c61390657b070ac1,2024-01,0-2469A,1.0,162497.94,162497.94,98751.66,FILE,22340.72,76410.94,86643.9,63746.28,140157.22,0.4702,FILE_MINUS_W3_MEDIAN,0.4668,0.5332
SL-292cf22c4adb86fd,2025-02,0-2469A,1.0,187952.23,187952.23,119900.95,FILE,22340.72,97560.23,100216.13,68051.28,165611.51,0.5191,FILE_MINUS_W3_MEDIAN,0.4668,0.5332
SL-23deb3051ce6292d,2026-03,0-2469A,1.0,207900.0,207900.0,139848.72,FILE,22340.72,117508.0,110852.28,68051.28,185559.28,0.5652,FILE_MINUS_W3_MEDIAN,0.4668,0.5332
SL-92fd9a0d52216483,2024-01,0-2492,1.0,158595.57,158595.57,110737.32,FILE,32215.75,78521.57,84563.16,47858.25,126379.82,0.4951,FILE_MINUS_W3_MEDIAN,0.4668,0.5332
SL-19a9c314ab385d54,2024-08,0-2492,1.0,184170.0,184170.0,136311.75,FILE,32215.75,104096.0,98199.44,47858.25,151954.25,0.5652,FILE_MINUS_W3_MEDIAN,0.4668,0.5332
SL-c112ccf474f47a77,2024-07,T-2495B,2.0,428074.0,214037.0,257023.42,FILE,53949.42,203074.0,228249.06,171050.58,374124.58,0.4744,FILE_MINUS_W3_MEDIAN,0.4668,0.5332
SL-1874d28fe6b8b04d,2024-08,T-2495B,2.0,517500.0,258750.0,346449.42,FILE,53949.42,292500.0,275931.0,171050.58,463550.58,0.5652,FILE_MINUS_W3_MEDIAN,0.4668,0.5332
SL-7cfe3ace20b3316c,2024-09,T-2495B,1.0,258750.0,258750.0,173224.71,FILE,26974.71,146250.0,137965.5,85525.29,231775.29,0.5652,FILE_MINUS_W3_MEDIAN,0.4668,0.5332
SL-009f50a6d1170b97,2025-05,T-2495B,1.0,271690.0,271690.0,180539.71,FILE,26974.71,153565.0,144865.11,91150.29,244715.29,0.5652,FILE_MINUS_W3_MEDIAN,0.4668,0.5332
SL-32b10866faefbe2a,2025-06,T-2495B,1.0,271690.0,271690.0,180539.71,FILE,26974.71,153565.0,144865.11,91150.29,244715.29,0.5652,FILE_MINUS_W3_MEDIAN,0.4668,0.5332
SL-71013d4e94e586cf,2025-08,T-2495B,1.0,217420.74,217420.74,126270.45,FILE,26974.71,99295.74,115928.74,91150.29,190446.03,0.4567,FILE_MINUS_W3_MEDIAN,0.4668,0.5332
SL-0bf1c0870b2f9761,2026-05,T-2495B,1.0,271690.0,271690.0,180539.71,FILE,26974.71,153565.0,144865.11,91150.29,244715.29,0.5652,FILE_MINUS_W3_MEDIAN,0.4668,0.5332
SL-1f9287c9b0103e0f,2024-04,T-2754,2.0,218677.43,109338.71,148690.09,FILE,24854.0,123836.09,116598.81,69987.34,193823.43,0.5663,FILE_MINUS_W3_MEDIAN,0.4668,0.5332
SL-1439d7d620f0eda4,2024-05,T-2754,1.0,113390.0,113390.0,78396.33,FILE,12427.0,65969.33,60459.55,34993.67,100963.0,0.5818,FILE_MINUS_W3_MEDIAN,0.4668,0.5332
SL-7cb06b5dfad2b255,2024-06,T-2754,5.0,502970.0,100594.0,328001.65,FILE,62135.0,265866.65,268183.6,174968.35,440835.0,0.5286,FILE_MINUS_W3_MEDIAN,0.4668,0.5332
SL-7fd5ca8cb5536363,2024-07,T-2754,5.0,501715.0,100343.0,326746.65,FILE,62135.0,264611.65,267514.44,174968.35,439580.0,0.5274,FILE_MINUS_W3_MEDIAN,0.4668,0.5332
SL-38628f1af5c12cd8,2025-03,T-2754,1.0,108145.29,108145.29,70686.62,FILE,12427.0,58259.62,57663.07,37458.67,95718.29,0.5387,FILE_MINUS_W3_MEDIAN,0.4668,0.5332
SL-18a99aa85bc70ee5,2025-05,T-2754,1.0,87654.2,87654.2,50195.53,FILE,12427.0,37768.53,46737.22,37458.67,75227.2,0.4309,FILE_MINUS_W3_MEDIAN,0.4668,0.5332
SL-e3813f14ee083514,2026-02,T-3140A,1.0,320160.0,320160.0,223794.92,FILE,38216.72,185578.2,170709.31,96365.08,281943.28,0.5796,FILE_MINUS_W3_MEDIAN,0.4668,0.5332
SL-c7f234d959351753,2026-05,T-3140A,4.0,1226340.0,306585.0,840879.68,FILE,152866.89,688012.79,653884.49,385460.32,1073473.11,0.561,FILE_MINUS_W3_MEDIAN,0.4668,0.5332
SL-6f989340196320fc,2025-06,T-2865A,1.0,265073.0,265073.0,165095.58,FILE,35609.58,129486.0,141336.92,99977.42,229463.42,0.4885,FILE_MINUS_W3_MEDIAN,0.4668,0.5332
SL-aaa1c6db2a8905ed,2025-07,T-2865A,3.0,935550.0,311850.0,635617.74,FILE,106828.75,528788.99,498835.26,299932.26,828721.25,0.5652,FILE_MINUS_W3_MEDIAN,0.4668,0.5332
SL-ec9a936682a877f5,2025-08,T-2865A,1.0,308385.72,308385.72,208408.3,FILE,35609.58,172798.72,164431.27,99977.42,272776.14,0.5603,FILE_MINUS_W3_MEDIAN,0.4668,0.5332
SL-46572784843942ff,2025-10,T-2865A,1.0,312000.0,312000.0,212022.58,FILE,35609.58,176413.0,166358.4,99977.42,276390.42,0.5654,FILE_MINUS_W3_MEDIAN,0.4668,0.5332
SL-1602d5c9ae9dfc4d,2026-05,T-3133A,1.0,87060.0,87060.0,56365.86,FILE,7155.86,49210.0,46420.39,30694.14,79904.14,0.5652,FILE_MINUS_W3_MEDIAN,0.4668,0.5332
SL-3837b108996a25d0,2026-06,T-3133A,1.0,81866.0,81866.0,51171.86,FILE,7155.86,44016.0,43650.95,30694.14,74710.14,0.5377,FILE_MINUS_W3_MEDIAN,0.4668,0.5332
SL-b39dfdec7353a300,2024-11,0-2668,1.0,205212.0,205212.0,131513.8,FILE,17171.8,114342.0,109419.04,73698.2,188040.2,0.5572,FILE_MINUS_W3_MEDIAN,0.4668,0.5332
SL-093146460c050d0a,2025-09,0-2668,1.0,219450.0,219450.0,141207.8,FILE,17171.8,124036.0,117010.74,78242.2,202278.2,0.5652,FILE_MINUS_W3_MEDIAN,0.4668,0.5332
SL-b3fd9aed379baf93,2024-04,0-2658,2.0,221844.15,110922.07,151402.15,FILE,28868.0,122534.15,118287.3,70442.0,192976.15,0.5523,FILE_MINUS_W3_MEDIAN,0.4668,0.5332
SL-bad0ba8addf30d25,2024-08,0-2658,1.0,114210.0,114210.0,78989.0,FILE,14434.0,64555.0,60896.77,35221.0,99776.0,0.5652,FILE_MINUS_W3_MEDIAN,0.4668,0.5332
SL-545e9244e9b69132,2025-01,0-2658,1.0,115754.95,115754.95,78050.95,FILE,14434.0,63616.95,61720.54,37704.0,101320.95,0.5496,FILE_MINUS_W3_MEDIAN,0.4668,0.5332
SL-d9a942c80ed597e0,2025-09,0-2658,1.0,119920.0,119920.0,82216.0,FILE,14434.0,67782.0,63941.34,37704.0,105486.0,0.5652,FILE_MINUS_W3_MEDIAN,0.4668,0.5332
SL-04a957d3fe6c93af,2024-02,0-2669A,1.0,247000.0,247000.0,158936.0,FILE,19327.0,139609.0,131700.4,88064.0,227673.0,0.5652,FILE_MINUS_W3_MEDIAN,0.4668,0.5332
SL-7862eda18342c545,2024-06,0-2669A,1.0,247000.0,247000.0,158936.0,FILE,19327.0,139609.0,131700.4,88064.0,227673.0,0.5652,FILE_MINUS_W3_MEDIAN,0.4668,0.5332
SL-2c5015c330f6dd66,2024-07,0-2669A,1.0,197600.0,197600.0,109536.0,FILE,19327.0,90209.0,105360.32,88064.0,178273.0,0.4565,FILE_MINUS_W3_MEDIAN,0.4668,0.5332
SL-42426adb6706478e,2024-11,0-2669A,1.0,234804.0,234804.0,146740.0,FILE,19327.0,127413.0,125197.49,88064.0,215477.0,0.5426,FILE_MINUS_W3_MEDIAN,0.4668,0.5332
SL-94b6582b108d80a7,2025-10,0-2669A,1.0,259350.0,259350.0,165916.0,FILE,19327.0,146589.0,138285.42,93434.0,240023.0,0.5652,FILE_MINUS_W3_MEDIAN,0.4668,0.5332
SL-a46947c47554cbe5,2024-01,0-2816,1.0,202712.1,202712.1,115755.4,FILE,20434.3,95321.1,108086.09,86956.7,182277.8,0.4702,FILE_MINUS_W3_MEDIAN,0.4668,0.5332
SL-e3226e76cde45752,2024-10,0-2816,1.0,241194.84,241194.84,154238.14,FILE,20434.3,133803.84,128605.09,86956.7,220760.54,0.5548,FILE_MINUS_W3_MEDIAN,0.4668,0.5332
SL-2256764fd76681f4,2025-12,0-2816,1.0,259350.0,259350.0,167023.3,FILE,20434.3,146589.0,138285.42,92326.7,238915.7,0.5652,FILE_MINUS_W3_MEDIAN,0.4668,0.5332
SL-376e940b717cb684,2025-02,T-2945,1.0,378000.0,378000.0,256734.2,FILE,43082.3,213651.9,201549.6,121265.8,334917.7,0.5652,FILE_MINUS_W3_MEDIAN,0.4668,0.5332
SL-21b4bda45d1f0052,2025-03,T-2945,1.0,349848.92,349848.92,228582.22,FILE,43082.3,185499.92,186539.44,121266.7,306766.62,0.5302,FILE_MINUS_W3_MEDIAN,0.4668,0.5332
SL-ea25261771541b9a,2025-03,T-2847,1.0,248596.51,248596.51,155489.84,FILE,25589.33,129900.51,132551.66,93106.67,223007.18,0.5225,FILE_MINUS_W3_MEDIAN,0.4668,0.5332
SL-ae93cc2e28791d76,2024-09,T-2702,1.0,152030.0,152030.0,102128.0,FILE,16198.0,85930.0,81062.4,49902.0,135832.0,0.5652,FILE_MINUS_W3_MEDIAN,0.4668,0.5332
SL-2c89ca0a934db963,2024-11,T-2702,1.0,152030.0,152030.0,102128.0,FILE,16198.0,85930.0,81062.4,49902.0,135832.0,0.5652,FILE_MINUS_W3_MEDIAN,0.4668,0.5332
SL-234442b1a8fa3b89,2024-12,T-2702,1.0,152030.0,152030.0,102128.0,FILE,16198.0,85930.0,81062.4,49902.0,135832.0,0.5652,FILE_MINUS_W3_MEDIAN,0.4668,0.5332
SL-45b43f1b25171509,2025-02,T-2702,2.0,319130.0,159565.0,212716.0,FILE,32396.0,180320.0,170160.12,106414.0,286734.0,0.565,FILE_MINUS_W3_MEDIAN,0.4668,0.5332
SL-e21013a248e9244a,2025-03,T-2702,1.0,159630.0,159630.0,106423.0,FILE,16198.0,90225.0,85114.72,53207.0,143432.0,0.5652,FILE_MINUS_W3_MEDIAN,0.4668,0.5332
SL-dbbd72cb9fa12601,2025-04,T-2702,1.0,159630.0,159630.0,106423.0,FILE,16198.0,90225.0,85114.72,53207.0,143432.0,0.5652,FILE_MINUS_W3_MEDIAN,0.4668,0.5332
SL-6e9f3a75da4eedb1,2025-09,T-2702,1.0,132830.0,132830.0,79623.0,FILE,16198.0,63425.0,70824.96,53207.0,116632.0,0.4775,FILE_MINUS_W3_MEDIAN,0.4668,0.5332
SL-c05d0c5bfcd55231,2025-10,T-2702,1.0,159200.0,159200.0,105993.0,FILE,16198.0,89795.0,84885.44,53207.0,143002.0,0.564,FILE_MINUS_W3_MEDIAN,0.4668,0.5332
SL-15ab70d5c4d1c4f1,2025-11,T-2702,1.0,159630.0,159630.0,106423.0,FILE,16198.0,90225.0,85114.72,53207.0,143432.0,0.5652,FILE_MINUS_W3_MEDIAN,0.4668,0.5332
SL-cb69d72d949a2a33,2024-01,0-2815,2.0,245348.0,122674.0,126322.4,FILE,29670.4,96652.0,130819.55,119025.6,215677.6,0.3939,FILE_MINUS_W3_MEDIAN,0.4668,0.5332
SL-86da28118c400666,2024-03,0-2815,1.0,171000.0,171000.0,111487.2,FILE,14835.2,96652.0,91177.2,59512.8,156164.8,0.5652,FILE_MINUS_W3_MEDIAN,0.4668,0.5332
SL-29df1909e62063bf,2024-05,0-2815,1.0,171000.0,171000.0,111487.2,FILE,14835.2,96652.0,91177.2,59512.8,156164.8,0.5652,FILE_MINUS_W3_MEDIAN,0.4668,0.5332
SL-4472a3df105b1071,2024-11,0-2815,1.0,76741.93,76741.93,17229.13,FILE,14835.2,2393.93,40918.8,59512.8,61906.73,0.0312,FILE_MINUS_W3_MEDIAN,0.4668,0.5332
SL-8fc6a3d73882a1d8,2024-12,0-2815,1.0,171000.0,171000.0,111487.2,FILE,14835.2,96652.0,91177.2,59512.8,156164.8,0.5652,FILE_MINUS_W3_MEDIAN,0.4668,0.5332
SL-2840a7c7177c00fc,2024-02,0-2461,1.0,216000.0,216000.0,18983.4,FILE,16419.0,2564.4,115171.2,197016.6,199581.0,0.0119,FILE_MINUS_W3_MEDIAN,0.4668,0.5332
SL-5d08476ea2c66833,2024-09,0-2456A,1.0,194508.84,194508.84,106247.34,FILE,19129.5,87117.84,103712.11,88261.5,175379.34,0.4479,FILE_MINUS_W3_MEDIAN,0.4668,0.5332
SL-70469d617ec3f1a3,2025-01,0-2456A,1.0,247000.0,247000.0,158738.5,FILE,19129.5,139609.0,131700.4,88261.5,227870.5,0.5652,FILE_MINUS_W3_MEDIAN,0.4668,0.5332
SL-5ccb4a2ef35f39bc,2024-10,T-2704,1.0,224351.56,224351.56,144811.36,FILE,20059.8,124751.56,119624.25,79540.2,204291.76,0.5561,FILE_MINUS_W3_MEDIAN,0.4668,0.5332
SL-361ec58c3e667ef6,2024-12,T-2704,1.0,229080.0,229080.0,149539.8,FILE,20059.8,129480.0,122145.46,79540.2,209020.2,0.5652,FILE_MINUS_W3_MEDIAN,0.4668,0.5332
SL-610246f9c3af5706,2025-03,T-2704,1.0,210702.0,210702.0,126181.8,FILE,20059.8,106122.0,112346.31,84520.2,190642.2,0.5037,FILE_MINUS_W3_MEDIAN,0.4668,0.5332
SL-1c77f25c586bcb12,2025-12,T-2704,1.0,140530.0,140530.0,56009.8,FILE,20059.8,35950.0,74930.6,84520.2,120470.2,0.2558,FILE_MINUS_W3_MEDIAN,0.4668,0.5332
SL-288d52917fa027e8,2024-10,T-2705,1.0,172714.18,172714.18,97059.58,FILE,15445.4,81614.18,92091.2,75654.6,157268.78,0.4725,FILE_MINUS_W3_MEDIAN,0.4668,0.5332
SL-2f609410b37e43c9,2024-12,T-2705,1.0,91100.0,91100.0,15445.4,FILE,15445.4,0.0,48574.52,75654.6,75654.6,0.0,FILE_MINUS_W3_MEDIAN,0.4668,0.5332
SL-229c66ba45e60426,2025-04,T-2963,1.0,273010.0,273010.0,181455.48,FILE,27145.48,154310.0,145568.93,91554.52,245864.52,0.5652,FILE_MINUS_W3_MEDIAN,0.4668,0.5332
SL-d2b5f4a4fdafa8ce,2025-03,T-2956,2.0,459128.36,229564.18,284151.92,FILE,25759.42,258392.5,244807.24,174976.44,433368.94,0.5628,FILE_MINUS_W3_MEDIAN,0.4668,0.5332
SL-966b2a0006b6e9dc,2025-12,T-3079,3.0,780060.0,260020.0,543500.13,FILE,102590.12,440910.01,415927.99,236559.87,677469.88,0.5652,FILE_MINUS_W3_MEDIAN,0.4668,0.5332
SL-e68acf49f194ec18,2025-04,T-2967,1.0,441000.0,441000.0,276381.0,FILE,27121.0,249260.0,235141.2,164619.0,413879.0,0.5652,FILE_MINUS_W3_MEDIAN,0.4668,0.5332
SL-a469d2c426034858,2026-05,T-2967,1.0,441000.0,441000.0,276381.0,FILE,27121.0,249260.0,235141.2,164619.0,413879.0,0.5652,FILE_MINUS_W3_MEDIAN,0.4668,0.5332
SL-6dff2bfe58115045,2024-01,0-2397,1.0,199500.0,199500.0,124190.0,FILE,13390.0,110800.0,106373.4,75310.0,186110.0,0.5554,FILE_MINUS_W3_MEDIAN,0.4668,0.5332
SL-f7a6d19ae8c654f6,2025-09,T-2966A,1.0,294000.0,294000.0,180830.66,FILE,14656.61,166174.05,156760.8,113169.34,279343.39,0.5652,FILE_MINUS_W3_MEDIAN,0.4668,0.5332
SL-cab438128d9c22db,2025-11,T-2966A,1.0,237327.93,237327.93,124158.59,FILE,14656.61,109501.98,126543.25,113169.34,222671.32,0.4614,FILE_MINUS_W3_MEDIAN,0.4668,0.5332
SL-fa9aa550f48b77c7,2024-12,T-2846,2.0,639300.0,319650.0,409081.2,FILE,48041.2,361040.0,340874.76,230218.8,591258.8,0.5647,FILE_MINUS_W3_MEDIAN,0.4668,0.5332
SL-99d9b8fb99814975,2025-05,T-2846,1.0,264439.6,264439.6,142373.2,FILE,24020.6,118352.6,140999.19,122066.4,240419.0,0.4476,FILE_MINUS_W3_MEDIAN,0.4668,0.5332
SL-14157f4da27ccef1,2025-11,T-3023,2.0,736251.48,368125.74,473485.62,FILE,58634.13,414851.49,392569.29,262765.86,677617.35,0.5635,FILE_MINUS_W3_MEDIAN,0.4668,0.5332
SL-1abde1b2d555701f,2025-12,T-3023,1.0,369610.0,369610.0,238227.07,FILE,29317.06,208910.01,197076.05,131382.93,340292.94,0.5652,FILE_MINUS_W3_MEDIAN,0.4668,0.5332
SL-e3e8a53a8b319e98,2024-01,0-2661,1.0,304000.0,304000.0,203896.8,FILE,32070.8,171826.0,162092.8,100103.2,271929.2,0.5652,FILE_MINUS_W3_MEDIAN,0.4668,0.5332
SL-75260fb630ea338c,2024-08,0-2661,1.0,304000.0,304000.0,203896.8,FILE,32070.8,171826.0,162092.8,100103.2,271929.2,0.5652,FILE_MINUS_W3_MEDIAN,0.4668,0.5332
SL-acd7fb7991cd8a65,2026-02,T-3152B,1.0,127080.0,127080.0,82583.52,FILE,10753.52,71830.0,67759.06,44496.48,116326.48,0.5652,FILE_MINUS_W3_MEDIAN,0.4668,0.5332
SL-4a453884be1fc9ed,2026-04,T-3152B,1.0,127035.73,127035.73,82539.25,FILE,10753.52,71785.73,67735.45,44496.48,116282.21,0.5651,FILE_MINUS_W3_MEDIAN,0.4668,0.5332
SL-a0a97439e38de049,2026-02,T-3152B,1.0,127080.0,127080.0,82216.4,FILE,10753.52,71462.88,67759.06,44863.6,116326.48,0.5623,FILE_MINUS_W3_MEDIAN,0.4668,0.5332
SL-c4d90237daa09883,2026-04,T-3152B,1.0,127035.73,127035.73,82172.13,FILE,10753.52,71418.61,67735.45,44863.6,116282.21,0.5622,FILE_MINUS_W3_MEDIAN,0.4668,0.5332
SL-e80285640245dd4a,2026-02,T-3152B,1.0,127080.0,127080.0,82269.33,FILE,10753.52,71515.81,67759.06,44810.67,116326.48,0.5628,FILE_MINUS_W3_MEDIAN,0.4668,0.5332
SL-6fa4732413623a31,2026-04,T-3152B,1.0,127035.73,127035.73,82225.06,FILE,10753.52,71471.54,67735.45,44810.67,116282.21,0.5626,FILE_MINUS_W3_MEDIAN,0.4668,0.5332
SL-0b4ee042e26a9865,2026-02,T-3118A,1.0,167100.0,167100.0,110387.34,FILE,18242.58,92144.76,89097.72,56712.66,148857.42,0.5514,FILE_MINUS_W3_MEDIAN,0.4668,0.5332
SL-96491fcb1bcfc94d,2026-03,T-3118A,2.0,334200.0,167100.0,220774.68,FILE,36485.16,184289.52,178195.44,113425.32,297714.84,0.5514,FILE_MINUS_W3_MEDIAN,0.4668,0.5332
SL-516ed48b8795cd36,2026-05,T-3118A,1.0,167100.0,167100.0,110387.34,FILE,18242.58,92144.76,89097.72,56712.66,148857.42,0.5514,FILE_MINUS_W3_MEDIAN,0.4668,0.5332
SL-837515f8fddaff8f,2025-07,T-2792,1.0,273000.0,273000.0,193825.58,FILE,38483.44,155342.14,145563.6,79174.42,234516.56,0.569,FILE_MINUS_W3_MEDIAN,0.4668,0.5332
SL-187ec2c10400ca76,2025-09,T-2792,1.0,201973.38,201973.38,122798.96,FILE,38483.44,84315.52,107692.21,79174.42,163489.94,0.4175,FILE_MINUS_W3_MEDIAN,0.4668,0.5332
SL-4c887d590f650f4a,2025-10,T-2792,1.0,273000.0,273000.0,193825.58,FILE,38483.44,155342.14,145563.6,79174.42,234516.56,0.569,FILE_MINUS_W3_MEDIAN,0.4668,0.5332
SL-aa6eb436cb429e72,2024-06,T-2475B,5.0,345000.0,69000.0,234445.0,FILE,39445.0,195000.0,183954.0,110555.0,305555.0,0.5652,FILE_MINUS_W3_MEDIAN,0.4668,0.5332
SL-268425b2232a45c5,2025-06,T-2475B,1.0,31500.0,31500.0,7889.0,FILE,7889.0,0.0,16795.8,23611.0,23611.0,0.0,FILE_MINUS_W3_MEDIAN,0.4668,0.5332
SL-0b4c37ed9ccc7fcf,2024-04,T-2475B,4.0,231270.0,57817.5,142826.0,FILE,31556.0,111270.0,123313.16,88444.0,199714.0,0.4811,FILE_MINUS_W3_MEDIAN,0.4668,0.5332
SL-ce3871b20ff2ec9e,2024-05,T-2475B,2.0,127720.16,63860.08,83498.16,FILE,15778.0,67720.16,68100.39,44222.0,111942.16,0.5302,FILE_MINUS_W3_MEDIAN,0.4668,0.5332
SL-3593c64949f1d38f,2024-06,T-2475B,2.0,125738.68,62869.34,81516.68,FILE,15778.0,65738.68,67043.86,44222.0,109960.68,0.5228,FILE_MINUS_W3_MEDIAN,0.4668,0.5332
SL-2eab71fe1109d1cb,2024-07,T-2475B,1.0,62100.0,62100.0,39989.0,FILE,7889.0,32100.0,33111.72,22111.0,54211.0,0.5169,FILE_MINUS_W3_MEDIAN,0.4668,0.5332
SL-25c4cab42e21ed10,2024-09,T-2475B,1.0,69000.0,69000.0,46889.0,FILE,7889.0,39000.0,36790.8,22111.0,61111.0,0.5652,FILE_MINUS_W3_MEDIAN,0.4668,0.5332
SL-75f420e511ef9066,2025-04,T-2475B,1.0,69698.84,69698.84,46087.84,FILE,7889.0,38198.84,37163.42,23611.0,61809.84,0.5481,FILE_MINUS_W3_MEDIAN,0.4668,0.5332
SL-b869d1a2241602ea,2024-06,0-2475B,1.0,57410.0,57410.0,39375.5,FILE,6924.5,32451.0,30611.01,18034.5,50485.5,0.5652,FILE_MINUS_W3_MEDIAN,0.4668,0.5332
SL-dc8dba298c12d239,2024-12,0-2475B,1.0,51900.41,51900.41,33865.91,FILE,6924.5,26941.41,27673.3,18034.5,44975.91,0.5191,FILE_MINUS_W3_MEDIAN,0.4668,0.5332
SL-ccccd060f6291aba,2025-03,0-2475B,1.0,55068.12,55068.12,35785.62,FILE,6924.5,28861.12,29362.32,19282.5,48143.62,0.5241,FILE_MINUS_W3_MEDIAN,0.4668,0.5332
SL-c02c78a102765c7a,2024-04,T-2475B,2.0,127268.0,63634.0,83046.0,FILE,15778.0,67268.0,67859.3,44222.0,111490.0,0.5286,FILE_MINUS_W3_MEDIAN,0.4668,0.5332
SL-105d8110807732c9,2024-06,T-2475B,1.0,69000.0,69000.0,46889.0,FILE,7889.0,39000.0,36790.8,22111.0,61111.0,0.5652,FILE_MINUS_W3_MEDIAN,0.4668,0.5332
SL-dfa852d3fe7e4855,2024-07,T-2475B,1.0,30538.46,30538.46,8427.46,FILE,7889.0,538.46,16283.11,22111.0,22649.46,0.0176,FILE_MINUS_W3_MEDIAN,0.4668,0.5332
SL-62941c89b93bed63,2024-09,T-2475B,2.0,122141.0,61070.5,77919.0,FILE,15778.0,62141.0,65125.58,44222.0,106363.0,0.5088,FILE_MINUS_W3_MEDIAN,0.4668,0.5332
SL-6ac73c1435135508,2025-01,T-2475B,1.0,69000.0,69000.0,45389.0,FILE,7889.0,37500.0,36790.8,23611.0,61111.0,0.5435,FILE_MINUS_W3_MEDIAN,0.4668,0.5332
SL-b00b5b1d7707d206,2026-06,T-2475B,1.0,70991.0,70991.0,47380.0,FILE,7889.0,39491.0,37852.4,23611.0,63102.0,0.5563,FILE_MINUS_W3_MEDIAN,0.4668,0.5332
SL-cb554329fc9ad272,2025-05,T-2862,1.0,101850.0,101850.0,67000.61,FILE,9433.61,57567.0,54306.42,34849.39,92416.39,0.5652,FILE_MINUS_W3_MEDIAN,0.4668,0.5332
SL-1d440a584e1a719a,2025-06,T-2862,3.0,303200.0,101066.67,198651.83,FILE,28300.82,170351.01,161666.24,104548.17,274899.18,0.5618,FILE_MINUS_W3_MEDIAN,0.4668,0.5332
SL-132607d10fb753f7,2025-07,T-2862,1.0,60581.03,60581.03,25731.64,FILE,9433.61,16298.03,32301.81,34849.39,51147.42,0.269,FILE_MINUS_W3_MEDIAN,0.4668,0.5332
SL-9fe8fb76053edbf3,2025-08,T-2862,1.0,101850.0,101850.0,67000.61,FILE,9433.61,57567.0,54306.42,34849.39,92416.39,0.5652,FILE_MINUS_W3_MEDIAN,0.4668,0.5332
SL-26bdd5fba362be7a,2025-09,T-2862,2.0,193014.0,96507.0,123315.22,FILE,18867.21,104448.01,102915.06,69698.78,174146.79,0.5411,FILE_MINUS_W3_MEDIAN,0.4668,0.5332
SL-b472e8c3a2b62a41,2025-10,T-2862,1.0,99500.0,99500.0,64650.61,FILE,9433.61,55217.0,53053.4,34849.39,90066.39,0.5549,FILE_MINUS_W3_MEDIAN,0.4668,0.5332
SL-377f3a1f7ffca2c6,2026-02,T-3168A,2.0,166517.29,83258.65,108262.81,FILE,17445.52,90817.29,88787.02,58254.48,149071.77,0.5454,FILE_MINUS_W3_MEDIAN,0.4668,0.5332
SL-ffd1d04d52e77414,2026-03,T-3168A,1.0,87060.0,87060.0,57932.76,FILE,8722.76,49210.0,46420.39,29127.24,78337.24,0.5652,FILE_MINUS_W3_MEDIAN,0.4668,0.5332
SL-254e5c8249e4f171,2026-02,T-3168A,2.0,174120.0,87060.0,116066.36,FILE,17445.52,98620.84,92840.78,58053.64,156674.48,0.5664,FILE_MINUS_W3_MEDIAN,0.4668,0.5332
SL-1adffb45e42bea03,2026-04,T-3168A,2.0,159553.19,79776.6,101499.55,FILE,17445.52,84054.03,85073.76,58053.64,142107.67,0.5268,FILE_MINUS_W3_MEDIAN,0.4668,0.5332
SL-e00ee8ddef2ae2bb,2026-05,T-3168A,1.0,87060.0,87060.0,58033.18,FILE,8722.76,49310.42,46420.39,29026.82,78337.24,0.5664,FILE_MINUS_W3_MEDIAN,0.4668,0.5332
SL-7b2e0d4c0a091a9e,2024-02,0-2475A,1.0,60260.0,60260.0,43428.0,FILE,9175.0,34253.0,32130.63,16832.0,51085.0,0.5684,FILE_MINUS_W3_MEDIAN,0.4668,0.5332
SL-226a61b91396b297,2024-02,0-1672,1.0,20085.17,20085.17,11718.17,FILE,6986.0,4732.17,10709.41,8367.0,13099.17,0.2356,FILE_MINUS_W3_MEDIAN,0.4668,0.5332
SL-9fa3b2a7a808d737,2025-06,T-2974A,4.0,477733.29,119433.32,245731.73,FILE,35734.43,209997.3,254727.39,232001.56,441998.86,0.4396,FILE_MINUS_W3_MEDIAN,0.4668,0.5332
SL-fc0d6ac1860d2f14,2025-07,T-2974A,3.0,442889.54,147629.85,268763.37,FILE,26800.82,241962.55,236148.7,174126.17,416088.72,0.5463,FILE_MINUS_W3_MEDIAN,0.4668,0.5332
SL-41d1134d2551526b,2025-11,T-2974A,1.0,120444.83,120444.83,62469.44,FILE,8933.61,53535.83,64221.18,57975.39,111511.22,0.4445,FILE_MINUS_W3_MEDIAN,0.4668,0.5332
SL-f294a82867045dce,2024-06,0-2478,2.0,95999.97,47999.99,63660.27,FILE,12298.3,51361.97,51187.18,32339.7,83701.67,0.535,FILE_MINUS_W3_MEDIAN,0.4668,0.5332
SL-c1289012e0ce0d8a,2026-02,T-3168A,1.0,87060.0,87060.0,57243.76,FILE,8722.76,48521.0,46420.39,29816.24,78337.24,0.5573,FILE_MINUS_W3_MEDIAN,0.4668,0.5332
SL-4c5fd1ec90baddb6,2026-03,T-3168A,2.0,174120.0,87060.0,114487.52,FILE,17445.52,97042.0,92840.78,59632.48,156674.48,0.5573,FILE_MINUS_W3_MEDIAN,0.4668,0.5332
SL-7a7282280c860ed5,2024-02,0-2479A,1.0,114310.0,114310.0,80110.1,FILE,8137.1,71973.0,60950.09,34199.9,106172.9,0.6296,FILE_MINUS_W3_MEDIAN,0.4668,0.5332
SL-e107f17df3f0e754,2024-03,0-2477A,1.0,150000.0,150000.0,107604.6,FILE,13230.6,94374.0,79980.0,42395.4,136769.4,0.6292,FILE_MINUS_W3_MEDIAN,0.4668,0.5332
SL-a007d3a9370dd8d7,2024-12,T-2756B,1.0,91100.0,91100.0,22330.0,FILE,22330.0,0.0,48574.52,68770.0,68770.0,0.0,FILE_MINUS_W3_MEDIAN,0.4668,0.5332
SL-b3ecfd953cfd19ac,2024-10,0-2592,1.0,108000.0,108000.0,74303.0,FILE,13260.0,61043.0,57585.6,33697.0,94740.0,0.5652,FILE_MINUS_W3_MEDIAN,0.4668,0.5332
SL-6c87dbdd7f9cac30,2025-08,T-3014B,1.0,99000.0,99000.0,16680.0,FILE,41971.83,-25291.83,52786.8,82320.0,57028.17,-0.2555,FILE_MINUS_W3_MEDIAN,0.4668,0.5332
SL-4931324202787783,2025-09,T-3014B,1.0,227700.0,227700.0,145380.0,FILE,41971.83,103408.17,121409.64,82320.0,185728.17,0.4541,FILE_MINUS_W3_MEDIAN,0.4668,0.5332
SL-78e147c76071a307,2025-11,T-3014B,2.0,452567.88,226283.94,287927.88,FILE,83943.67,203984.21,241309.19,164640.0,368624.21,0.4507,FILE_MINUS_W3_MEDIAN,0.4668,0.5332
SL-8757ab7dc6062ae3,2024-10,T-2756A,1.0,209530.0,209530.0,140930.0,FILE,22500.0,118430.0,111721.4,68600.0,187030.0,0.5652,FILE_MINUS_W3_MEDIAN,0.4668,0.5332
SL-2a465bb5bee5c148,2024-09,T-2756D,1.0,130857.72,130857.72,90157.72,FILE,20400.0,69757.72,69773.34,40700.0,110457.72,0.5331,FILE_MINUS_W3_MEDIAN,0.4668,0.5332
SL-31004a4da662f486,2024-10,T-2756D,2.0,281060.0,140530.0,199660.0,FILE,40800.0,158860.0,149861.19,81400.0,240260.0,0.5652,FILE_MINUS_W3_MEDIAN,0.4668,0.5332
SL-e3646554848257ce,2024-11,T-2756D,2.0,201630.0,100815.0,120230.0,FILE,40800.0,79430.0,107509.12,81400.0,160830.0,0.3939,FILE_MINUS_W3_MEDIAN,0.4668,0.5332
SL-21629e7900680bb9,2024-12,T-2756D,1.0,91054.0,91054.0,50354.0,FILE,20400.0,29954.0,48549.99,40700.0,70654.0,0.329,FILE_MINUS_W3_MEDIAN,0.4668,0.5332
SL-3c6013d4d64fa0e8,2024-12,0-2592,1.0,81260.0,81260.0,47563.0,FILE,13260.0,34303.0,43327.83,33697.0,68000.0,0.4221,FILE_MINUS_W3_MEDIAN,0.4668,0.5332
SL-65db5e37964ec53f,2024-03,0-2593,1.0,132300.0,132300.0,90378.26,FILE,15600.0,74778.26,70542.36,41921.74,116700.0,0.5652,FILE_MINUS_W3_MEDIAN,0.4668,0.5332
SL-f97b591a559f7e01,2025-01,T-2756,1.0,141174.13,141174.13,66724.13,FILE,16650.0,50074.13,75274.05,74450.0,124524.13,0.3547,FILE_MINUS_W3_MEDIAN,0.4668,0.5332
SL-003c2deb471fd606,2025-09,T-3014B,1.0,222563.54,222563.54,150957.21,FILE,41971.83,108985.38,118670.88,71606.33,180591.71,0.4897,FILE_MINUS_W3_MEDIAN,0.4668,0.5332
SL-defd2f9c8dcc510f,2025-10,T-3014B,1.0,227700.0,227700.0,156093.67,FILE,41971.83,114121.84,121409.64,71606.33,185728.17,0.5012,FILE_MINUS_W3_MEDIAN,0.4668,0.5332
SL-832fe5191f997b53,2024-09,T-2756,1.0,107069.7,107069.7,72549.7,FILE,16650.0,55899.7,57089.56,34520.0,90419.7,0.5221,FILE_MINUS_W3_MEDIAN,0.4668,0.5332
SL-afe3b7f3c19becb0,2024-10,T-2756,1.0,120980.0,120980.0,86460.0,FILE,16650.0,69810.0,64506.54,34520.0,104330.0,0.577,FILE_MINUS_W3_MEDIAN,0.4668,0.5332
SL-703812ae9e6a3a08,2024-11,T-2756,1.0,120980.0,120980.0,86460.0,FILE,16650.0,69810.0,64506.54,34520.0,104330.0,0.577,FILE_MINUS_W3_MEDIAN,0.4668,0.5332
SL-38a5f1aea9111cdc,2024-12,T-2756,2.0,238510.0,119255.0,169470.0,FILE,33300.0,136170.0,127173.53,69040.0,205210.0,0.5709,FILE_MINUS_W3_MEDIAN,0.4668,0.5332
SL-1e878f9b518e3698,2025-02,T-2756,1.0,127030.0,127030.0,89880.0,FILE,16650.0,73230.0,67732.4,37150.0,110380.0,0.5765,FILE_MINUS_W3_MEDIAN,0.4668,0.5332
SL-6f8038e3c3923a98,2026-04,0-3073A,1.0,41250.51,41250.51,8236.0,W3_BOM_H9,8236.0,0.0,21994.77,33014.51,33014.51,0.0,W3_AS_PRODUCT,0.4668,0.5332
SL-18e3f126aee585c2,2026-05,0-3073A,1.0,33818.94,33818.94,8236.0,W3_BOM_H9,8236.0,0.0,18032.26,25582.94,25582.94,0.0,W3_AS_PRODUCT,0.4668,0.5332
SL-f8162a44e6b22608,2026-02,0-3073,1.0,43700.0,43700.0,27393.0,FILE,5464.5,21928.5,23300.84,16307.0,38235.5,0.5018,FILE_MINUS_W3_MEDIAN,0.4668,0.5332
SL-5ca5bcc22d4f6c36,2026-04,0-3073,1.0,37145.0,37145.0,21327.37,FILE,5464.5,15862.87,19805.71,15817.63,31680.5,0.4271,FILE_MINUS_W3_MEDIAN,0.4668,0.5332
SL-67de9e835e9d6c89,2026-05,0-3073,1.0,43700.0,43700.0,27882.36,FILE,5464.5,22417.86,23300.84,15817.64,38235.5,0.513,FILE_MINUS_W3_MEDIAN,0.4668,0.5332
SL-dd851c118ab9240c,2026-06,0-3073,1.0,19000.0,19000.0,2687.0,FILE,5464.5,-2777.5,10130.8,16313.0,13535.5,-0.1462,FILE_MINUS_W3_MEDIAN,0.4668,0.5332
SL-23be593d4eaa3463,2025-04,T-1418,1.0,60720.0,60720.0,41012.24,FILE,6444.76,34567.48,32375.9,19707.76,54275.24,0.5693,FILE_MINUS_W3_MEDIAN,0.4668,0.5332
SL-660c58308f4f8e94,2025-05,T-1418,2.0,105960.0,52980.0,66544.48,FILE,12889.52,53654.96,56497.87,39415.52,93070.48,0.5064,FILE_MINUS_W3_MEDIAN,0.4668,0.5332
SL-ec824a9255baf260,2025-07,T-1418,1.0,60720.0,60720.0,41012.24,FILE,6444.76,34567.48,32375.9,19707.76,54275.24,0.5693,FILE_MINUS_W3_MEDIAN,0.4668,0.5332
SL-11525383685dd0bd,2025-08,T-1418,2.0,84467.76,42233.88,45052.24,FILE,12889.52,32162.72,45038.21,39415.52,71578.24,0.3808,FILE_MINUS_W3_MEDIAN,0.4668,0.5332
SL-f00007f3a0165d83,2025-09,T-1418,1.0,60720.0,60720.0,41012.24,FILE,6444.76,34567.48,32375.9,19707.76,54275.24,0.5693,FILE_MINUS_W3_MEDIAN,0.4668,0.5332
SL-de38cd21eedf9f08,2025-10,T-1418,4.0,238012.1,59503.03,158684.58,FILE,25779.04,132905.54,126908.05,79327.52,212233.06,0.5584,FILE_MINUS_W3_MEDIAN,0.4668,0.5332
SL-eef9c56552520c16,2025-11,T-1418,1.0,60282.03,60282.03,40574.27,FILE,6444.76,34129.51,32142.38,19707.76,53837.27,0.5662,FILE_MINUS_W3_MEDIAN,0.4668,0.5332
SL-332ddb6d39f376a2,2025-12,T-1418,1.0,60720.0,60720.0,41012.24,FILE,6444.76,34567.48,32375.9,19707.76,54275.24,0.5693,FILE_MINUS_W3_MEDIAN,0.4668,0.5332
SL-15ce4a0176fce5db,2026-06,T-1418,1.0,26400.0,26400.0,6692.24,FILE,6444.76,247.48,14076.48,19707.76,19955.24,0.0094,FILE_MINUS_W3_MEDIAN,0.4668,0.5332
SL-f9a4bf60fa6a0708,2025-04,T-2359,3.0,172500.0,57500.0,120636.57,FILE,18017.11,102619.46,91977.0,51863.43,154482.89,0.5949,FILE_MINUS_W3_MEDIAN,0.4668,0.5332
SL-95c3e57fbe9bd101,2025-05,T-2359,1.0,57500.0,57500.0,40212.19,FILE,6005.7,34206.49,30659.0,17287.81,51494.3,0.5949,FILE_MINUS_W3_MEDIAN,0.4668,0.5332
SL-6d49a1f097990301,2025-06,T-2359,2.0,82500.0,41250.0,47924.38,FILE,12011.4,35912.98,43989.0,34575.62,70488.6,0.4353,FILE_MINUS_W3_MEDIAN,0.4668,0.5332
SL-0c271c3cf7a6b7c7,2025-10,T-2359,2.0,115000.0,57500.0,79742.47,FILE,12011.4,67731.07,61318.0,35257.53,102988.6,0.589,FILE_MINUS_W3_MEDIAN,0.4668,0.5332
SL-918b1ca88d3dff7b,2025-12,T-2359,2.0,100785.62,50392.81,65869.05,FILE,12011.4,53857.65,53738.89,34916.57,88774.22,0.5344,FILE_MINUS_W3_MEDIAN,0.4668,0.5332
SL-645691900a7d09fc,2026-03,T-2359,1.0,57500.0,57500.0,40212.19,FILE,6005.7,34206.49,30659.0,17287.81,51494.3,0.5949,FILE_MINUS_W3_MEDIAN,0.4668,0.5332
SL-8f8dc606c8743dd2,2025-04,T-1444A,1.0,62560.0,62560.0,7298.82,W3_BOM_H9,7298.82,0.0,33356.99,55261.18,55261.18,0.0,W3_AS_PRODUCT,0.4668,0.5332
SL-99784b0c796d1313,2025-06,T-1444A,2.0,80657.62,40328.81,14597.65,W3_BOM_H9,14597.65,0.0,43006.64,66059.97,66059.97,0.0,W3_AS_PRODUCT,0.4668,0.5332
SL-919d647c2ab79865,2025-07,T-1444A,1.0,58978.13,58978.13,7298.82,W3_BOM_H9,7298.82,0.0,31447.14,51679.31,51679.31,0.0,W3_AS_PRODUCT,0.4668,0.5332
SL-4dbb32c7ba1cf8e2,2026-02,T-1444A,1.0,57332.0,57332.0,7298.82,W3_BOM_H9,7298.82,0.0,30569.42,50033.18,50033.18,0.0,W3_AS_PRODUCT,0.4668,0.5332
SL-4d09d62e55d22d48,2025-03,T-2359,1.0,46000.0,46000.0,31070.11,FILE,6005.7,25064.41,24527.2,14929.89,39994.3,0.5449,FILE_MINUS_W3_MEDIAN,0.4668,0.5332
SL-32782d4036e4b247,2025-04,T-2359,7.0,275978.96,39425.57,171469.73,FILE,42039.92,129429.81,147151.98,104509.23,233939.04,0.469,FILE_MINUS_W3_MEDIAN,0.4668,0.5332
SL-2cd9849455bf8355,2025-06,T-2359,1.0,20000.0,20000.0,5070.11,FILE,6005.7,-935.59,10664.0,14929.89,13994.3,-0.0468,FILE_MINUS_W3_MEDIAN,0.4668,0.5332
SL-3617bce0f92441fd,2025-08,T-2359,1.0,46000.0,46000.0,31070.11,FILE,6005.7,25064.41,24527.2,14929.89,39994.3,0.5449,FILE_MINUS_W3_MEDIAN,0.4668,0.5332
SL-cf5d7ac344cec32d,2025-09,T-2359,1.0,46000.0,46000.0,31537.91,FILE,6005.7,25532.21,24527.2,14462.09,39994.3,0.555,FILE_MINUS_W3_MEDIAN,0.4668,0.5332
SL-f9b0aff4f1a7b693,2026-02,T-2359,1.0,46000.0,46000.0,31537.91,FILE,6005.7,25532.21,24527.2,14462.09,39994.3,0.555,FILE_MINUS_W3_MEDIAN,0.4668,0.5332
SL-9c330a339053c779,2026-03,T-2359,1.0,20000.0,20000.0,5537.9,FILE,6005.7,-467.8,10664.0,14462.1,13994.3,-0.0234,FILE_MINUS_W3_MEDIAN,0.4668,0.5332
SL-8173d2fe936e155f,2025-06,T-2861A,2.0,85034.28,42517.14,39109.84,FILE,6119.56,32990.28,45340.28,45924.44,78914.72,0.388,FILE_MINUS_W3_MEDIAN,0.4668,0.5332
SL-bafe1619929b14fa,2025-06,T-2861,1.0,59850.0,59850.0,37376.67,FILE,3548.67,33828.0,31912.02,22473.33,56301.33,0.5652,FILE_MINUS_W3_MEDIAN,0.4668,0.5332
SL-8951fe696ff05748,2025-07,T-2861,2.0,104702.24,52351.12,59755.58,FILE,7097.34,52658.24,55827.23,44946.66,97604.9,0.5029,FILE_MINUS_W3_MEDIAN,0.4668,0.5332
SL-9de720dbec42c815,2025-11,T-2861,1.0,59850.0,59850.0,37376.67,FILE,3548.67,33828.0,31912.02,22473.33,56301.33,0.5652,FILE_MINUS_W3_MEDIAN,0.4668,0.5332
SL-a3b1e52f057c82b9,2026-06,T-2861,1.0,59850.0,59850.0,37376.67,FILE,3548.67,33828.0,31912.02,22473.33,56301.33,0.5652,FILE_MINUS_W3_MEDIAN,0.4668,0.5332
SL-15832923fdafe94b,2026-02,T-3179A,1.0,37030.0,37030.0,24342.96,FILE,3412.96,20930.0,19744.4,12687.04,33617.04,0.5652,FILE_MINUS_W3_MEDIAN,0.4668,0.5332
SL-ae01394c1437baa2,2026-05,T-3179A,3.0,108058.49,36019.5,69997.37,FILE,10238.88,59758.49,57616.79,38061.12,97819.61,0.553,FILE_MINUS_W3_MEDIAN,0.4668,0.5332
SL-6595d4e706224fac,2026-06,T-3179A,2.0,74060.0,37030.0,48685.92,FILE,6825.92,41860.0,39488.79,25374.08,67234.08,0.5652,FILE_MINUS_W3_MEDIAN,0.4668,0.5332
SL-1eae590a4e12553e,2025-06,T-1984P,1.0,35880.0,35880.0,23092.5,FILE,3645.37,19447.13,19131.22,12787.5,32234.63,0.542,FILE_MINUS_W3_MEDIAN,0.4668,0.5332
SL-3fc37511f13bb436,2025-07,T-1984P,1.0,35880.0,35880.0,23092.5,FILE,3645.37,19447.13,19131.22,12787.5,32234.63,0.542,FILE_MINUS_W3_MEDIAN,0.4668,0.5332
SL-762462f2559cbe6d,2025-08,T-1984P,2.0,71760.0,35880.0,46185.0,FILE,7290.74,38894.26,38262.43,25575.0,64469.26,0.542,FILE_MINUS_W3_MEDIAN,0.4668,0.5332
SL-3df8f2a6a6bd9db2,2025-10,T-1984P,1.0,33918.67,33918.67,21131.17,FILE,3645.37,17485.8,18085.43,12787.5,30273.3,0.5155,FILE_MINUS_W3_MEDIAN,0.4668,0.5332
SL-9169ae086b738aaf,2025-12,T-1984P,2.0,71760.0,35880.0,46185.0,FILE,7290.74,38894.26,38262.43,25575.0,64469.26,0.542,FILE_MINUS_W3_MEDIAN,0.4668,0.5332
SL-ac625fbfaa105cfe,2026-01,T-1984P,2.0,63294.45,31647.22,37719.45,FILE,7290.74,30428.71,33748.6,25575.0,56003.71,0.4807,FILE_MINUS_W3_MEDIAN,0.4668,0.5332
SL-0c6e25deb1049da4,2026-02,T-1984P,1.0,35134.56,35134.56,22347.06,FILE,3645.37,18701.69,18733.75,12787.5,31489.19,0.5323,FILE_MINUS_W3_MEDIAN,0.4668,0.5332
SL-db0f318e6d62ca93,2026-06,T-1984P,1.0,35880.0,35880.0,23092.5,FILE,3645.37,19447.13,19131.22,12787.5,32234.63,0.542,FILE_MINUS_W3_MEDIAN,0.4668,0.5332
SL-172adec2525add33,2026-02,T-3179A,1.0,37030.0,37030.0,25990.35,FILE,3412.96,22577.39,19744.4,11039.65,33617.04,0.6097,FILE_MINUS_W3_MEDIAN,0.4668,0.5332
SL-4c4f3692e4db9bfd,2026-04,T-3179A,3.0,109000.04,36333.35,75881.09,FILE,10238.88,65642.21,58118.82,33118.95,98761.16,0.6022,FILE_MINUS_W3_MEDIAN,0.4668,0.5332
SL-75c91dc221bcb126,2024-04,T-2573A,1.0,42021.07,42021.07,30657.31,FILE,7436.24,23221.07,22405.63,11363.76,34584.83,0.5526,FILE_MINUS_W3_MEDIAN,0.4668,0.5332
SL-ae6cc44850832858,2024-06,T-2573A,2.0,86500.0,43250.0,63772.48,FILE,14872.48,48900.0,46121.8,22727.52,71627.52,0.5653,FILE_MINUS_W3_MEDIAN,0.4668,0.5332
SL-bf75401f486ce01d,2025-06,T-2573A,1.0,19740.0,19740.0,7436.24,FILE,7436.24,0.0,10525.37,12303.76,12303.76,0.0,FILE_MINUS_W3_MEDIAN,0.4668,0.5332
SL-91c87328a3d1b27f,2026-05,T-2573A,1.0,33253.7,33253.7,20949.94,FILE,7436.24,13513.7,17730.87,12303.76,25817.46,0.4064,FILE_MINUS_W3_MEDIAN,0.4668,0.5332
SL-065821c6497d4373,2026-06,T-2573A,1.0,39389.0,39389.0,27085.24,FILE,7436.24,19649.0,21002.21,12303.76,31952.76,0.4988,FILE_MINUS_W3_MEDIAN,0.4668,0.5332
SL-da6c1ddd3eeb61e2,2024-04,T-2050B,1.0,14000.0,14000.0,4809.44,FILE,4809.44,0.0,7464.8,9190.56,9190.56,0.0,FILE_MINUS_W3_MEDIAN,0.4668,0.5332
SL-12b28fa256f9dffb,2024-07,T-2050B,1.0,32200.0,32200.0,23009.44,FILE,4809.44,18200.0,17169.04,9190.56,27390.56,0.5652,FILE_MINUS_W3_MEDIAN,0.4668,0.5332
SL-ea3e3a90417e3840,2024-08,T-2050B,1.0,32200.0,32200.0,23009.44,FILE,4809.44,18200.0,17169.04,9190.56,27390.56,0.5652,FILE_MINUS_W3_MEDIAN,0.4668,0.5332
SL-c2def20d6833f4c9,2024-12,T-2050B,1.0,14000.0,14000.0,4809.44,FILE,4809.44,0.0,7464.8,9190.56,9190.56,0.0,FILE_MINUS_W3_MEDIAN,0.4668,0.5332
SL-875dbdd4825fc0bd,2025-03,T-2050B,1.0,18897.65,18897.65,9007.09,FILE,4809.44,4197.65,10076.23,9890.56,14088.21,0.2221,FILE_MINUS_W3_MEDIAN,0.4668,0.5332
SL-cc26b1ebf2b749b9,2024-05,T-2573A,1.0,32200.0,32200.0,22911.24,FILE,7436.24,15475.0,17169.04,9288.76,24763.76,0.4806,FILE_MINUS_W3_MEDIAN,0.4668,0.5332
SL-f11686a92373fbfb,2024-06,T-2573A,1.0,32200.0,32200.0,22911.24,FILE,7436.24,15475.0,17169.04,9288.76,24763.76,0.4806,FILE_MINUS_W3_MEDIAN,0.4668,0.5332
SL-d3d3c31d351bd68b,2024-07,T-2573A,1.0,28980.0,28980.0,19691.24,FILE,7436.24,12255.0,15452.14,9288.76,21543.76,0.4229,FILE_MINUS_W3_MEDIAN,0.4668,0.5332
SL-e948eb00306b343a,2024-09,T-2573A,3.0,89201.0,29733.67,61334.72,FILE,22308.72,39026.0,47561.97,27866.28,66892.28,0.4375,FILE_MINUS_W3_MEDIAN,0.4668,0.5332
SL-f34f311705761825,2025-01,T-2573A,1.0,32200.0,32200.0,22211.24,FILE,7436.24,14775.0,17169.04,9988.76,24763.76,0.4589,FILE_MINUS_W3_MEDIAN,0.4668,0.5332
SL-b15eb50e283feb47,2026-06,T-2573A,1.0,32736.0,32736.0,22747.24,FILE,7436.24,15311.0,17454.84,9988.76,25299.76,0.4677,FILE_MINUS_W3_MEDIAN,0.4668,0.5332
SL-fa5835874c89afac,2025-06,T-2921,1.0,49350.0,49350.0,33706.02,FILE,5813.02,27893.0,26313.42,15643.98,43536.98,0.5652,FILE_MINUS_W3_MEDIAN,0.4668,0.5332
SL-9867668091cb65e0,2025-07,T-2921,1.0,49350.0,49350.0,33706.02,FILE,5813.02,27893.0,26313.42,15643.98,43536.98,0.5652,FILE_MINUS_W3_MEDIAN,0.4668,0.5332
SL-192b949f0c98e84a,2025-08,T-2921,2.0,89829.44,44914.72,58541.48,FILE,11626.04,46915.44,47897.06,31287.96,78203.4,0.5223,FILE_MINUS_W3_MEDIAN,0.4668,0.5332
SL-d4fa08acba5c1fdb,2026-01,T-2921,1.0,49350.0,49350.0,33706.02,FILE,5813.02,27893.0,26313.42,15643.98,43536.98,0.5652,FILE_MINUS_W3_MEDIAN,0.4668,0.5332
SL-73d31e8d25a0c74a,2026-02,T-2921,-1.0,-49350.0,49350.0,-33706.02,FILE,-5813.02,-27893.0,-26313.42,-15643.98,-43536.98,0.5652,FILE_MINUS_W3_MEDIAN,0.4668,0.5332
SL-e7dd3b358868913e,2026-03,T-2921,1.0,38114.22,38114.22,22470.24,FILE,5813.02,16657.22,20322.5,15643.98,32301.2,0.437,FILE_MINUS_W3_MEDIAN,0.4668,0.5332
SL-1a080afb380f6fca,2025-01,T-2759,1.0,96840.0,96840.0,66100.0,FILE,11365.0,54735.0,51635.09,30740.0,85475.0,0.5652,FILE_MINUS_W3_MEDIAN,0.4668,0.5332
SL-c47f38469f5bdea4,2025-08,T-2985,1.0,161810.0,161810.0,114657.91,FILE,25327.38,89330.53,86277.09,47152.09,136482.62,0.5521,FILE_MINUS_W3_MEDIAN,0.4668,0.5332
SL-f11a25345a2776d2,2026-01,T-2985,1.0,70350.0,70350.0,23197.91,FILE,25327.38,-2129.47,37510.62,47152.09,45022.62,-0.0303,FILE_MINUS_W3_MEDIAN,0.4668,0.5332
SL-9107dcaec4e3d69b,2026-03,T-2985,1.0,70350.0,70350.0,23197.91,FILE,25327.38,-2129.47,37510.62,47152.09,45022.62,-0.0303,FILE_MINUS_W3_MEDIAN,0.4668,0.5332
SL-f25c6e666ab9bb50,2026-05,T-2985,1.0,161810.0,161810.0,115888.78,FILE,25327.38,90561.4,86277.09,45921.22,136482.62,0.5597,FILE_MINUS_W3_MEDIAN,0.4668,0.5332
SL-18f8a7ccf240b247,2024-01,0-2666,3.0,456000.0,152000.0,349349.64,FILE,91610.64,257739.0,243139.2,106650.36,364389.36,0.5652,FILE_MINUS_W3_MEDIAN,0.4668,0.5332
SL-f4a6ea0b33c6d450,2024-01,0-2666,-1.0,-150000.0,150000.0,-114449.88,FILE,-30536.88,-83913.0,-79980.0,-35550.12,-119463.12,0.5594,FILE_MINUS_W3_MEDIAN,0.4668,0.5332
SL-43e4a8a97af8fb9d,2024-02,0-2666,2.0,304000.0,152000.0,232899.76,FILE,61073.76,171826.0,162092.8,71100.24,242926.24,0.5652,FILE_MINUS_W3_MEDIAN,0.4668,0.5332
SL-039d9afe6c056504,2024-09,0-2666,1.0,152000.0,152000.0,116449.88,FILE,30536.88,85913.0,81046.4,35550.12,121463.12,0.5652,FILE_MINUS_W3_MEDIAN,0.4668,0.5332
SL-ebe5a6d5324d0dd5,2024-01,0-2490,1.0,46690.0,46690.0,33850.64,FILE,4453.64,29397.0,24895.11,12839.36,42236.36,0.6296,FILE_MINUS_W3_MEDIAN,0.4668,0.5332
SL-4756aeb802a16917,2024-04,T-2751,1.0,59072.72,59072.72,40949.06,FILE,8676.34,32272.72,31497.57,18123.66,50396.38,0.5463,FILE_MINUS_W3_MEDIAN,0.4668,0.5332
SL-b62b069683083d8e,2024-05,T-2751,1.0,61640.0,61640.0,43516.34,FILE,8676.34,34840.0,32866.45,18123.66,52963.66,0.5652,FILE_MINUS_W3_MEDIAN,0.4668,0.5332
SL-8fa5197e34602796,2024-07,T-2751,2.0,98624.0,49312.0,62376.68,FILE,17352.68,45024.0,52586.32,36247.32,81271.32,0.4565,FILE_MINUS_W3_MEDIAN,0.4668,0.5332
SL-2bf7a4eaab6a362e,2024-11,T-2751,1.0,52891.44,52891.44,34767.78,FILE,8676.34,26091.44,28201.72,18123.66,44215.1,0.4933,FILE_MINUS_W3_MEDIAN,0.4668,0.5332
SL-8a1191e85ac9ee66,2025-06,T-2751,1.0,64720.0,64720.0,45256.34,FILE,8676.34,36580.0,34508.7,19463.66,56043.66,0.5652,FILE_MINUS_W3_MEDIAN,0.4668,0.5332
SL-ce86a1c4f48ea7ed,2025-02,T-2960,1.0,126000.0,126000.0,79533.92,FILE,8316.92,71217.0,67183.2,46466.08,117683.08,0.5652,FILE_MINUS_W3_MEDIAN,0.4668,0.5332
SL-f2540c434d29d197,2026-01,T-2960,2.0,252000.0,126000.0,159067.84,FILE,16633.84,142434.0,134366.4,92932.16,235366.16,0.5652,FILE_MINUS_W3_MEDIAN,0.4668,0.5332
SL-cd478d45f9bd1f63,2025-08,T-2985,1.0,161810.0,161810.0,113547.13,FILE,25327.38,88219.75,86277.09,48262.87,136482.62,0.5452,FILE_MINUS_W3_MEDIAN,0.4668,0.5332
SL-0348473c1b7df293,2025-09,T-2985,1.0,161810.0,161810.0,113547.13,FILE,25327.38,88219.75,86277.09,48262.87,136482.62,0.5452,FILE_MINUS_W3_MEDIAN,0.4668,0.5332
SL-63600d9a1bbf537c,2025-12,T-2985,3.0,420670.0,140223.33,275881.39,FILE,75982.14,199899.25,224301.24,144788.61,344687.86,0.4752,FILE_MINUS_W3_MEDIAN,0.4668,0.5332
SL-6d1705f146a71f8e,2026-05,T-2985,1.0,161810.0,161810.0,116787.38,FILE,25327.38,91460.0,86277.09,45022.62,136482.62,0.5652,FILE_MINUS_W3_MEDIAN,0.4668,0.5332
SL-c9fce2cad4b10249,2024-10,T-2760,2.0,184460.0,92230.0,145116.0,FILE,40856.0,104260.0,98354.07,39344.0,143604.0,0.5652,FILE_MINUS_W3_MEDIAN,0.4668,0.5332
SL-9387d0bb646d7e67,2024-11,T-2760,1.0,92230.0,92230.0,72558.0,FILE,20428.0,52130.0,49177.04,19672.0,71802.0,0.5652,FILE_MINUS_W3_MEDIAN,0.4668,0.5332
SL-a91e1949ecccbd87,2024-12,T-2760,3.0,264474.46,88158.15,205458.46,FILE,61284.0,144174.46,141017.78,59016.0,203190.46,0.5451,FILE_MINUS_W3_MEDIAN,0.4668,0.5332
SL-5e28fd3cfd160265,2025-01,T-2760,2.0,137491.62,68745.81,98147.62,FILE,40856.0,57291.62,73310.53,39344.0,96635.62,0.4167,FILE_MINUS_W3_MEDIAN,0.4668,0.5332
SL-c162687d78445e73,2026-01,T-2760,1.0,96840.0,96840.0,75163.0,FILE,20428.0,54735.0,51635.09,21677.0,76412.0,0.5652,FILE_MINUS_W3_MEDIAN,0.4668,0.5332
SL-0052feeadd9182da,2024-02,0-2672,1.0,135859.0,135859.0,95110.08,FILE,25338.08,69772.0,72440.02,40748.92,110520.92,0.5136,FILE_MINUS_W3_MEDIAN,0.4668,0.5332
SL-050ae884aab5e330,2024-01,0-2689,1.0,152000.0,152000.0,113212.88,FILE,27299.88,85913.0,81046.4,38787.12,124700.12,0.5652,FILE_MINUS_W3_MEDIAN,0.4668,0.5332
SL-f6d7e2787545d126,2024-03,0-2689,1.0,137218.0,137218.0,98430.88,FILE,27299.88,71131.0,73164.64,38787.12,109918.12,0.5184,FILE_MINUS_W3_MEDIAN,0.4668,0.5332
SL-bd912974b2f74bb2,2024-09,0-2689,1.0,152000.0,152000.0,113212.88,FILE,27299.88,85913.0,81046.4,38787.12,124700.12,0.5652,FILE_MINUS_W3_MEDIAN,0.4668,0.5332
SL-cc9f00cf55b58a5b,2024-09,T-2699,1.0,371584.55,371584.55,238427.55,FILE,,,198128.88,133157.0,,,NO_SPLIT,0.4668,0.5332
SL-5e3287d74c40ef59,2025-02,T-2699,1.0,386416.01,386416.01,244584.01,FILE,,,206037.02,141832.0,,,NO_SPLIT,0.4668,0.5332
SL-1d6143440c485863,2026-06,T-2699,1.0,219000.0,219000.0,77168.0,FILE,,,116770.8,141832.0,,,NO_SPLIT,0.4668,0.5332
SL-5730e5d7cb77fa35,2025-12,T-3186,3.0,282844.04,94281.35,147846.11,FILE,21602.06,126244.05,150812.44,134997.93,261241.98,0.4463,FILE_MINUS_W3_MEDIAN,0.4668,0.5332
SL-8f9f9789a29867aa,2026-01,T-3186,1.0,120060.0,120060.0,75060.69,FILE,7200.69,67860.0,64015.99,44999.31,112859.31,0.5652,FILE_MINUS_W3_MEDIAN,0.4668,0.5332
SL-9fa9d8f1ca35e802,2026-04,T-3186,1.0,87956.89,87956.89,42957.58,FILE,7200.69,35756.89,46898.61,44999.31,80756.2,0.4065,FILE_MINUS_W3_MEDIAN,0.4668,0.5332
SL-aab83083783b74ae,2025-06,T-1879B,1.0,101850.0,101850.0,65677.3,FILE,8110.0,57567.3,54306.42,36172.7,93740.0,0.5652,FILE_MINUS_W3_MEDIAN,0.4668,0.5332
SL-4f35bb1623b01b3f,2025-09,T-1879B,1.0,99552.46,99552.46,63379.76,FILE,8110.0,55269.76,53081.37,36172.7,91442.46,0.5552,FILE_MINUS_W3_MEDIAN,0.4668,0.5332
SL-b9894c7c7947cb3a,2025-11,T-1879B,1.0,77503.29,77503.29,41330.29,FILE,8110.0,33220.29,41324.75,36173.0,69393.29,0.4286,FILE_MINUS_W3_MEDIAN,0.4668,0.5332
SL-68b7da9ad1827de4,2025-12,T-1879B,1.0,101850.0,101850.0,65677.0,FILE,8110.0,57567.0,54306.42,36173.0,93740.0,0.5652,FILE_MINUS_W3_MEDIAN,0.4668,0.5332
SL-ded1b84a73b87e8a,2024-03,0-2604,1.0,69000.0,69000.0,44215.0,FILE,5460.5,38754.5,36790.8,24785.0,63539.5,0.5617,FILE_MINUS_W3_MEDIAN,0.4668,0.5332
SL-3a23ead6cad240ad,2024-04,0-2604,1.0,69000.0,69000.0,44215.0,FILE,5460.5,38754.5,36790.8,24785.0,63539.5,0.5617,FILE_MINUS_W3_MEDIAN,0.4668,0.5332
SL-b9ffc37ba46eecd7,2025-04,0-2455A,1.0,112455.0,112455.0,87994.35,FILE,13038.0,74956.35,59961.01,24460.65,99417.0,0.6665,FILE_MINUS_W3_MEDIAN,0.4668,0.5332
SL-2375b7c987d75f0b,2026-04,0-2455A,1.0,117942.97,117942.97,71718.97,FILE,13038.0,58680.97,62887.19,46224.0,104904.97,0.4975,FILE_MINUS_W3_MEDIAN,0.4668,0.5332
SL-fbc8422ff034e54c,2025-11,0-2455A,1.0,41890.0,41890.0,36012.75,FILE,13038.0,22974.75,22335.75,5877.25,28852.0,0.5485,FILE_MINUS_W3_MEDIAN,0.4668,0.5332
SL-9d6202df8783f3ba,2025-04,T-2470,4.0,211600.0,52900.0,134992.56,FILE,29317.53,105675.03,112825.12,76607.44,182282.47,0.4994,FILE_MINUS_W3_MEDIAN,0.4668,0.5332
SL-ac9d6772707183a8,2025-06,T-2470,1.0,52900.0,52900.0,34004.61,FILE,7329.38,26675.23,28206.28,18895.39,45570.62,0.5043,FILE_MINUS_W3_MEDIAN,0.4668,0.5332
SL-fb63cd59e5ace2e4,2025-07,T-2470,2.0,105800.0,52900.0,67496.28,FILE,14658.77,52837.51,56412.56,38303.72,91141.23,0.4994,FILE_MINUS_W3_MEDIAN,0.4668,0.5332
SL-e39bbb6b522056b6,2025-08,T-2470,1.0,52900.0,52900.0,34004.61,FILE,7329.38,26675.23,28206.28,18895.39,45570.62,0.5043,FILE_MINUS_W3_MEDIAN,0.4668,0.5332
SL-300b91327c4e07aa,2025-10,T-2470,2.0,105800.0,52900.0,68009.23,FILE,14658.77,53350.46,56412.56,37790.77,91141.23,0.5043,FILE_MINUS_W3_MEDIAN,0.4668,0.5332
SL-4e8c6b6990462b23,2025-12,T-2470,1.0,49574.77,49574.77,30679.39,FILE,7329.38,23350.01,26433.27,18895.38,42245.39,0.471,FILE_MINUS_W3_MEDIAN,0.4668,0.5332
SL-4c6c97165f8dd121,2026-03,T-2470,1.0,52900.0,52900.0,35983.47,FILE,7329.38,28654.09,28206.28,16916.53,45570.62,0.5417,FILE_MINUS_W3_MEDIAN,0.4668,0.5332
SL-051abb32a5f3aced,2024-09,T-2758,1.0,112081.4,112081.4,75276.4,FILE,12795.0,62481.4,59761.8,36805.0,99286.4,0.5575,FILE_MINUS_W3_MEDIAN,0.4668,0.5332
SL-0db331b5a466f098,2024-10,T-2758,4.0,425317.05,106329.26,278097.05,FILE,51180.0,226917.05,226779.05,147220.0,374137.05,0.5335,FILE_MINUS_W3_MEDIAN,0.4668,0.5332
SL-26c070549d17aa39,2024-12,T-2758,1.0,114080.0,114080.0,77275.0,FILE,12795.0,64480.0,60827.46,36805.0,101285.0,0.5652,FILE_MINUS_W3_MEDIAN,0.4668,0.5332
SL-abadc3085a43236f,2025-01,T-2758,2.0,204951.44,102475.72,131341.44,FILE,25590.0,105751.44,109280.11,73610.0,179361.44,0.516,FILE_MINUS_W3_MEDIAN,0.4668,0.5332
SL-f8ddf8c383667cad,2025-02,T-2758,2.0,207580.0,103790.0,129010.0,FILE,25590.0,103420.0,110681.66,78570.0,181990.0,0.4982,FILE_MINUS_W3_MEDIAN,0.4668,0.5332
SL-b26abcc5f9951abe,2025-11,T-2604,1.0,70000.0,70000.0,39544.82,FILE,5744.82,33800.0,37324.0,30455.18,64255.18,0.4829,FILE_MINUS_W3_MEDIAN,0.4668,0.5332
SL-602c75d2d6781a1b,2025-12,T-2604,4.0,328059.22,82014.8,206238.5,FILE,22979.29,183259.21,174921.18,121820.72,305079.93,0.5586,FILE_MINUS_W3_MEDIAN,0.4668,0.5332
SL-9d982d49518d160d,2026-02,T-2604,1.0,75989.13,75989.13,45533.95,FILE,5744.82,39789.13,40517.4,30455.18,70244.31,0.5236,FILE_MINUS_W3_MEDIAN,0.4668,0.5332
SL-20209728a0503425,2026-03,T-2604,1.0,73260.0,73260.0,42804.82,FILE,5744.82,37060.0,39062.23,30455.18,67515.18,0.5059,FILE_MINUS_W3_MEDIAN,0.4668,0.5332
