key_candidate_id,source_file_id,version_id,file_name,domain,sheet,source_column,source_field,normalized_field,tags,entity,data_type,nonempty,uniqueness_pct,source_key_candidate,target_system,canonical_key,source_status,confidence,decision_status,required_test,owner_role,evidence_location
KEY-0001,FILE-007,VER-022-001,SALES 2024-2026.xlsx,Финансы и денежные потоки,доходы-расходы,15,Total,total,unclassified,Не классифицировано,number,57,98.2,Да,Уточнить,,Технический кандидат,Средняя,Candidate — needs owner approval,"Null rate, duplicate rate, cross-period stability, owner sign-off",,
KEY-0002,FILE-011,VER-026-001,Бюджет 2-е полугодие 2025(1).xlsx,Финансы и денежные потоки,Лист1,1,БЮДЖЕТ НА 2-Е ПОЛУГОДИЕ 2025 Г. / Статьи бюджета,бюджет_на_2_е_полугодие_2025_г_статьи_бюджета,unclassified,Не классифицировано,text,20,100.0,Да,Уточнить,,Технический кандидат,Высокая,Candidate — needs owner approval,"Null rate, duplicate rate, cross-period stability, owner sign-off",,
KEY-0003,FILE-011,VER-026-001,Бюджет 2-е полугодие 2025(1).xlsx,Финансы и денежные потоки,Лист1,2,2025-07-01 00:00:00 / План,2025_07_01_00_00_00_план,budget_plan,Бюджет,number,16,100.0,Да,FP&A / BI,,Технический кандидат,Высокая,Candidate — needs owner approval,"Null rate, duplicate rate, cross-period stability, owner sign-off",,
KEY-0004,FILE-011,VER-026-001,Бюджет 2-е полугодие 2025(1).xlsx,Финансы и денежные потоки,Лист1,3,Факт,факт,budget_actual,Бюджет,number,19,100.0,Да,FP&A / BI,,Технический кандидат,Высокая,Candidate — needs owner approval,"Null rate, duplicate rate, cross-period stability, owner sign-off",,
KEY-0005,FILE-011,VER-026-001,Бюджет 2-е полугодие 2025(1).xlsx,Финансы и денежные потоки,Лист1,7,Факт,факт,budget_actual,Бюджет,number,19,100.0,Да,FP&A / BI,,Технический кандидат,Высокая,Candidate — needs owner approval,"Null rate, duplicate rate, cross-period stability, owner sign-off",,
KEY-0006,FILE-011,VER-026-001,Бюджет 2-е полугодие 2025(1).xlsx,Финансы и денежные потоки,Лист1,9,Факт,факт,budget_actual,Бюджет,number,15,100.0,Да,FP&A / BI,,Технический кандидат,Высокая,Candidate — needs owner approval,"Null rate, duplicate rate, cross-period stability, owner sign-off",,
KEY-0007,FILE-011,VER-026-001,Бюджет 2-е полугодие 2025(1).xlsx,Финансы и денежные потоки,Лист1,10,2025-11-01 00:00:00 / План,2025_11_01_00_00_00_план,budget_plan,Бюджет,number,18,100.0,Да,FP&A / BI,,Технический кандидат,Высокая,Candidate — needs owner approval,"Null rate, duplicate rate, cross-period stability, owner sign-off",,
KEY-0008,FILE-011,VER-026-001,Бюджет 2-е полугодие 2025(1).xlsx,Финансы и денежные потоки,Лист1,12,2025-12-01 00:00:00 / План,2025_12_01_00_00_00_план,budget_plan,Бюджет,number,18,100.0,Да,FP&A / BI,,Технический кандидат,Высокая,Candidate — needs owner approval,"Null rate, duplicate rate, cross-period stability, owner sign-off",,
KEY-0009,FILE-011,VER-026-001,Бюджет 2-е полугодие 2025(1).xlsx,Финансы и денежные потоки,Лист1,14,Итого / План,итого_план,amount; budget_plan,Бюджет; Финансовая операция,number,20,100.0,Да,ERP / финансовый регистр; FP&A / BI,,Технический кандидат,Высокая,Candidate — needs owner approval,"Null rate, duplicate rate, cross-period stability, owner sign-off",,
KEY-0010,FILE-011,VER-026-001,Бюджет 2-е полугодие 2025(1).xlsx,Финансы и денежные потоки,Лист1,15,Факт,факт,budget_actual,Бюджет,number,20,100.0,Да,FP&A / BI,,Технический кандидат,Высокая,Candidate — needs owner approval,"Null rate, duplicate rate, cross-period stability, owner sign-off",,
KEY-0011,FILE-012,VER-025-001,Бюджет 2026.xlsx,Финансы и денежные потоки,лист,2,Направления/Статьи бюджета,направления_статьи_бюджета,unclassified,Не классифицировано,text,55,100.0,Да,Уточнить,,Технический кандидат,Высокая,Candidate — needs owner approval,"Null rate, duplicate rate, cross-period stability, owner sign-off",,
KEY-0012,FILE-013,VER-004-001,Выписка_40802810202620002686_01.01.2024–31.12.2024.xlsx,Финансы и денежные потоки,Выписка по счёту,2,Номер документа,номер_документа,document_id,Документ,text,674,96.3,Да,DMS / ERP,document_id,Требует подтверждения владельца,Средняя,Candidate — needs owner approval,"Null rate, duplicate rate, cross-period stability, owner sign-off",,
KEY-0013,FILE-013,VER-004-001,Выписка_40802810202620002686_01.01.2024–31.12.2024.xlsx,Финансы и денежные потоки,Выписка по счёту,11,Назначение платежа,назначение_платежа,payment_id; cashflow_article,ДДС; Платёж,text,674,94.1,Да,ERP / BI; Клиент-банк / ERP,payment_id,Требует подтверждения владельца,Средняя,Candidate — needs owner approval,"Null rate, duplicate rate, cross-period stability, owner sign-off",,
KEY-0014,FILE-013,VER-004-001,Выписка_40802810202620002686_01.01.2024–31.12.2024.xlsx,Финансы и денежные потоки,Выписка по счёту,13,Тип документа,тип_документа,document_id; legal_entity,Документ; Юридическое лицо,text,674,0.4,Да,DMS / ERP; MDM,document_id,Требует подтверждения владельца,Низкая,Quarantine — not unique enough,"Null rate, duplicate rate, cross-period stability, owner sign-off",,
KEY-0015,FILE-014,VER-004-002,Выписка_40802810202620002686_01.01.2025–31.12.2025.xlsx,Финансы и денежные потоки,Выписка по счёту,2,Номер документа,номер_документа,document_id,Документ,text,787,96.7,Да,DMS / ERP,document_id,Требует подтверждения владельца,Средняя,Candidate — needs owner approval,"Null rate, duplicate rate, cross-period stability, owner sign-off",,
KEY-0016,FILE-014,VER-004-002,Выписка_40802810202620002686_01.01.2025–31.12.2025.xlsx,Финансы и денежные потоки,Выписка по счёту,11,Назначение платежа,назначение_платежа,payment_id; cashflow_article,ДДС; Платёж,text,787,95.6,Да,ERP / BI; Клиент-банк / ERP,payment_id,Требует подтверждения владельца,Средняя,Candidate — needs owner approval,"Null rate, duplicate rate, cross-period stability, owner sign-off",,
KEY-0017,FILE-014,VER-004-002,Выписка_40802810202620002686_01.01.2025–31.12.2025.xlsx,Финансы и денежные потоки,Выписка по счёту,13,Тип документа,тип_документа,document_id; legal_entity,Документ; Юридическое лицо,text,787,0.5,Да,DMS / ERP; MDM,document_id,Требует подтверждения владельца,Низкая,Quarantine — not unique enough,"Null rate, duplicate rate, cross-period stability, owner sign-off",,
KEY-0018,FILE-015,VER-004-003,Выписка_40802810202620002686_01.01.2026–23.06.2026.xlsx,Финансы и денежные потоки,Выписка по счёту,2,Номер документа,номер_документа,document_id,Документ,text,254,99.6,Да,DMS / ERP,document_id,Требует подтверждения владельца,Высокая,Candidate — needs owner approval,"Null rate, duplicate rate, cross-period stability, owner sign-off",,
KEY-0019,FILE-015,VER-004-003,Выписка_40802810202620002686_01.01.2026–23.06.2026.xlsx,Финансы и денежные потоки,Выписка по счёту,11,Назначение платежа,назначение_платежа,payment_id; cashflow_article,ДДС; Платёж,text,254,96.1,Да,ERP / BI; Клиент-банк / ERP,payment_id,Требует подтверждения владельца,Средняя,Candidate — needs owner approval,"Null rate, duplicate rate, cross-period stability, owner sign-off",,
KEY-0020,FILE-015,VER-004-003,Выписка_40802810202620002686_01.01.2026–23.06.2026.xlsx,Финансы и денежные потоки,Выписка по счёту,13,Тип документа,тип_документа,document_id; legal_entity,Документ; Юридическое лицо,text,254,1.2,Да,DMS / ERP; MDM,document_id,Требует подтверждения владельца,Низкая,Quarantine — not unique enough,"Null rate, duplicate rate, cross-period stability, owner sign-off",,
KEY-0021,FILE-016,VER-027-001,Вышивка себестоимость 2024-2026.xlsx,Себестоимость и производство,Sheet1,4,Клиент,клиент,customer,Клиент,text,5548,11.0,Да,CRM,customer,Требует подтверждения владельца,Низкая,Quarantine — not unique enough,"Null rate, duplicate rate, cross-period stability, owner sign-off",,
KEY-0022,FILE-016,VER-027-001,Вышивка себестоимость 2024-2026.xlsx,Себестоимость и производство,Sheet1,6,Описание работы,описание_работы,product_name,SKU,text,5540,100.0,Да,MDM / PLM / ERP,canonical_sku,Технический кандидат,Высокая,Candidate — needs owner approval,"Null rate, duplicate rate, cross-period stability, owner sign-off",Продукт/коммерция,
KEY-0023,FILE-016,VER-027-001,Вышивка себестоимость 2024-2026.xlsx,Себестоимость и производство,48я,3,48-07 / 48-08,48_07_48_08,unclassified,Не классифицировано,text,22,100.0,Да,Уточнить,,Технический кандидат,Высокая,Candidate — needs owner approval,"Null rate, duplicate rate, cross-period stability, owner sign-off",,
KEY-0024,FILE-016,VER-027-001,Вышивка себестоимость 2024-2026.xlsx,Себестоимость и производство,Ткани,1,Ткань,ткань,material_id,Материал,text,24,95.8,Да,ERP / WMS,material_id,Требует подтверждения владельца,Средняя,Candidate — needs owner approval,"Null rate, duplicate rate, cross-period stability, owner sign-off",Закупки/склад,
KEY-0025,FILE-016,VER-027-001,Вышивка себестоимость 2024-2026.xlsx,Себестоимость и производство,Ткани,3,Артикул,артикул,sku,SKU,text,16,93.8,Да,MDM / PLM / ERP,sku,Требует подтверждения владельца,Средняя,Candidate — needs owner approval,"Null rate, duplicate rate, cross-period stability, owner sign-off",Продукт/коммерция,
KEY-0026,FILE-016,VER-027-001,Вышивка себестоимость 2024-2026.xlsx,Себестоимость и производство,Круиз 26,1,№,o,unclassified,Не классифицировано,number,22,100.0,Да,Уточнить,,Технический кандидат,Высокая,Candidate — needs owner approval,"Null rate, duplicate rate, cross-period stability, owner sign-off",,
KEY-0027,FILE-016,VER-027-001,Вышивка себестоимость 2024-2026.xlsx,Себестоимость и производство,Круиз 26,2,ФИО клиента,фио_клиента,customer; employee_name,Клиент; Сотрудник,text,22,4.5,Да,CRM; HRIS / ЗУП,customer,Требует подтверждения владельца,Низкая,Quarantine — not unique enough,"Null rate, duplicate rate, cross-period stability, owner sign-off",,
KEY-0028,FILE-016,VER-027-001,Вышивка себестоимость 2024-2026.xlsx,Себестоимость и производство,Круиз 26,5,ткань,ткань,material_id,Материал,text,22,100.0,Да,ERP / WMS,material_id,Требует подтверждения владельца,Высокая,Candidate — needs owner approval,"Null rate, duplicate rate, cross-period stability, owner sign-off",Закупки/склад,
KEY-0029,FILE-016,VER-027-001,Вышивка себестоимость 2024-2026.xlsx,Себестоимость и производство,Отпуск,1,2026,2026,unclassified,Не классифицировано,text,20,100.0,Да,Уточнить,,Технический кандидат,Высокая,Candidate — needs owner approval,"Null rate, duplicate rate, cross-period stability, owner sign-off",,
KEY-0030,FILE-016,VER-027-001,Вышивка себестоимость 2024-2026.xlsx,Себестоимость и производство,Планирование,24,СР,ср,unclassified,Не классифицировано,text,17,100.0,Да,Уточнить,,Технический кандидат,Высокая,Candidate — needs owner approval,"Null rate, duplicate rate, cross-period stability, owner sign-off",,
KEY-0031,FILE-016,VER-027-001,Вышивка себестоимость 2024-2026.xlsx,Себестоимость и производство,Планирование,26,ПТ,пт,unclassified,Не классифицировано,text,12,100.0,Да,Уточнить,,Технический кандидат,Высокая,Candidate — needs owner approval,"Null rate, duplicate rate, cross-period stability, owner sign-off",,
KEY-0032,FILE-016,VER-027-001,Вышивка себестоимость 2024-2026.xlsx,Себестоимость и производство,План сдач,1,2026-06-01 00:00:00 / КЛИЕНТ,2026_06_01_00_00_00_клиент,customer,Клиент,text,130,43.8,Да,CRM,customer,Требует подтверждения владельца,Низкая,Quarantine — not unique enough,"Null rate, duplicate rate, cross-period stability, owner sign-off",,
KEY-0033,FILE-016,VER-027-001,Вышивка себестоимость 2024-2026.xlsx,Себестоимость и производство,План сдач,2,№ ЗАКАЗА,o_заказа,unclassified,Не классифицировано,text,163,100.0,Да,Уточнить,,Технический кандидат,Высокая,Candidate — needs owner approval,"Null rate, duplicate rate, cross-period stability, owner sign-off",,
KEY-0034,FILE-017,VER-007-001,ДДС 2024.xlsx,Финансы и денежные потоки,Расходы бизнеса,1,Сумма по полю в евро / Названия строк,сумма_по_полю_в_евро_названия_строк,amount,Финансовая операция,text,37,100.0,Да,ERP / финансовый регистр,,Технический кандидат,Высокая,Candidate — needs owner approval,"Null rate, duplicate rate, cross-period stability, owner sign-off",,
KEY-0035,FILE-017,VER-007-001,ДДС 2024.xlsx,Финансы и денежные потоки,Расходы бизнеса,3,ИМ,им,unit,Материал,number,23,100.0,Да,ERP / WMS,material_id,Технический кандидат,Высокая,Candidate — needs owner approval,"Null rate, duplicate rate, cross-period stability, owner sign-off",Закупки/склад,
KEY-0036,FILE-017,VER-007-001,ДДС 2024.xlsx,Финансы и денежные потоки,Расходы бизнеса,4,Модный дом,модный_дом,unit,Материал,number,30,100.0,Да,ERP / WMS,material_id,Технический кандидат,Высокая,Candidate — needs owner approval,"Null rate, duplicate rate, cross-period stability, owner sign-off",Закупки/склад,
KEY-0037,FILE-017,VER-007-001,ДДС 2024.xlsx,Финансы и денежные потоки,Расходы бизнеса,5,Общие,общие,unclassified,Не классифицировано,number,32,100.0,Да,Уточнить,,Технический кандидат,Высокая,Candidate — needs owner approval,"Null rate, duplicate rate, cross-period stability, owner sign-off",,
KEY-0038,FILE-017,VER-007-001,ДДС 2024.xlsx,Финансы и денежные потоки,Расходы бизнеса,6,Площадки,площадки,unclassified,Не классифицировано,number,21,100.0,Да,Уточнить,,Технический кандидат,Высокая,Candidate — needs owner approval,"Null rate, duplicate rate, cross-period stability, owner sign-off",,
KEY-0039,FILE-017,VER-007-001,ДДС 2024.xlsx,Финансы и денежные потоки,Расходы бизнеса,8,Общий итог,общий_итог,unclassified,Не классифицировано,number,36,100.0,Да,Уточнить,,Технический кандидат,Высокая,Candidate — needs owner approval,"Null rate, duplicate rate, cross-period stability, owner sign-off",,
KEY-0040,FILE-017,VER-007-001,ДДС 2024.xlsx,Финансы и денежные потоки,Лист2,5,Столбец1,столбец1,unclassified,Не классифицировано,number,23,100.0,Да,Уточнить,,Технический кандидат,Высокая,Candidate — needs owner approval,"Null rate, duplicate rate, cross-period stability, owner sign-off",,
KEY-0041,FILE-017,VER-007-001,ДДС 2024.xlsx,Финансы и денежные потоки,сводная бизнес по статьям,1,Сумма по полю в евро / Названия строк,сумма_по_полю_в_евро_названия_строк,amount,Финансовая операция,text,37,100.0,Да,ERP / финансовый регистр,,Технический кандидат,Высокая,Candidate — needs owner approval,"Null rate, duplicate rate, cross-period stability, owner sign-off",,
KEY-0042,FILE-017,VER-007-001,ДДС 2024.xlsx,Финансы и денежные потоки,сводная бизнес по статьям,2,Названия столбцов / янв.24,названия_столбцов_янв_24,unclassified,Не классифицировано,number,29,100.0,Да,Уточнить,,Технический кандидат,Высокая,Candidate — needs owner approval,"Null rate, duplicate rate, cross-period stability, owner sign-off",,
KEY-0043,FILE-017,VER-007-001,ДДС 2024.xlsx,Финансы и денежные потоки,сводная бизнес по статьям,4,фев.24,фев_24,unclassified,Не классифицировано,number,29,100.0,Да,Уточнить,,Технический кандидат,Высокая,Candidate — needs owner approval,"Null rate, duplicate rate, cross-period stability, owner sign-off",,
KEY-0044,FILE-017,VER-007-001,ДДС 2024.xlsx,Финансы и денежные потоки,сводная бизнес по статьям,5,мар.24,мар_24,unclassified,Не классифицировано,number,27,100.0,Да,Уточнить,,Технический кандидат,Высокая,Candidate — needs owner approval,"Null rate, duplicate rate, cross-period stability, owner sign-off",,
KEY-0045,FILE-017,VER-007-001,ДДС 2024.xlsx,Финансы и денежные потоки,сводная бизнес по статьям,6,апр.24,апр_24,unclassified,Не классифицировано,number,27,100.0,Да,Уточнить,,Технический кандидат,Высокая,Candidate — needs owner approval,"Null rate, duplicate rate, cross-period stability, owner sign-off",,
KEY-0046,FILE-017,VER-007-001,ДДС 2024.xlsx,Финансы и денежные потоки,сводная бизнес по статьям,7,2024-05-01 00:00:00,2024_05_01_00_00_00,unclassified,Не классифицировано,number,24,100.0,Да,Уточнить,,Технический кандидат,Высокая,Candidate — needs owner approval,"Null rate, duplicate rate, cross-period stability, owner sign-off",,
KEY-0047,FILE-017,VER-007-001,ДДС 2024.xlsx,Финансы и денежные потоки,сводная бизнес по статьям,8,2024-06-01 00:00:00,2024_06_01_00_00_00,unclassified,Не классифицировано,number,28,100.0,Да,Уточнить,,Технический кандидат,Высокая,Candidate — needs owner approval,"Null rate, duplicate rate, cross-period stability, owner sign-off",,
KEY-0048,FILE-017,VER-007-001,ДДС 2024.xlsx,Финансы и денежные потоки,сводная бизнес по статьям,9,2024-07-01 00:00:00,2024_07_01_00_00_00,unclassified,Не классифицировано,number,26,100.0,Да,Уточнить,,Технический кандидат,Высокая,Candidate — needs owner approval,"Null rate, duplicate rate, cross-period stability, owner sign-off",,
KEY-0049,FILE-017,VER-007-001,ДДС 2024.xlsx,Финансы и денежные потоки,сводная бизнес по статьям,10,2024-08-01 00:00:00,2024_08_01_00_00_00,unclassified,Не классифицировано,number,26,100.0,Да,Уточнить,,Технический кандидат,Высокая,Candidate — needs owner approval,"Null rate, duplicate rate, cross-period stability, owner sign-off",,
KEY-0050,FILE-017,VER-007-001,ДДС 2024.xlsx,Финансы и денежные потоки,сводная бизнес по статьям,11,01.09.2024,01_09_2024,unclassified,Не классифицировано,number,29,100.0,Да,Уточнить,,Технический кандидат,Высокая,Candidate — needs owner approval,"Null rate, duplicate rate, cross-period stability, owner sign-off",,
KEY-0051,FILE-017,VER-007-001,ДДС 2024.xlsx,Финансы и денежные потоки,сводная бизнес по статьям,12,01.10.2024,01_10_2024,unclassified,Не классифицировано,number,25,100.0,Да,Уточнить,,Технический кандидат,Высокая,Candidate — needs owner approval,"Null rate, duplicate rate, cross-period stability, owner sign-off",,
KEY-0052,FILE-017,VER-007-001,ДДС 2024.xlsx,Финансы и денежные потоки,сводная бизнес по статьям,14,2024-12-01 00:00:00,2024_12_01_00_00_00,unclassified,Не классифицировано,number,29,100.0,Да,Уточнить,,Технический кандидат,Высокая,Candidate — needs owner approval,"Null rate, duplicate rate, cross-period stability, owner sign-off",,
KEY-0053,FILE-017,VER-007-001,ДДС 2024.xlsx,Финансы и денежные потоки,сводная бизнес по статьям,15,Общий итог,общий_итог,unclassified,Не классифицировано,number,36,100.0,Да,Уточнить,,Технический кандидат,Высокая,Candidate — needs owner approval,"Null rate, duplicate rate, cross-period stability, owner sign-off",,
KEY-0054,FILE-017,VER-007-001,ДДС 2024.xlsx,Финансы и денежные потоки,сводная Биснес по мес,1,Сумма по полю в евро,сумма_по_полю_в_евро,amount,Финансовая операция,text,13,100.0,Да,ERP / финансовый регистр,,Технический кандидат,Высокая,Candidate — needs owner approval,"Null rate, duplicate rate, cross-period stability, owner sign-off",,
KEY-0055,FILE-017,VER-007-001,ДДС 2024.xlsx,Финансы и денежные потоки,сводная Биснес по мес,2,ИМ,им,unit,Материал,number,13,100.0,Да,ERP / WMS,material_id,Технический кандидат,Высокая,Candidate — needs owner approval,"Null rate, duplicate rate, cross-period stability, owner sign-off",Закупки/склад,
KEY-0056,FILE-017,VER-007-001,ДДС 2024.xlsx,Финансы и денежные потоки,сводная Биснес по мес,3,Модный дом,модный_дом,unit,Материал,number,13,100.0,Да,ERP / WMS,material_id,Технический кандидат,Высокая,Candidate — needs owner approval,"Null rate, duplicate rate, cross-period stability, owner sign-off",Закупки/склад,
KEY-0057,FILE-017,VER-007-001,ДДС 2024.xlsx,Финансы и денежные потоки,сводная Биснес по мес,4,Общие,общие,unclassified,Не классифицировано,number,13,100.0,Да,Уточнить,,Технический кандидат,Высокая,Candidate — needs owner approval,"Null rate, duplicate rate, cross-period stability, owner sign-off",,
KEY-0058,FILE-017,VER-007-001,ДДС 2024.xlsx,Финансы и денежные потоки,сводная Биснес по мес,5,Площадки,площадки,unclassified,Не классифицировано,number,13,100.0,Да,Уточнить,,Технический кандидат,Высокая,Candidate — needs owner approval,"Null rate, duplicate rate, cross-period stability, owner sign-off",,
KEY-0059,FILE-017,VER-007-001,ДДС 2024.xlsx,Финансы и денежные потоки,сводная Биснес по мес,7,Общий итог,общий_итог,unclassified,Не классифицировано,number,13,100.0,Да,Уточнить,,Технический кандидат,Высокая,Candidate — needs owner approval,"Null rate, duplicate rate, cross-period stability, owner sign-off",,
KEY-0060,FILE-017,VER-007-001,ДДС 2024.xlsx,Финансы и денежные потоки,Расходы собст по статьям,1,Сумма по полю в евро / Названия строк,сумма_по_полю_в_евро_названия_строк,amount,Финансовая операция,text,12,100.0,Да,ERP / финансовый регистр,,Технический кандидат,Высокая,Candidate — needs owner approval,"Null rate, duplicate rate, cross-period stability, owner sign-off",,
KEY-0061,FILE-017,VER-007-001,ДДС 2024.xlsx,Финансы и денежные потоки,Расходы собст по статьям,15,Общий итог,общий_итог,unclassified,Не классифицировано,number,11,100.0,Да,Уточнить,,Технический кандидат,Высокая,Candidate — needs owner approval,"Null rate, duplicate rate, cross-period stability, owner sign-off",,
KEY-0062,FILE-017,VER-007-001,ДДС 2024.xlsx,Финансы и денежные потоки,data B,4,Коллекция,коллекция,collection_id,Коллекция,text,9,22.2,Да,PLM,collection_id,Требует подтверждения владельца,Низкая,Quarantine — not unique enough,"Null rate, duplicate rate, cross-period stability, owner sign-off",Продукт,
KEY-0063,FILE-017,VER-007-001,ДДС 2024.xlsx,Финансы и денежные потоки,Справочники,3,Коллекция ВРУЧНУЮ,коллекция_вручную,collection_id,Коллекция,text,3,100.0,Да,PLM,collection_id,Требует подтверждения владельца,Высокая,Candidate — needs owner approval,"Null rate, duplicate rate, cross-period stability, owner sign-off",Продукт,
KEY-0064,FILE-017,VER-007-001,ДДС 2024.xlsx,Финансы и денежные потоки,Справочники,4,Статья расхода,статья_расхода,cashflow_article,ДДС,text,41,100.0,Да,ERP / BI,,Технический кандидат,Высокая,Candidate — needs owner approval,"Null rate, duplicate rate, cross-period stability, owner sign-off",,
KEY-0065,FILE-018,VER-007-002,ДДС 2025.xlsx,Финансы и денежные потоки,data B,4,Коллекция,коллекция,collection_id,Коллекция,text,252,4.8,Да,PLM,collection_id,Требует подтверждения владельца,Низкая,Quarantine — not unique enough,"Null rate, duplicate rate, cross-period stability, owner sign-off",Продукт,
KEY-0066,FILE-018,VER-007-002,ДДС 2025.xlsx,Финансы и денежные потоки,data B,6,комментарии,комментарии,comment,Комментарий,text,2370,100.0,Да,В контексте первичного регистра,,Технический кандидат,Высокая,Candidate — needs owner approval,"Null rate, duplicate rate, cross-period stability, owner sign-off",,
KEY-0067,FILE-018,VER-007-002,ДДС 2025.xlsx,Финансы и денежные потоки,data B,12,в евро,в_евро,unclassified,Не классифицировано,number,2475,98.8,Да,Уточнить,,Технический кандидат,Средняя,Candidate — needs owner approval,"Null rate, duplicate rate, cross-period stability, owner sign-off",,
KEY-0068,FILE-018,VER-007-002,ДДС 2025.xlsx,Финансы и денежные потоки,D-по статьям,1,Сумма по полю в евро / Названия строк,сумма_по_полю_в_евро_названия_строк,amount,Финансовая операция,text,13,100.0,Да,ERP / финансовый регистр,,Технический кандидат,Высокая,Candidate — needs owner approval,"Null rate, duplicate rate, cross-period stability, owner sign-off",,
KEY-0069,FILE-018,VER-007-002,ДДС 2025.xlsx,Финансы и денежные потоки,D-по статьям,11,2025-10-01 00:00:00,2025_10_01_00_00_00,unclassified,Не классифицировано,number,10,100.0,Да,Уточнить,,Технический кандидат,Высокая,Candidate — needs owner approval,"Null rate, duplicate rate, cross-period stability, owner sign-off",,
KEY-0070,FILE-018,VER-007-002,ДДС 2025.xlsx,Финансы и денежные потоки,D-по статьям,14,Общий итог,общий_итог,unclassified,Не классифицировано,number,13,100.0,Да,Уточнить,,Технический кандидат,Высокая,Candidate — needs owner approval,"Null rate, duplicate rate, cross-period stability, owner sign-off",,
KEY-0071,FILE-018,VER-007-002,ДДС 2025.xlsx,Финансы и денежные потоки,D - сводная,1,месяц / Названия строк,месяц_названия_строк,unclassified,Не классифицировано,text,34,100.0,Да,Уточнить,,Технический кандидат,Высокая,Candidate — needs owner approval,"Null rate, duplicate rate, cross-period stability, owner sign-off",,
KEY-0072,FILE-018,VER-007-002,ДДС 2025.xlsx,Финансы и денежные потоки,B-по мероприятиям,1,Сумма по полю в евро / Названия строк,сумма_по_полю_в_евро_названия_строк,amount,Финансовая операция,text,14,100.0,Да,ERP / финансовый регистр,,Технический кандидат,Высокая,Candidate — needs owner approval,"Null rate, duplicate rate, cross-period stability, owner sign-off",,
KEY-0073,FILE-018,VER-007-002,ДДС 2025.xlsx,Финансы и денежные потоки,B-по мероприятиям,15,Общий итог,общий_итог,unclassified,Не классифицировано,number,14,100.0,Да,Уточнить,,Технический кандидат,Высокая,Candidate — needs owner approval,"Null rate, duplicate rate, cross-period stability, owner sign-off",,
KEY-0074,FILE-018,VER-007-002,ДДС 2025.xlsx,Финансы и денежные потоки,B-сводная по статьям,1,2025 год / Статьи затрат,2025_год_статьи_затрат,unclassified,Не классифицировано,text,39,100.0,Да,Уточнить,,Технический кандидат,Высокая,Candidate — needs owner approval,"Null rate, duplicate rate, cross-period stability, owner sign-off",,
KEY-0075,FILE-018,VER-007-002,ДДС 2025.xlsx,Финансы и денежные потоки,B-сводная по статьям,2,Месяц / январь,месяц_январь,unclassified,Не классифицировано,number,28,100.0,Да,Уточнить,,Технический кандидат,Высокая,Candidate — needs owner approval,"Null rate, duplicate rate, cross-period stability, owner sign-off",,
KEY-0076,FILE-018,VER-007-002,ДДС 2025.xlsx,Финансы и денежные потоки,B-сводная по статьям,3,февраль,февраль,unclassified,Не классифицировано,number,32,100.0,Да,Уточнить,,Технический кандидат,Высокая,Candidate — needs owner approval,"Null rate, duplicate rate, cross-period stability, owner sign-off",,
KEY-0077,FILE-018,VER-007-002,ДДС 2025.xlsx,Финансы и денежные потоки,B-сводная по статьям,4,март,март,unclassified,Не классифицировано,number,31,100.0,Да,Уточнить,,Технический кандидат,Высокая,Candidate — needs owner approval,"Null rate, duplicate rate, cross-period stability, owner sign-off",,
KEY-0078,FILE-018,VER-007-002,ДДС 2025.xlsx,Финансы и денежные потоки,B-сводная по статьям,5,апрель,апрель,unclassified,Не классифицировано,number,33,100.0,Да,Уточнить,,Технический кандидат,Высокая,Candidate — needs owner approval,"Null rate, duplicate rate, cross-period stability, owner sign-off",,
KEY-0079,FILE-018,VER-007-002,ДДС 2025.xlsx,Финансы и денежные потоки,B-сводная по статьям,6,май,май,unclassified,Не классифицировано,number,29,100.0,Да,Уточнить,,Технический кандидат,Высокая,Candidate — needs owner approval,"Null rate, duplicate rate, cross-period stability, owner sign-off",,
KEY-0080,FILE-018,VER-007-002,ДДС 2025.xlsx,Финансы и денежные потоки,B-сводная по статьям,7,июнь,июнь,unclassified,Не классифицировано,number,27,100.0,Да,Уточнить,,Технический кандидат,Высокая,Candidate — needs owner approval,"Null rate, duplicate rate, cross-period stability, owner sign-off",,
KEY-0081,FILE-018,VER-007-002,ДДС 2025.xlsx,Финансы и денежные потоки,B-сводная по статьям,8,июль,июль,unclassified,Не классифицировано,number,32,100.0,Да,Уточнить,,Технический кандидат,Высокая,Candidate — needs owner approval,"Null rate, duplicate rate, cross-period stability, owner sign-off",,
KEY-0082,FILE-018,VER-007-002,ДДС 2025.xlsx,Финансы и денежные потоки,B-сводная по статьям,9,август,август,unclassified,Не классифицировано,number,27,100.0,Да,Уточнить,,Технический кандидат,Высокая,Candidate — needs owner approval,"Null rate, duplicate rate, cross-period stability, owner sign-off",,
KEY-0083,FILE-018,VER-007-002,ДДС 2025.xlsx,Финансы и денежные потоки,B-сводная по статьям,10,сентябрь,сентябрь,unclassified,Не классифицировано,number,29,100.0,Да,Уточнить,,Технический кандидат,Высокая,Candidate — needs owner approval,"Null rate, duplicate rate, cross-period stability, owner sign-off",,
KEY-0084,FILE-018,VER-007-002,ДДС 2025.xlsx,Финансы и денежные потоки,B-сводная по статьям,11,октябрь,октябрь,unclassified,Не классифицировано,number,28,100.0,Да,Уточнить,,Технический кандидат,Высокая,Candidate — needs owner approval,"Null rate, duplicate rate, cross-period stability, owner sign-off",,
KEY-0085,FILE-018,VER-007-002,ДДС 2025.xlsx,Финансы и денежные потоки,B-сводная по статьям,12,ноябрь,ноябрь,unclassified,Не классифицировано,number,33,100.0,Да,Уточнить,,Технический кандидат,Высокая,Candidate — needs owner approval,"Null rate, duplicate rate, cross-period stability, owner sign-off",,
KEY-0086,FILE-018,VER-007-002,ДДС 2025.xlsx,Финансы и денежные потоки,B-сводная по статьям,13,декабрь,декабрь,unclassified,Не классифицировано,number,29,100.0,Да,Уточнить,,Технический кандидат,Высокая,Candidate — needs owner approval,"Null rate, duplicate rate, cross-period stability, owner sign-off",,
KEY-0087,FILE-018,VER-007-002,ДДС 2025.xlsx,Финансы и денежные потоки,B-сводная по статьям,14,Общий итог,общий_итог,unclassified,Не классифицировано,number,39,100.0,Да,Уточнить,,Технический кандидат,Высокая,Candidate — needs owner approval,"Null rate, duplicate rate, cross-period stability, owner sign-off",,
KEY-0088,FILE-018,VER-007-002,ДДС 2025.xlsx,Финансы и денежные потоки,B-в разрезе,2,2025-01-01 00:00:00,2025_01_01_00_00_00,unclassified,Не классифицировано,number,49,100.0,Да,Уточнить,,Технический кандидат,Высокая,Candidate — needs owner approval,"Null rate, duplicate rate, cross-period stability, owner sign-off",,
KEY-0089,FILE-018,VER-007-002,ДДС 2025.xlsx,Финансы и денежные потоки,B-в разрезе,3,2025-02-01 00:00:00,2025_02_01_00_00_00,unclassified,Не классифицировано,number,56,98.2,Да,Уточнить,,Технический кандидат,Средняя,Candidate — needs owner approval,"Null rate, duplicate rate, cross-period stability, owner sign-off",,
KEY-0090,FILE-018,VER-007-002,ДДС 2025.xlsx,Финансы и денежные потоки,B-в разрезе,6,2025-03-01 00:00:00 / (пусто),2025_03_01_00_00_00_пусто,unclassified,Не классифицировано,number,59,100.0,Да,Уточнить,,Технический кандидат,Высокая,Candidate — needs owner approval,"Null rate, duplicate rate, cross-period stability, owner sign-off",,
KEY-0091,FILE-018,VER-007-002,ДДС 2025.xlsx,Финансы и денежные потоки,B-в разрезе,7,Круиз 2025,круиз_2025,collection_id,Коллекция,number,3,33.3,Да,PLM,collection_id,Требует подтверждения владельца,Низкая,Quarantine — not unique enough,"Null rate, duplicate rate, cross-period stability, owner sign-off",Продукт,
KEY-0092,FILE-018,VER-007-002,ДДС 2025.xlsx,Финансы и денежные потоки,B-в разрезе,8,01.03.2025 Итог,01_03_2025_итог,unclassified,Не классифицировано,number,60,100.0,Да,Уточнить,,Технический кандидат,Высокая,Candidate — needs owner approval,"Null rate, duplicate rate, cross-period stability, owner sign-off",,
KEY-0093,FILE-018,VER-007-002,ДДС 2025.xlsx,Финансы и денежные потоки,B-в разрезе,10,(пусто),пусто,unclassified,Не классифицировано,number,57,100.0,Да,Уточнить,,Технический кандидат,Высокая,Candidate — needs owner approval,"Null rate, duplicate rate, cross-period stability, owner sign-off",,
KEY-0094,FILE-018,VER-007-002,ДДС 2025.xlsx,Финансы и денежные потоки,B-в разрезе,11,Круиз 2025,круиз_2025,collection_id,Коллекция,number,8,87.5,Да,PLM,collection_id,Требует подтверждения владельца,Низкая,Quarantine — not unique enough,"Null rate, duplicate rate, cross-period stability, owner sign-off",Продукт,
KEY-0095,FILE-018,VER-007-002,ДДС 2025.xlsx,Финансы и денежные потоки,B-в разрезе,13,01.04.2025 Итог,01_04_2025_итог,unclassified,Не классифицировано,number,58,100.0,Да,Уточнить,,Технический кандидат,Высокая,Candidate — needs owner approval,"Null rate, duplicate rate, cross-period stability, owner sign-off",,
KEY-0096,FILE-018,VER-007-002,ДДС 2025.xlsx,Финансы и денежные потоки,B-в разрезе,14,2025-05-01 00:00:00 / (пусто),2025_05_01_00_00_00_пусто,unclassified,Не классифицировано,number,54,100.0,Да,Уточнить,,Технический кандидат,Высокая,Candidate — needs owner approval,"Null rate, duplicate rate, cross-period stability, owner sign-off",,
KEY-0097,FILE-018,VER-007-002,ДДС 2025.xlsx,Финансы и денежные потоки,B-в разрезе,15,01.05.2025 Итог,01_05_2025_итог,unclassified,Не классифицировано,number,54,100.0,Да,Уточнить,,Технический кандидат,Высокая,Candidate — needs owner approval,"Null rate, duplicate rate, cross-period stability, owner sign-off",,
KEY-0098,FILE-018,VER-007-002,ДДС 2025.xlsx,Финансы и денежные потоки,B-в разрезе,16,2025-06-01 00:00:00 / (пусто),2025_06_01_00_00_00_пусто,unclassified,Не классифицировано,number,51,100.0,Да,Уточнить,,Технический кандидат,Высокая,Candidate — needs owner approval,"Null rate, duplicate rate, cross-period stability, owner sign-off",,
KEY-0099,FILE-018,VER-007-002,ДДС 2025.xlsx,Финансы и денежные потоки,B-в разрезе,20,01.06.2025 Итог,01_06_2025_итог,unclassified,Не классифицировано,number,52,100.0,Да,Уточнить,,Технический кандидат,Высокая,Candidate — needs owner approval,"Null rate, duplicate rate, cross-period stability, owner sign-off",,
KEY-0100,FILE-018,VER-007-002,ДДС 2025.xlsx,Финансы и денежные потоки,B-в разрезе,21,2025-07-01 00:00:00 / (пусто),2025_07_01_00_00_00_пусто,unclassified,Не классифицировано,number,56,100.0,Да,Уточнить,,Технический кандидат,Высокая,Candidate — needs owner approval,"Null rate, duplicate rate, cross-period stability, owner sign-off",,
KEY-0101,FILE-018,VER-007-002,ДДС 2025.xlsx,Финансы и денежные потоки,B-в разрезе,24,01.07.2025 Итог,01_07_2025_итог,unclassified,Не классифицировано,number,60,100.0,Да,Уточнить,,Технический кандидат,Высокая,Candidate — needs owner approval,"Null rate, duplicate rate, cross-period stability, owner sign-off",,
KEY-0102,FILE-018,VER-007-002,ДДС 2025.xlsx,Финансы и денежные потоки,B-в разрезе,25,2025-08-01 00:00:00 / (пусто),2025_08_01_00_00_00_пусто,unclassified,Не классифицировано,number,46,100.0,Да,Уточнить,,Технический кандидат,Высокая,Candidate — needs owner approval,"Null rate, duplicate rate, cross-period stability, owner sign-off",,
KEY-0103,FILE-018,VER-007-002,ДДС 2025.xlsx,Финансы и денежные потоки,B-в разрезе,27,капсула осень25,капсула_осень25,collection_id,Коллекция,number,3,33.3,Да,PLM,collection_id,Требует подтверждения владельца,Низкая,Quarantine — not unique enough,"Null rate, duplicate rate, cross-period stability, owner sign-off",Продукт,
KEY-0104,FILE-018,VER-007-002,ДДС 2025.xlsx,Финансы и денежные потоки,B-в разрезе,28,01.08.2025 Итог,01_08_2025_итог,unclassified,Не классифицировано,number,47,100.0,Да,Уточнить,,Технический кандидат,Высокая,Candidate — needs owner approval,"Null rate, duplicate rate, cross-period stability, owner sign-off",,
KEY-0105,FILE-018,VER-007-002,ДДС 2025.xlsx,Финансы и денежные потоки,B-в разрезе,29,2025-09-01 00:00:00 / (пусто),2025_09_01_00_00_00_пусто,unclassified,Не классифицировано,number,53,100.0,Да,Уточнить,,Технический кандидат,Высокая,Candidate — needs owner approval,"Null rate, duplicate rate, cross-period stability, owner sign-off",,
KEY-0106,FILE-018,VER-007-002,ДДС 2025.xlsx,Финансы и денежные потоки,B-в разрезе,31,капсула осень25,капсула_осень25,collection_id,Коллекция,number,4,75.0,Да,PLM,collection_id,Требует подтверждения владельца,Низкая,Quarantine — not unique enough,"Null rate, duplicate rate, cross-period stability, owner sign-off",Продукт,
KEY-0107,FILE-018,VER-007-002,ДДС 2025.xlsx,Финансы и денежные потоки,B-в разрезе,32,01.09.2025 Итог,01_09_2025_итог,unclassified,Не классифицировано,number,54,100.0,Да,Уточнить,,Технический кандидат,Высокая,Candidate — needs owner approval,"Null rate, duplicate rate, cross-period stability, owner sign-off",,
KEY-0108,FILE-018,VER-007-002,ДДС 2025.xlsx,Финансы и денежные потоки,B-в разрезе,33,2025-10-01 00:00:00 / (пусто),2025_10_01_00_00_00_пусто,unclassified,Не классифицировано,number,55,98.2,Да,Уточнить,,Технический кандидат,Средняя,Candidate — needs owner approval,"Null rate, duplicate rate, cross-period stability, owner sign-off",,
KEY-0109,FILE-018,VER-007-002,ДДС 2025.xlsx,Финансы и денежные потоки,B-в разрезе,37,01.10.2025 Итог,01_10_2025_итог,unclassified,Не классифицировано,number,56,98.2,Да,Уточнить,,Технический кандидат,Средняя,Candidate — needs owner approval,"Null rate, duplicate rate, cross-period stability, owner sign-off",,
KEY-0110,FILE-018,VER-007-002,ДДС 2025.xlsx,Финансы и денежные потоки,B-в разрезе,38,2025-11-01 00:00:00 / (пусто),2025_11_01_00_00_00_пусто,unclassified,Не классифицировано,number,54,100.0,Да,Уточнить,,Технический кандидат,Высокая,Candidate — needs owner approval,"Null rate, duplicate rate, cross-period stability, owner sign-off",,
KEY-0111,FILE-018,VER-007-002,ДДС 2025.xlsx,Финансы и денежные потоки,B-в разрезе,42,01.11.2025 Итог,01_11_2025_итог,unclassified,Не классифицировано,number,57,100.0,Да,Уточнить,,Технический кандидат,Высокая,Candidate — needs owner approval,"Null rate, duplicate rate, cross-period stability, owner sign-off",,
KEY-0112,FILE-018,VER-007-002,ДДС 2025.xlsx,Финансы и денежные потоки,B-в разрезе,43,2025-12-01 00:00:00 / (пусто),2025_12_01_00_00_00_пусто,unclassified,Не классифицировано,number,53,98.1,Да,Уточнить,,Технический кандидат,Средняя,Candidate — needs owner approval,"Null rate, duplicate rate, cross-period stability, owner sign-off",,
KEY-0113,FILE-018,VER-007-002,ДДС 2025.xlsx,Финансы и денежные потоки,B-в разрезе,45,01.12.2025 Итог,01_12_2025_итог,unclassified,Не классифицировано,number,55,98.2,Да,Уточнить,,Технический кандидат,Средняя,Candidate — needs owner approval,"Null rate, duplicate rate, cross-period stability, owner sign-off",,
KEY-0114,FILE-018,VER-007-002,ДДС 2025.xlsx,Финансы и денежные потоки,B-в разрезе,46,Общий итог,общий_итог,unclassified,Не классифицировано,number,100,99.0,Да,Уточнить,,Технический кандидат,Высокая,Candidate — needs owner approval,"Null rate, duplicate rate, cross-period stability, owner sign-off",,
KEY-0115,FILE-018,VER-007-002,ДДС 2025.xlsx,Финансы и денежные потоки,Справочники,3,Коллекция ВРУЧНУЮ,коллекция_вручную,collection_id,Коллекция,text,3,100.0,Да,PLM,collection_id,Требует подтверждения владельца,Высокая,Candidate — needs owner approval,"Null rate, duplicate rate, cross-period stability, owner sign-off",Продукт,
KEY-0116,FILE-018,VER-007-002,ДДС 2025.xlsx,Финансы и денежные потоки,Справочники,4,Статья расхода,статья_расхода,cashflow_article,ДДС,text,41,100.0,Да,ERP / BI,,Технический кандидат,Высокая,Candidate — needs owner approval,"Null rate, duplicate rate, cross-period stability, owner sign-off",,
KEY-0117,FILE-019,VER-007-003,ДДС 2026.xlxs.xlsx,Финансы и денежные потоки,data B,4,Коллекция,коллекция,collection_id,Коллекция,text,135,5.2,Да,PLM,collection_id,Требует подтверждения владельца,Низкая,Quarantine — not unique enough,"Null rate, duplicate rate, cross-period stability, owner sign-off",Продукт,
KEY-0118,FILE-019,VER-007-003,ДДС 2026.xlxs.xlsx,Финансы и денежные потоки,В сводная по статьям,1,Сумма по полю в евро / Названия строк,сумма_по_полю_в_евро_названия_строк,amount,Финансовая операция,text,39,100.0,Да,ERP / финансовый регистр,,Технический кандидат,Высокая,Candidate — needs owner approval,"Null rate, duplicate rate, cross-period stability, owner sign-off",,
KEY-0119,FILE-019,VER-007-003,ДДС 2026.xlxs.xlsx,Финансы и денежные потоки,В сводная по статьям,2,Названия столбцов / 2026-01-01 00:00:00,названия_столбцов_2026_01_01_00_00_00,unclassified,Не классифицировано,number,28,100.0,Да,Уточнить,,Технический кандидат,Высокая,Candidate — needs owner approval,"Null rate, duplicate rate, cross-period stability, owner sign-off",,
KEY-0120,FILE-019,VER-007-003,ДДС 2026.xlxs.xlsx,Финансы и денежные потоки,В сводная по статьям,3,2026-02-01 00:00:00,2026_02_01_00_00_00,unclassified,Не классифицировано,number,29,100.0,Да,Уточнить,,Технический кандидат,Высокая,Candidate — needs owner approval,"Null rate, duplicate rate, cross-period stability, owner sign-off",,
KEY-0121,FILE-019,VER-007-003,ДДС 2026.xlxs.xlsx,Финансы и денежные потоки,В сводная по статьям,4,2026-03-01 00:00:00,2026_03_01_00_00_00,unclassified,Не классифицировано,number,31,100.0,Да,Уточнить,,Технический кандидат,Высокая,Candidate — needs owner approval,"Null rate, duplicate rate, cross-period stability, owner sign-off",,
KEY-0122,FILE-019,VER-007-003,ДДС 2026.xlxs.xlsx,Финансы и денежные потоки,В сводная по статьям,5,2026-04-01 00:00:00,2026_04_01_00_00_00,unclassified,Не классифицировано,number,30,100.0,Да,Уточнить,,Технический кандидат,Высокая,Candidate — needs owner approval,"Null rate, duplicate rate, cross-period stability, owner sign-off",,
KEY-0123,FILE-019,VER-007-003,ДДС 2026.xlxs.xlsx,Финансы и денежные потоки,В сводная по статьям,6,2026-05-01 00:00:00,2026_05_01_00_00_00,unclassified,Не классифицировано,number,28,100.0,Да,Уточнить,,Технический кандидат,Высокая,Candidate — needs owner approval,"Null rate, duplicate rate, cross-period stability, owner sign-off",,
KEY-0124,FILE-019,VER-007-003,ДДС 2026.xlxs.xlsx,Финансы и денежные потоки,В сводная по статьям,7,Общий итог,общий_итог,unclassified,Не классифицировано,number,39,100.0,Да,Уточнить,,Технический кандидат,Высокая,Candidate — needs owner approval,"Null rate, duplicate rate, cross-period stability, owner sign-off",,
KEY-0125,FILE-019,VER-007-003,ДДС 2026.xlxs.xlsx,Финансы и денежные потоки,D-по статьям,1,Сумма по полю в евро / Названия строк,сумма_по_полю_в_евро_названия_строк,amount,Финансовая операция,text,10,100.0,Да,ERP / финансовый регистр,,Технический кандидат,Высокая,Candidate — needs owner approval,"Null rate, duplicate rate, cross-period stability, owner sign-off",,
KEY-0126,FILE-019,VER-007-003,ДДС 2026.xlxs.xlsx,Финансы и денежные потоки,D-по статьям,7,Общий итог,общий_итог,unclassified,Не классифицировано,number,10,100.0,Да,Уточнить,,Технический кандидат,Высокая,Candidate — needs owner approval,"Null rate, duplicate rate, cross-period stability, owner sign-off",,
KEY-0127,FILE-019,VER-007-003,ДДС 2026.xlxs.xlsx,Финансы и денежные потоки,D - сводная,1,месяц / Названия строк,месяц_названия_строк,unclassified,Не классифицировано,text,34,100.0,Да,Уточнить,,Технический кандидат,Высокая,Candidate — needs owner approval,"Null rate, duplicate rate, cross-period stability, owner sign-off",,
KEY-0128,FILE-019,VER-007-003,ДДС 2026.xlxs.xlsx,Финансы и денежные потоки,Справочники,3,Коллекция ВРУЧНУЮ,коллекция_вручную,collection_id,Коллекция,text,3,100.0,Да,PLM,collection_id,Требует подтверждения владельца,Высокая,Candidate — needs owner approval,"Null rate, duplicate rate, cross-period stability, owner sign-off",Продукт,
KEY-0129,FILE-019,VER-007-003,ДДС 2026.xlxs.xlsx,Финансы и денежные потоки,Справочники,4,Статья расхода,статья_расхода,cashflow_article,ДДС,text,42,100.0,Да,ERP / BI,,Технический кандидат,Высокая,Candidate — needs owner approval,"Null rate, duplicate rate, cross-period stability, owner sign-off",,
KEY-0130,FILE-030,VER-019-004,ЗП за апрель 2025.xlsx,Персонал и оплата труда,окладники,1,2025-04-01 00:00:00,2025_04_01_00_00_00,unclassified,Не классифицировано,text,51,100.0,Да,Уточнить,,Технический кандидат,Высокая,Candidate — needs owner approval,"Null rate, duplicate rate, cross-period stability, owner sign-off",,
KEY-0131,FILE-030,VER-019-004,ЗП за апрель 2025.xlsx,Персонал и оплата труда,ведомость мастера,1,2025-04-01 00:00:00 / Мастера,2025_04_01_00_00_00_мастера,unclassified,Не классифицировано,text,14,100.0,Да,Уточнить,,Технический кандидат,Высокая,Candidate — needs owner approval,"Null rate, duplicate rate, cross-period stability, owner sign-off",,
KEY-0132,FILE-030,VER-019-004,ЗП за апрель 2025.xlsx,Персонал и оплата труда,ведомость мастера,3,Сдельная оплата,сдельная_оплата,unclassified,Не классифицировано,number,14,100.0,Да,Уточнить,,Технический кандидат,Высокая,Candidate — needs owner approval,"Null rate, duplicate rate, cross-period stability, owner sign-off",,
KEY-0133,FILE-030,VER-019-004,ЗП за апрель 2025.xlsx,Персонал и оплата труда,ведомость мастера,10,"Итого, без бонуса",итого_без_бонуса,amount,Финансовая операция,number,14,100.0,Да,ERP / финансовый регистр,,Технический кандидат,Высокая,Candidate — needs owner approval,"Null rate, duplicate rate, cross-period stability, owner sign-off",,
KEY-0134,FILE-030,VER-019-004,ЗП за апрель 2025.xlsx,Персонал и оплата труда,ведомость мастера,12,Итого к выплате,итого_к_выплате,amount; salary,ФОТ; Финансовая операция,number,14,100.0,Да,ERP / финансовый регистр; ЗУП / ERP,,Технический кандидат,Высокая,Candidate — needs owner approval,"Null rate, duplicate rate, cross-period stability, owner sign-off",,
KEY-0135,FILE-030,VER-019-004,ЗП за апрель 2025.xlsx,Персонал и оплата труда,ведомость мастера,15,Итого на руки,итого_на_руки,amount,Финансовая операция,number,15,100.0,Да,ERP / финансовый регистр,,Технический кандидат,Высокая,Candidate — needs owner approval,"Null rate, duplicate rate, cross-period stability, owner sign-off",,
KEY-0136,FILE-030,VER-019-004,ЗП за апрель 2025.xlsx,Персонал и оплата труда,табель,1,2025-04-01 00:00:00,2025_04_01_00_00_00,unclassified,Не классифицировано,number,56,100.0,Да,Уточнить,,Технический кандидат,Высокая,Candidate — needs owner approval,"Null rate, duplicate rate, cross-period stability, owner sign-off",,
KEY-0137,FILE-030,VER-019-004,ЗП за апрель 2025.xlsx,Персонал и оплата труда,отчет Олейник,3,Описание работы,описание_работы,product_name,SKU,text,17,100.0,Да,MDM / PLM / ERP,canonical_sku,Технический кандидат,Высокая,Candidate — needs owner approval,"Null rate, duplicate rate, cross-period stability, owner sign-off",Продукт/коммерция,
KEY-0138,FILE-030,VER-019-004,ЗП за апрель 2025.xlsx,Персонал и оплата труда,карты,1,"Заработная плата, выданная на карты, за апрель 2025 / № п/п",заработная_плата_выданная_на_карты_за_апрель_2025_o_п_п,unclassified,Не классифицировано,number,42,100.0,Да,Уточнить,,Технический кандидат,Высокая,Candidate — needs owner approval,"Null rate, duplicate rate, cross-period stability, owner sign-off",,
KEY-0139,FILE-030,VER-019-004,ЗП за апрель 2025.xlsx,Персонал и оплата труда,карты,2,ФИО,фио,employee_name,Сотрудник,text,43,100.0,Да,HRIS / ЗУП,employee_id,Технический кандидат,Высокая,Candidate — needs owner approval,"Null rate, duplicate rate, cross-period stability, owner sign-off",HR,
KEY-0140,FILE-031,VER-019-010,ЗП за апрель 2026.xlsx,Персонал и оплата труда,Распределение,2,ИТОГО ЗП за апрель,итого_зп_за_апрель,amount,Финансовая операция,text,10,100.0,Да,ERP / финансовый регистр,,Технический кандидат,Высокая,Candidate — needs owner approval,"Null rate, duplicate rate, cross-period stability, owner sign-off",,
KEY-0141,FILE-031,VER-019-010,ЗП за апрель 2026.xlsx,Персонал и оплата труда,Распределение,4,МД,мд,unclassified,Не классифицировано,number,11,100.0,Да,Уточнить,,Технический кандидат,Высокая,Candidate — needs owner approval,"Null rate, duplicate rate, cross-period stability, owner sign-off",,
KEY-0142,FILE-031,VER-019-010,ЗП за апрель 2026.xlsx,Персонал и оплата труда,окладники,1,2026-04-01 00:00:00,2026_04_01_00_00_00,unclassified,Не классифицировано,text,57,100.0,Да,Уточнить,,Технический кандидат,Высокая,Candidate — needs owner approval,"Null rate, duplicate rate, cross-period stability, owner sign-off",,
KEY-0143,FILE-031,VER-019-010,ЗП за апрель 2026.xlsx,Персонал и оплата труда,ведомость мастера,1,2026-04-01 00:00:00 / Мастера,2026_04_01_00_00_00_мастера,unclassified,Не классифицировано,text,15,100.0,Да,Уточнить,,Технический кандидат,Высокая,Candidate — needs owner approval,"Null rate, duplicate rate, cross-period stability, owner sign-off",,
KEY-0144,FILE-031,VER-019-010,ЗП за апрель 2026.xlsx,Персонал и оплата труда,ведомость мастера,3,Сдельная оплата,сдельная_оплата,unclassified,Не классифицировано,number,15,100.0,Да,Уточнить,,Технический кандидат,Высокая,Candidate — needs owner approval,"Null rate, duplicate rate, cross-period stability, owner sign-off",,
KEY-0145,FILE-031,VER-019-010,ЗП за апрель 2026.xlsx,Персонал и оплата труда,ведомость мастера,11,"Итого, без бонуса",итого_без_бонуса,amount,Финансовая операция,number,15,100.0,Да,ERP / финансовый регистр,,Технический кандидат,Высокая,Candidate — needs owner approval,"Null rate, duplicate rate, cross-period stability, owner sign-off",,
KEY-0146,FILE-031,VER-019-010,ЗП за апрель 2026.xlsx,Персонал и оплата труда,ведомость мастера,13,Итого к выплате,итого_к_выплате,amount; salary,ФОТ; Финансовая операция,number,15,100.0,Да,ERP / финансовый регистр; ЗУП / ERP,,Технический кандидат,Высокая,Candidate — needs owner approval,"Null rate, duplicate rate, cross-period stability, owner sign-off",,
KEY-0147,FILE-031,VER-019-010,ЗП за апрель 2026.xlsx,Персонал и оплата труда,ведомость мастера,16,Итого на руки,итого_на_руки,amount,Финансовая операция,number,15,100.0,Да,ERP / финансовый регистр,,Технический кандидат,Высокая,Candidate — needs owner approval,"Null rate, duplicate rate, cross-period stability, owner sign-off",,
KEY-0148,FILE-031,VER-019-010,ЗП за апрель 2026.xlsx,Персонал и оплата труда,ведомость мастера,17,Выдан аванс,выдан_аванс,unclassified,Не классифицировано,number,15,100.0,Да,Уточнить,,Технический кандидат,Высокая,Candidate — needs owner approval,"Null rate, duplicate rate, cross-period stability, owner sign-off",,
KEY-0149,FILE-031,VER-019-010,ЗП за апрель 2026.xlsx,Персонал и оплата труда,табель,1,2026-04-01 00:00:00,2026_04_01_00_00_00,unclassified,Не классифицировано,number,71,100.0,Да,Уточнить,,Технический кандидат,Высокая,Candidate — needs owner approval,"Null rate, duplicate rate, cross-period stability, owner sign-off",,
KEY-0150,FILE-031,VER-019-010,ЗП за апрель 2026.xlsx,Персонал и оплата труда,карты,1,"Заработная плата, выданная на карты, за апрель 2026 / № п/п",заработная_плата_выданная_на_карты_за_апрель_2026_o_п_п,unclassified,Не классифицировано,number,47,100.0,Да,Уточнить,,Технический кандидат,Высокая,Candidate — needs owner approval,"Null rate, duplicate rate, cross-period stability, owner sign-off",,
KEY-0151,FILE-031,VER-019-010,ЗП за апрель 2026.xlsx,Персонал и оплата труда,карты,2,ФИО,фио,employee_name,Сотрудник,text,48,100.0,Да,HRIS / ЗУП,employee_id,Технический кандидат,Высокая,Candidate — needs owner approval,"Null rate, duplicate rate, cross-period stability, owner sign-off",HR,
KEY-0152,FILE-031,VER-019-010,ЗП за апрель 2026.xlsx,Персонал и оплата труда,карты,7,Больничный за счет работодателя,больничный_за_счет_работодателя,unclassified,Не классифицировано,number,10,100.0,Да,Уточнить,,Технический кандидат,Высокая,Candidate — needs owner approval,"Null rate, duplicate rate, cross-period stability, owner sign-off",,
KEY-0153,FILE-031,VER-019-010,ЗП за апрель 2026.xlsx,Персонал и оплата труда,отчет Новикова,3,ДМ собрание по коллекции,дм_собрание_по_коллекции,collection_id; unit,Коллекция; Материал,text,3,100.0,Да,ERP / WMS; PLM,collection_id,Требует подтверждения владельца,Высокая,Candidate — needs owner approval,"Null rate, duplicate rate, cross-period stability, owner sign-off",,
KEY-0154,FILE-031,VER-019-010,ЗП за апрель 2026.xlsx,Персонал и оплата труда,отчет Олейник,3,Описание работы,описание_работы,product_name,SKU,text,11,100.0,Да,MDM / PLM / ERP,canonical_sku,Технический кандидат,Высокая,Candidate — needs owner approval,"Null rate, duplicate rate, cross-period stability, owner sign-off",Продукт/коммерция,
KEY-0155,FILE-031,VER-019-010,ЗП за апрель 2026.xlsx,Персонал и оплата труда,ЗП новеньких,1,Алтунина Елена / Булгакова Анастасия,алтунина_елена_булгакова_анастасия,unclassified,Не классифицировано,text,17,100.0,Да,Уточнить,,Технический кандидат,Высокая,Candidate — needs owner approval,"Null rate, duplicate rate, cross-period stability, owner sign-off",,
KEY-0156,FILE-031,VER-019-010,ЗП за апрель 2026.xlsx,Персонал и оплата труда,ЗП новеньких,6,раб. С 17.02. / с 24 апр,раб_с_17_02_с_24_апр,unclassified,Не классифицировано,text,14,100.0,Да,Уточнить,,Технический кандидат,Высокая,Candidate — needs owner approval,"Null rate, duplicate rate, cross-period stability, owner sign-off",,
KEY-0157,FILE-032,VER-019-006,ЗП за июнь 2025.xlsx,Персонал и оплата труда,окладники,1,2025-06-01 00:00:00,2025_06_01_00_00_00,unclassified,Не классифицировано,text,54,100.0,Да,Уточнить,,Технический кандидат,Высокая,Candidate — needs owner approval,"Null rate, duplicate rate, cross-period stability, owner sign-off",,
KEY-0158,FILE-032,VER-019-006,ЗП за июнь 2025.xlsx,Персонал и оплата труда,окладники,11,Итого на руки,итого_на_руки,amount,Финансовая операция,number,43,100.0,Да,ERP / финансовый регистр,,Технический кандидат,Высокая,Candidate — needs owner approval,"Null rate, duplicate rate, cross-period stability, owner sign-off",,
KEY-0159,FILE-032,VER-019-006,ЗП за июнь 2025.xlsx,Персонал и оплата труда,вышивальщицы,11,Итого на руки,итого_на_руки,amount,Финансовая операция,number,23,100.0,Да,ERP / финансовый регистр,,Технический кандидат,Высокая,Candidate — needs owner approval,"Null rate, duplicate rate, cross-period stability, owner sign-off",,
KEY-0160,FILE-032,VER-019-006,ЗП за июнь 2025.xlsx,Персонал и оплата труда,вышивальщицы,12,На руки по факту,на_руки_по_факту,budget_actual,Бюджет,number,23,100.0,Да,FP&A / BI,,Технический кандидат,Высокая,Candidate — needs owner approval,"Null rate, duplicate rate, cross-period stability, owner sign-off",,
KEY-0161,FILE-032,VER-019-006,ЗП за июнь 2025.xlsx,Персонал и оплата труда,ведомость мастера,1,2025-06-01 00:00:00 / Мастера,2025_06_01_00_00_00_мастера,unclassified,Не классифицировано,text,15,100.0,Да,Уточнить,,Технический кандидат,Высокая,Candidate — needs owner approval,"Null rate, duplicate rate, cross-period stability, owner sign-off",,
KEY-0162,FILE-032,VER-019-006,ЗП за июнь 2025.xlsx,Персонал и оплата труда,ведомость мастера,3,Сдельная оплата,сдельная_оплата,unclassified,Не классифицировано,number,14,100.0,Да,Уточнить,,Технический кандидат,Высокая,Candidate — needs owner approval,"Null rate, duplicate rate, cross-period stability, owner sign-off",,
KEY-0163,FILE-032,VER-019-006,ЗП за июнь 2025.xlsx,Персонал и оплата труда,ведомость мастера,10,"Итого, без бонуса",итого_без_бонуса,amount,Финансовая операция,number,14,100.0,Да,ERP / финансовый регистр,,Технический кандидат,Высокая,Candidate — needs owner approval,"Null rate, duplicate rate, cross-period stability, owner sign-off",,
KEY-0164,FILE-032,VER-019-006,ЗП за июнь 2025.xlsx,Персонал и оплата труда,ведомость мастера,12,Итого к выплате,итого_к_выплате,amount; salary,ФОТ; Финансовая операция,number,14,100.0,Да,ERP / финансовый регистр; ЗУП / ERP,,Технический кандидат,Высокая,Candidate — needs owner approval,"Null rate, duplicate rate, cross-period stability, owner sign-off",,
KEY-0165,FILE-032,VER-019-006,ЗП за июнь 2025.xlsx,Персонал и оплата труда,ведомость мастера,16,Итого на руки,итого_на_руки,amount,Финансовая операция,number,14,100.0,Да,ERP / финансовый регистр,,Технический кандидат,Высокая,Candidate — needs owner approval,"Null rate, duplicate rate, cross-period stability, owner sign-off",,
KEY-0166,FILE-032,VER-019-006,ЗП за июнь 2025.xlsx,Персонал и оплата труда,табель,1,2025-06-01 00:00:00,2025_06_01_00_00_00,unclassified,Не классифицировано,number,66,100.0,Да,Уточнить,,Технический кандидат,Высокая,Candidate — needs owner approval,"Null rate, duplicate rate, cross-period stability, owner sign-off",,
KEY-0167,FILE-032,VER-019-006,ЗП за июнь 2025.xlsx,Персонал и оплата труда,отчет Новикова,3,примерка коллекции.,примерка_коллекции,collection_id,Коллекция,empty,0,0.0,Да,PLM,collection_id,Требует подтверждения владельца,Низкая,Quarantine — not unique enough,"Null rate, duplicate rate, cross-period stability, owner sign-off",Продукт,
KEY-0168,FILE-032,VER-019-006,ЗП за июнь 2025.xlsx,Персонал и оплата труда,отчет Олейник,3,Описание работы,описание_работы,product_name,SKU,text,15,100.0,Да,MDM / PLM / ERP,canonical_sku,Технический кандидат,Высокая,Candidate — needs owner approval,"Null rate, duplicate rate, cross-period stability, owner sign-off",Продукт/коммерция,
KEY-0169,FILE-032,VER-019-006,ЗП за июнь 2025.xlsx,Персонал и оплата труда,карты,1,"Заработная плата, выданная на карты, за июнь 2025 / № п/п",заработная_плата_выданная_на_карты_за_июнь_2025_o_п_п,unclassified,Не классифицировано,number,42,100.0,Да,Уточнить,,Технический кандидат,Высокая,Candidate — needs owner approval,"Null rate, duplicate rate, cross-period stability, owner sign-off",,
KEY-0170,FILE-033,VER-019-005,ЗП за май 2025.xlsx,Персонал и оплата труда,окладники,1,2025-05-01 00:00:00,2025_05_01_00_00_00,unclassified,Не классифицировано,text,53,100.0,Да,Уточнить,,Технический кандидат,Высокая,Candidate — needs owner approval,"Null rate, duplicate rate, cross-period stability, owner sign-off",,
KEY-0171,FILE-033,VER-019-005,ЗП за май 2025.xlsx,Персонал и оплата труда,окладники,13,Примечание,примечание,comment,Комментарий,text,10,100.0,Да,В контексте первичного регистра,,Технический кандидат,Высокая,Candidate — needs owner approval,"Null rate, duplicate rate, cross-period stability, owner sign-off",,
KEY-0172,FILE-033,VER-019-005,ЗП за май 2025.xlsx,Персонал и оплата труда,ведомость мастера,1,2025-05-01 00:00:00 / Мастера,2025_05_01_00_00_00_мастера,unclassified,Не классифицировано,text,14,100.0,Да,Уточнить,,Технический кандидат,Высокая,Candidate — needs owner approval,"Null rate, duplicate rate, cross-period stability, owner sign-off",,
KEY-0173,FILE-033,VER-019-005,ЗП за май 2025.xlsx,Персонал и оплата труда,ведомость мастера,3,Сдельная оплата,сдельная_оплата,unclassified,Не классифицировано,number,14,100.0,Да,Уточнить,,Технический кандидат,Высокая,Candidate — needs owner approval,"Null rate, duplicate rate, cross-period stability, owner sign-off",,
KEY-0174,FILE-033,VER-019-005,ЗП за май 2025.xlsx,Персонал и оплата труда,ведомость мастера,10,"Итого, без бонуса",итого_без_бонуса,amount,Финансовая операция,number,14,100.0,Да,ERP / финансовый регистр,,Технический кандидат,Высокая,Candidate — needs owner approval,"Null rate, duplicate rate, cross-period stability, owner sign-off",,
KEY-0175,FILE-033,VER-019-005,ЗП за май 2025.xlsx,Персонал и оплата труда,ведомость мастера,12,Итого к выплате,итого_к_выплате,amount; salary,ФОТ; Финансовая операция,number,14,100.0,Да,ERP / финансовый регистр; ЗУП / ERP,,Технический кандидат,Высокая,Candidate — needs owner approval,"Null rate, duplicate rate, cross-period stability, owner sign-off",,
KEY-0176,FILE-033,VER-019-005,ЗП за май 2025.xlsx,Персонал и оплата труда,ведомость мастера,15,Итого на руки,итого_на_руки,amount,Финансовая операция,number,14,100.0,Да,ERP / финансовый регистр,,Технический кандидат,Высокая,Candidate — needs owner approval,"Null rate, duplicate rate, cross-period stability, owner sign-off",,
KEY-0177,FILE-033,VER-019-005,ЗП за май 2025.xlsx,Персонал и оплата труда,ведомость мастера,16,На руки по факту,на_руки_по_факту,budget_actual,Бюджет,number,14,100.0,Да,FP&A / BI,,Технический кандидат,Высокая,Candidate — needs owner approval,"Null rate, duplicate rate, cross-period stability, owner sign-off",,
KEY-0178,FILE-033,VER-019-005,ЗП за май 2025.xlsx,Персонал и оплата труда,табель,1,2025-05-01 00:00:00,2025_05_01_00_00_00,unclassified,Не классифицировано,number,56,100.0,Да,Уточнить,,Технический кандидат,Высокая,Candidate — needs owner approval,"Null rate, duplicate rate, cross-period stability, owner sign-off",,
KEY-0179,FILE-033,VER-019-005,ЗП за май 2025.xlsx,Персонал и оплата труда,карты,1,"Заработная плата, выданная на карты, за май 2025 / № п/п",заработная_плата_выданная_на_карты_за_май_2025_o_п_п,unclassified,Не классифицировано,number,42,100.0,Да,Уточнить,,Технический кандидат,Высокая,Candidate — needs owner approval,"Null rate, duplicate rate, cross-period stability, owner sign-off",,
KEY-0180,FILE-033,VER-019-005,ЗП за май 2025.xlsx,Персонал и оплата труда,карты,2,ФИО,фио,employee_name,Сотрудник,text,43,100.0,Да,HRIS / ЗУП,employee_id,Технический кандидат,Высокая,Candidate — needs owner approval,"Null rate, duplicate rate, cross-period stability, owner sign-off",HR,
KEY-0181,FILE-033,VER-019-005,ЗП за май 2025.xlsx,Персонал и оплата труда,отчет Новикова,3,"ДМ примерка коллекции, комуникация",дм_примерка_коллекции_комуникация,collection_id; unit,Коллекция; Материал,text,1,100.0,Да,ERP / WMS; PLM,collection_id,Требует подтверждения владельца,Высокая,Candidate — needs owner approval,"Null rate, duplicate rate, cross-period stability, owner sign-off",,
KEY-0182,FILE-033,VER-019-005,ЗП за май 2025.xlsx,Персонал и оплата труда,отчет Олейник,3,Описание работы,описание_работы,product_name,SKU,text,18,100.0,Да,MDM / PLM / ERP,canonical_sku,Технический кандидат,Высокая,Candidate — needs owner approval,"Null rate, duplicate rate, cross-period stability, owner sign-off",Продукт/коммерция,
KEY-0183,FILE-034,VER-019-011,ЗП за май 2026.xlsx,Персонал и оплата труда,Распределение,2,ИТОГО ЗП за май,итого_зп_за_май,amount,Финансовая операция,text,10,100.0,Да,ERP / финансовый регистр,,Технический кандидат,Высокая,Candidate — needs owner approval,"Null rate, duplicate rate, cross-period stability, owner sign-off",,
KEY-0184,FILE-034,VER-019-011,ЗП за май 2026.xlsx,Персонал и оплата труда,Распределение,4,МД,мд,unclassified,Не классифицировано,number,11,100.0,Да,Уточнить,,Технический кандидат,Высокая,Candidate — needs owner approval,"Null rate, duplicate rate, cross-period stability, owner sign-off",,
KEY-0185,FILE-034,VER-019-011,ЗП за май 2026.xlsx,Персонал и оплата труда,окладники,1,2026-05-01 00:00:00,2026_05_01_00_00_00,unclassified,Не классифицировано,text,56,100.0,Да,Уточнить,,Технический кандидат,Высокая,Candidate — needs owner approval,"Null rate, duplicate rate, cross-period stability, owner sign-off",,
KEY-0186,FILE-034,VER-019-011,ЗП за май 2026.xlsx,Персонал и оплата труда,окладники,5,Премия/отпуск/больничный,премия_отпуск_больничный,salary,ФОТ,number,11,100.0,Да,ЗУП / ERP,,Технический кандидат,Высокая,Candidate — needs owner approval,"Null rate, duplicate rate, cross-period stability, owner sign-off",,
KEY-0187,FILE-034,VER-019-011,ЗП за май 2026.xlsx,Персонал и оплата труда,окладники,11,Итого на руки,итого_на_руки,amount,Финансовая операция,number,43,100.0,Да,ERP / финансовый регистр,,Технический кандидат,Высокая,Candidate — needs owner approval,"Null rate, duplicate rate, cross-period stability, owner sign-off",,
KEY-0188,FILE-034,VER-019-011,ЗП за май 2026.xlsx,Персонал и оплата труда,ведомость мастера,1,2026-05-01 00:00:00 / Мастера,2026_05_01_00_00_00_мастера,unclassified,Не классифицировано,text,14,100.0,Да,Уточнить,,Технический кандидат,Высокая,Candidate — needs owner approval,"Null rate, duplicate rate, cross-period stability, owner sign-off",,
KEY-0189,FILE-034,VER-019-011,ЗП за май 2026.xlsx,Персонал и оплата труда,ведомость мастера,3,Сдельная оплата,сдельная_оплата,unclassified,Не классифицировано,number,14,100.0,Да,Уточнить,,Технический кандидат,Высокая,Candidate — needs owner approval,"Null rate, duplicate rate, cross-period stability, owner sign-off",,
KEY-0190,FILE-034,VER-019-011,ЗП за май 2026.xlsx,Персонал и оплата труда,ведомость мастера,11,"Итого, без бонуса",итого_без_бонуса,amount,Финансовая операция,number,14,100.0,Да,ERP / финансовый регистр,,Технический кандидат,Высокая,Candidate — needs owner approval,"Null rate, duplicate rate, cross-period stability, owner sign-off",,
KEY-0191,FILE-034,VER-019-011,ЗП за май 2026.xlsx,Персонал и оплата труда,ведомость мастера,13,Итого к выплате,итого_к_выплате,amount; salary,ФОТ; Финансовая операция,number,14,100.0,Да,ERP / финансовый регистр; ЗУП / ERP,,Технический кандидат,Высокая,Candidate — needs owner approval,"Null rate, duplicate rate, cross-period stability, owner sign-off",,
KEY-0192,FILE-034,VER-019-011,ЗП за май 2026.xlsx,Персонал и оплата труда,ведомость мастера,16,Итого на руки,итого_на_руки,amount,Финансовая операция,number,14,100.0,Да,ERP / финансовый регистр,,Технический кандидат,Высокая,Candidate — needs owner approval,"Null rate, duplicate rate, cross-period stability, owner sign-off",,
KEY-0193,FILE-034,VER-019-011,ЗП за май 2026.xlsx,Персонал и оплата труда,карты,1,"Заработная плата, выданная на карты, за май 2026 / № п/п",заработная_плата_выданная_на_карты_за_май_2026_o_п_п,unclassified,Не классифицировано,number,47,100.0,Да,Уточнить,,Технический кандидат,Высокая,Candidate — needs owner approval,"Null rate, duplicate rate, cross-period stability, owner sign-off",,
KEY-0194,FILE-034,VER-019-011,ЗП за май 2026.xlsx,Персонал и оплата труда,карты,2,ФИО,фио,employee_name,Сотрудник,text,48,100.0,Да,HRIS / ЗУП,employee_id,Технический кандидат,Высокая,Candidate — needs owner approval,"Null rate, duplicate rate, cross-period stability, owner sign-off",HR,
KEY-0195,FILE-034,VER-019-011,ЗП за май 2026.xlsx,Персонал и оплата труда,табель,1,2026-05-01 00:00:00,2026_05_01_00_00_00,unclassified,Не классифицировано,number,71,98.6,Да,Уточнить,,Технический кандидат,Средняя,Candidate — needs owner approval,"Null rate, duplicate rate, cross-period stability, owner sign-off",,
KEY-0196,FILE-034,VER-019-011,ЗП за май 2026.xlsx,Персонал и оплата труда,табель,37,Примечание,примечание,comment,Комментарий,text,11,100.0,Да,В контексте первичного регистра,,Технический кандидат,Высокая,Candidate — needs owner approval,"Null rate, duplicate rate, cross-period stability, owner sign-off",,
KEY-0197,FILE-034,VER-019-011,ЗП за май 2026.xlsx,Персонал и оплата труда,отчет Новикова,3,ДМ примерка коллекции,дм_примерка_коллекции,collection_id; unit,Коллекция; Материал,empty,0,0.0,Да,ERP / WMS; PLM,collection_id,Требует подтверждения владельца,Низкая,Quarantine — not unique enough,"Null rate, duplicate rate, cross-period stability, owner sign-off",,
KEY-0198,FILE-034,VER-019-011,ЗП за май 2026.xlsx,Персонал и оплата труда,отчет Олейник,3,Описание работы,описание_работы,product_name,SKU,text,11,100.0,Да,MDM / PLM / ERP,canonical_sku,Технический кандидат,Высокая,Candidate — needs owner approval,"Null rate, duplicate rate, cross-period stability, owner sign-off",Продукт/коммерция,
KEY-0199,FILE-034,VER-019-011,ЗП за май 2026.xlsx,Персонал и оплата труда,ЗП новеньких,1,Алтунина Елена / Булгакова Анастасия,алтунина_елена_булгакова_анастасия,unclassified,Не классифицировано,text,17,100.0,Да,Уточнить,,Технический кандидат,Высокая,Candidate — needs owner approval,"Null rate, duplicate rate, cross-period stability, owner sign-off",,
KEY-0200,FILE-034,VER-019-011,ЗП за май 2026.xlsx,Персонал и оплата труда,ЗП новеньких,6,раб. С 17.02. / с 24 апр,раб_с_17_02_с_24_апр,unclassified,Не классифицировано,text,14,100.0,Да,Уточнить,,Технический кандидат,Высокая,Candidate — needs owner approval,"Null rate, duplicate rate, cross-period stability, owner sign-off",,
KEY-0201,FILE-035,VER-019-003,ЗП за март 2025.xlsx,Персонал и оплата труда,окладники,1,2025-03-01 00:00:00,2025_03_01_00_00_00,unclassified,Не классифицировано,text,49,100.0,Да,Уточнить,,Технический кандидат,Высокая,Candidate — needs owner approval,"Null rate, duplicate rate, cross-period stability, owner sign-off",,
KEY-0202,FILE-035,VER-019-003,ЗП за март 2025.xlsx,Персонал и оплата труда,ведомость мастера,1,2025-03-01 00:00:00 / Мастера,2025_03_01_00_00_00_мастера,unclassified,Не классифицировано,text,14,100.0,Да,Уточнить,,Технический кандидат,Высокая,Candidate — needs owner approval,"Null rate, duplicate rate, cross-period stability, owner sign-off",,
KEY-0203,FILE-035,VER-019-003,ЗП за март 2025.xlsx,Персонал и оплата труда,ведомость мастера,3,Сдельная оплата,сдельная_оплата,unclassified,Не классифицировано,number,14,100.0,Да,Уточнить,,Технический кандидат,Высокая,Candidate — needs owner approval,"Null rate, duplicate rate, cross-period stability, owner sign-off",,
KEY-0204,FILE-035,VER-019-003,ЗП за март 2025.xlsx,Персонал и оплата труда,ведомость мастера,10,"Итого, без бонуса",итого_без_бонуса,amount,Финансовая операция,number,14,100.0,Да,ERP / финансовый регистр,,Технический кандидат,Высокая,Candidate — needs owner approval,"Null rate, duplicate rate, cross-period stability, owner sign-off",,
KEY-0205,FILE-035,VER-019-003,ЗП за март 2025.xlsx,Персонал и оплата труда,ведомость мастера,12,Итого к выплате,итого_к_выплате,amount; salary,ФОТ; Финансовая операция,number,14,100.0,Да,ERP / финансовый регистр; ЗУП / ERP,,Технический кандидат,Высокая,Candidate — needs owner approval,"Null rate, duplicate rate, cross-period stability, owner sign-off",,
KEY-0206,FILE-035,VER-019-003,ЗП за март 2025.xlsx,Персонал и оплата труда,табель,1,2025-03-01 00:00:00,2025_03_01_00_00_00,unclassified,Не классифицировано,number,56,100.0,Да,Уточнить,,Технический кандидат,Высокая,Candidate — needs owner approval,"Null rate, duplicate rate, cross-period stability, owner sign-off",,
KEY-0207,FILE-035,VER-019-003,ЗП за март 2025.xlsx,Персонал и оплата труда,карты,1,"Заработная плата, выданная на карты, за март 2025 / № п/п",заработная_плата_выданная_на_карты_за_март_2025_o_п_п,unclassified,Не классифицировано,number,41,100.0,Да,Уточнить,,Технический кандидат,Высокая,Candidate — needs owner approval,"Null rate, duplicate rate, cross-period stability, owner sign-off",,
KEY-0208,FILE-035,VER-019-003,ЗП за март 2025.xlsx,Персонал и оплата труда,карты,2,ФИО,фио,employee_name,Сотрудник,text,42,100.0,Да,HRIS / ЗУП,employee_id,Технический кандидат,Высокая,Candidate — needs owner approval,"Null rate, duplicate rate, cross-period stability, owner sign-off",HR,
KEY-0209,FILE-035,VER-019-003,ЗП за март 2025.xlsx,Персонал и оплата труда,Отчет Олейник,3,Описание работы,описание_работы,product_name,SKU,text,18,100.0,Да,MDM / PLM / ERP,canonical_sku,Технический кандидат,Высокая,Candidate — needs owner approval,"Null rate, duplicate rate, cross-period stability, owner sign-off",Продукт/коммерция,
KEY-0210,FILE-036,VER-019-009,ЗП за март 2026.xlsx,Персонал и оплата труда,окладники,1,2026-03-01 00:00:00,2026_03_01_00_00_00,unclassified,Не классифицировано,text,54,100.0,Да,Уточнить,,Технический кандидат,Высокая,Candidate — needs owner approval,"Null rate, duplicate rate, cross-period stability, owner sign-off",,
KEY-0211,FILE-036,VER-019-009,ЗП за март 2026.xlsx,Персонал и оплата труда,вышивальщицы,11,Выдан аванс,выдан_аванс,unclassified,Не классифицировано,number,14,100.0,Да,Уточнить,,Технический кандидат,Высокая,Candidate — needs owner approval,"Null rate, duplicate rate, cross-period stability, owner sign-off",,
KEY-0212,FILE-036,VER-019-009,ЗП за март 2026.xlsx,Персонал и оплата труда,ведомость мастера,1,2026-03-01 00:00:00 / Мастера,2026_03_01_00_00_00_мастера,unclassified,Не классифицировано,text,15,100.0,Да,Уточнить,,Технический кандидат,Высокая,Candidate — needs owner approval,"Null rate, duplicate rate, cross-period stability, owner sign-off",,
KEY-0213,FILE-036,VER-019-009,ЗП за март 2026.xlsx,Персонал и оплата труда,ведомость мастера,3,Сдельная оплата,сдельная_оплата,unclassified,Не классифицировано,number,15,100.0,Да,Уточнить,,Технический кандидат,Высокая,Candidate — needs owner approval,"Null rate, duplicate rate, cross-period stability, owner sign-off",,
KEY-0214,FILE-036,VER-019-009,ЗП за март 2026.xlsx,Персонал и оплата труда,ведомость мастера,11,"Итого, без бонуса",итого_без_бонуса,amount,Финансовая операция,number,15,100.0,Да,ERP / финансовый регистр,,Технический кандидат,Высокая,Candidate — needs owner approval,"Null rate, duplicate rate, cross-period stability, owner sign-off",,
KEY-0215,FILE-036,VER-019-009,ЗП за март 2026.xlsx,Персонал и оплата труда,ведомость мастера,13,Итого к выплате,итого_к_выплате,amount; salary,ФОТ; Финансовая операция,number,15,100.0,Да,ERP / финансовый регистр; ЗУП / ERP,,Технический кандидат,Высокая,Candidate — needs owner approval,"Null rate, duplicate rate, cross-period stability, owner sign-off",,
KEY-0216,FILE-036,VER-019-009,ЗП за март 2026.xlsx,Персонал и оплата труда,ведомость мастера,16,Итого на руки,итого_на_руки,amount,Финансовая операция,number,15,100.0,Да,ERP / финансовый регистр,,Технический кандидат,Высокая,Candidate — needs owner approval,"Null rate, duplicate rate, cross-period stability, owner sign-off",,
KEY-0217,FILE-036,VER-019-009,ЗП за март 2026.xlsx,Персонал и оплата труда,ведомость мастера,18,На руки по факту,на_руки_по_факту,budget_actual,Бюджет,number,10,100.0,Да,FP&A / BI,,Технический кандидат,Высокая,Candidate — needs owner approval,"Null rate, duplicate rate, cross-period stability, owner sign-off",,
KEY-0218,FILE-036,VER-019-009,ЗП за март 2026.xlsx,Персонал и оплата труда,карты,1,"Заработная плата, выданная на карты, за март 2026 / № п/п",заработная_плата_выданная_на_карты_за_март_2026_o_п_п,unclassified,Не классифицировано,number,46,100.0,Да,Уточнить,,Технический кандидат,Высокая,Candidate — needs owner approval,"Null rate, duplicate rate, cross-period stability, owner sign-off",,
KEY-0219,FILE-036,VER-019-009,ЗП за март 2026.xlsx,Персонал и оплата труда,карты,2,ФИО,фио,employee_name,Сотрудник,text,47,100.0,Да,HRIS / ЗУП,employee_id,Технический кандидат,Высокая,Candidate — needs owner approval,"Null rate, duplicate rate, cross-period stability, owner sign-off",HR,
KEY-0220,FILE-036,VER-019-009,ЗП за март 2026.xlsx,Персонал и оплата труда,табель,1,2026-03-01 00:00:00,2026_03_01_00_00_00,unclassified,Не классифицировано,number,61,100.0,Да,Уточнить,,Технический кандидат,Высокая,Candidate — needs owner approval,"Null rate, duplicate rate, cross-period stability, owner sign-off",,
KEY-0221,FILE-036,VER-019-009,ЗП за март 2026.xlsx,Персонал и оплата труда,Отчет Быкова Е.,4,Документы ИП Янина; сбор подписей,документы_ип_янина_сбор_подписей,document_id; legal_entity,Документ; Юридическое лицо,number,1,100.0,Да,DMS / ERP; MDM,document_id,Требует подтверждения владельца,Высокая,Candidate — needs owner approval,"Null rate, duplicate rate, cross-period stability, owner sign-off",,
KEY-0222,FILE-036,VER-019-009,ЗП за март 2026.xlsx,Персонал и оплата труда,ЗП новеньких,1,Алтунина Елена / Булгакова Анастасия,алтунина_елена_булгакова_анастасия,unclassified,Не классифицировано,text,17,100.0,Да,Уточнить,,Технический кандидат,Высокая,Candidate — needs owner approval,"Null rate, duplicate rate, cross-period stability, owner sign-off",,
KEY-0223,FILE-036,VER-019-009,ЗП за март 2026.xlsx,Персонал и оплата труда,ЗП новеньких,6,раб. С 17.02. / с 24 апр,раб_с_17_02_с_24_апр,unclassified,Не классифицировано,text,14,100.0,Да,Уточнить,,Технический кандидат,Высокая,Candidate — needs owner approval,"Null rate, duplicate rate, cross-period stability, owner sign-off",,
KEY-0224,FILE-037,VER-019-002,ЗП за февраль 2025.xlsx,Персонал и оплата труда,окладники,1,2025-02-01 00:00:00,2025_02_01_00_00_00,unclassified,Не классифицировано,text,48,100.0,Да,Уточнить,,Технический кандидат,Высокая,Candidate — needs owner approval,"Null rate, duplicate rate, cross-period stability, owner sign-off",,
KEY-0225,FILE-037,VER-019-002,ЗП за февраль 2025.xlsx,Персонал и оплата труда,ведомость мастера,1,2025-02-01 00:00:00 / Мастера,2025_02_01_00_00_00_мастера,unclassified,Не классифицировано,text,13,100.0,Да,Уточнить,,Технический кандидат,Высокая,Candidate — needs owner approval,"Null rate, duplicate rate, cross-period stability, owner sign-off",,
KEY-0226,FILE-037,VER-019-002,ЗП за февраль 2025.xlsx,Персонал и оплата труда,ведомость мастера,3,Сдельная оплата,сдельная_оплата,unclassified,Не классифицировано,number,13,100.0,Да,Уточнить,,Технический кандидат,Высокая,Candidate — needs owner approval,"Null rate, duplicate rate, cross-period stability, owner sign-off",,
KEY-0227,FILE-037,VER-019-002,ЗП за февраль 2025.xlsx,Персонал и оплата труда,ведомость мастера,10,"Итого, без бонуса",итого_без_бонуса,amount,Финансовая операция,number,13,100.0,Да,ERP / финансовый регистр,,Технический кандидат,Высокая,Candidate — needs owner approval,"Null rate, duplicate rate, cross-period stability, owner sign-off",,
KEY-0228,FILE-037,VER-019-002,ЗП за февраль 2025.xlsx,Персонал и оплата труда,ведомость мастера,12,Итого к выплате,итого_к_выплате,amount; salary,ФОТ; Финансовая операция,number,13,100.0,Да,ERP / финансовый регистр; ЗУП / ERP,,Технический кандидат,Высокая,Candidate — needs owner approval,"Null rate, duplicate rate, cross-period stability, owner sign-off",,
KEY-0229,FILE-037,VER-019-002,ЗП за февраль 2025.xlsx,Персонал и оплата труда,ведомость мастера,15,Итого на руки,итого_на_руки,amount,Финансовая операция,number,13,100.0,Да,ERP / финансовый регистр,,Технический кандидат,Высокая,Candidate — needs owner approval,"Null rate, duplicate rate, cross-period stability, owner sign-off",,
KEY-0230,FILE-037,VER-019-002,ЗП за февраль 2025.xlsx,Персонал и оплата труда,табель,1,2025-02-01 00:00:00,2025_02_01_00_00_00,unclassified,Не классифицировано,number,58,100.0,Да,Уточнить,,Технический кандидат,Высокая,Candidate — needs owner approval,"Null rate, duplicate rate, cross-period stability, owner sign-off",,
KEY-0231,FILE-037,VER-019-002,ЗП за февраль 2025.xlsx,Персонал и оплата труда,карты,1,"Заработная плата, выданная на карты, за февраль 2025 / № п/п",заработная_плата_выданная_на_карты_за_февраль_2025_o_п_п,unclassified,Не классифицировано,number,40,100.0,Да,Уточнить,,Технический кандидат,Высокая,Candidate — needs owner approval,"Null rate, duplicate rate, cross-period stability, owner sign-off",,
KEY-0232,FILE-037,VER-019-002,ЗП за февраль 2025.xlsx,Персонал и оплата труда,карты,2,ФИО,фио,employee_name,Сотрудник,text,41,100.0,Да,HRIS / ЗУП,employee_id,Технический кандидат,Высокая,Candidate — needs owner approval,"Null rate, duplicate rate, cross-period stability, owner sign-off",HR,
KEY-0233,FILE-038,VER-019-008,ЗП за февраль 2026.xlsx,Персонал и оплата труда,окладники,1,2026-02-01 00:00:00,2026_02_01_00_00_00,unclassified,Не классифицировано,text,53,100.0,Да,Уточнить,,Технический кандидат,Высокая,Candidate — needs owner approval,"Null rate, duplicate rate, cross-period stability, owner sign-off",,
KEY-0234,FILE-038,VER-019-008,ЗП за февраль 2026.xlsx,Персонал и оплата труда,окладники,11,Итого на руки,итого_на_руки,amount,Финансовая операция,number,41,100.0,Да,ERP / финансовый регистр,,Технический кандидат,Высокая,Candidate — needs owner approval,"Null rate, duplicate rate, cross-period stability, owner sign-off",,
KEY-0235,FILE-038,VER-019-008,ЗП за февраль 2026.xlsx,Персонал и оплата труда,окладники,14,Примечание,примечание,comment,Комментарий,text,22,100.0,Да,В контексте первичного регистра,,Технический кандидат,Высокая,Candidate — needs owner approval,"Null rate, duplicate rate, cross-period stability, owner sign-off",,
KEY-0236,FILE-038,VER-019-008,ЗП за февраль 2026.xlsx,Персонал и оплата труда,ведомость мастера,1,2026-02-01 00:00:00 / Мастера,2026_02_01_00_00_00_мастера,unclassified,Не классифицировано,text,15,100.0,Да,Уточнить,,Технический кандидат,Высокая,Candidate — needs owner approval,"Null rate, duplicate rate, cross-period stability, owner sign-off",,
KEY-0237,FILE-038,VER-019-008,ЗП за февраль 2026.xlsx,Персонал и оплата труда,ведомость мастера,3,Сдельная оплата,сдельная_оплата,unclassified,Не классифицировано,number,15,100.0,Да,Уточнить,,Технический кандидат,Высокая,Candidate — needs owner approval,"Null rate, duplicate rate, cross-period stability, owner sign-off",,
KEY-0238,FILE-038,VER-019-008,ЗП за февраль 2026.xlsx,Персонал и оплата труда,ведомость мастера,11,"Итого, без бонуса",итого_без_бонуса,amount,Финансовая операция,number,15,100.0,Да,ERP / финансовый регистр,,Технический кандидат,Высокая,Candidate — needs owner approval,"Null rate, duplicate rate, cross-period stability, owner sign-off",,
KEY-0239,FILE-038,VER-019-008,ЗП за февраль 2026.xlsx,Персонал и оплата труда,ведомость мастера,13,Итого к выплате,итого_к_выплате,amount; salary,ФОТ; Финансовая операция,number,15,100.0,Да,ERP / финансовый регистр; ЗУП / ERP,,Технический кандидат,Высокая,Candidate — needs owner approval,"Null rate, duplicate rate, cross-period stability, owner sign-off",,
KEY-0240,FILE-038,VER-019-008,ЗП за февраль 2026.xlsx,Персонал и оплата труда,ведомость мастера,16,Итого на руки,итого_на_руки,amount,Финансовая операция,number,15,100.0,Да,ERP / финансовый регистр,,Технический кандидат,Высокая,Candidate — needs owner approval,"Null rate, duplicate rate, cross-period stability, owner sign-off",,
KEY-0241,FILE-038,VER-019-008,ЗП за февраль 2026.xlsx,Персонал и оплата труда,табель,1,2026-02-01 00:00:00,2026_02_01_00_00_00,unclassified,Не классифицировано,number,70,100.0,Да,Уточнить,,Технический кандидат,Высокая,Candidate — needs owner approval,"Null rate, duplicate rate, cross-period stability, owner sign-off",,
KEY-0242,FILE-038,VER-019-008,ЗП за февраль 2026.xlsx,Персонал и оплата труда,карты,1,"Заработная плата, выданная на карты, за февраль 2026 / № п/п",заработная_плата_выданная_на_карты_за_февраль_2026_o_п_п,unclassified,Не классифицировано,number,45,100.0,Да,Уточнить,,Технический кандидат,Высокая,Candidate — needs owner approval,"Null rate, duplicate rate, cross-period stability, owner sign-off",,
KEY-0243,FILE-038,VER-019-008,ЗП за февраль 2026.xlsx,Персонал и оплата труда,карты,2,ФИО,фио,employee_name,Сотрудник,text,46,100.0,Да,HRIS / ЗУП,employee_id,Технический кандидат,Высокая,Candidate — needs owner approval,"Null rate, duplicate rate, cross-period stability, owner sign-off",HR,
KEY-0244,FILE-038,VER-019-008,ЗП за февраль 2026.xlsx,Персонал и оплата труда,ЗП новеньких,1,Алтунина Елена / Булгакова Анастасия,алтунина_елена_булгакова_анастасия,unclassified,Не классифицировано,text,16,100.0,Да,Уточнить,,Технический кандидат,Высокая,Candidate — needs owner approval,"Null rate, duplicate rate, cross-period stability, owner sign-off",,
KEY-0245,FILE-038,VER-019-008,ЗП за февраль 2026.xlsx,Персонал и оплата труда,ЗП новеньких,6,раб. С 17.02. / с 24 апр,раб_с_17_02_с_24_апр,unclassified,Не классифицировано,text,13,100.0,Да,Уточнить,,Технический кандидат,Высокая,Candidate — needs owner approval,"Null rate, duplicate rate, cross-period stability, owner sign-off",,
KEY-0246,FILE-039,VER-019-001,ЗП за январь 2025.xlsx,Персонал и оплата труда,Распределение,7,МД,мд,unclassified,Не классифицировано,number,10,100.0,Да,Уточнить,,Технический кандидат,Высокая,Candidate — needs owner approval,"Null rate, duplicate rate, cross-period stability, owner sign-off",,
KEY-0247,FILE-039,VER-019-001,ЗП за январь 2025.xlsx,Персонал и оплата труда,окладники,1,2025-01-01 00:00:00,2025_01_01_00_00_00,unclassified,Не классифицировано,text,46,100.0,Да,Уточнить,,Технический кандидат,Высокая,Candidate — needs owner approval,"Null rate, duplicate rate, cross-period stability, owner sign-off",,
KEY-0248,FILE-039,VER-019-001,ЗП за январь 2025.xlsx,Персонал и оплата труда,ведомость мастера,1,2025-01-01 00:00:00 / Мастера,2025_01_01_00_00_00_мастера,unclassified,Не классифицировано,text,13,100.0,Да,Уточнить,,Технический кандидат,Высокая,Candidate — needs owner approval,"Null rate, duplicate rate, cross-period stability, owner sign-off",,
KEY-0249,FILE-039,VER-019-001,ЗП за январь 2025.xlsx,Персонал и оплата труда,ведомость мастера,3,Сдельная оплата,сдельная_оплата,unclassified,Не классифицировано,number,13,100.0,Да,Уточнить,,Технический кандидат,Высокая,Candidate — needs owner approval,"Null rate, duplicate rate, cross-period stability, owner sign-off",,
KEY-0250,FILE-039,VER-019-001,ЗП за январь 2025.xlsx,Персонал и оплата труда,ведомость мастера,10,"Итого, без бонуса",итого_без_бонуса,amount,Финансовая операция,number,13,100.0,Да,ERP / финансовый регистр,,Технический кандидат,Высокая,Candidate — needs owner approval,"Null rate, duplicate rate, cross-period stability, owner sign-off",,
KEY-0251,FILE-039,VER-019-001,ЗП за январь 2025.xlsx,Персонал и оплата труда,ведомость мастера,12,Итого к выплате,итого_к_выплате,amount; salary,ФОТ; Финансовая операция,number,13,100.0,Да,ERP / финансовый регистр; ЗУП / ERP,,Технический кандидат,Высокая,Candidate — needs owner approval,"Null rate, duplicate rate, cross-period stability, owner sign-off",,
KEY-0252,FILE-039,VER-019-001,ЗП за январь 2025.xlsx,Персонал и оплата труда,ведомость мастера,15,Итого на руки,итого_на_руки,amount,Финансовая операция,number,13,100.0,Да,ERP / финансовый регистр,,Технический кандидат,Высокая,Candidate — needs owner approval,"Null rate, duplicate rate, cross-period stability, owner sign-off",,
KEY-0253,FILE-039,VER-019-001,ЗП за январь 2025.xlsx,Персонал и оплата труда,ведомость мастера,16,На руки по факту,на_руки_по_факту,budget_actual,Бюджет,number,13,100.0,Да,FP&A / BI,,Технический кандидат,Высокая,Candidate — needs owner approval,"Null rate, duplicate rate, cross-period stability, owner sign-off",,
KEY-0254,FILE-039,VER-019-001,ЗП за январь 2025.xlsx,Персонал и оплата труда,Олейник,3,Описание работы,описание_работы,product_name,SKU,text,20,100.0,Да,MDM / PLM / ERP,canonical_sku,Технический кандидат,Высокая,Candidate — needs owner approval,"Null rate, duplicate rate, cross-period stability, owner sign-off",Продукт/коммерция,
KEY-0255,FILE-039,VER-019-001,ЗП за январь 2025.xlsx,Персонал и оплата труда,карты,1,"Заработная плата, выданная на карты, за январь 2025 / № п/п",заработная_плата_выданная_на_карты_за_январь_2025_o_п_п,unclassified,Не классифицировано,number,39,100.0,Да,Уточнить,,Технический кандидат,Высокая,Candidate — needs owner approval,"Null rate, duplicate rate, cross-period stability, owner sign-off",,
KEY-0256,FILE-039,VER-019-001,ЗП за январь 2025.xlsx,Персонал и оплата труда,карты,2,ФИО,фио,employee_name,Сотрудник,text,40,100.0,Да,HRIS / ЗУП,employee_id,Технический кандидат,Высокая,Candidate — needs owner approval,"Null rate, duplicate rate, cross-period stability, owner sign-off",HR,
KEY-0257,FILE-039,VER-019-001,ЗП за январь 2025.xlsx,Персонал и оплата труда,Отчет Салахова,6,отгружено,отгружено,unclassified,Не классифицировано,number,20,100.0,Да,Уточнить,,Технический кандидат,Высокая,Candidate — needs owner approval,"Null rate, duplicate rate, cross-period stability, owner sign-off",,
KEY-0258,FILE-040,VER-019-007,ЗП за январь 2026.xlsx,Персонал и оплата труда,окладники,1,2026-01-01 00:00:00,2026_01_01_00_00_00,unclassified,Не классифицировано,text,53,100.0,Да,Уточнить,,Технический кандидат,Высокая,Candidate — needs owner approval,"Null rate, duplicate rate, cross-period stability, owner sign-off",,
KEY-0259,FILE-040,VER-019-007,ЗП за январь 2026.xlsx,Персонал и оплата труда,ведомость мастера,1,2026-01-01 00:00:00 / Мастера,2026_01_01_00_00_00_мастера,unclassified,Не классифицировано,text,15,100.0,Да,Уточнить,,Технический кандидат,Высокая,Candidate — needs owner approval,"Null rate, duplicate rate, cross-period stability, owner sign-off",,
KEY-0260,FILE-040,VER-019-007,ЗП за январь 2026.xlsx,Персонал и оплата труда,ведомость мастера,3,Сдельная оплата,сдельная_оплата,unclassified,Не классифицировано,number,15,100.0,Да,Уточнить,,Технический кандидат,Высокая,Candidate — needs owner approval,"Null rate, duplicate rate, cross-period stability, owner sign-off",,
KEY-0261,FILE-040,VER-019-007,ЗП за январь 2026.xlsx,Персонал и оплата труда,ведомость мастера,11,"Итого, без бонуса",итого_без_бонуса,amount,Финансовая операция,number,15,100.0,Да,ERP / финансовый регистр,,Технический кандидат,Высокая,Candidate — needs owner approval,"Null rate, duplicate rate, cross-period stability, owner sign-off",,
KEY-0262,FILE-040,VER-019-007,ЗП за январь 2026.xlsx,Персонал и оплата труда,ведомость мастера,13,Итого к выплате,итого_к_выплате,amount; salary,ФОТ; Финансовая операция,number,15,100.0,Да,ERP / финансовый регистр; ЗУП / ERP,,Технический кандидат,Высокая,Candidate — needs owner approval,"Null rate, duplicate rate, cross-period stability, owner sign-off",,
KEY-0263,FILE-040,VER-019-007,ЗП за январь 2026.xlsx,Персонал и оплата труда,ведомость мастера,16,Итого на руки,итого_на_руки,amount,Финансовая операция,number,15,100.0,Да,ERP / финансовый регистр,,Технический кандидат,Высокая,Candidate — needs owner approval,"Null rate, duplicate rate, cross-period stability, owner sign-off",,
KEY-0264,FILE-040,VER-019-007,ЗП за январь 2026.xlsx,Персонал и оплата труда,карты,1,"Заработная плата, выданная на карты, за январь 2026 / № п/п",заработная_плата_выданная_на_карты_за_январь_2026_o_п_п,unclassified,Не классифицировано,number,45,100.0,Да,Уточнить,,Технический кандидат,Высокая,Candidate — needs owner approval,"Null rate, duplicate rate, cross-period stability, owner sign-off",,
KEY-0265,FILE-040,VER-019-007,ЗП за январь 2026.xlsx,Персонал и оплата труда,карты,2,ФИО,фио,employee_name,Сотрудник,text,46,100.0,Да,HRIS / ЗУП,employee_id,Технический кандидат,Высокая,Candidate — needs owner approval,"Null rate, duplicate rate, cross-period stability, owner sign-off",HR,
KEY-0266,FILE-040,VER-019-007,ЗП за январь 2026.xlsx,Персонал и оплата труда,табель,1,2026-01-01 00:00:00,2026_01_01_00_00_00,unclassified,Не классифицировано,number,70,100.0,Да,Уточнить,,Технический кандидат,Высокая,Candidate — needs owner approval,"Null rate, duplicate rate, cross-period stability, owner sign-off",,
KEY-0267,FILE-040,VER-019-007,ЗП за январь 2026.xlsx,Персонал и оплата труда,табель,37,Примечание,примечание,comment,Комментарий,text,13,100.0,Да,В контексте первичного регистра,,Технический кандидат,Высокая,Candidate — needs owner approval,"Null rate, duplicate rate, cross-period stability, owner sign-off",,
KEY-0268,FILE-040,VER-019-007,ЗП за январь 2026.xlsx,Персонал и оплата труда,Новикова,3,"ДМ сбор коллекции к отправке, коммуникация",дм_сбор_коллекции_к_отправке_коммуникация,collection_id; unit,Коллекция; Материал,text,3,100.0,Да,ERP / WMS; PLM,collection_id,Требует подтверждения владельца,Высокая,Candidate — needs owner approval,"Null rate, duplicate rate, cross-period stability, owner sign-off",,
KEY-0269,FILE-040,VER-019-007,ЗП за январь 2026.xlsx,Персонал и оплата труда,ЗП новеньких,1,Алтунина Елена / Булгакова Анастасия,алтунина_елена_булгакова_анастасия,unclassified,Не классифицировано,text,15,100.0,Да,Уточнить,,Технический кандидат,Высокая,Candidate — needs owner approval,"Null rate, duplicate rate, cross-period stability, owner sign-off",,
KEY-0270,FILE-040,VER-019-007,ЗП за январь 2026.xlsx,Персонал и оплата труда,ЗП новеньких,6,раб. С 17.02. / с 24 апр,раб_с_17_02_с_24_апр,unclassified,Не классифицировано,text,12,100.0,Да,Уточнить,,Технический кандидат,Высокая,Candidate — needs owner approval,"Null rate, duplicate rate, cross-period stability, owner sign-off",,
KEY-0271,FILE-041,VER-035-001,зп_конструкторы_01.26.xlsx,Персонал и оплата труда,констр 09.24 старый,1,ФИО,фио,employee_name,Сотрудник,text,10,100.0,Да,HRIS / ЗУП,employee_id,Технический кандидат,Высокая,Candidate — needs owner approval,"Null rate, duplicate rate, cross-period stability, owner sign-off",HR,
KEY-0272,FILE-041,VER-035-001,зп_конструкторы_01.26.xlsx,Персонал и оплата труда,сметк 01.25,1,Посысаева Наталья / № п/п,посысаева_наталья_o_п_п,unclassified,Не классифицировано,number,33,100.0,Да,Уточнить,,Технический кандидат,Высокая,Candidate — needs owner approval,"Null rate, duplicate rate, cross-period stability, owner sign-off",,
KEY-0273,FILE-041,VER-035-001,зп_конструкторы_01.26.xlsx,Персонал и оплата труда,сметк 01.25,3,Ткань,ткань,material_id,Материал,text,30,73.3,Да,ERP / WMS,material_id,Требует подтверждения владельца,Низкая,Quarantine — not unique enough,"Null rate, duplicate rate, cross-period stability, owner sign-off",Закупки/склад,
KEY-0274,FILE-041,VER-035-001,зп_конструкторы_01.26.xlsx,Персонал и оплата труда,сметк 01.25,6,Заказчик,заказчик,customer,Клиент,text,40,60.0,Да,CRM,customer,Требует подтверждения владельца,Низкая,Quarantine — not unique enough,"Null rate, duplicate rate, cross-period stability, owner sign-off",,
KEY-0275,FILE-042,VER-036-001,зп_конструкторы_02.26.xlsx,Персонал и оплата труда,констр 09.24 старый,1,ФИО,фио,employee_name,Сотрудник,text,10,100.0,Да,HRIS / ЗУП,employee_id,Технический кандидат,Высокая,Candidate — needs owner approval,"Null rate, duplicate rate, cross-period stability, owner sign-off",HR,
KEY-0276,FILE-042,VER-036-001,зп_конструкторы_02.26.xlsx,Персонал и оплата труда,сметк 01.25,1,Посысаева Наталья / № п/п,посысаева_наталья_o_п_п,unclassified,Не классифицировано,number,33,100.0,Да,Уточнить,,Технический кандидат,Высокая,Candidate — needs owner approval,"Null rate, duplicate rate, cross-period stability, owner sign-off",,
KEY-0277,FILE-042,VER-036-001,зп_конструкторы_02.26.xlsx,Персонал и оплата труда,сметк 01.25,3,Ткань,ткань,material_id,Материал,text,30,73.3,Да,ERP / WMS,material_id,Требует подтверждения владельца,Низкая,Quarantine — not unique enough,"Null rate, duplicate rate, cross-period stability, owner sign-off",Закупки/склад,
KEY-0278,FILE-042,VER-036-001,зп_конструкторы_02.26.xlsx,Персонал и оплата труда,сметк 01.25,6,Заказчик,заказчик,customer,Клиент,text,40,60.0,Да,CRM,customer,Требует подтверждения владельца,Низкая,Quarantine — not unique enough,"Null rate, duplicate rate, cross-period stability, owner sign-off",,
KEY-0279,FILE-043,VER-037-001,зп_конструкторы_03.26.xlsx,Персонал и оплата труда,констр 09.24 старый,1,ФИО,фио,employee_name,Сотрудник,text,10,100.0,Да,HRIS / ЗУП,employee_id,Технический кандидат,Высокая,Candidate — needs owner approval,"Null rate, duplicate rate, cross-period stability, owner sign-off",HR,
KEY-0280,FILE-043,VER-037-001,зп_конструкторы_03.26.xlsx,Персонал и оплата труда,сметк 01.25,1,Посысаева Наталья / № п/п,посысаева_наталья_o_п_п,unclassified,Не классифицировано,number,33,100.0,Да,Уточнить,,Технический кандидат,Высокая,Candidate — needs owner approval,"Null rate, duplicate rate, cross-period stability, owner sign-off",,
KEY-0281,FILE-043,VER-037-001,зп_конструкторы_03.26.xlsx,Персонал и оплата труда,сметк 01.25,3,Ткань,ткань,material_id,Материал,text,30,73.3,Да,ERP / WMS,material_id,Требует подтверждения владельца,Низкая,Quarantine — not unique enough,"Null rate, duplicate rate, cross-period stability, owner sign-off",Закупки/склад,
KEY-0282,FILE-043,VER-037-001,зп_конструкторы_03.26.xlsx,Персонал и оплата труда,сметк 01.25,6,Заказчик,заказчик,customer,Клиент,text,40,60.0,Да,CRM,customer,Требует подтверждения владельца,Низкая,Quarantine — not unique enough,"Null rate, duplicate rate, cross-period stability, owner sign-off",,
KEY-0283,FILE-044,VER-038-001,зп_конструкторы_04.26.xlsx,Персонал и оплата труда,констр 09.24 старый,1,ФИО,фио,employee_name,Сотрудник,text,10,100.0,Да,HRIS / ЗУП,employee_id,Технический кандидат,Высокая,Candidate — needs owner approval,"Null rate, duplicate rate, cross-period stability, owner sign-off",HR,
KEY-0284,FILE-044,VER-038-001,зп_конструкторы_04.26.xlsx,Персонал и оплата труда,сметк 01.25,1,Посысаева Наталья / № п/п,посысаева_наталья_o_п_п,unclassified,Не классифицировано,number,33,100.0,Да,Уточнить,,Технический кандидат,Высокая,Candidate — needs owner approval,"Null rate, duplicate rate, cross-period stability, owner sign-off",,
KEY-0285,FILE-044,VER-038-001,зп_конструкторы_04.26.xlsx,Персонал и оплата труда,сметк 01.25,3,Ткань,ткань,material_id,Материал,text,30,73.3,Да,ERP / WMS,material_id,Требует подтверждения владельца,Низкая,Quarantine — not unique enough,"Null rate, duplicate rate, cross-period stability, owner sign-off",Закупки/склад,
KEY-0286,FILE-044,VER-038-001,зп_конструкторы_04.26.xlsx,Персонал и оплата труда,сметк 01.25,6,Заказчик,заказчик,customer,Клиент,text,40,60.0,Да,CRM,customer,Требует подтверждения владельца,Низкая,Quarantine — not unique enough,"Null rate, duplicate rate, cross-period stability, owner sign-off",,
KEY-0287,FILE-045,VER-039-001,зп_конструкторы_05.26.xlsx,Персонал и оплата труда,констр 09.24 старый,1,ФИО,фио,employee_name,Сотрудник,text,10,100.0,Да,HRIS / ЗУП,employee_id,Технический кандидат,Высокая,Candidate — needs owner approval,"Null rate, duplicate rate, cross-period stability, owner sign-off",HR,
KEY-0288,FILE-045,VER-039-001,зп_конструкторы_05.26.xlsx,Персонал и оплата труда,сметк 01.25,1,Посысаева Наталья / № п/п,посысаева_наталья_o_п_п,unclassified,Не классифицировано,number,33,100.0,Да,Уточнить,,Технический кандидат,Высокая,Candidate — needs owner approval,"Null rate, duplicate rate, cross-period stability, owner sign-off",,
KEY-0289,FILE-045,VER-039-001,зп_конструкторы_05.26.xlsx,Персонал и оплата труда,сметк 01.25,3,Ткань,ткань,material_id,Материал,text,30,73.3,Да,ERP / WMS,material_id,Требует подтверждения владельца,Низкая,Quarantine — not unique enough,"Null rate, duplicate rate, cross-period stability, owner sign-off",Закупки/склад,
KEY-0290,FILE-045,VER-039-001,зп_конструкторы_05.26.xlsx,Персонал и оплата труда,сметк 01.25,6,Заказчик,заказчик,customer,Клиент,text,40,60.0,Да,CRM,customer,Требует подтверждения владельца,Низкая,Quarantine — not unique enough,"Null rate, duplicate rate, cross-period stability, owner sign-off",,
KEY-0291,FILE-046,VER-040-001,ЗП_ЦЕХ 01.26.xlsx,Персонал и оплата труда,портн 01.26,4,Ткань,ткань,material_id,Материал,text,132,59.1,Да,ERP / WMS,material_id,Требует подтверждения владельца,Низкая,Quarantine — not unique enough,"Null rate, duplicate rate, cross-period stability, owner sign-off",Закупки/склад,
KEY-0292,FILE-046,VER-040-001,ЗП_ЦЕХ 01.26.xlsx,Персонал и оплата труда,портн 01.26,7,Заказчик,заказчик,customer,Клиент,text,130,20.8,Да,CRM,customer,Требует подтверждения владельца,Низкая,Quarantine — not unique enough,"Null rate, duplicate rate, cross-period stability, owner sign-off",,
KEY-0293,FILE-046,VER-040-001,ЗП_ЦЕХ 01.26.xlsx,Персонал и оплата труда,сметка 01.26,1,Посысаева Наталья / № п/п,посысаева_наталья_o_п_п,unclassified,Не классифицировано,number,30,100.0,Да,Уточнить,,Технический кандидат,Высокая,Candidate — needs owner approval,"Null rate, duplicate rate, cross-period stability, owner sign-off",,
KEY-0294,FILE-046,VER-040-001,ЗП_ЦЕХ 01.26.xlsx,Персонал и оплата труда,сметка 01.26,3,Ткань,ткань,material_id,Материал,text,29,62.1,Да,ERP / WMS,material_id,Требует подтверждения владельца,Низкая,Quarantine — not unique enough,"Null rate, duplicate rate, cross-period stability, owner sign-off",Закупки/склад,
KEY-0295,FILE-046,VER-040-001,ЗП_ЦЕХ 01.26.xlsx,Персонал и оплата труда,сметка 01.26,6,Заказчик,заказчик,customer,Клиент,text,35,68.6,Да,CRM,customer,Требует подтверждения владельца,Низкая,Quarantine — not unique enough,"Null rate, duplicate rate, cross-period stability, owner sign-off",,
KEY-0296,FILE-047,VER-041-001,ЗП_ЦЕХ 02.26.xlsx,Персонал и оплата труда,портн 02.26,4,Ткань,ткань,material_id,Материал,text,113,64.6,Да,ERP / WMS,material_id,Требует подтверждения владельца,Низкая,Quarantine — not unique enough,"Null rate, duplicate rate, cross-period stability, owner sign-off",Закупки/склад,
KEY-0297,FILE-047,VER-041-001,ЗП_ЦЕХ 02.26.xlsx,Персонал и оплата труда,портн 02.26,7,Заказчик,заказчик,customer,Клиент,text,115,32.2,Да,CRM,customer,Требует подтверждения владельца,Низкая,Quarantine — not unique enough,"Null rate, duplicate rate, cross-period stability, owner sign-off",,
KEY-0298,FILE-047,VER-041-001,ЗП_ЦЕХ 02.26.xlsx,Персонал и оплата труда,сметка 02.26,1,Посысаева Наталья / № п/п,посысаева_наталья_o_п_п,unclassified,Не классифицировано,number,31,100.0,Да,Уточнить,,Технический кандидат,Высокая,Candidate — needs owner approval,"Null rate, duplicate rate, cross-period stability, owner sign-off",,
KEY-0299,FILE-047,VER-041-001,ЗП_ЦЕХ 02.26.xlsx,Персонал и оплата труда,сметка 02.26,3,Ткань,ткань,material_id,Материал,text,28,67.9,Да,ERP / WMS,material_id,Требует подтверждения владельца,Низкая,Quarantine — not unique enough,"Null rate, duplicate rate, cross-period stability, owner sign-off",Закупки/склад,
KEY-0300,FILE-047,VER-041-001,ЗП_ЦЕХ 02.26.xlsx,Персонал и оплата труда,сметка 02.26,6,Заказчик,заказчик,customer,Клиент,text,32,65.6,Да,CRM,customer,Требует подтверждения владельца,Низкая,Quarantine — not unique enough,"Null rate, duplicate rate, cross-period stability, owner sign-off",,
KEY-0301,FILE-048,VER-042-001,ЗП_ЦЕХ 03.26.xlsx,Персонал и оплата труда,портн 03.26,4,Ткань,ткань,material_id,Материал,text,178,66.3,Да,ERP / WMS,material_id,Требует подтверждения владельца,Низкая,Quarantine — not unique enough,"Null rate, duplicate rate, cross-period stability, owner sign-off",Закупки/склад,
KEY-0302,FILE-048,VER-042-001,ЗП_ЦЕХ 03.26.xlsx,Персонал и оплата труда,портн 03.26,7,Заказчик,заказчик,customer,Клиент,text,165,25.5,Да,CRM,customer,Требует подтверждения владельца,Низкая,Quarantine — not unique enough,"Null rate, duplicate rate, cross-period stability, owner sign-off",,
KEY-0303,FILE-048,VER-042-001,ЗП_ЦЕХ 03.26.xlsx,Персонал и оплата труда,сметка 03.26,1,Посысаева Наталья / № п/п,посысаева_наталья_o_п_п,unclassified,Не классифицировано,number,26,100.0,Да,Уточнить,,Технический кандидат,Высокая,Candidate — needs owner approval,"Null rate, duplicate rate, cross-period stability, owner sign-off",,
KEY-0304,FILE-048,VER-042-001,ЗП_ЦЕХ 03.26.xlsx,Персонал и оплата труда,сметка 03.26,3,Ткань,ткань,material_id,Материал,text,24,79.2,Да,ERP / WMS,material_id,Требует подтверждения владельца,Низкая,Quarantine — not unique enough,"Null rate, duplicate rate, cross-period stability, owner sign-off",Закупки/склад,
KEY-0305,FILE-048,VER-042-001,ЗП_ЦЕХ 03.26.xlsx,Персонал и оплата труда,сметка 03.26,6,Заказчик,заказчик,customer,Клиент,text,29,72.4,Да,CRM,customer,Требует подтверждения владельца,Низкая,Quarantine — not unique enough,"Null rate, duplicate rate, cross-period stability, owner sign-off",,
KEY-0306,FILE-049,VER-043-001,ЗП_ЦЕХ 04.26.xlsx,Персонал и оплата труда,портн 04.26,4,Ткань,ткань,material_id,Материал,text,164,62.8,Да,ERP / WMS,material_id,Требует подтверждения владельца,Низкая,Quarantine — not unique enough,"Null rate, duplicate rate, cross-period stability, owner sign-off",Закупки/склад,
KEY-0307,FILE-049,VER-043-001,ЗП_ЦЕХ 04.26.xlsx,Персонал и оплата труда,портн 04.26,7,Заказчик,заказчик,customer,Клиент,text,161,31.1,Да,CRM,customer,Требует подтверждения владельца,Низкая,Quarantine — not unique enough,"Null rate, duplicate rate, cross-period stability, owner sign-off",,
KEY-0308,FILE-049,VER-043-001,ЗП_ЦЕХ 04.26.xlsx,Персонал и оплата труда,сметка 04.26,1,Посысаева Наталья / № п/п,посысаева_наталья_o_п_п,unclassified,Не классифицировано,number,31,100.0,Да,Уточнить,,Технический кандидат,Высокая,Candidate — needs owner approval,"Null rate, duplicate rate, cross-period stability, owner sign-off",,
KEY-0309,FILE-049,VER-043-001,ЗП_ЦЕХ 04.26.xlsx,Персонал и оплата труда,сметка 04.26,3,Ткань,ткань,material_id,Материал,text,31,74.2,Да,ERP / WMS,material_id,Требует подтверждения владельца,Низкая,Quarantine — not unique enough,"Null rate, duplicate rate, cross-period stability, owner sign-off",Закупки/склад,
KEY-0310,FILE-049,VER-043-001,ЗП_ЦЕХ 04.26.xlsx,Персонал и оплата труда,сметка 04.26,6,Заказчик,заказчик,customer,Клиент,text,35,57.1,Да,CRM,customer,Требует подтверждения владельца,Низкая,Quarantine — not unique enough,"Null rate, duplicate rate, cross-period stability, owner sign-off",,
KEY-0311,FILE-050,VER-044-001,ЗП_ЦЕХ 05.26.xlsx,Персонал и оплата труда,портн 05.26,4,Ткань,ткань,material_id,Материал,text,155,62.6,Да,ERP / WMS,material_id,Требует подтверждения владельца,Низкая,Quarantine — not unique enough,"Null rate, duplicate rate, cross-period stability, owner sign-off",Закупки/склад,
KEY-0312,FILE-050,VER-044-001,ЗП_ЦЕХ 05.26.xlsx,Персонал и оплата труда,портн 05.26,7,Заказчик,заказчик,customer,Клиент,text,160,30.6,Да,CRM,customer,Требует подтверждения владельца,Низкая,Quarantine — not unique enough,"Null rate, duplicate rate, cross-period stability, owner sign-off",,
KEY-0313,FILE-050,VER-044-001,ЗП_ЦЕХ 05.26.xlsx,Персонал и оплата труда,сметка 05.26,1,Посысаева Наталья / № п/п,посысаева_наталья_o_п_п,unclassified,Не классифицировано,number,41,100.0,Да,Уточнить,,Технический кандидат,Высокая,Candidate — needs owner approval,"Null rate, duplicate rate, cross-period stability, owner sign-off",,
KEY-0314,FILE-050,VER-044-001,ЗП_ЦЕХ 05.26.xlsx,Персонал и оплата труда,сметка 05.26,3,Ткань,ткань,material_id,Материал,text,41,78.0,Да,ERP / WMS,material_id,Требует подтверждения владельца,Низкая,Quarantine — not unique enough,"Null rate, duplicate rate, cross-period stability, owner sign-off",Закупки/склад,
KEY-0315,FILE-050,VER-044-001,ЗП_ЦЕХ 05.26.xlsx,Персонал и оплата труда,сметка 05.26,6,Заказчик,заказчик,customer,Клиент,text,46,47.8,Да,CRM,customer,Требует подтверждения владельца,Низкая,Quarantine — not unique enough,"Null rate, duplicate rate, cross-period stability, owner sign-off",,
KEY-0316,FILE-051,VER-045-001,МД — копия.xlsx,Себестоимость и производство,салон,1,клиент,клиент,customer,Клиент,text,357,100.0,Да,CRM,customer,Требует подтверждения владельца,Высокая,Candidate — needs owner approval,"Null rate, duplicate rate, cross-period stability, owner sign-off",,
KEY-0317,FILE-051,VER-045-001,МД — копия.xlsx,Себестоимость и производство,салон,2,артикул,артикул,sku,SKU,text,2813,89.8,Да,MDM / PLM / ERP,sku,Требует подтверждения владельца,Низкая,Quarantine — not unique enough,"Null rate, duplicate rate, cross-period stability, owner sign-off",Продукт/коммерция,
KEY-0318,FILE-051,VER-045-001,МД — копия.xlsx,Себестоимость и производство,салон,3,описание,описание,product_name,SKU,text,4547,100.0,Да,MDM / PLM / ERP,canonical_sku,Технический кандидат,Высокая,Candidate — needs owner approval,"Null rate, duplicate rate, cross-period stability, owner sign-off",Продукт/коммерция,
KEY-0319,FILE-051,VER-045-001,МД — копия.xlsx,Себестоимость и производство,маг,1,артикул,артикул,sku,SKU,text,10358,100.0,Да,MDM / PLM / ERP,sku,Требует подтверждения владельца,Высокая,Candidate — needs owner approval,"Null rate, duplicate rate, cross-period stability, owner sign-off",Продукт/коммерция,
KEY-0320,FILE-051,VER-045-001,МД — копия.xlsx,Себестоимость и производство,маг,6,клиент,клиент,customer,Клиент,text,11089,61.2,Да,CRM,customer,Требует подтверждения владельца,Низкая,Quarantine — not unique enough,"Null rate, duplicate rate, cross-period stability, owner sign-off",,
KEY-0321,FILE-051,VER-045-001,МД — копия.xlsx,Себестоимость и производство,финансы,1,Клиент,клиент,customer,Клиент,text,465,100.0,Да,CRM,customer,Требует подтверждения владельца,Высокая,Candidate — needs owner approval,"Null rate, duplicate rate, cross-period stability, owner sign-off",,
KEY-0322,FILE-051,VER-045-001,МД — копия.xlsx,Себестоимость и производство,финансы,2,Дата платежа,дата_платежа,payment_id; operation_date,Платёж,date,6579,100.0,Да,Клиент-банк / ERP,payment_id,Требует подтверждения владельца,Высокая,Candidate — needs owner approval,"Null rate, duplicate rate, cross-period stability, owner sign-off",,
KEY-0323,FILE-051,VER-045-001,МД — копия.xlsx,Себестоимость и производство,финансы,3,"Сумма платежа, евро",сумма_платежа_евро,payment_id; amount,Платёж; Финансовая операция,number,2653,88.1,Да,ERP / финансовый регистр; Клиент-банк / ERP,payment_id,Требует подтверждения владельца,Низкая,Quarantine — not unique enough,"Null rate, duplicate rate, cross-period stability, owner sign-off",,
KEY-0324,FILE-051,VER-045-001,МД — копия.xlsx,Себестоимость и производство,финансы,10,"Остаток, евро",остаток_евро,stock,Остаток,number,11998,100.0,Да,WMS / ERP,,Технический кандидат,Высокая,Candidate — needs owner approval,"Null rate, duplicate rate, cross-period stability, owner sign-off",,
KEY-0325,FILE-057,VER-024-001,Продажи ЦУМ 2024.xlsx,Продажи и каналы,Лист1,7,Артикул,артикул,sku,SKU,text,329,37.4,Да,MDM / PLM / ERP,sku,Требует подтверждения владельца,Низкая,Quarantine — not unique enough,"Null rate, duplicate rate, cross-period stability, owner sign-off",Продукт/коммерция,
KEY-0326,FILE-058,VER-024-002,Продажи ЦУМ 2025.xlsx,Продажи и каналы,Лист1,7,Артикул,артикул,sku,SKU,text,328,42.1,Да,MDM / PLM / ERP,sku,Требует подтверждения владельца,Низкая,Quarantine — not unique enough,"Null rate, duplicate rate, cross-period stability, owner sign-off",Продукт/коммерция,
KEY-0327,FILE-059,VER-024-003,Продажи ЦУМ 2026.xlsx,Продажи и каналы,Лист1,7,Артикул,артикул,sku,SKU,text,143,60.8,Да,MDM / PLM / ERP,sku,Требует подтверждения владельца,Низкая,Quarantine — not unique enough,"Null rate, duplicate rate, cross-period stability, owner sign-off",Продукт/коммерция,
KEY-0328,FILE-060,VER-017-001,Расходы 2024.xlsx,Финансы и денежные потоки,01-24,1,РАСХОДЫ за январь 2024 / Наименование,расходы_за_январь_2024_наименование,unclassified,Не классифицировано,text,88,100.0,Да,Уточнить,,Технический кандидат,Высокая,Candidate — needs owner approval,"Null rate, duplicate rate, cross-period stability, owner sign-off",,
KEY-0329,FILE-060,VER-017-001,Расходы 2024.xlsx,Финансы и денежные потоки,02-24,1,РАСХОДЫ за февраль 2024 / Наименование,расходы_за_февраль_2024_наименование,unclassified,Не классифицировано,text,93,100.0,Да,Уточнить,,Технический кандидат,Высокая,Candidate — needs owner approval,"Null rate, duplicate rate, cross-period stability, owner sign-off",,
KEY-0330,FILE-060,VER-017-001,Расходы 2024.xlsx,Финансы и денежные потоки,03-24,1,РАСХОДЫ за март 2024 / Наименование,расходы_за_март_2024_наименование,unclassified,Не классифицировано,text,97,99.0,Да,Уточнить,,Технический кандидат,Высокая,Candidate — needs owner approval,"Null rate, duplicate rate, cross-period stability, owner sign-off",,
KEY-0331,FILE-060,VER-017-001,Расходы 2024.xlsx,Финансы и денежные потоки,04-24,1,РАСХОДЫ за апрель 2024 / Наименование,расходы_за_апрель_2024_наименование,unclassified,Не классифицировано,text,96,100.0,Да,Уточнить,,Технический кандидат,Высокая,Candidate — needs owner approval,"Null rate, duplicate rate, cross-period stability, owner sign-off",,
KEY-0332,FILE-060,VER-017-001,Расходы 2024.xlsx,Финансы и денежные потоки,05-24,1,РАСХОДЫ за май 2024 / Наименование,расходы_за_май_2024_наименование,unclassified,Не классифицировано,text,107,100.0,Да,Уточнить,,Технический кандидат,Высокая,Candidate — needs owner approval,"Null rate, duplicate rate, cross-period stability, owner sign-off",,
KEY-0333,FILE-060,VER-017-001,Расходы 2024.xlsx,Финансы и денежные потоки,05-24,4,ИП Янина ВТБ,ип_янина_втб,legal_entity,Юридическое лицо,number,24,100.0,Да,MDM,legal_entity_id,Технический кандидат,Высокая,Candidate — needs owner approval,"Null rate, duplicate rate, cross-period stability, owner sign-off",Финансы/юристы,
KEY-0334,FILE-060,VER-017-001,Расходы 2024.xlsx,Финансы и денежные потоки,06-24,1,РАСХОДЫ за июнь 2024 / Наименование,расходы_за_июнь_2024_наименование,unclassified,Не классифицировано,text,109,99.1,Да,Уточнить,,Технический кандидат,Высокая,Candidate — needs owner approval,"Null rate, duplicate rate, cross-period stability, owner sign-off",,
KEY-0335,FILE-060,VER-017-001,Расходы 2024.xlsx,Финансы и денежные потоки,07-24,1,РАСХОДЫ за июль 2024 / Наименование,расходы_за_июль_2024_наименование,unclassified,Не классифицировано,text,99,100.0,Да,Уточнить,,Технический кандидат,Высокая,Candidate — needs owner approval,"Null rate, duplicate rate, cross-period stability, owner sign-off",,
KEY-0336,FILE-060,VER-017-001,Расходы 2024.xlsx,Финансы и денежные потоки,08-24,1,РАСХОДЫ за август 2024 / Наименование,расходы_за_август_2024_наименование,unclassified,Не классифицировано,text,93,98.9,Да,Уточнить,,Технический кандидат,Средняя,Candidate — needs owner approval,"Null rate, duplicate rate, cross-period stability, owner sign-off",,
KEY-0337,FILE-060,VER-017-001,Расходы 2024.xlsx,Финансы и денежные потоки,08-24,4,ИП Янина ВТБ,ип_янина_втб,legal_entity,Юридическое лицо,number,23,100.0,Да,MDM,legal_entity_id,Технический кандидат,Высокая,Candidate — needs owner approval,"Null rate, duplicate rate, cross-period stability, owner sign-off",Финансы/юристы,
KEY-0338,FILE-060,VER-017-001,Расходы 2024.xlsx,Финансы и денежные потоки,09-24,4,ИП Янина ВТБ,ип_янина_втб,legal_entity,Юридическое лицо,number,21,100.0,Да,MDM,legal_entity_id,Технический кандидат,Высокая,Candidate — needs owner approval,"Null rate, duplicate rate, cross-period stability, owner sign-off",Финансы/юристы,
KEY-0339,FILE-060,VER-017-001,Расходы 2024.xlsx,Финансы и денежные потоки,10-24,1,РАСХОДЫ за октябрь 2024 / Наименование,расходы_за_октябрь_2024_наименование,unclassified,Не классифицировано,text,105,99.0,Да,Уточнить,,Технический кандидат,Высокая,Candidate — needs owner approval,"Null rate, duplicate rate, cross-period stability, owner sign-off",,
KEY-0340,FILE-060,VER-017-001,Расходы 2024.xlsx,Финансы и денежные потоки,10-24,4,ИП Янина ВТБ,ип_янина_втб,legal_entity,Юридическое лицо,number,19,100.0,Да,MDM,legal_entity_id,Технический кандидат,Высокая,Candidate — needs owner approval,"Null rate, duplicate rate, cross-period stability, owner sign-off",Финансы/юристы,
KEY-0341,FILE-060,VER-017-001,Расходы 2024.xlsx,Финансы и денежные потоки,11-24,1,РАСХОДЫ за ноябрь 2024 / Наименование,расходы_за_ноябрь_2024_наименование,unclassified,Не классифицировано,text,98,100.0,Да,Уточнить,,Технический кандидат,Высокая,Candidate — needs owner approval,"Null rate, duplicate rate, cross-period stability, owner sign-off",,
KEY-0342,FILE-060,VER-017-001,Расходы 2024.xlsx,Финансы и денежные потоки,11-24,4,ИП Янина ВТБ,ип_янина_втб,legal_entity,Юридическое лицо,number,27,100.0,Да,MDM,legal_entity_id,Технический кандидат,Высокая,Candidate — needs owner approval,"Null rate, duplicate rate, cross-period stability, owner sign-off",Финансы/юристы,
KEY-0343,FILE-060,VER-017-001,Расходы 2024.xlsx,Финансы и денежные потоки,12-24,4,ИП Янина ВТБ,ип_янина_втб,legal_entity,Юридическое лицо,number,34,100.0,Да,MDM,legal_entity_id,Технический кандидат,Высокая,Candidate — needs owner approval,"Null rate, duplicate rate, cross-period stability, owner sign-off",Финансы/юристы,
KEY-0344,FILE-060,VER-017-001,Расходы 2024.xlsx,Финансы и денежные потоки,лист,1,Сумма по полю в евро / Названия строк,сумма_по_полю_в_евро_названия_строк,amount,Финансовая операция,text,36,100.0,Да,ERP / финансовый регистр,,Технический кандидат,Высокая,Candidate — needs owner approval,"Null rate, duplicate rate, cross-period stability, owner sign-off",,
KEY-0345,FILE-060,VER-017-001,Расходы 2024.xlsx,Финансы и денежные потоки,лист,2,Названия столбцов / янв.24,названия_столбцов_янв_24,unclassified,Не классифицировано,number,30,100.0,Да,Уточнить,,Технический кандидат,Высокая,Candidate — needs owner approval,"Null rate, duplicate rate, cross-period stability, owner sign-off",,
KEY-0346,FILE-060,VER-017-001,Расходы 2024.xlsx,Финансы и денежные потоки,лист,4,фев.24,фев_24,unclassified,Не классифицировано,number,31,100.0,Да,Уточнить,,Технический кандидат,Высокая,Candidate — needs owner approval,"Null rate, duplicate rate, cross-period stability, owner sign-off",,
KEY-0347,FILE-060,VER-017-001,Расходы 2024.xlsx,Финансы и денежные потоки,лист,5,мар.24,мар_24,unclassified,Не классифицировано,number,29,100.0,Да,Уточнить,,Технический кандидат,Высокая,Candidate — needs owner approval,"Null rate, duplicate rate, cross-period stability, owner sign-off",,
KEY-0348,FILE-060,VER-017-001,Расходы 2024.xlsx,Финансы и денежные потоки,лист,6,апр.24,апр_24,unclassified,Не классифицировано,number,27,100.0,Да,Уточнить,,Технический кандидат,Высокая,Candidate — needs owner approval,"Null rate, duplicate rate, cross-period stability, owner sign-off",,
KEY-0349,FILE-060,VER-017-001,Расходы 2024.xlsx,Финансы и денежные потоки,лист,7,Итого,итого,amount,Финансовая операция,number,35,100.0,Да,ERP / финансовый регистр,,Технический кандидат,Высокая,Candidate — needs owner approval,"Null rate, duplicate rate, cross-period stability, owner sign-off",,
KEY-0350,FILE-060,VER-017-001,Расходы 2024.xlsx,Финансы и денежные потоки,Лист2,1,оптимистичный прогноз (30%),оптимистичный_прогноз_30,unclassified,Не классифицировано,text,17,100.0,Да,Уточнить,,Технический кандидат,Высокая,Candidate — needs owner approval,"Null rate, duplicate rate, cross-period stability, owner sign-off",,
KEY-0351,FILE-060,VER-017-001,Расходы 2024.xlsx,Финансы и денежные потоки,Лист2,2,2025-01-01 00:00:00,2025_01_01_00_00_00,unclassified,Не классифицировано,number,16,100.0,Да,Уточнить,,Технический кандидат,Высокая,Candidate — needs owner approval,"Null rate, duplicate rate, cross-period stability, owner sign-off",,
KEY-0352,FILE-060,VER-017-001,Расходы 2024.xlsx,Финансы и денежные потоки,Лист2,3,2025-02-01 00:00:00,2025_02_01_00_00_00,unclassified,Не классифицировано,number,16,100.0,Да,Уточнить,,Технический кандидат,Высокая,Candidate — needs owner approval,"Null rate, duplicate rate, cross-period stability, owner sign-off",,
KEY-0353,FILE-060,VER-017-001,Расходы 2024.xlsx,Финансы и денежные потоки,Лист2,4,2025-03-01 00:00:00,2025_03_01_00_00_00,unclassified,Не классифицировано,number,16,100.0,Да,Уточнить,,Технический кандидат,Высокая,Candidate — needs owner approval,"Null rate, duplicate rate, cross-period stability, owner sign-off",,
KEY-0354,FILE-060,VER-017-001,Расходы 2024.xlsx,Финансы и денежные потоки,Лист2,5,2025-04-01 00:00:00,2025_04_01_00_00_00,unclassified,Не классифицировано,number,16,100.0,Да,Уточнить,,Технический кандидат,Высокая,Candidate — needs owner approval,"Null rate, duplicate rate, cross-period stability, owner sign-off",,
KEY-0355,FILE-060,VER-017-001,Расходы 2024.xlsx,Финансы и денежные потоки,Лист2,6,2025-05-01 00:00:00,2025_05_01_00_00_00,unclassified,Не классифицировано,number,16,100.0,Да,Уточнить,,Технический кандидат,Высокая,Candidate — needs owner approval,"Null rate, duplicate rate, cross-period stability, owner sign-off",,
KEY-0356,FILE-060,VER-017-001,Расходы 2024.xlsx,Финансы и денежные потоки,Лист2,7,2025-06-01 00:00:00,2025_06_01_00_00_00,unclassified,Не классифицировано,number,16,100.0,Да,Уточнить,,Технический кандидат,Высокая,Candidate — needs owner approval,"Null rate, duplicate rate, cross-period stability, owner sign-off",,
KEY-0357,FILE-060,VER-017-001,Расходы 2024.xlsx,Финансы и денежные потоки,Лист2,8,2025-07-01 00:00:00,2025_07_01_00_00_00,unclassified,Не классифицировано,number,16,100.0,Да,Уточнить,,Технический кандидат,Высокая,Candidate — needs owner approval,"Null rate, duplicate rate, cross-period stability, owner sign-off",,
KEY-0358,FILE-060,VER-017-001,Расходы 2024.xlsx,Финансы и денежные потоки,Лист2,9,2025-08-01 00:00:00,2025_08_01_00_00_00,unclassified,Не классифицировано,number,16,100.0,Да,Уточнить,,Технический кандидат,Высокая,Candidate — needs owner approval,"Null rate, duplicate rate, cross-period stability, owner sign-off",,
KEY-0359,FILE-060,VER-017-001,Расходы 2024.xlsx,Финансы и денежные потоки,Лист2,10,2025-09-01 00:00:00,2025_09_01_00_00_00,unclassified,Не классифицировано,number,16,100.0,Да,Уточнить,,Технический кандидат,Высокая,Candidate — needs owner approval,"Null rate, duplicate rate, cross-period stability, owner sign-off",,
KEY-0360,FILE-060,VER-017-001,Расходы 2024.xlsx,Финансы и денежные потоки,Лист2,11,2025-10-01 00:00:00,2025_10_01_00_00_00,unclassified,Не классифицировано,number,16,100.0,Да,Уточнить,,Технический кандидат,Высокая,Candidate — needs owner approval,"Null rate, duplicate rate, cross-period stability, owner sign-off",,
KEY-0361,FILE-060,VER-017-001,Расходы 2024.xlsx,Финансы и денежные потоки,Лист2,12,2025-11-01 00:00:00,2025_11_01_00_00_00,unclassified,Не классифицировано,number,16,100.0,Да,Уточнить,,Технический кандидат,Высокая,Candidate — needs owner approval,"Null rate, duplicate rate, cross-period stability, owner sign-off",,
KEY-0362,FILE-060,VER-017-001,Расходы 2024.xlsx,Финансы и денежные потоки,Лист2,13,2025-12-01 00:00:00,2025_12_01_00_00_00,unclassified,Не классифицировано,number,16,100.0,Да,Уточнить,,Технический кандидат,Высокая,Candidate — needs owner approval,"Null rate, duplicate rate, cross-period stability, owner sign-off",,
KEY-0363,FILE-060,VER-017-001,Расходы 2024.xlsx,Финансы и денежные потоки,Лист2,14,Итого,итого,amount,Финансовая операция,number,16,100.0,Да,ERP / финансовый регистр,,Технический кандидат,Высокая,Candidate — needs owner approval,"Null rate, duplicate rate, cross-period stability, owner sign-off",,
KEY-0364,FILE-060,VER-017-001,Расходы 2024.xlsx,Финансы и денежные потоки,Лист3,1,реалистичный прогноз (15%),реалистичный_прогноз_15,unclassified,Не классифицировано,text,17,100.0,Да,Уточнить,,Технический кандидат,Высокая,Candidate — needs owner approval,"Null rate, duplicate rate, cross-period stability, owner sign-off",,
KEY-0365,FILE-060,VER-017-001,Расходы 2024.xlsx,Финансы и денежные потоки,Лист3,2,2025-01-01 00:00:00,2025_01_01_00_00_00,unclassified,Не классифицировано,number,16,100.0,Да,Уточнить,,Технический кандидат,Высокая,Candidate — needs owner approval,"Null rate, duplicate rate, cross-period stability, owner sign-off",,
KEY-0366,FILE-060,VER-017-001,Расходы 2024.xlsx,Финансы и денежные потоки,Лист3,3,2025-02-01 00:00:00,2025_02_01_00_00_00,unclassified,Не классифицировано,number,16,100.0,Да,Уточнить,,Технический кандидат,Высокая,Candidate — needs owner approval,"Null rate, duplicate rate, cross-period stability, owner sign-off",,
KEY-0367,FILE-060,VER-017-001,Расходы 2024.xlsx,Финансы и денежные потоки,Лист3,4,2025-03-01 00:00:00,2025_03_01_00_00_00,unclassified,Не классифицировано,number,16,100.0,Да,Уточнить,,Технический кандидат,Высокая,Candidate — needs owner approval,"Null rate, duplicate rate, cross-period stability, owner sign-off",,
KEY-0368,FILE-060,VER-017-001,Расходы 2024.xlsx,Финансы и денежные потоки,Лист3,5,2025-04-01 00:00:00,2025_04_01_00_00_00,unclassified,Не классифицировано,number,16,100.0,Да,Уточнить,,Технический кандидат,Высокая,Candidate — needs owner approval,"Null rate, duplicate rate, cross-period stability, owner sign-off",,
KEY-0369,FILE-060,VER-017-001,Расходы 2024.xlsx,Финансы и денежные потоки,Лист3,6,2025-05-01 00:00:00,2025_05_01_00_00_00,unclassified,Не классифицировано,number,16,100.0,Да,Уточнить,,Технический кандидат,Высокая,Candidate — needs owner approval,"Null rate, duplicate rate, cross-period stability, owner sign-off",,
KEY-0370,FILE-060,VER-017-001,Расходы 2024.xlsx,Финансы и денежные потоки,Лист3,7,2025-06-01 00:00:00,2025_06_01_00_00_00,unclassified,Не классифицировано,number,16,100.0,Да,Уточнить,,Технический кандидат,Высокая,Candidate — needs owner approval,"Null rate, duplicate rate, cross-period stability, owner sign-off",,
KEY-0371,FILE-060,VER-017-001,Расходы 2024.xlsx,Финансы и денежные потоки,Лист3,8,2025-07-01 00:00:00,2025_07_01_00_00_00,unclassified,Не классифицировано,number,16,100.0,Да,Уточнить,,Технический кандидат,Высокая,Candidate — needs owner approval,"Null rate, duplicate rate, cross-period stability, owner sign-off",,
KEY-0372,FILE-060,VER-017-001,Расходы 2024.xlsx,Финансы и денежные потоки,Лист3,9,2025-08-01 00:00:00,2025_08_01_00_00_00,unclassified,Не классифицировано,number,16,100.0,Да,Уточнить,,Технический кандидат,Высокая,Candidate — needs owner approval,"Null rate, duplicate rate, cross-period stability, owner sign-off",,
KEY-0373,FILE-060,VER-017-001,Расходы 2024.xlsx,Финансы и денежные потоки,Лист3,10,2025-09-01 00:00:00,2025_09_01_00_00_00,unclassified,Не классифицировано,number,16,100.0,Да,Уточнить,,Технический кандидат,Высокая,Candidate — needs owner approval,"Null rate, duplicate rate, cross-period stability, owner sign-off",,
KEY-0374,FILE-060,VER-017-001,Расходы 2024.xlsx,Финансы и денежные потоки,Лист3,11,2025-10-01 00:00:00,2025_10_01_00_00_00,unclassified,Не классифицировано,number,16,100.0,Да,Уточнить,,Технический кандидат,Высокая,Candidate — needs owner approval,"Null rate, duplicate rate, cross-period stability, owner sign-off",,
KEY-0375,FILE-060,VER-017-001,Расходы 2024.xlsx,Финансы и денежные потоки,Лист3,12,2025-11-01 00:00:00,2025_11_01_00_00_00,unclassified,Не классифицировано,number,16,100.0,Да,Уточнить,,Технический кандидат,Высокая,Candidate — needs owner approval,"Null rate, duplicate rate, cross-period stability, owner sign-off",,
KEY-0376,FILE-060,VER-017-001,Расходы 2024.xlsx,Финансы и денежные потоки,Лист3,13,2025-12-01 00:00:00,2025_12_01_00_00_00,unclassified,Не классифицировано,number,16,100.0,Да,Уточнить,,Технический кандидат,Высокая,Candidate — needs owner approval,"Null rate, duplicate rate, cross-period stability, owner sign-off",,
KEY-0377,FILE-060,VER-017-001,Расходы 2024.xlsx,Финансы и денежные потоки,Лист3,14,Итого,итого,amount,Финансовая операция,number,16,100.0,Да,ERP / финансовый регистр,,Технический кандидат,Высокая,Candidate — needs owner approval,"Null rate, duplicate rate, cross-period stability, owner sign-off",,
KEY-0378,FILE-061,VER-017-002,Расходы 2025.xlsx,Финансы и денежные потоки,01-25,1,РАСХОДЫ за январь 2025 / Наименование,расходы_за_январь_2025_наименование,unclassified,Не классифицировано,text,99,99.0,Да,Уточнить,,Технический кандидат,Высокая,Candidate — needs owner approval,"Null rate, duplicate rate, cross-period stability, owner sign-off",,
KEY-0379,FILE-061,VER-017-002,Расходы 2025.xlsx,Финансы и денежные потоки,02-25,4,ИП Янина ВТБ,ип_янина_втб,legal_entity,Юридическое лицо,number,23,100.0,Да,MDM,legal_entity_id,Технический кандидат,Высокая,Candidate — needs owner approval,"Null rate, duplicate rate, cross-period stability, owner sign-off",Финансы/юристы,
KEY-0380,FILE-061,VER-017-002,Расходы 2025.xlsx,Финансы и денежные потоки,03-25,1,РАСХОДЫ за март 2025 / Наименование,расходы_за_март_2025_наименование,unclassified,Не классифицировано,text,93,98.9,Да,Уточнить,,Технический кандидат,Средняя,Candidate — needs owner approval,"Null rate, duplicate rate, cross-period stability, owner sign-off",,
KEY-0381,FILE-061,VER-017-002,Расходы 2025.xlsx,Финансы и денежные потоки,04-25,1,РАСХОДЫ за апрель 2025 / Наименование,расходы_за_апрель_2025_наименование,unclassified,Не классифицировано,text,97,100.0,Да,Уточнить,,Технический кандидат,Высокая,Candidate — needs owner approval,"Null rate, duplicate rate, cross-period stability, owner sign-off",,
KEY-0382,FILE-061,VER-017-002,Расходы 2025.xlsx,Финансы и денежные потоки,04-25,4,ИП Янина ВТБ,ип_янина_втб,legal_entity,Юридическое лицо,number,22,100.0,Да,MDM,legal_entity_id,Технический кандидат,Высокая,Candidate — needs owner approval,"Null rate, duplicate rate, cross-period stability, owner sign-off",Финансы/юристы,
KEY-0383,FILE-061,VER-017-002,Расходы 2025.xlsx,Финансы и денежные потоки,05-25,1,РАСХОДЫ за май 2025 / Наименование,расходы_за_май_2025_наименование,unclassified,Не классифицировано,text,98,99.0,Да,Уточнить,,Технический кандидат,Высокая,Candidate — needs owner approval,"Null rate, duplicate rate, cross-period stability, owner sign-off",,
KEY-0384,FILE-061,VER-017-002,Расходы 2025.xlsx,Финансы и денежные потоки,05-25,4,ИП Янина ВТБ,ип_янина_втб,legal_entity,Юридическое лицо,number,25,100.0,Да,MDM,legal_entity_id,Технический кандидат,Высокая,Candidate — needs owner approval,"Null rate, duplicate rate, cross-period stability, owner sign-off",Финансы/юристы,
KEY-0385,FILE-061,VER-017-002,Расходы 2025.xlsx,Финансы и денежные потоки,05-25,5,ИП Янина Альфа,ип_янина_альфа,legal_entity,Юридическое лицо,number,36,100.0,Да,MDM,legal_entity_id,Технический кандидат,Высокая,Candidate — needs owner approval,"Null rate, duplicate rate, cross-period stability, owner sign-off",Финансы/юристы,
KEY-0386,FILE-061,VER-017-002,Расходы 2025.xlsx,Финансы и денежные потоки,06-25,1,РАСХОДЫ за июнь 2025 / Наименование,расходы_за_июнь_2025_наименование,unclassified,Не классифицировано,text,91,100.0,Да,Уточнить,,Технический кандидат,Высокая,Candidate — needs owner approval,"Null rate, duplicate rate, cross-period stability, owner sign-off",,
KEY-0387,FILE-061,VER-017-002,Расходы 2025.xlsx,Финансы и денежные потоки,06-25,4,ИП Янина ВТБ,ип_янина_втб,legal_entity,Юридическое лицо,number,23,100.0,Да,MDM,legal_entity_id,Технический кандидат,Высокая,Candidate — needs owner approval,"Null rate, duplicate rate, cross-period stability, owner sign-off",Финансы/юристы,
KEY-0388,FILE-061,VER-017-002,Расходы 2025.xlsx,Финансы и денежные потоки,07-25,4,ИП Янина ВТБ,ип_янина_втб,legal_entity,Юридическое лицо,number,24,100.0,Да,MDM,legal_entity_id,Технический кандидат,Высокая,Candidate — needs owner approval,"Null rate, duplicate rate, cross-period stability, owner sign-off",Финансы/юристы,
KEY-0389,FILE-061,VER-017-002,Расходы 2025.xlsx,Финансы и денежные потоки,08-25,1,РАСХОДЫ за август 2025 / Наименование,расходы_за_август_2025_наименование,unclassified,Не классифицировано,text,91,98.9,Да,Уточнить,,Технический кандидат,Средняя,Candidate — needs owner approval,"Null rate, duplicate rate, cross-period stability, owner sign-off",,
KEY-0390,FILE-061,VER-017-002,Расходы 2025.xlsx,Финансы и денежные потоки,08-25,4,ИП Янина ВТБ,ип_янина_втб,legal_entity,Юридическое лицо,number,22,100.0,Да,MDM,legal_entity_id,Технический кандидат,Высокая,Candidate — needs owner approval,"Null rate, duplicate rate, cross-period stability, owner sign-off",Финансы/юристы,
KEY-0391,FILE-061,VER-017-002,Расходы 2025.xlsx,Финансы и денежные потоки,09-25,1,РАСХОДЫ за сентябрь 2025 / Наименование,расходы_за_сентябрь_2025_наименование,unclassified,Не классифицировано,text,90,98.9,Да,Уточнить,,Технический кандидат,Средняя,Candidate — needs owner approval,"Null rate, duplicate rate, cross-period stability, owner sign-off",,
KEY-0392,FILE-061,VER-017-002,Расходы 2025.xlsx,Финансы и денежные потоки,11-25,4,ИП Янина ВТБ,ип_янина_втб,legal_entity,Юридическое лицо,number,25,100.0,Да,MDM,legal_entity_id,Технический кандидат,Высокая,Candidate — needs owner approval,"Null rate, duplicate rate, cross-period stability, owner sign-off",Финансы/юристы,
KEY-0393,FILE-061,VER-017-002,Расходы 2025.xlsx,Финансы и денежные потоки,12-25,4,ИП Янина ВТБ,ип_янина_втб,legal_entity,Юридическое лицо,number,23,100.0,Да,MDM,legal_entity_id,Технический кандидат,Высокая,Candidate — needs owner approval,"Null rate, duplicate rate, cross-period stability, owner sign-off",Финансы/юристы,
KEY-0394,FILE-062,VER-017-003,Расходы 2026.xlsx,Финансы и денежные потоки,01-26,4,ИП Янина ВТБ,ип_янина_втб,legal_entity,Юридическое лицо,number,23,100.0,Да,MDM,legal_entity_id,Технический кандидат,Высокая,Candidate — needs owner approval,"Null rate, duplicate rate, cross-period stability, owner sign-off",Финансы/юристы,
KEY-0395,FILE-062,VER-017-003,Расходы 2026.xlsx,Финансы и денежные потоки,02-26,4,ИП Янина ВТБ,ип_янина_втб,legal_entity,Юридическое лицо,number,26,100.0,Да,MDM,legal_entity_id,Технический кандидат,Высокая,Candidate — needs owner approval,"Null rate, duplicate rate, cross-period stability, owner sign-off",Финансы/юристы,
KEY-0396,FILE-062,VER-017-003,Расходы 2026.xlsx,Финансы и денежные потоки,03-26,1,РАСХОДЫ за март 2026 / Наименование,расходы_за_март_2026_наименование,unclassified,Не классифицировано,text,99,99.0,Да,Уточнить,,Технический кандидат,Высокая,Candidate — needs owner approval,"Null rate, duplicate rate, cross-period stability, owner sign-off",,
KEY-0397,FILE-062,VER-017-003,Расходы 2026.xlsx,Финансы и денежные потоки,03-26,4,ИП Янина ВТБ,ип_янина_втб,legal_entity,Юридическое лицо,number,27,100.0,Да,MDM,legal_entity_id,Технический кандидат,Высокая,Candidate — needs owner approval,"Null rate, duplicate rate, cross-period stability, owner sign-off",Финансы/юристы,
KEY-0398,FILE-062,VER-017-003,Расходы 2026.xlsx,Финансы и денежные потоки,04-26,4,ИП Янина ВТБ,ип_янина_втб,legal_entity,Юридическое лицо,number,29,100.0,Да,MDM,legal_entity_id,Технический кандидат,Высокая,Candidate — needs owner approval,"Null rate, duplicate rate, cross-period stability, owner sign-off",Финансы/юристы,
KEY-0399,FILE-062,VER-017-003,Расходы 2026.xlsx,Финансы и денежные потоки,04-26,5,ИП Янина Альфа,ип_янина_альфа,legal_entity,Юридическое лицо,number,28,100.0,Да,MDM,legal_entity_id,Технический кандидат,Высокая,Candidate — needs owner approval,"Null rate, duplicate rate, cross-period stability, owner sign-off",Финансы/юристы,
KEY-0400,FILE-062,VER-017-003,Расходы 2026.xlsx,Финансы и денежные потоки,05-26,4,ИП Янина ВТБ,ип_янина_втб,legal_entity,Юридическое лицо,number,21,100.0,Да,MDM,legal_entity_id,Технический кандидат,Высокая,Candidate — needs owner approval,"Null rate, duplicate rate, cross-period stability, owner sign-off",Финансы/юристы,
KEY-0401,FILE-062,VER-017-003,Расходы 2026.xlsx,Финансы и денежные потоки,06-26,1,РАСХОДЫ за июнь 2026 / Наименование,расходы_за_июнь_2026_наименование,unclassified,Не классифицировано,text,86,98.8,Да,Уточнить,,Технический кандидат,Средняя,Candidate — needs owner approval,"Null rate, duplicate rate, cross-period stability, owner sign-off",,
KEY-0402,FILE-068,VER-013-001,результат капсула 2024.xlsx,Коллекции и продукт,Гости,1,Имя,имя,unclassified,Не классифицировано,number,36,100.0,Да,Уточнить,,Технический кандидат,Высокая,Candidate — needs owner approval,"Null rate, duplicate rate, cross-period stability, owner sign-off",,
KEY-0403,FILE-068,VER-013-001,результат капсула 2024.xlsx,Коллекции и продукт,Гости,2,Фамилия,фамилия,unclassified,Не классифицировано,text,30,100.0,Да,Уточнить,,Технический кандидат,Высокая,Candidate — needs owner approval,"Null rate, duplicate rate, cross-period stability, owner sign-off",,
KEY-0404,FILE-068,VER-013-001,результат капсула 2024.xlsx,Коллекции и продукт,прайс,2,N МОДЕЛИ,n_модели,unclassified,Не классифицировано,text,49,100.0,Да,Уточнить,,Технический кандидат,Высокая,Candidate — needs owner approval,"Null rate, duplicate rate, cross-period stability, owner sign-off",,
KEY-0405,FILE-068,VER-013-001,результат капсула 2024.xlsx,Коллекции и продукт,прайс,9,КЛИЕНТ,клиент,customer,Клиент,text,130,47.7,Да,CRM,customer,Требует подтверждения владельца,Низкая,Quarantine — not unique enough,"Null rate, duplicate rate, cross-period stability, owner sign-off",,
KEY-0406,FILE-069,VER-013-002,результат капсула 2025.xlsx,Коллекции и продукт,Гости,1,Имя,имя,unclassified,Не классифицировано,number,36,100.0,Да,Уточнить,,Технический кандидат,Высокая,Candidate — needs owner approval,"Null rate, duplicate rate, cross-period stability, owner sign-off",,
KEY-0407,FILE-069,VER-013-002,результат капсула 2025.xlsx,Коллекции и продукт,Гости,2,Фамилия,фамилия,unclassified,Не классифицировано,text,30,100.0,Да,Уточнить,,Технический кандидат,Высокая,Candidate — needs owner approval,"Null rate, duplicate rate, cross-period stability, owner sign-off",,
KEY-0408,FILE-069,VER-013-002,результат капсула 2025.xlsx,Коллекции и продукт,прайс,2,N МОДЕЛИ,n_модели,unclassified,Не классифицировано,text,77,100.0,Да,Уточнить,,Технический кандидат,Высокая,Candidate — needs owner approval,"Null rate, duplicate rate, cross-period stability, owner sign-off",,
KEY-0409,FILE-069,VER-013-002,результат капсула 2025.xlsx,Коллекции и продукт,прайс,9,КЛИЕНТ,клиент,customer,Клиент,text,175,28.6,Да,CRM,customer,Требует подтверждения владельца,Низкая,Quarantine — not unique enough,"Null rate, duplicate rate, cross-period stability, owner sign-off",,
KEY-0410,FILE-070,VER-008-001,результат кол-я 43 (янв 2024).xlsx,Коллекции и продукт,прайс,7,КЛИЕНТ,клиент,customer,Клиент,text,147,33.3,Да,CRM,customer,Требует подтверждения владельца,Низкая,Quarantine — not unique enough,"Null rate, duplicate rate, cross-period stability, owner sign-off",,
KEY-0411,FILE-071,VER-009-001,результат кол-я 44 (июнь 2024).xlsx,Коллекции и продукт,прайс,1,N МОДЕЛИ,n_модели,unclassified,Не классифицировано,text,31,100.0,Да,Уточнить,,Технический кандидат,Высокая,Candidate — needs owner approval,"Null rate, duplicate rate, cross-period stability, owner sign-off",,
KEY-0412,FILE-071,VER-009-001,результат кол-я 44 (июнь 2024).xlsx,Коллекции и продукт,прайс,4,"СЕБ-ТЬ, ЕВРО курс 95р/е",себ_ть_евро_курс_95р_е,currency,Финансовая операция,number,59,100.0,Да,ERP / финансовый регистр,,Технический кандидат,Высокая,Candidate — needs owner approval,"Null rate, duplicate rate, cross-period stability, owner sign-off",,
KEY-0413,FILE-071,VER-009-001,результат кол-я 44 (июнь 2024).xlsx,Коллекции и продукт,прайс,7,КЛИЕНТ,клиент,customer,Клиент,text,64,48.4,Да,CRM,customer,Требует подтверждения владельца,Низкая,Quarantine — not unique enough,"Null rate, duplicate rate, cross-period stability, owner sign-off",,
KEY-0414,FILE-072,VER-010-001,результат кол-я 45 (янв 2025).xlsx,Коллекции и продукт,прайс,7,КЛИЕНТ,клиент,customer,Клиент,text,61,44.3,Да,CRM,customer,Требует подтверждения владельца,Низкая,Quarantine — not unique enough,"Null rate, duplicate rate, cross-period stability, owner sign-off",,
KEY-0415,FILE-073,VER-011-001,результат кол-я 46 (июль 2025).xlsx,Коллекции и продукт,прайс,1,N МОДЕЛИ,n_модели,unclassified,Не классифицировано,text,25,100.0,Да,Уточнить,,Технический кандидат,Высокая,Candidate — needs owner approval,"Null rate, duplicate rate, cross-period stability, owner sign-off",,
KEY-0416,FILE-073,VER-011-001,результат кол-я 46 (июль 2025).xlsx,Коллекции и продукт,прайс,4,"СЕБ-ТЬ, ЕВРО курс 100р/е",себ_ть_евро_курс_100р_е,currency,Финансовая операция,number,32,100.0,Да,ERP / финансовый регистр,,Технический кандидат,Высокая,Candidate — needs owner approval,"Null rate, duplicate rate, cross-period stability, owner sign-off",,
KEY-0417,FILE-073,VER-011-001,результат кол-я 46 (июль 2025).xlsx,Коллекции и продукт,прайс,7,КЛИЕНТ,клиент,customer,Клиент,text,41,53.7,Да,CRM,customer,Требует подтверждения владельца,Низкая,Quarantine — not unique enough,"Null rate, duplicate rate, cross-period stability, owner sign-off",,
KEY-0418,FILE-074,VER-012-001,результат кол-я 47 (янв 2026).xlsx,Коллекции и продукт,прайс,7,КЛИЕНТ,клиент,customer,Клиент,text,71,46.5,Да,CRM,customer,Требует подтверждения владельца,Низкая,Quarantine — not unique enough,"Null rate, duplicate rate, cross-period stability, owner sign-off",,
KEY-0419,FILE-075,VER-014-002,результат круиз 09.04.25.xlsx,Коллекции и продукт,прайс,2,N МОДЕЛИ,n_модели,unclassified,Не классифицировано,text,186,99.5,Да,Уточнить,,Технический кандидат,Высокая,Candidate — needs owner approval,"Null rate, duplicate rate, cross-period stability, owner sign-off",,
KEY-0420,FILE-075,VER-014-002,результат круиз 09.04.25.xlsx,Коллекции и продукт,прайс,9,КЛИЕНТ,клиент,customer,Клиент,text,293,27.0,Да,CRM,customer,Требует подтверждения владельца,Низкая,Quarantine — not unique enough,"Null rate, duplicate rate, cross-period stability, owner sign-off",,
KEY-0421,FILE-076,VER-014-003,результат круиз 14.04.26.xlsx,Коллекции и продукт,прайс,9,КЛИЕНТ,клиент,customer,Клиент,text,204,30.4,Да,CRM,customer,Требует подтверждения владельца,Низкая,Quarantine — not unique enough,"Null rate, duplicate rate, cross-period stability, owner sign-off",,
KEY-0422,FILE-076,VER-014-003,результат круиз 14.04.26.xlsx,Коллекции и продукт,с производства,3,Артикул модели присвоен,артикул_модели_присвоен,sku,SKU,text,90,97.8,Да,MDM / PLM / ERP,sku,Требует подтверждения владельца,Средняя,Candidate — needs owner approval,"Null rate, duplicate rate, cross-period stability, owner sign-off",Продукт/коммерция,
KEY-0423,FILE-076,VER-014-003,результат круиз 14.04.26.xlsx,Коллекции и продукт,с производства,4,Артикул исходник модели,артикул_исходник_модели,sku,SKU,text,61,41.0,Да,MDM / PLM / ERP,sku,Требует подтверждения владельца,Низкая,Quarantine — not unique enough,"Null rate, duplicate rate, cross-period stability, owner sign-off",Продукт/коммерция,
KEY-0424,FILE-076,VER-014-003,результат круиз 14.04.26.xlsx,Коллекции и продукт,с производства,7,Статус ткани,статус_ткани,material_id; status,Материал; Статус,text,95,72.6,Да,ERP / WMS; В первичном регистре,material_id,Требует подтверждения владельца,Низкая,Quarantine — not unique enough,"Null rate, duplicate rate, cross-period stability, owner sign-off",,
KEY-0425,FILE-076,VER-014-003,результат круиз 14.04.26.xlsx,Коллекции и продукт,с производства,14,Клиент,клиент,customer,Клиент,text,52,51.9,Да,CRM,customer,Требует подтверждения владельца,Низкая,Quarantine — not unique enough,"Null rate, duplicate rate, cross-period stability, owner sign-off",,
KEY-0426,FILE-077,VER-014-001,результат круиз 22.04.24.xlsx,Коллекции и продукт,прайс,2,N МОДЕЛИ,n_модели,unclassified,Не классифицировано,text,116,98.3,Да,Уточнить,,Технический кандидат,Средняя,Candidate — needs owner approval,"Null rate, duplicate rate, cross-period stability, owner sign-off",,
KEY-0427,FILE-077,VER-014-001,результат круиз 22.04.24.xlsx,Коллекции и продукт,прайс,9,КЛИЕНТ,клиент,customer,Клиент,text,328,29.3,Да,CRM,customer,Требует подтверждения владельца,Низкая,Quarantine — not unique enough,"Null rate, duplicate rate, cross-period stability, owner sign-off",,
KEY-0428,FILE-078,VER-015-001,результат НГ 2024.xlsx,Коллекции и продукт,Гости,1,Имя,имя,unclassified,Не классифицировано,number,36,100.0,Да,Уточнить,,Технический кандидат,Высокая,Candidate — needs owner approval,"Null rate, duplicate rate, cross-period stability, owner sign-off",,
KEY-0429,FILE-078,VER-015-001,результат НГ 2024.xlsx,Коллекции и продукт,Гости,2,Фамилия,фамилия,unclassified,Не классифицировано,text,30,100.0,Да,Уточнить,,Технический кандидат,Высокая,Candidate — needs owner approval,"Null rate, duplicate rate, cross-period stability, owner sign-off",,
KEY-0430,FILE-078,VER-015-001,результат НГ 2024.xlsx,Коллекции и продукт,прайс,9,КЛИЕНТ,клиент,customer,Клиент,text,122,41.8,Да,CRM,customer,Требует подтверждения владельца,Низкая,Quarantine — not unique enough,"Null rate, duplicate rate, cross-period stability, owner sign-off",,
KEY-0431,FILE-079,VER-015-002,результат НГ 24.11.25.xlsx,Коллекции и продукт,прайс,9,КЛИЕНТ,клиент,customer,Клиент,text,122,34.4,Да,CRM,customer,Требует подтверждения владельца,Низкая,Quarantine — not unique enough,"Null rate, duplicate rate, cross-period stability, owner sign-off",,
KEY-0432,FILE-081,VER-052-001,Себестоимость Жукова.xlsx,Себестоимость и производство,2026,2,Артикул,артикул,sku,SKU,text,209,60.8,Да,MDM / PLM / ERP,sku,Требует подтверждения владельца,Низкая,Quarantine — not unique enough,"Null rate, duplicate rate, cross-period stability, owner sign-off",Продукт/коммерция,
KEY-0433,FILE-081,VER-052-001,Себестоимость Жукова.xlsx,Себестоимость и производство,2026,8,СЕБЕСТОИМОСТЬ / Материалы для отшива,себестоимость_материалы_для_отшива,material_id; cost_total,Калькуляция; Материал,number,141,78.7,Да,ERP / WMS; ERP costing,material_id,Требует подтверждения владельца,Низкая,Quarantine — not unique enough,"Null rate, duplicate rate, cross-period stability, owner sign-off",,
KEY-0434,FILE-081,VER-052-001,Себестоимость Жукова.xlsx,Себестоимость и производство,2025,2,Артикул,артикул,sku,SKU,text,671,58.4,Да,MDM / PLM / ERP,sku,Требует подтверждения владельца,Низкая,Quarantine — not unique enough,"Null rate, duplicate rate, cross-period stability, owner sign-off",Продукт/коммерция,
KEY-0435,FILE-081,VER-052-001,Себестоимость Жукова.xlsx,Себестоимость и производство,2025,8,СЕБЕСТОИМОСТЬ / Материалы для отшива,себестоимость_материалы_для_отшива,material_id; cost_total,Калькуляция; Материал,number,449,59.5,Да,ERP / WMS; ERP costing,material_id,Требует подтверждения владельца,Низкая,Quarantine — not unique enough,"Null rate, duplicate rate, cross-period stability, owner sign-off",,
KEY-0436,FILE-081,VER-052-001,Себестоимость Жукова.xlsx,Себестоимость и производство,2024,2,Артикул,артикул,sku,SKU,text,184,49.5,Да,MDM / PLM / ERP,sku,Требует подтверждения владельца,Низкая,Quarantine — not unique enough,"Null rate, duplicate rate, cross-period stability, owner sign-off",Продукт/коммерция,
KEY-0437,FILE-081,VER-052-001,Себестоимость Жукова.xlsx,Себестоимость и производство,2024,8,СЕБЕСТОИМОСТЬ / Материалы для отшива,себестоимость_материалы_для_отшива,material_id; cost_total,Калькуляция; Материал,number,125,61.6,Да,ERP / WMS; ERP costing,material_id,Требует подтверждения владельца,Низкая,Quarantine — not unique enough,"Null rate, duplicate rate, cross-period stability, owner sign-off",,
KEY-0438,FILE-081,VER-052-001,Себестоимость Жукова.xlsx,Себестоимость и производство,РАСШИФРОВКА,1,МД ТИРАЖ / МД ЗАКАЗ,мд_тираж_мд_заказ,unclassified,Не классифицировано,text,12,100.0,Да,Уточнить,,Технический кандидат,Высокая,Candidate — needs owner approval,"Null rate, duplicate rate, cross-period stability, owner sign-off",,
KEY-0439,FILE-081,VER-052-001,Себестоимость Жукова.xlsx,Себестоимость и производство,РАСШИФРОВКА,2,"в магазин для Лены, салон по запросу / заказ кутюрного клиента",в_магазин_для_лены_салон_по_запросу_заказ_кутюрного_клиента,customer,Клиент,text,12,91.7,Да,CRM,customer,Требует подтверждения владельца,Средняя,Candidate — needs owner approval,"Null rate, duplicate rate, cross-period stability, owner sign-off",,
KEY-0440,FILE-082,VER-053-001,Себестоимость Меркушина.xlsx,Себестоимость и производство,Площадки,2,Артикул,артикул,sku,SKU,text,139,93.5,Да,MDM / PLM / ERP,sku,Требует подтверждения владельца,Средняя,Candidate — needs owner approval,"Null rate, duplicate rate, cross-period stability, owner sign-off",Продукт/коммерция,
KEY-0441,FILE-082,VER-053-001,Себестоимость Меркушина.xlsx,Себестоимость и производство,Площадки,5,КОЛЛЕКЦИЯ,коллекция,collection_id,Коллекция,text,136,7.4,Да,PLM,collection_id,Требует подтверждения владельца,Низкая,Quarantine — not unique enough,"Null rate, duplicate rate, cross-period stability, owner sign-off",Продукт,
KEY-0442,FILE-082,VER-053-001,Себестоимость Меркушина.xlsx,Себестоимость и производство,Площадки,9,"Материальные расходы, всего",материальные_расходы_всего,material_id,Материал,number,139,82.0,Да,ERP / WMS,material_id,Требует подтверждения владельца,Низкая,Quarantine — not unique enough,"Null rate, duplicate rate, cross-period stability, owner sign-off",Закупки/склад,
KEY-0443,FILE-082,VER-053-001,Себестоимость Меркушина.xlsx,Себестоимость и производство,Площадки,10,Фурнитура,фурнитура,material_id,Материал,number,131,79.4,Да,ERP / WMS,material_id,Требует подтверждения владельца,Низкая,Quarantine — not unique enough,"Null rate, duplicate rate, cross-period stability, owner sign-off",Закупки/склад,
KEY-0444,FILE-082,VER-053-001,Себестоимость Меркушина.xlsx,Себестоимость и производство,Площадки,16,Анна К. / № накладной в 1С,анна_к_o_накладной_в_1с,goods_receipt,Приёмка,text,90,27.8,Да,ERP / WMS,goods_receipt,Требует подтверждения владельца,Низкая,Quarantine — not unique enough,"Null rate, duplicate rate, cross-period stability, owner sign-off",,
KEY-0445,FILE-082,VER-053-001,Себестоимость Меркушина.xlsx,Себестоимость и производство,Площадки,17,Анна К. / Контроль с/с за ед,анна_к_контроль_с_с_за_ед,unclassified,Не классифицировано,number,68,98.5,Да,Уточнить,,Технический кандидат,Средняя,Candidate — needs owner approval,"Null rate, duplicate rate, cross-period stability, owner sign-off",,
KEY-0446,FILE-082,VER-053-001,Себестоимость Меркушина.xlsx,Себестоимость и производство,ИМ,2,Артикул,артикул,sku,SKU,text,160,78.8,Да,MDM / PLM / ERP,sku,Требует подтверждения владельца,Низкая,Quarantine — not unique enough,"Null rate, duplicate rate, cross-period stability, owner sign-off",Продукт/коммерция,
KEY-0447,FILE-082,VER-053-001,Себестоимость Меркушина.xlsx,Себестоимость и производство,ИМ,5,КОЛЛЕКЦИЯ,коллекция,collection_id,Коллекция,text,134,10.4,Да,PLM,collection_id,Требует подтверждения владельца,Низкая,Quarantine — not unique enough,"Null rate, duplicate rate, cross-period stability, owner sign-off",Продукт,
KEY-0448,FILE-082,VER-053-001,Себестоимость Меркушина.xlsx,Себестоимость и производство,ИМ,9,"Материальные расходы, всего",материальные_расходы_всего,material_id,Материал,number,160,92.5,Да,ERP / WMS,material_id,Требует подтверждения владельца,Средняя,Candidate — needs owner approval,"Null rate, duplicate rate, cross-period stability, owner sign-off",Закупки/склад,
KEY-0449,FILE-082,VER-053-001,Себестоимость Меркушина.xlsx,Себестоимость и производство,ИМ,10,Фурнитура,фурнитура,material_id,Материал,number,160,83.8,Да,ERP / WMS,material_id,Требует подтверждения владельца,Низкая,Quarantine — not unique enough,"Null rate, duplicate rate, cross-period stability, owner sign-off",Закупки/склад,
KEY-0450,FILE-082,VER-053-001,Себестоимость Меркушина.xlsx,Себестоимость и производство,ИМ,16,Анна К. / № накладной в 1С,анна_к_o_накладной_в_1с,goods_receipt,Приёмка,text,146,39.0,Да,ERP / WMS,goods_receipt,Требует подтверждения владельца,Низкая,Quarantine — not unique enough,"Null rate, duplicate rate, cross-period stability, owner sign-off",,
KEY-0451,FILE-082,VER-053-001,Себестоимость Меркушина.xlsx,Себестоимость и производство,Капсульные коллекции,5,КОЛЛЕКЦИЯ,коллекция,collection_id,Коллекция,text,66,9.1,Да,PLM,collection_id,Требует подтверждения владельца,Низкая,Quarantine — not unique enough,"Null rate, duplicate rate, cross-period stability, owner sign-off",Продукт,
KEY-0452,FILE-082,VER-053-001,Себестоимость Меркушина.xlsx,Себестоимость и производство,Капсульные коллекции,9,"Материальные расходы, всего",материальные_расходы_всего,material_id,Материал,number,66,81.8,Да,ERP / WMS,material_id,Требует подтверждения владельца,Низкая,Quarantine — not unique enough,"Null rate, duplicate rate, cross-period stability, owner sign-off",Закупки/склад,
KEY-0453,FILE-082,VER-053-001,Себестоимость Меркушина.xlsx,Себестоимость и производство,Капсульные коллекции,10,Фурнитура,фурнитура,material_id,Материал,number,66,57.6,Да,ERP / WMS,material_id,Требует подтверждения владельца,Низкая,Quarantine — not unique enough,"Null rate, duplicate rate, cross-period stability, owner sign-off",Закупки/склад,
KEY-0454,FILE-082,VER-053-001,Себестоимость Меркушина.xlsx,Себестоимость и производство,Разработки 2025,5,КОЛЛЕКЦИЯ,коллекция,collection_id,Коллекция,text,14,21.4,Да,PLM,collection_id,Требует подтверждения владельца,Низкая,Quarantine — not unique enough,"Null rate, duplicate rate, cross-period stability, owner sign-off",Продукт,
KEY-0455,FILE-082,VER-053-001,Себестоимость Меркушина.xlsx,Себестоимость и производство,Разработки 2025,9,"Материальные расходы, всего",материальные_расходы_всего,material_id,Материал,number,14,78.6,Да,ERP / WMS,material_id,Требует подтверждения владельца,Низкая,Quarantine — not unique enough,"Null rate, duplicate rate, cross-period stability, owner sign-off",Закупки/склад,
KEY-0456,FILE-082,VER-053-001,Себестоимость Меркушина.xlsx,Себестоимость и производство,Разработки 2025,10,Фурнитура,фурнитура,material_id,Материал,number,14,35.7,Да,ERP / WMS,material_id,Требует подтверждения владельца,Низкая,Quarantine — not unique enough,"Null rate, duplicate rate, cross-period stability, owner sign-off",Закупки/склад,
KEY-0457,FILE-083,VER-016-001,себестоимость Мокеева 2025.xlsx,Себестоимость и производство,себестоимость 2025,1,месяц,месяц,unclassified,Не классифицировано,number,44,100.0,Да,Уточнить,,Технический кандидат,Высокая,Candidate — needs owner approval,"Null rate, duplicate rate, cross-period stability, owner sign-off",,
KEY-0458,FILE-083,VER-016-001,себестоимость Мокеева 2025.xlsx,Себестоимость и производство,себестоимость 2025,3,ФИО клиента,фио_клиента,customer; employee_name,Клиент; Сотрудник,text,749,17.0,Да,CRM; HRIS / ЗУП,customer,Требует подтверждения владельца,Низкая,Quarantine — not unique enough,"Null rate, duplicate rate, cross-period stability, owner sign-off",,
KEY-0459,FILE-083,VER-016-001,себестоимость Мокеева 2025.xlsx,Себестоимость и производство,себестоимость 2025,8,ткань,ткань,material_id,Материал,text,724,69.2,Да,ERP / WMS,material_id,Требует подтверждения владельца,Низкая,Quarantine — not unique enough,"Null rate, duplicate rate, cross-period stability, owner sign-off",Закупки/склад,
KEY-0460,FILE-083,VER-016-001,себестоимость Мокеева 2025.xlsx,Себестоимость и производство,себестоимость 2025,17,стоимость материала,стоимость_материала,material_id,Материал,number,964,52.9,Да,ERP / WMS,material_id,Требует подтверждения владельца,Низкая,Quarantine — not unique enough,"Null rate, duplicate rate, cross-period stability, owner sign-off",Закупки/склад,
KEY-0461,FILE-083,VER-016-001,себестоимость Мокеева 2025.xlsx,Себестоимость и производство,себестоимость 2025,21,стоимость фурнитуры,стоимость_фурнитуры,material_id,Материал,number,963,9.4,Да,ERP / WMS,material_id,Требует подтверждения владельца,Низкая,Quarantine — not unique enough,"Null rate, duplicate rate, cross-period stability, owner sign-off",Закупки/склад,
KEY-0462,FILE-084,VER-016-002,себестоимость Мокеева 2026.xlsx,Себестоимость и производство,2026,3,ФИО клиента,фио_клиента,customer; employee_name,Клиент; Сотрудник,text,407,18.2,Да,CRM; HRIS / ЗУП,customer,Требует подтверждения владельца,Низкая,Quarantine — not unique enough,"Null rate, duplicate rate, cross-period stability, owner sign-off",,
KEY-0463,FILE-084,VER-016-002,себестоимость Мокеева 2026.xlsx,Себестоимость и производство,2026,8,ткань,ткань,material_id,Материал,text,386,69.7,Да,ERP / WMS,material_id,Требует подтверждения владельца,Низкая,Quarantine — not unique enough,"Null rate, duplicate rate, cross-period stability, owner sign-off",Закупки/склад,
KEY-0464,FILE-084,VER-016-002,себестоимость Мокеева 2026.xlsx,Себестоимость и производство,2026,17,стоимость материала,стоимость_материала,material_id,Материал,number,495,50.5,Да,ERP / WMS,material_id,Требует подтверждения владельца,Низкая,Quarantine — not unique enough,"Null rate, duplicate rate, cross-period stability, owner sign-off",Закупки/склад,
KEY-0465,FILE-084,VER-016-002,себестоимость Мокеева 2026.xlsx,Себестоимость и производство,2026,21,стоимость фурнитуры,стоимость_фурнитуры,material_id,Материал,number,495,8.7,Да,ERP / WMS,material_id,Требует подтверждения владельца,Низкая,Quarantine — not unique enough,"Null rate, duplicate rate, cross-period stability, owner sign-off",Закупки/склад,
KEY-0466,FILE-085,VER-054-001,Список контрагентов по закупке.xlsx,Закупки и запасы,Лист_1,1,Наименование,наименование,unclassified,Не классифицировано,text,63,98.4,Да,Уточнить,,Технический кандидат,Средняя,Candidate — needs owner approval,"Null rate, duplicate rate, cross-period stability, owner sign-off",,
KEY-0467,FILE-085,VER-054-001,Список контрагентов по закупке.xlsx,Закупки и запасы,Лист_1,3,Основные сведения,основные_сведения,unclassified,Не классифицировано,text,62,100.0,Да,Уточнить,,Технический кандидат,Высокая,Candidate — needs owner approval,"Null rate, duplicate rate, cross-period stability, owner sign-off",,
KEY-0468,FILE-091,VER-023-001,Факт анализ продаж B2B 2025.xlsx,Продажи и каналы,Лист1,2,2025-01-01 00:00:00,2025_01_01_00_00_00,unclassified,Не классифицировано,number,20,100.0,Да,Уточнить,,Технический кандидат,Высокая,Candidate — needs owner approval,"Null rate, duplicate rate, cross-period stability, owner sign-off",,
KEY-0469,FILE-091,VER-023-001,Факт анализ продаж B2B 2025.xlsx,Продажи и каналы,Лист1,3,2025-02-01 00:00:00,2025_02_01_00_00_00,unclassified,Не классифицировано,number,22,100.0,Да,Уточнить,,Технический кандидат,Высокая,Candidate — needs owner approval,"Null rate, duplicate rate, cross-period stability, owner sign-off",,
KEY-0470,FILE-091,VER-023-001,Факт анализ продаж B2B 2025.xlsx,Продажи и каналы,Лист1,4,2025-03-01 00:00:00,2025_03_01_00_00_00,unclassified,Не классифицировано,number,21,100.0,Да,Уточнить,,Технический кандидат,Высокая,Candidate — needs owner approval,"Null rate, duplicate rate, cross-period stability, owner sign-off",,
KEY-0471,FILE-091,VER-023-001,Факт анализ продаж B2B 2025.xlsx,Продажи и каналы,Лист1,5,2025-04-01 00:00:00,2025_04_01_00_00_00,unclassified,Не классифицировано,number,21,100.0,Да,Уточнить,,Технический кандидат,Высокая,Candidate — needs owner approval,"Null rate, duplicate rate, cross-period stability, owner sign-off",,
KEY-0472,FILE-091,VER-023-001,Факт анализ продаж B2B 2025.xlsx,Продажи и каналы,Лист1,6,2025-05-01 00:00:00,2025_05_01_00_00_00,unclassified,Не классифицировано,number,21,100.0,Да,Уточнить,,Технический кандидат,Высокая,Candidate — needs owner approval,"Null rate, duplicate rate, cross-period stability, owner sign-off",,
KEY-0473,FILE-091,VER-023-001,Факт анализ продаж B2B 2025.xlsx,Продажи и каналы,Лист1,7,2025-06-01 00:00:00,2025_06_01_00_00_00,unclassified,Не классифицировано,number,21,100.0,Да,Уточнить,,Технический кандидат,Высокая,Candidate — needs owner approval,"Null rate, duplicate rate, cross-period stability, owner sign-off",,
KEY-0474,FILE-091,VER-023-001,Факт анализ продаж B2B 2025.xlsx,Продажи и каналы,Лист1,8,2025-07-01 00:00:00,2025_07_01_00_00_00,unclassified,Не классифицировано,number,19,100.0,Да,Уточнить,,Технический кандидат,Высокая,Candidate — needs owner approval,"Null rate, duplicate rate, cross-period stability, owner sign-off",,
KEY-0475,FILE-091,VER-023-001,Факт анализ продаж B2B 2025.xlsx,Продажи и каналы,Лист1,9,2025-08-01 00:00:00,2025_08_01_00_00_00,unclassified,Не классифицировано,number,21,100.0,Да,Уточнить,,Технический кандидат,Высокая,Candidate — needs owner approval,"Null rate, duplicate rate, cross-period stability, owner sign-off",,
KEY-0476,FILE-091,VER-023-001,Факт анализ продаж B2B 2025.xlsx,Продажи и каналы,Лист1,10,2025-09-01 00:00:00,2025_09_01_00_00_00,unclassified,Не классифицировано,number,21,100.0,Да,Уточнить,,Технический кандидат,Высокая,Candidate — needs owner approval,"Null rate, duplicate rate, cross-period stability, owner sign-off",,
KEY-0477,FILE-091,VER-023-001,Факт анализ продаж B2B 2025.xlsx,Продажи и каналы,Лист1,14,"TTL 2025, руб.",ttl_2025_руб,unclassified,Не классифицировано,number,32,100.0,Да,Уточнить,,Технический кандидат,Высокая,Candidate — needs owner approval,"Null rate, duplicate rate, cross-period stability, owner sign-off",,
KEY-0478,FILE-091,VER-023-001,Факт анализ продаж B2B 2025.xlsx,Продажи и каналы,Итоги,14,"TTL 2025, руб.",ttl_2025_руб,unclassified,Не классифицировано,number,32,100.0,Да,Уточнить,,Технический кандидат,Высокая,Candidate — needs owner approval,"Null rate, duplicate rate, cross-period stability, owner sign-off",,
KEY-0479,FILE-091,VER-023-001,Факт анализ продаж B2B 2025.xlsx,Продажи и каналы,Лист2,1,Данные посчитаны за 6 мес.,данные_посчитаны_за_6_мес,unclassified,Не классифицировано,text,15,100.0,Да,Уточнить,,Технический кандидат,Высокая,Candidate — needs owner approval,"Null rate, duplicate rate, cross-period stability, owner sign-off",,
KEY-0480,FILE-091,VER-023-001,Факт анализ продаж B2B 2025.xlsx,Продажи и каналы,Лист2,4,Капсула,капсула,collection_id,Коллекция,number,2,100.0,Да,PLM,collection_id,Требует подтверждения владельца,Высокая,Candidate — needs owner approval,"Null rate, duplicate rate, cross-period stability, owner sign-off",Продукт,
KEY-0481,FILE-092,VER-023-002,Факт анализ продаж B2B 2026.xlsx,Продажи и каналы,Лист1,2,2026-01-01 00:00:00,2026_01_01_00_00_00,unclassified,Не классифицировано,number,19,100.0,Да,Уточнить,,Технический кандидат,Высокая,Candidate — needs owner approval,"Null rate, duplicate rate, cross-period stability, owner sign-off",,
KEY-0482,FILE-092,VER-023-002,Факт анализ продаж B2B 2026.xlsx,Продажи и каналы,Лист1,3,2026-02-01 00:00:00,2026_02_01_00_00_00,unclassified,Не классифицировано,number,20,100.0,Да,Уточнить,,Технический кандидат,Высокая,Candidate — needs owner approval,"Null rate, duplicate rate, cross-period stability, owner sign-off",,
KEY-0483,FILE-092,VER-023-002,Факт анализ продаж B2B 2026.xlsx,Продажи и каналы,Лист1,4,2026-03-01 00:00:00,2026_03_01_00_00_00,unclassified,Не классифицировано,number,20,100.0,Да,Уточнить,,Технический кандидат,Высокая,Candidate — needs owner approval,"Null rate, duplicate rate, cross-period stability, owner sign-off",,
KEY-0484,FILE-092,VER-023-002,Факт анализ продаж B2B 2026.xlsx,Продажи и каналы,Лист1,5,2026-04-01 00:00:00,2026_04_01_00_00_00,unclassified,Не классифицировано,number,20,100.0,Да,Уточнить,,Технический кандидат,Высокая,Candidate — needs owner approval,"Null rate, duplicate rate, cross-period stability, owner sign-off",,
KEY-0485,FILE-092,VER-023-002,Факт анализ продаж B2B 2026.xlsx,Продажи и каналы,Лист1,6,2026-05-01 00:00:00,2026_05_01_00_00_00,unclassified,Не классифицировано,number,20,100.0,Да,Уточнить,,Технический кандидат,Высокая,Candidate — needs owner approval,"Null rate, duplicate rate, cross-period stability, owner sign-off",,
KEY-0486,FILE-092,VER-023-002,Факт анализ продаж B2B 2026.xlsx,Продажи и каналы,Итоги,2,2026-01-01 00:00:00,2026_01_01_00_00_00,unclassified,Не классифицировано,number,25,100.0,Да,Уточнить,,Технический кандидат,Высокая,Candidate — needs owner approval,"Null rate, duplicate rate, cross-period stability, owner sign-off",,
KEY-0487,FILE-092,VER-023-002,Факт анализ продаж B2B 2026.xlsx,Продажи и каналы,Итоги,3,2026-02-01 00:00:00,2026_02_01_00_00_00,unclassified,Не классифицировано,number,26,100.0,Да,Уточнить,,Технический кандидат,Высокая,Candidate — needs owner approval,"Null rate, duplicate rate, cross-period stability, owner sign-off",,
KEY-0488,FILE-092,VER-023-002,Факт анализ продаж B2B 2026.xlsx,Продажи и каналы,Итоги,4,2026-03-01 00:00:00,2026_03_01_00_00_00,unclassified,Не классифицировано,number,27,100.0,Да,Уточнить,,Технический кандидат,Высокая,Candidate — needs owner approval,"Null rate, duplicate rate, cross-period stability, owner sign-off",,
KEY-0489,FILE-092,VER-023-002,Факт анализ продаж B2B 2026.xlsx,Продажи и каналы,Итоги,5,2026-04-01 00:00:00,2026_04_01_00_00_00,unclassified,Не классифицировано,number,21,100.0,Да,Уточнить,,Технический кандидат,Высокая,Candidate — needs owner approval,"Null rate, duplicate rate, cross-period stability, owner sign-off",,
KEY-0490,FILE-092,VER-023-002,Факт анализ продаж B2B 2026.xlsx,Продажи и каналы,Итоги,6,2026-05-01 00:00:00,2026_05_01_00_00_00,unclassified,Не классифицировано,number,21,100.0,Да,Уточнить,,Технический кандидат,Высокая,Candidate — needs owner approval,"Null rate, duplicate rate, cross-period stability, owner sign-off",,
KEY-0491,FILE-093,VER-058-001,Штатка ИП.xlsx,Персонал и оплата труда,Лист1,2,АУП и окладники,ауп_и_окладники,salary,ФОТ,text,89,100.0,Да,ЗУП / ERP,,Технический кандидат,Высокая,Candidate — needs owner approval,"Null rate, duplicate rate, cross-period stability, owner sign-off",,
