cost_version_id,canonical_sku,article_raw,name,direction,color,size,qty,material_cost,labor_cost,unit_cost_rub,order_cost_rub,cost_date,cost_year,owner_file,channel_hint,collection,completeness,source_file_id,source_sheet,source_row_id
CV-8ac52ea8873de652,0-3014,0-3014,СВИТЕР,МД,СЕРЫЙ,S,1.0,,,0.0,0.0,2024-11-08,2024,ZHUKOVA,,,FULL,FILE-081,2024,r3
CV-9aec483e0a1f242c,0-3073,0-3073,СВИТШОТ,МД,,S M L,3.0,,,0.0,0.0,2024-11-08,2024,ZHUKOVA,,,FULL,FILE-081,2024,r7
CV-6073940eccdf42a0,0-2406,0-2406,ЮБКА,ИМ/ДЕМИ,,S,1.0,,,0.0,0.0,2024-11-08,2024,ZHUKOVA,,,FULL,FILE-081,2024,r11
CV-3b848e643da23f59,0-1418,0-1418,БЛУЗА,ИМ,ЧЕРНЫЙ,S,1.0,1811.0,5175.0,6986.0,6986.0,2024-11-08,2024,ZHUKOVA,,,FULL,FILE-081,2024,r15
CV-2488d459078a6a16,0-2406,0-2406,ЮБКА,ИМ,ЧЕРНЫЙ,M/L,1.0,797.0,,797.0,797.0,2024-11-08,2024,ZHUKOVA,,,FULL,FILE-081,2024,r19
CV-d1a2d852dfd3826d,0-3014,0-3014,СВИТЕР,МД,СЕРЫЙ,S,1.0,11567.0,9000.0,20567.0,20567.0,2024-11-11,2024,ZHUKOVA,,,FULL,FILE-081,2024,r23
CV-4577088f98e1f737,0-3039,0-3039,БЛУЗА,ИМ,,S,1.0,,,0.0,0.0,2024-11-08,2024,ZHUKOVA,,,FULL,FILE-081,2024,r27
CV-9d2cdf2897b4513e,0-3058,0-3058,СВИТШОТ,ИМ,,S M L,3.0,,,0.0,0.0,2024-11-08,2024,ZHUKOVA,,,FULL,FILE-081,2024,r31
CV-9ba9e7163dd84f54,0-3014,0-3014,СВИТЕР,МД,СЕРЫЙ,S,2.0,11567.0,9000.0,20567.0,41134.0,2024-11-05,2024,ZHUKOVA,,,FULL,FILE-081,2024,r35
CV-f605cfaf6ee25aad,0-2007A,0-2007А,БРЮКИ,ИМ,ЧЕРНЫЙ,S,1.0,973.0,4900.0,5873.0,5873.0,2024-11-05,2024,ZHUKOVA,,,FULL,FILE-081,2024,r39
CV-45e747da7b2b7d01,0-2470,0-2470,ЮБКА,ИМ,ЧЕРНЫЙ,S,1.0,2778.0,4400.0,7178.0,7178.0,2024-11-05,2024,ZHUKOVA,,,FULL,FILE-081,2024,r43
CV-c68df3e7300300da,0-2472,0-2472,БРЮКИ,ИМ,ЧЕРНЫЙ,S,1.0,2316.0,5125.0,7441.0,7441.0,2024-11-05,2024,ZHUKOVA,,,FULL,FILE-081,2024,r47
CV-4afacdef594b09d1,0-3078,0-3078,ЮБКА,ИМ,ЧЕРНЫЙ,L,1.0,2310.0,5000.0,7310.0,7310.0,2024-11-11,2024,ZHUKOVA,,,FULL,FILE-081,2024,r51
CV-5e274821986d9de8,0-2393,0-2393,ПЛАТЬЕ,ИМ,ЧЕРНЫЙ,S/M,1.0,9254.0,14250.0,23504.0,23504.0,2024-11-08,2024,ZHUKOVA,,,FULL,FILE-081,2024,r59
CV-fee6e49071e8b355,0-2317,0-2317,ПАЛЬТО,МД,МОЛОКО,S,1.0,8615.0,9350.0,17965.0,17965.0,2024-11-08,2024,ZHUKOVA,,,FULL,FILE-081,2024,r63
CV-1fe8d0aaa07fb37f,0-3054,0-3054,ПЛАТЬЕ,МД,,,1.0,,,0.0,0.0,2024-11-11,2024,ZHUKOVA,,,FULL,FILE-081,2024,r67
CV-23809a41daf8011f,45-18,45-18,ШОРТЫ,МД,,,1.0,,,0.0,0.0,2024-11-11,2024,ZHUKOVA,,,FULL,FILE-081,2024,r71
CV-76b9e13eaec69dd5,45-13,45-13,ЮБКА,МД,,,1.0,,,0.0,0.0,2024-11-11,2024,ZHUKOVA,,,FULL,FILE-081,2024,r75
CV-3dfeaba105131e1c,0-2983,0-2983,ПЛАТЬЕ,МД,,,1.0,,,0.0,0.0,2024-11-11,2024,ZHUKOVA,,,FULL,FILE-081,2024,r79
CV-c047c22b2531de5b,0-3014,0-3014,СВИТЕР,МД,МОЛ/ЧЕР,,2.0,11187.0,6350.0,17537.0,35074.0,2024-11-13,2024,ZHUKOVA,,,FULL,FILE-081,2024,r83
CV-5a7081a1e227947f,0-3014,0-3014,СВИТЕР,МД,СЕРЫЙ,L,1.0,11567.0,9000.0,20567.0,20567.0,2024-11-11,2024,ZHUKOVA,,,FULL,FILE-081,2024,r87
CV-ef2579915d8e98f5,HГ,НГ,,МД,,,,,,0.0,0.0,2024-11-15,2024,ZHUKOVA,,,FULL,FILE-081,2024,r91
CV-0510fcfd0db40f39,0-3014,0-3014,СВИТЕР,МД,МОЛОКО,S,2.0,11187.0,6350.0,17537.0,35074.0,2024-11-14,2024,ZHUKOVA,,,FULL,FILE-081,2024,r96
CV-d6368df8d1b91c51,0-3041A,0-3041А,ПЛАТЬЕ,ИМ,ЧЕРНЫЙ,S,1.0,6099.0,13925.0,20024.0,20024.0,2024-11-12,2024,ZHUKOVA,,,FULL,FILE-081,2024,r100
CV-8011b7a0cef65da6,0-2137,0-2137,БЛУЗА,ИМ,БЕЛЫЙ,F/S,1.0,977.0,4760.0,5737.0,5737.0,2024-11-12,2024,ZHUKOVA,,,FULL,FILE-081,2024,r104
CV-6f80df68f023e067,0-2137,0-2137,БЛУЗА,ИМ,ЧЕНЫЙ,F/S,2.0,977.0,4760.0,5737.0,11474.0,2024-11-12,2024,ZHUKOVA,,,FULL,FILE-081,2024,r108
CV-1f181708a3056325,0-3073,0-3073,СВИТШОТ,ПОДАРКИ ИМ,ЧЕРНЫЙ,L,50.0,1718.0,945.0,2663.0,133150.0,2024-11-13,2024,ZHUKOVA,,,FULL,FILE-081,2024,r112
CV-247679bb59a5f111,0-3101,0-3101,ПАЛЬТО,МД,ЧЕРНЫЙ,,2.0,,,0.0,0.0,2024-11-13,2024,ZHUKOVA,,,FULL,FILE-081,2024,r116
CV-43e792e4adaffefa,0-3102,0-3102,ПАЛЬТО,МД,ЧЕРНЫЙ,S,1.0,17677.0,25350.0,43027.0,43027.0,2024-11-13,2024,ZHUKOVA,,,FULL,FILE-081,2024,r120
CV-7c862eb881693ef7,0-3075,0-3075,ФУТБОЛКА,ИМ,ТИРАЖ,L,6.0,1677.0,2500.0,4177.0,25062.0,2024-11-15,2024,ZHUKOVA,,,FULL,FILE-081,2024,r124
CV-50e84e7a82ccdea3,0-3093,0-3093,ПАЛАНТИН,МД,ЧЕРНЫЙ,,1.0,20817.0,9100.0,29917.0,29917.0,2024-12-05,2024,ZHUKOVA,,,FULL,FILE-081,2024,r132
CV-8ba63ddbffd76971,0-3087,0-3087,СУМКИ,МД,ЧЕРНЫЙ,,2.0,1682.0,6025.0,7707.0,15414.0,2024-11-28,2024,ZHUKOVA,,,FULL,FILE-081,2024,r136
CV-87b2d805a5a4d64a,0-2406,0-2406,ЮБКА,ИМ,ЧЕРНЫЙ,M/L,1.0,797.0,3500.0,4297.0,4297.0,2024-11-25,2024,ZHUKOVA,,,FULL,FILE-081,2024,r140
CV-e83138fc6de22416,0-3014,0-3014,СВИТЕР,МД,СЕРЫЙ,,2.0,11567.0,9000.0,20567.0,41134.0,2024-11-21,2024,ZHUKOVA,,,FULL,FILE-081,2024,r144
CV-b1b9d9f1f3dd45da,0-3078,0-3078,ЮБКИ,ИМ ЗАКАЗ,ЧЕРНЫЙ,,6.0,2310.0,5000.0,7310.0,43860.0,2024-11-22,2024,ZHUKOVA,,,FULL,FILE-081,2024,r148
CV-68af79b3605076e4,0-3078,0-3078,ЮБКИ,ИМ ТИРАЖ,ЧЕРНЫЙ,,4.0,2310.0,5000.0,7310.0,29240.0,2024-11-22,2024,ZHUKOVA,,,FULL,FILE-081,2024,r152
CV-de7eebe7a7687573,0-3058,0-3058,БЛУЗА,ИМ ЗАКАЗ,ЧЕРНЫЙ,"M,L",2.0,2397.0,5000.0,7397.0,14794.0,2024-11-22,2024,ZHUKOVA,,,FULL,FILE-081,2024,r156
CV-9b97dee088a589f3,0-2471,0-2471,СВИТШОТ,ИМ ЗАКАЗ,ЧЕРНЫЙ,S,1.0,3197.0,4500.0,7697.0,7697.0,2024-11-22,2024,ZHUKOVA,,,FULL,FILE-081,2024,r160
CV-7cf9076ce6b8b7b8,0-3052,0-3052,ЮБКА,ИМ ЗАКАЗ,ЧЕРНЫЙ,"М,L",5.0,640.0,4500.0,5140.0,25700.0,2024-11-22,2024,ZHUKOVA,,,FULL,FILE-081,2024,r164
CV-6d6b49db7de3971c,0-2604,0-2604,ЮБКА,ИМ ЗАКАЗ,ЧЕРНЫЙ,XL,1.0,1030.0,4500.0,5530.0,5530.0,2024-11-22,2024,ZHUKOVA,,,FULL,FILE-081,2024,r168
CV-9e77e9cbf1dde5c5,0-3087,0-3087,СУМКА,МД,,,1.0,,,0.0,0.0,2024-11-20,2024,ZHUKOVA,,,FULL,FILE-081,2024,r172
CV-87b16e2bd6baab56,0-3081,0-3081,НАКИДКА,МД,,,1.0,,,0.0,0.0,2024-11-20,2024,ZHUKOVA,,,FULL,FILE-081,2024,r176
CV-177e30196ecfc4bb,0-3086,0-3086,КЕЙП,МД,,,1.0,,,0.0,0.0,2024-11-20,2024,ZHUKOVA,,,FULL,FILE-081,2024,r180
CV-de4100e50ff80780,0-3084,0-3084,КЕЙП,МД,,,1.0,,,0.0,0.0,2024-11-20,2024,ZHUKOVA,,,FULL,FILE-081,2024,r184
CV-8b2629df955b494d,0-3073,0-3073,СВИТШОТ,ИМ,,,66.0,1718.0,975.0,2693.0,177738.0,2024-12-02,2024,ZHUKOVA,,,FULL,FILE-081,2024,r188
CV-df5d7c1c56657704,0-3029,0-3029,БРЮКИ,ИМ ЗАКАЗ,ЧЕРНЫЙ,ИНД МЕРКИ,1.0,2227.0,4000.0,6227.0,6227.0,2024-12-06,2024,ZHUKOVA,,,FULL,FILE-081,2024,r192
CV-67e3e1b24a9b7eea,0-1672,0-1672,РУБАШКА,ИМ ЗАКАЗ,БЕЛЫЙ,ИНД МЕРКИ,2.0,1636.0,5350.0,6986.0,13972.0,2024-12-10,2024,ZHUKOVA,,,FULL,FILE-081,2024,r196
CV-265a464a3e793c1d,0-3078,0-3078,ЮБКА,ИМ ЗАКАЗ,ЧЕРНЫЙ,ИНД МЕРКИ,1.0,2310.0,5000.0,7310.0,7310.0,2024-11-19,2024,ZHUKOVA,,,FULL,FILE-081,2024,r204
CV-bd3a27b18543a325,0-3014,0-3014,СВИТЕР,МД,МОЛОКО,,3.0,,,0.0,0.0,2024-11-28,2024,ZHUKOVA,,,FULL,FILE-081,2024,r208
CV-d1e3201766ad67d8,T-2699,Т-2699,ЮБКА,ИМ,ЧЕРНЫЙ,,,,,0.0,0.0,2024-11-25,2024,ZHUKOVA,,,FULL,FILE-081,2024,r212
CV-9b84dc3453f9f664,0-3081,0-3081,НАКИДКА,МД,КОРИЧН,S,1.0,33763.0,6625.0,40388.0,40388.0,2024-11-20,2024,ZHUKOVA,,,FULL,FILE-081,2024,r216
CV-86a54985a32b311e,0-3095,0-3095,НАКИДКА,МД,СЕРЕБРО,S,1.0,9877.0,7300.0,17177.0,17177.0,2024-11-20,2024,ZHUKOVA,,,FULL,FILE-081,2024,r220
CV-8ef146c86622407e,0-3095,0-3095,НАКИДКА,МД,ЗЕЛЕНЫЙ,S,1.0,9877.0,7300.0,17177.0,17177.0,2024-11-20,2024,ZHUKOVA,,,FULL,FILE-081,2024,r224
CV-f4393ff2e62a0390,0-3097,0-3097,ПАЛЬТО,МД,СИНИЙ,F/S,1.0,13007.0,13007.0,26014.0,26014.0,2024-11-21,2024,ZHUKOVA,,,FULL,FILE-081,2024,r228
CV-a55b26a9b8878b22,0-3097,0-3097,ПАЛЬТО,МД,ЧЕРНЫЙ,F/S,1.0,13007.0,13007.0,26014.0,26014.0,2024-11-25,2024,ZHUKOVA,,,FULL,FILE-081,2024,r232
CV-0a1890428d0ea978,0-2007A,0-2007А,БРЮКИ,ИМ ЗАКАЗ,ЧЕРНЫЙ,L,1.0,951.0,3000.0,3951.0,3951.0,2024-12-06,2024,ZHUKOVA,,,FULL,FILE-081,2024,r236
CV-3a1401327e7b173b,0-3059,0-3059,БРЮКИ,ИМ ЗАКАЗ,ЧЕРНЫЙ,М,1.0,1259.0,3000.0,4259.0,4259.0,2024-12-06,2024,ZHUKOVA,,,FULL,FILE-081,2024,r240
CV-2240d0ca0fe6c856,0-3030A,0-3030А,БЛУЗОН,ИМ ЗАКАЗ,СИНИЙ,S,1.0,1222.0,6000.0,7222.0,7222.0,2024-12-06,2024,ZHUKOVA,,,FULL,FILE-081,2024,r244
CV-3535d94f87a07a0d,0-3031A,0-3031А,БРЮКИ,ИМ ЗАКАЗ,СИНИЙ,S,1.0,1206.0,3000.0,4206.0,4206.0,2024-12-06,2024,ZHUKOVA,,,FULL,FILE-081,2024,r248
CV-9c557335e5fd7081,0-3040,0-3040,БРЮКИ,ИМ ЗАКАЗ,ЧЕРНЫЙ,L,1.0,1596.0,3000.0,4596.0,4596.0,2024-12-06,2024,ZHUKOVA,,,FULL,FILE-081,2024,r252
CV-5802516b7a69e934,0-3043,0-3043,БЛУЗА,ИМ ЗАКАЗ,ЧЕРНЫЙ,М,1.0,2458.0,5000.0,7458.0,7458.0,2024-12-06,2024,ZHUKOVA,,,FULL,FILE-081,2024,r256
CV-a97ec0f2b19750d4,0-3030A,0-3030А,БЛУЗА,ИМ ЗАКАЗ,СИНИЙ,S,1.0,1222.0,5000.0,6222.0,6222.0,2024-12-06,2024,ZHUKOVA,,,FULL,FILE-081,2024,r260
CV-65015c0ec00a3e39,0-3063,0-3063,БРЮКИ,ИМ ЗАКАЗ,СИНИЙ,S,1.0,876.0,2500.0,3376.0,3376.0,2024-12-06,2024,ZHUKOVA,,,FULL,FILE-081,2024,r264
CV-f5fd7b9249595699,0-3092,0-3092,ПАЛАНТИН,МД,ЧЕРНЫЙ,F/S,1.0,5912.0,27400.0,33312.0,33312.0,2024-11-11,2024,ZHUKOVA,,,FULL,FILE-081,2024,r268
CV-163835603394a56c,0-3096,0-3096,ТОП,МД,ЧЕРНЫЙ,S,1.0,8227.0,3450.0,11677.0,11677.0,2024-11-27,2024,ZHUKOVA,,,FULL,FILE-081,2024,r272
CV-384a7a35df9e82a4,0-3091C,0-3091С,БЛУЗА,МД,БЕЖ,S,1.0,4587.0,11450.0,16037.0,16037.0,2024-11-26,2024,ZHUKOVA,,,FULL,FILE-081,2024,r276
CV-491d5b0ee70cbe3e,0-3095,0-3095,НАКИДКА,МД,КРАСНАЯ,S,1.0,9877.0,7300.0,17177.0,17177.0,2024-11-25,2024,ZHUKOVA,,,FULL,FILE-081,2024,r280
CV-dcd664f8c10841e0,0-3096,0-3096,ТОП,МД,ЧЕРНЫЙ,L,1.0,4801.0,3950.0,8751.0,8751.0,2024-11-29,2024,ZHUKOVA,,,FULL,FILE-081,2024,r284
CV-6305738babe997e8,0-3091Д,0-3091Д,ТОП,МД,Ч/БЕЖ,S,1.0,7006.0,4400.0,11406.0,11406.0,2024-11-29,2024,ZHUKOVA,,,FULL,FILE-081,2024,r288
CV-643b946db41fc965,0-3096B,0-3096в,ТОП,МД,БЕЛ,S   L,2.0,4801.0,3950.0,8751.0,17502.0,2024-11-28,2024,ZHUKOVA,,,FULL,FILE-081,2024,r292
CV-e58088ed07432c33,0-3087B,0-3087В,СУМКИ,МД,ЧЕРНЫЙ,,2.0,1842.0,5225.0,7067.0,14134.0,2024-11-27,2024,ZHUKOVA,,,FULL,FILE-081,2024,r296
CV-9c05bfccca1ebbf0,0-3086,0-3086,КЕЙП,МД,ЧЕРНЫЙ,F/S,1.0,4942.0,24050.0,28992.0,28992.0,2024-11-14,2024,ZHUKOVA,,,FULL,FILE-081,2024,r304
CV-7292993950e9b999,0-3090,0-3090,НАКИДКА,МД,ЧЕРНЫЙ,S,1.0,16777.0,25250.0,42027.0,42027.0,2024-11-18,2024,ZHUKOVA,,,FULL,FILE-081,2024,r308
CV-06c55d0173dd785b,0-3091,0-3091,ТОП,МД,БЕЖ,S,2.0,,,0.0,0.0,2024-11-22,2024,ZHUKOVA,,,FULL,FILE-081,2024,r312
CV-99913bfa7184d0c9,0-3100,0-3100,ПАЛЬТО,МД,ЧЕРНЫЙ,S,1.0,46181.0,20250.0,66431.0,66431.0,2024-11-19,2024,ZHUKOVA,,,FULL,FILE-081,2024,r316
CV-a829934546e17d71,0-3088,0-3088,КЕЙП С ДЕКОРОМ,МД,ГРАФИТ,,1.0,10857.0,72999.0,83856.0,83856.0,2024-11-29,2024,ZHUKOVA,,,FULL,FILE-081,2024,r320
CV-3281f4662cdc5672,0-3091B,0-3091В,ТОП,МД,БЕЖ,S,2.0,4587.0,11450.0,16037.0,32074.0,2024-11-27,2024,ZHUKOVA,,,FULL,FILE-081,2024,r324
CV-ecbaf977600ba02c,0-3092A,0-3092А,ПАЛАНТИН,МД,ЧЕРНЫЙ,F/S,1.0,5422.0,35450.0,40872.0,40872.0,2024-11-28,2024,ZHUKOVA,,,FULL,FILE-081,2024,r328
CV-c336408aa0ec522a,0-3084,0-3084,КЕЙП С БОА,МД,ЧЕРНЫЙ,F/S,1.0,21397.0,16350.0,37747.0,37747.0,2024-11-18,2024,ZHUKOVA,,,FULL,FILE-081,2024,r332
CV-3e9b76b46eb9c32d,0-3084A,0-3084А,КЕЙП С БОА,МД,ЧЕРНЫЙ,F/S,1.0,21397.0,18350.0,39747.0,39747.0,2024-11-20,2024,ZHUKOVA,,,FULL,FILE-081,2024,r336
CV-3d4ee27f25455df4,0-3092,0-3092,НАКИДКА,МД,ГОЛУБОЙ,F/S,1.0,5422.0,35450.0,40872.0,40872.0,2024-11-29,2024,ZHUKOVA,,,FULL,FILE-081,2024,r340
CV-6c59cd6c42d1e5ae,0-2393,0-2393,ПЛАТЬЕ,ИМ,ЧЕРНЫЙ,L,1.0,,,0.0,0.0,2024-11-22,2024,ZHUKOVA,,,FULL,FILE-081,2024,r344
CV-f87a675e12aba346,0-3102,0-3102,ПАЛЬТО,МД,ГРАФИТ,,1.0,17677.0,25350.0,43027.0,43027.0,2024-11-27,2024,ZHUKOVA,,,FULL,FILE-081,2024,r348
CV-6dafbf2b7171dd74,0-3080,0-3080,ПЛАТЬЕ,МД,ЧЕРНЫЙ,S,1.0,6270.0,13075.0,19345.0,19345.0,2024-11-29,2024,ZHUKOVA,,,FULL,FILE-081,2024,r352
CV-c15153d3b57cd8bd,0-3089,0-3089,КЕЙП С ДЕКОРОМ,МД,ЧЕРНЫЙ,F/S,1.0,5927.0,39900.0,45827.0,45827.0,2024-11-27,2024,ZHUKOVA,,,FULL,FILE-081,2024,r356
CV-ffde6518deae2477,0-3079,0-3079,ПЛАТЬЕ,МД,ЧЕРНЫЙ,S,1.0,4847.0,13075.0,17922.0,17922.0,2024-11-29,2024,ZHUKOVA,,,FULL,FILE-081,2024,r360
CV-a2abacccacfcb055,M-B24(18),М-В24(18),ПЛАТЬЕ,МД,ЧЕРНЫЙ,,1.0,,,0.0,0.0,2024-12-02,2024,ZHUKOVA,,,FULL,FILE-081,2024,r364
CV-38ea8730e2d4bc02,0-3085,0-3085,ПЕРЧАТКИ,МД,ЧЕРНЫЙ,,1.0,1217.0,4000.0,5217.0,5217.0,2024-11-29,2024,ZHUKOVA,,,FULL,FILE-081,2024,r368
CV-0393bb179b3e3773,0-3024,0-3024,ЮБКА,ИМ,ЧЕРНЫЙ,ИНД МЕРКИ,1.0,2380.0,5000.0,7380.0,7380.0,2024-12-10,2024,ZHUKOVA,,,FULL,FILE-081,2024,r372
CV-03f1e1dd1d9b301b,0-3060,0-3060,ЮБКА,ИМ,ЧЕРНЫЙ,ИНД МЕРКИ,1.0,947.0,3500.0,4447.0,4447.0,2024-12-10,2024,ZHUKOVA,,,FULL,FILE-081,2024,r376
CV-502efbb588b64400,0-3058,0-3058,СВИТШОТ,ИМ,ЧЕРНЫЙ,M L,2.0,1396.0,5400.0,6796.0,13592.0,2024-12-10,2024,ZHUKOVA,,,FULL,FILE-081,2024,r380
CV-40e86001990b4990,0-3024,0-3024,ЮБКА,ИМ,ЧЕРНЫЙ,S,1.0,2380.0,5000.0,7380.0,7380.0,2024-12-10,2024,ZHUKOVA,,,FULL,FILE-081,2024,r384
CV-8d501812b09a48ed,0-3102,0-3102,ПАЛЬТО,МД,СИНИЙ,S,1.0,17677.0,25350.0,43027.0,43027.0,2024-12-02,2024,ZHUKOVA,,,FULL,FILE-081,2024,r390
CV-be62789a60a463f9,0-3096A,0-3096А,ТОП,МД,ЧЕРНЫЙ,S,1.0,9237.0,3450.0,12687.0,12687.0,2024-12-02,2024,ZHUKOVA,,,FULL,FILE-081,2024,r394
CV-39f5024f3adf81e5,0-3084,0-3084,КЕЙП,МД,ЧЕРНЫЙ,,1.0,,,0.0,0.0,2024-12-04,2024,ZHUKOVA,,,FULL,FILE-081,2024,r398
CV-05d1df9bced93625,0-3098,0-3098,ПЕРЧАТКИ,МД,ЧЕРНЫЙ,,3.0,2877.0,5000.0,7877.0,23631.0,2024-12-05,2024,ZHUKOVA,,,FULL,FILE-081,2024,r402
CV-2acd19ca79f8f33b,0-1486,0-1486,ЮБКА,ИМ,ЧЕРНЫЙ,XL,1.0,1797.0,15450.0,17247.0,17247.0,2024-12-09,2024,ZHUKOVA,,,FULL,FILE-081,2024,r406
CV-7907e6b8b96da149,0-3094,0-3094,СТОЙКА,МД,ЧЕРНЫЙ,,1.0,607.0,7832.0,8439.0,8439.0,2024-01-05,2024,ZHUKOVA,,,FULL,FILE-081,2024,r410
CV-a7d7343205261042,0-3095,0-3095,ПАЛАНТИН,МД НГ,КРАСНЫЙ,,1.0,,,0.0,0.0,2024-12-12,2024,ZHUKOVA,,,FULL,FILE-081,2024,r418
CV-eee69fb18cc6a84e,0-3091,0-3091,ТОП,МД НГ,2 ЦВЕТА,,1.0,,,0.0,0.0,2024-12-12,2024,ZHUKOVA,,,FULL,FILE-081,2024,r422
CV-5ee05f8357b91602,0-3097,0-3097,ПАЛЬТО,МД НГ,ЧЕРНЫЙ,,1.0,,,0.0,0.0,2024-12-12,2024,ZHUKOVA,,,FULL,FILE-081,2024,r426
CV-952a6281791a77d5,0-3083,0-3083,КЕЙП,МД НГ,ЧЕРНЫЙ,,1.0,,,0.0,0.0,2024-12-12,2024,ZHUKOVA,,,FULL,FILE-081,2024,r430
CV-02928a6ed6eb2921,0-3079,0-3079,ПЛАТЬЕ,МД НГ,ЧЕРНЫЙ,,1.0,,,0.0,0.0,2024-12-12,2024,ZHUKOVA,,,FULL,FILE-081,2024,r434
CV-2a3ce900ec22b6a1,0-3083A,0-3083А,КЕЙП,МД НГ,ЧЕРНЫЙ,,1.0,,,0.0,0.0,2024-12-12,2024,ZHUKOVA,,,FULL,FILE-081,2024,r438
CV-e63b84b9df890bc4,0-3082,0-3082,КЕЙП,МД НГ,ЧЕРНЫЙ,,1.0,,,0.0,0.0,2024-12-12,2024,ZHUKOVA,,,FULL,FILE-081,2024,r442
CV-66735ecc4123984e,0-3088,0-3088,КЕЙП,МД НГ,ЧЕРНЫЙ,,1.0,,,0.0,0.0,2024-12-12,2024,ZHUKOVA,,,FULL,FILE-081,2024,r446
CV-d77c6fb8f138ff6d,0-3019,0-3019,ПАЛЬТО,МД,ЧЕРНЫЙ,ПО ЛЕКАЛАМ,1.0,,,0.0,0.0,2024-12-16,2024,ZHUKOVA,,,FULL,FILE-081,2024,r450
CV-e56d9c1965c6320c,0-2137,0-2137,БЛУЗА,ИМ,ЧЕРНЫЙ,F/S,3.0,977.0,3675.0,4652.0,13956.0,2024-12-12,2024,ZHUKOVA,,,FULL,FILE-081,2024,r454
CV-970385b86b2268b8,0-1960,0-1960,БЛУЗА,ИМ,ЧЕРНЫЙ,L,1.0,2306.0,6350.0,8656.0,8656.0,2024-12-10,2024,ZHUKOVA,,,FULL,FILE-081,2024,r458
CV-05e2d3af78f23426,0-3092C,0-3092С,ПАЛАНТИН,МД,ЧЕРНЫЙ,,2.0,20817.0,9100.0,29917.0,59834.0,2024-12-13,2024,ZHUKOVA,,,FULL,FILE-081,2024,r462
CV-74234d7aa9a8a5dd,0-3052,0-3052,ЮБКА,ИМ,ЧЕРНЫЙ,ПО ИНД МЕРКАМ,1.0,569.0,4900.0,5469.0,5469.0,2024-12-10,2024,ZHUKOVA,,,FULL,FILE-081,2024,r466
CV-6218685402572381,0-2673,0-2673,БЛУЗОН,ИМ,ЧЕРНЫЙ,М,1.0,1608.0,16900.0,18508.0,18508.0,2024-12-10,2024,ZHUKOVA,,,FULL,FILE-081,2024,r470
CV-2aceb6a55712bfd6,0-1418,0-1418,БЛУЗА,ИМ,ЧЕРНЫЙ,М,1.0,2807.0,6525.0,9332.0,9332.0,2024-12-11,2024,ZHUKOVA,,,FULL,FILE-081,2024,r474
CV-113a082d9f5c0ffe,0-3096,0-3096,ТОП,МД,БЕЛЫЙ,,2.0,,,0.0,0.0,2024-12-02,2024,ZHUKOVA,,,FULL,FILE-081,2024,r478
CV-037847fe007fc435,0-3085,0-3085,ПЕРЧАТКИ,МД,ЧЕРНЫЙ,,1.0,,,0.0,0.0,2024-12-11,2024,ZHUKOVA,,,FULL,FILE-081,2024,r482
CV-4fc08e2acd06dbd6,0-3094,0-3094,СТОЙКА,МД,,,1.0,607.0,7225.0,7832.0,7832.0,2024-12-03,2024,ZHUKOVA,,,FULL,FILE-081,2024,r486
CV-2c751b97cc3c9c6e,0-3093,0-3093,КОЛЬЕ,МД,,,1.0,,,0.0,0.0,2024-12-23,2024,ZHUKOVA,,,FULL,FILE-081,2024,r490
CV-8335a5990840b1e1,43-25,43-25,БОДИ,МД,,,1.0,,,0.0,0.0,2024-12-23,2024,ZHUKOVA,,,FULL,FILE-081,2024,r494
CV-00925483f8d42d3b,0-3082A,0-3082А,КЕЙП,МД,,,1.0,,,0.0,0.0,2024-12-03,2024,ZHUKOVA,,,FULL,FILE-081,2024,r500
CV-3f0627fc9314351e,0-3087A,0-3087А,СУМКИ,МД,,,2.0,,,0.0,0.0,2024-12-06,2024,ZHUKOVA,,,FULL,FILE-081,2024,r504
CV-cb325827b9b140ee,0-3098,0-3098,ПЕРЧАТКИ,МД,КОЖА,,1.0,,,0.0,0.0,2024-12-06,2024,ZHUKOVA,,,FULL,FILE-081,2024,r508
CV-d04a5edb5c24b71d,0-3096Д,0-3096Д,ТОП,МД,ТКАНЬ,,1.0,,,0.0,0.0,2024-12-04,2024,ZHUKOVA,,,FULL,FILE-081,2024,r512
CV-1d5f9a2c789ec1ff,0-3094,0-3094,СТОЙКА,МД,,ЗАКАЗ,1.0,607.0,7225.0,7832.0,7832.0,2024-12-16,2024,ZHUKOVA,,,FULL,FILE-081,2024,r516
CV-9c689d3df1ae8d75,0-3083A,0-3083А,КЕЙП,МД,ЧЕРНЫЙ,,1.0,,,0.0,0.0,2024-12-03,2024,ZHUKOVA,,,FULL,FILE-081,2024,r520
CV-06292a3d913b9934,0-3083B,0-3083В,КЕЙП,МД,ПЕРЬЯ,,,,,0.0,0.0,2024-12-03,2024,ZHUKOVA,,,FULL,FILE-081,2024,r524
CV-8e1ef9de8b147614,0-2007A,0-2007А,БРЮКИ,ИМ,ЧЕРНЫЙ,L,1.0,951.0,3000.0,3951.0,3951.0,2024-12-23,2024,ZHUKOVA,,,FULL,FILE-081,2024,r528
CV-b8d19e4ca2d1f5b3,0-1098B,0-1098В,БЛУЗА,ИМ,ЧЕРНЫЙ,L,1.0,485.0,4500.0,4985.0,4985.0,2024-12-26,2024,ZHUKOVA,,,FULL,FILE-081,2024,r532
CV-545b0e2623bbd0e1,0-3052,0-3052,ЮБКА,ИМ,ЧЕРНЫЙ,М,1.0,640.0,4500.0,5140.0,5140.0,2024-12-16,2024,ZHUKOVA,,,FULL,FILE-081,2024,r536
CV-880368eebdcac198,0-3029,0-3029,БРЮКИ,ИМ,ЧЕРНЫЙ,М,1.0,523.0,4000.0,4523.0,4523.0,2024-12-23,2024,ZHUKOVA,,,FULL,FILE-081,2024,r540
CV-d427d9f75bf409c4,0-963,0-963,РУКАВА,МД,ЧЕРНЫЙ,,3.0,377.0,1225.0,1602.0,4806.0,2024-12-11,2024,ZHUKOVA,,,FULL,FILE-081,2024,r544
CV-103ca9693e863895,0-3100,0-3100,ПАЛЬТО,МД НГ,,,1.0,,,0.0,0.0,2024-12-03,2024,ZHUKOVA,,,FULL,FILE-081,2024,r548
CV-2f3aaedd1b8bfc1e,0-3091,0-3091,ТОП,МД НГ,,,1.0,,,0.0,0.0,2024-12-03,2024,ZHUKOVA,,,FULL,FILE-081,2024,r552
CV-906c8893ff1dff1a,0-3096,0-3096,ТОП,МД НГ,,,1.0,,,0.0,0.0,2024-12-03,2024,ZHUKOVA,,,FULL,FILE-081,2024,r556
CV-73cd8bd6c033a4f9,0-3102,0-3102,ПАЛЬТО,МД НГ,,,1.0,,,0.0,0.0,2024-12-03,2024,ZHUKOVA,,,FULL,FILE-081,2024,r560
CV-7ade3066f9624377,0-3080,0-3080,ПЛАТЬЕ,МД НГ,,,1.0,,,0.0,0.0,2024-12-03,2024,ZHUKOVA,,,FULL,FILE-081,2024,r564
CV-758e49bc4e0d5440,0-3081,0-3081,КЕЙП,МД НГ,,,1.0,,,0.0,0.0,2024-12-03,2024,ZHUKOVA,,,FULL,FILE-081,2024,r568
CV-b09b962434d1a77f,0-3093,0-3093,МАНИШКА,МД НГ,,,1.0,,,0.0,0.0,2024-12-03,2024,ZHUKOVA,,,FULL,FILE-081,2024,r572
CV-e6e4c64c6b2bcf7d,0-3092,0-3092,ПАЛАНТИН,МД НГ,,,1.0,,,0.0,0.0,2024-12-03,2024,ZHUKOVA,,,FULL,FILE-081,2024,r576
CV-7c42faaae67f4d5b,0-3082,0-3082,КЕЙП,МД НГ,ЧЕРНЫЙ,,1.0,43457.0,10300.0,53757.0,53757.0,2024-12-06,2024,ZHUKOVA,,,FULL,FILE-081,2024,r580
CV-7574dc25cb9d55ae,0-3052,0-3052,ЮБКА,ИМ ЗАКАЗ,ЧЕРНЫЙ,М,1.0,569.0,4900.0,5469.0,5469.0,2024-12-11,2024,ZHUKOVA,,,FULL,FILE-081,2024,r584
CV-371affbb93be3aad,0-2600,0-2600,БРЮКИ,ИМ ЗАКАЗ,ЧЕРНЫЙ,М,1.0,1432.0,4400.0,5832.0,5832.0,2024-12-12,2024,ZHUKOVA,,,FULL,FILE-081,2024,r588
CV-03df303241437dc0,0-2604,0-2604,ЮБКА,ИМ ЗАКАЗ,ЧЕРНЫЙ,L,1.0,1030.0,4675.0,5705.0,5705.0,2024-12-12,2024,ZHUKOVA,,,FULL,FILE-081,2024,r592
CV-bda78eea35c9fa0e,0-2600,0-2600,БРЮКИ,ИМ ЗАКАЗ,ЧЕРНЫЙ,L,1.0,1432.0,4400.0,5832.0,5832.0,2024-12-12,2024,ZHUKOVA,,,FULL,FILE-081,2024,r596
CV-f07959d6383464b2,0-3083,0-3083,КЕЙП,МД НГ,ЧЕРНЫЙ,,1.0,60507.0,12250.0,72757.0,72757.0,2024-12-06,2024,ZHUKOVA,,,FULL,FILE-081,2024,r600
CV-067db17d51ec7c74,0-3079,0-3079,ПЛАТЬЕ,МД НГ,СИНИЙ,,1.0,4847.0,6800.0,11647.0,11647.0,2024-12-06,2024,ZHUKOVA,,,FULL,FILE-081,2024,r604
CV-7e5c04829ce415df,0-3080,0-3080,ПЛАТЬЕ,МД ЗАКАЗ,ЧЕРНЫЙ,S,1.0,6207.0,13075.0,19282.0,19282.0,2024-12-12,2024,ZHUKOVA,,,FULL,FILE-081,2024,r612
CV-d7b30d52e4f92a46,0-3090,0-3090,КЕЙП,МД НГ,,,1.0,,,0.0,0.0,2024-12-16,2024,ZHUKOVA,,,FULL,FILE-081,2024,r616
CV-2413f1d1a683d03b,0-3082,0-3082,КЕЙП,МД НГ,,,1.0,,,0.0,0.0,2024-12-16,2024,ZHUKOVA,,,FULL,FILE-081,2024,r620
CV-7beee93993674c72,0-3083,0-3083,КЕЙП,МД НГ,,,1.0,,,0.0,0.0,2024-12-16,2024,ZHUKOVA,,,FULL,FILE-081,2024,r622
CV-8a7d6348c8f6febe,0-1486,0-1486,ЮБКА,ИМ,ЧЕРНЫЙ,,1.0,,,0.0,0.0,2024-12-20,2024,ZHUKOVA,,,FULL,FILE-081,2024,r626
CV-d2a4b4a51bf7d83e,0-3092,0-3092,ПАЛАНТИН,МД НГ,ЧЕРНЫЙ,,1.0,5912.0,27400.0,33312.0,33312.0,2024-12-17,2024,ZHUKOVA,,,FULL,FILE-081,2024,r630
CV-ca3123ec1bf4b67e,0-3024,0-3024,ЮБКА,ИМ,ЧЕРНЫЙ,,1.0,2380.0,5000.0,7380.0,7380.0,2024-12-17,2024,ZHUKOVA,,,FULL,FILE-081,2024,r634
CV-53140eee0e5d9847,0-3092A,0-3092А,ПАЛАНТИН,МД НГ,ГОЛУБОЙ,,1.0,5912.0,27400.0,33312.0,33312.0,2024-12-17,2024,ZHUKOVA,,,FULL,FILE-081,2024,r638
CV-669eab7366f264a9,0-3082,0-3082,КЕЙП,МД НГ,ЧЕРНЫЙ,,1.0,43457.0,10300.0,53757.0,53757.0,2024-12-17,2024,ZHUKOVA,,,FULL,FILE-081,2024,r642
CV-0de65c3ddfc39e48,0-3083,0-3083,КЕЙП,МД НГ,ЧЕРНЫЙ,,1.0,60507.0,12250.0,72757.0,72757.0,2024-12-18,2024,ZHUKOVA,,,FULL,FILE-081,2024,r646
CV-5b866bdfaf4820ff,0-3094,0-3094,СТОЙКА,МД,,,1.0,607.0,7225.0,7832.0,7832.0,2024-12-19,2024,ZHUKOVA,,,FULL,FILE-081,2024,r650
CV-abfa1ffad3649a11,0-3197,0-3197,КИМОНО,МД НГ,СИНИЙ,,1.0,,,0.0,0.0,2024-12-20,2024,ZHUKOVA,,,FULL,FILE-081,2024,r654
CV-bb9b0fddbd70f31e,0-3089,0-3089,КЕЙП,МД НГ,ЧЕРНЫЙ,,1.0,5927.0,39900.0,45827.0,45827.0,2024-12-20,2024,ZHUKOVA,,,FULL,FILE-081,2024,r658
CV-21cc48887f37ed65,45-13,45-13,БЛУЗА,МД КУТЮР,ВИШНЯ,,1.0,,,0.0,0.0,2024-12-19,2024,ZHUKOVA,,,FULL,FILE-081,2024,r662
CV-f6944336be7b4b9f,45-2,45-2,БАКЛАЖАН,МД КУТЮР,БАКЛАЖАН,,1.0,,,0.0,0.0,2024-12-16,2024,ZHUKOVA,,,FULL,FILE-081,2024,r666
CV-00f0c8537240877d,0-3082,0-3082,КЕЙП,МД ЗАКАЗ,ЧЕРНЫЙ,,1.0,43457.0,10300.0,53757.0,53757.0,2024-12-19,2024,ZHUKOVA,,,FULL,FILE-081,2024,r674
CV-493c3052293b4cd0,45-1,45-1,БЛУЗА,МД КУТЮР,ЧЕРНЫЙ,,1.0,,,0.0,0.0,2024-12-19,2024,ZHUKOVA,,,FULL,FILE-081,2024,r678
CV-dc632edde735d516,0-3058,0-3058,БЛУЗА,ИМ ЗАКАЗ,ЧЕРНЫЙ,,2.0,2397.0,5675.0,8072.0,16144.0,2024-12-10,2024,ZHUKOVA,,,FULL,FILE-081,2024,r682
CV-64500b6ca4725939,0-2471,0-2471,СВИТШОТ,ИМ ЗАКАЗ,ЧЕРНЫЙ,S,2.0,3187.0,6000.0,9187.0,18374.0,2024-12-23,2024,ZHUKOVA,,,FULL,FILE-081,2024,r686
CV-52db6b35df77ca99,0-2471,0-2471,БРЮКИ,ИМ ЗАКАЗ,ЧЕРНЫЙ,М,1.0,2433.0,4500.0,6933.0,6933.0,2024-12-23,2024,ZHUKOVA,,,FULL,FILE-081,2024,r690
CV-58e63d04ede53cef,0-2470,0-2470,ЮБКА,ИМ ЗАКАЗ,ЧЕРНЫЙ,М,1.0,2623.0,4000.0,6623.0,6623.0,2024-12-23,2024,ZHUKOVA,,,FULL,FILE-081,2024,r694
CV-2a17d49700e4db38,0-2359A,0-2359А,СВИТШОТ,ИМ ЗАКАЗ,ЧЕРНЫЙ,S,1.0,3247.0,6000.0,9247.0,9247.0,2024-12-23,2024,ZHUKOVA,,,FULL,FILE-081,2024,r698
CV-142b64ca0d14437b,0-963,0-963,РУКАВА,МД,ЧЕРНЫЙ,,3.0,377.0,1225.0,1602.0,4806.0,2024-12-26,2024,ZHUKOVA,,,FULL,FILE-081,2024,r702
CV-b3086a6d6e22ce92,0-3001,0-3001,КУРТКА,МД ЗАКАЗ,ЧЕРНЫЙ,S,1.0,5281.0,30600.0,35881.0,35881.0,2024-12-25,2024,ZHUKOVA,,,FULL,FILE-081,2024,r706
CV-7b98005fe6c0be2b,0-3078,0-3078,ЮБКА,ИМ,ЧЕРНЫЙ,М,1.0,2151.0,4675.0,6826.0,6826.0,2024-12-25,2024,ZHUKOVA,,,FULL,FILE-081,2024,r710
CV-cd6a547bfcc6ac4a,0-3083,0-3083,КЕЙП,МД,ЧЕРНЫЙ,,1.0,60507.0,12250.0,72757.0,72757.0,2024-12-24,2024,ZHUKOVA,,,FULL,FILE-081,2024,r714
CV-26704063ae129d86,0-3044,0-3044,ШОРТЫ,МД,ЧЕРНЫЙ,,1.0,681.0,2450.0,3131.0,3131.0,2024-12-24,2024,ZHUKOVA,,,FULL,FILE-081,2024,r718
CV-e2067c725a22f1e0,0-1442,0-1442,ЮБКА,ИМ,ЧЕРНЫЙ,S,1.0,5603.0,5350.0,10953.0,10953.0,2024-12-25,2024,ZHUKOVA,,,FULL,FILE-081,2024,r722
CV-8168634e52391481,0-3094,0-3094,СТОЙКА,МД,ЧЕРНЫЙ,,1.0,607.0,7225.0,7832.0,7832.0,2024-12-25,2024,ZHUKOVA,,,FULL,FILE-081,2024,r726
CV-b66cc6ede240e451,0-3059,0-3059,БРЮКИ,ИМ ЗАКАЗ,ЧЕРНЫЙ,L,1.0,1259.0,4400.0,5659.0,5659.0,2024-12-26,2024,ZHUKOVA,,,FULL,FILE-081,2024,r730
CV-1d7db7abaf6267ce,0-3044,0-3044,ШОРТЫ,МД,ГОЛУБОЙ,,1.0,681.0,2450.0,3131.0,3131.0,2024-12-24,2024,ZHUKOVA,,,FULL,FILE-081,2024,r734
CV-24e7b09bad101548,0-3032A,0-3032А,ЮБКА,ИМ ЗАКАЗ,ЧЕРНЫЙ,,1.0,2301.0,8675.0,10976.0,10976.0,2024-12-25,2024,ZHUKOVA,,,FULL,FILE-081,2024,r738
CV-940d251f20cca87a,0-3042C,0-3042С,БЛУЗА,ИМ ЗАКАЗ,РОЗОВЫЙ,,1.0,1109.0,8675.0,9784.0,9784.0,2024-12-26,2024,ZHUKOVA,,,FULL,FILE-081,2024,r742
CV-a457edf57effdb21,0-3080,0-3080,ПЛАТЬЕ,МД ЗАКАЗ,ЧЕРНЫЙ,,1.0,,,0.0,0.0,2026-12-25,2024,ZHUKOVA,,,FULL,FILE-081,2024,r746
CV-035c07302612736f,0-3059B,0-3059В,БРЮКИ,ИМ ЗАКАЗ,СЕРЫЙ,L,1.0,1259.0,4400.0,5659.0,5659.0,2024-12-26,2024,ZHUKOVA,,,FULL,FILE-081,2024,r750
CV-c26a848475de49f4,45-27,45-27,ЮБКА,МД КУТЮР,БЕЖ,,1.0,,,0.0,0.0,2024-12-27,2024,ZHUKOVA,,,FULL,FILE-081,2024,r754
CV-0f48f4f7b652dbce,0-2604,0-2604,ЮБКА,ИМ ЗАКАЗ,ЧЕРНЫЙ,,1.0,1030.0,1675.0,2705.0,2705.0,2024-12-27,2024,ZHUKOVA,,,FULL,FILE-081,2024,r758
CV-2df473f14f9452a0,0-3078,0-3078,ЮБКА,ИМ ЗАКАЗ,ЧЕРНЫЙ,,1.0,2151.0,4675.0,6826.0,6826.0,2024-12-27,2024,ZHUKOVA,,,FULL,FILE-081,2024,r762
CV-6b028ded6b7bd816,45-27,45-27,БЛУЗА,МД КУТЮР,БЕЖ,,1.0,,,0.0,0.0,2024-12-28,2024,ZHUKOVA,,,FULL,FILE-081,2024,r766
CV-0f115ce2f4ea1c96,0-3031,0-3031,БРЮКИ,ИМ ТИРАЖ,ЧЕРНЫЙ,S,1.0,1206.0,4400.0,5606.0,5606.0,,2025,ZHUKOVA,,,FULL,FILE-081,2025,r3
CV-c8179aff7cfa69e2,0-3040,0-3040,БРЮКИ,ИМ ТИРАЖ,ЧЕРНЫЙ,"М,L",2.0,1596.0,4400.0,5996.0,11992.0,,2025,ZHUKOVA,,,FULL,FILE-081,2025,r5
CV-2f67712c514ca07b,0-3063,0-3063,БРЮКИ,ИМ ТИРАЖ,ЧЕРНЫЙ,"М,L",4.0,876.0,4400.0,5276.0,21104.0,,2025,ZHUKOVA,,,FULL,FILE-081,2025,r7
CV-4da04b8724559a1b,45-31,45-31,ПЛАТЬЕ,МД КУТЮР,ЛЕКАЛА,,1.0,,1000.0,1000.0,1000.0,,2025,ZHUKOVA,,,FULL,FILE-081,2025,r9
CV-178324f5bd9d161b,45-30,45-30,ПЛАТЬЕ,МД КУТЮР,ЛЕКАЛА,,1.0,,1000.0,1000.0,1000.0,,2025,ZHUKOVA,,,FULL,FILE-081,2025,r13
CV-8d68572b5e4e612a,45-32,45-32,ПЛАТЬЕ,МД КУТЮР,ЛЕКАЛА,,1.0,,1400.0,1400.0,1400.0,,2025,ZHUKOVA,,,FULL,FILE-081,2025,r17
CV-3d7fc012b04ba773,45-29,45-29,БЛУЗА,МД КУТЮР,ЛЕКАЛА,,1.0,,900.0,900.0,900.0,,2025,ZHUKOVA,,,FULL,FILE-081,2025,r21
CV-fdde640921a84210,45-14,45-14,ПЛАТЬЕ,МД КУТЮР,ЛЕКАЛА,,1.0,,1600.0,1600.0,1600.0,,2025,ZHUKOVA,,,FULL,FILE-081,2025,r25
CV-e3a4c1cd38a75633,45-20,45-20,ПЛАТЬЕ,МД КУТЮР,ЛЕКАЛА,,1.0,,1400.0,1400.0,1400.0,,2025,ZHUKOVA,,,FULL,FILE-081,2025,r29
CV-71c27eddc118acdd,45-28,45-28,ПЛАТЬЕ,МД КУТЮР,ЛЕКАЛА,,1.0,,1200.0,1200.0,1200.0,,2025,ZHUKOVA,,,FULL,FILE-081,2025,r33
CV-210c4c265932ca78,45-28,45-28,ШЛЕЙФ,МД КУТЮР,ЛЕКАЛА,,1.0,,1100.0,1100.0,1100.0,,2025,ZHUKOVA,,,FULL,FILE-081,2025,r37
CV-dcb13571fa7dc13d,45-13,45-13,БЛУЗА,МД КУТЮР,ВИШНЯ,,1.0,3905.0,14175.0,18080.0,18080.0,,2025,ZHUKOVA,,,FULL,FILE-081,2025,r41
CV-e39982c269cd1f1d,45-1,45-1,БЛУЗА,МД КУТЮР,ЧЕРНЫЙ,,1.0,4108.0,12900.0,17008.0,17008.0,,2025,ZHUKOVA,,,FULL,FILE-081,2025,r45
CV-10088f2201514467,45-27,45-27,ЮБКА,МД КУТЮР,БЕЖ,,1.0,2555.0,9825.0,12380.0,12380.0,,2025,ZHUKOVA,,,FULL,FILE-081,2025,r49
CV-27fc3b7715d0dfb1,45-27,45-27,БЛУЗА,МД КУТЮР,БЕЖ,,1.0,4117.0,14950.0,19067.0,19067.0,,2025,ZHUKOVA,,,FULL,FILE-081,2025,r53
CV-6b68468a1cc762f2,0-3058,0-3058,БЛУЗА,ИМ ЗАКАЗ,ЧЕРНЫЙ,,2.0,2397.0,9300.0,11697.0,23394.0,,2025,ZHUKOVA,,,FULL,FILE-081,2025,r57
CV-2324af21cf46af81,0-2470,0-2470,ЮБКА,ИМ ЗАКАЗ,ЧЕРНЫЙ,S,1.0,2623.0,7400.0,10023.0,10023.0,,2025,ZHUKOVA,,,FULL,FILE-081,2025,r61
CV-70d0a7ffced8df60,0-3076A,0-3076А,СВИТШОТ,ИМ ТИРАЖ,ЧЕРНЫЙ,S  M,2.0,2281.0,7425.0,9706.0,19412.0,,2025,ZHUKOVA,,,FULL,FILE-081,2025,r65
CV-8e6bb80d229bf77c,0-3075,0-3075,ФУТБОЛКА,ИМ ТИРАЖ,ЧЕРНЫЙ,S  M,2.0,1680.0,4200.0,5880.0,11760.0,,2025,ZHUKOVA,,,FULL,FILE-081,2025,r70
CV-51b1b88f3ab827ef,0-3075A,0-3075А,ФУТБОЛКА,ИМ ТИРАЖ,БЕЛЫЙ,S  L,2.0,1680.0,4200.0,5880.0,11760.0,,2025,ZHUKOVA,,,FULL,FILE-081,2025,r74
CV-12374fdef4fa4bd5,0-3073,0-3073,СВИТШОТ,ИМ ТИРАЖ,ЧЕРНЫЙ,S  M,5.0,1836.0,6400.0,8236.0,41180.0,,2025,ZHUKOVA,,,FULL,FILE-081,2025,r78
CV-d449b3b669cc8a92,0-3058,0-3058,СВИТШОТ,ИМ ТИРАЖ,ЧЕРНЫЙ,S  M  L,3.0,2397.0,7650.0,10047.0,30141.0,,2025,ZHUKOVA,,,FULL,FILE-081,2025,r82
CV-dc28baca626f6197,0-3106,0-3106,ПАЛЬТО,МД ТИРАЖ,ЧЕРНЫЙ,S,1.0,10339.0,38900.0,49239.0,49239.0,,2025,ZHUKOVA,,,FULL,FILE-081,2025,r88
CV-9379e76e3d054a1e,0-3082,0-3082,КЕЙП,МД  ТИРАЖ,ЧЕРНЫЙ,,1.0,43457.0,11300.0,54757.0,54757.0,,2025,ZHUKOVA,,,FULL,FILE-081,2025,r92
CV-3819b4605bb0056e,0-3097,0-3097,ПАЛЬТО,МД ЗАКАЗ,ЧЕРНЫЙ,,1.0,12247.0,36780.0,49027.0,49027.0,,2025,ZHUKOVA,,,FULL,FILE-081,2025,r96
CV-49ba54fe99f6edea,0-3083,0-3083,КЕЙП,МД ТИРАЖ,ЧЕРНЫЙ,,1.0,60507.0,14250.0,74757.0,74757.0,,2025,ZHUKOVA,,,FULL,FILE-081,2025,r100
CV-45c7c58220f6071d,0-3030,0-3030,БЛУЗА,ИМ ТИРАЖ,ЧЕРНЫЙ,S M,2.0,2070.0,6850.0,8920.0,17840.0,,2025,ZHUKOVA,,,FULL,FILE-081,2025,r104
CV-baf8b6b49b4fad6b,0-3030A,0-3030А,БЛУЗА,ИМ ТИРАЖ,СИНИЙ,S  M,2.0,2070.0,6850.0,8920.0,17840.0,,2025,ZHUKOVA,,,FULL,FILE-081,2025,r108
CV-4c85635886c9c212,0-2406,0-2406,ЮБКА,ИМ ТИРАЖ,ЧЕРНЫЙ,M  L,2.0,1068.0,4675.0,5743.0,11486.0,,2025,ZHUKOVA,,,FULL,FILE-081,2025,r112
CV-15c563d05ec34177,0-2686,0-2686,БЛУЗА,ИМ ЗАКАЗ,ЧЕРНЫЙ,М,1.0,2337.0,8200.0,10537.0,10537.0,,2025,ZHUKOVA,,,FULL,FILE-081,2025,r116
CV-ae498ff37b6bb1e5,0-3049,0-3049,БОМБЕР,ИМ ЗАКАЗ,ЧЕРНЫЙ,М,1.0,3101.0,19300.0,22401.0,22401.0,,2025,ZHUKOVA,,,FULL,FILE-081,2025,r120
CV-09d38f95985b8451,0-2600,0-2600,БРЮКИ,ИМ ЗАКАЗ,ЧЕРНЫЙ,L,1.0,1432.0,4900.0,6332.0,6332.0,,2025,ZHUKOVA,,,FULL,FILE-081,2025,r124
CV-68168c0024cf04b3,T-2754,Т-2754,ПЛАТЬЕ,ИМ ЗАКАЗ,ЧЕРНЫЙ БЕЛЫЙ,M/L,2.0,9289.0,6350.0,15639.0,31278.0,,2025,ZHUKOVA,,,FULL,FILE-081,2025,r128
CV-1cdba6f31e184389,0-3031A,0-3031А,ДЖОГГЕРЫ,ИМ ЗАКАЗ,СИНИЙ,S,1.0,1206.0,5125.0,6331.0,6331.0,,2025,ZHUKOVA,,,FULL,FILE-081,2025,r132
CV-bf7a65205e12bd6f,0-1442,0-1442,ЮБКА,ИМ ЗАКАЗ,ЧЕРНЫЙ,L,1.0,5603.0,9000.0,14603.0,14603.0,,2025,ZHUKOVA,,,FULL,FILE-081,2025,r136
CV-3e1ff3b084436fe2,0-3090A,0-3090А,НАКИДКА,МД ТИРАЖ,СЕРЫЙ,,1.0,23739.0,18700.0,42439.0,42439.0,,2025,ZHUKOVA,,,FULL,FILE-081,2025,r140
CV-6874f58c101231f2,0-1934,0-1934,ШОПЕР,МД ТИРАЖ,ЧЕРНЫЙ,,4.0,4747.0,5000.0,9747.0,38988.0,,2025,ZHUKOVA,,,FULL,FILE-081,2025,r144
CV-a0c390cc9cf67c9a,0-2983,0-2983,ПЛАТЬЕ,МД ЗАКАЗ,ЧЕРНЫЙ,,1.0,7720.0,22050.0,29770.0,29770.0,,2025,ZHUKOVA,,,FULL,FILE-081,2025,r148
CV-1d64ee26f141cc4e,0-2702,0-2702,ПЛАТЬЕ,ИМ ЗАКАЗ,ЧЕРНЫЙ,,1.0,4540.0,14250.0,18790.0,18790.0,,2025,ZHUKOVA,,,FULL,FILE-081,2025,r152
CV-55abccc5453e800c,0-3060,0-3060,ЮБКА,ИМ ТИРАЖ,ЧЕРНЫЙ,S M L,3.0,985.0,3000.0,3985.0,11955.0,,2025,ZHUKOVA,,,FULL,FILE-081,2025,r156
CV-6c91ea5a0d6f69ec,0-3059,0-3059,БРЮКИ,ИМ ТИРАЖ,ЧЕРНЫЙ,S M,2.0,1119.0,4000.0,5119.0,10238.0,,2025,ZHUKOVA,,,FULL,FILE-081,2025,r160
CV-5ed36dd052439aa7,43-25,43-25,БОДИ,МД ЗАКАЗ,БЕЖ,,1.0,,21000.0,21000.0,21000.0,,2025,ZHUKOVA,,,FULL,FILE-081,2025,r164
CV-fb2c08f3236a7d3a,0-1098B,0-1098В,БЛУЗА,ИМ ЗАКАЗ,ЧЕРНЫЙ,XL,1.0,1027.0,5400.0,6427.0,6427.0,,2025,ZHUKOVA,,,FULL,FILE-081,2025,r168
CV-8a103951b22f00da,0-2364A,0-2364А,БЛУЗА,ИМ ЗАКАЗ,ЧЕРНЫЙ,М,1.0,1448.0,7300.0,8748.0,8748.0,,2025,ZHUKOVA,,,FULL,FILE-081,2025,r172
CV-716a478f4b74c17d,0-3078,0-3078,ЮБКА,ИМ ТИРАЖ,ЧЕРНЫЙ,M  L,4.0,2310.0,5500.0,7810.0,31240.0,,2025,ZHUKOVA,,,FULL,FILE-081,2025,r176
CV-d2969145e9775b69,0-2007A,0-2007A,БРЮКИ,ИМ ЗАКАЗ,ЧЕРНЫЙ,S,1.0,951.0,3850.0,4801.0,4801.0,,2025,ZHUKOVA,,,FULL,FILE-081,2025,r180
CV-2099dbeb510ae5ca,0-2473,0-2473,КАРДИГАН,ИМ ЗАКАЗ,ЧЕРНЫЙ,М,1.0,2930.0,8050.0,10980.0,10980.0,,2025,ZHUKOVA,,,FULL,FILE-081,2025,r184
CV-ac257982e9f8d900,0-3105,0-3105,ПЛАТЬЕ,МД ТИРАЖ,ЧЕРНЫЙ,S,1.0,10080.0,17800.0,27880.0,27880.0,,2025,ZHUKOVA,,,FULL,FILE-081,2025,r188
CV-a9b7f0a99377be43,0-3105A,0-3105А,ПЛАТЬЕ,МД ТИРАЖ,ЧЕРНЫЙ,L,1.0,9762.0,16950.0,26712.0,26712.0,,2025,ZHUKOVA,,,FULL,FILE-081,2025,r192
CV-e72355afb0f4eed9,45-23,45-23,ПЛАТЬЕ,МД КУТЮР,ЧЕРНЫЙ,,1.0,13541.0,66050.0,79591.0,79591.0,,2025,ZHUKOVA,,,FULL,FILE-081,2025,r196
CV-12f0e86f05ae1024,COTЫ,СОТЫ,СОТЫ,МД КУТЮР,ЧЕРНЫЙ,,1.0,,24558.0,24558.0,24558.0,,2025,ZHUKOVA,,,FULL,FILE-081,2025,r200
CV-4fea74c33c3f9b63,0-3085,0-3085,ПЕРЧАТКИ,МД ТИРАЖ,ЧЕРНЫЙ,,1.0,1217.0,8000.0,9217.0,9217.0,,2025,ZHUKOVA,,,FULL,FILE-081,2025,r204
CV-48a0325c6baebb27,0-3087B,0-3087В,СУМОЧКИ,МД ТИРАЖ,ЧЕРНЫЙ,,2.0,1842.0,7225.0,9067.0,18134.0,,2025,ZHUKOVA,,,FULL,FILE-081,2025,r208
CV-3af579d000f91840,0-3094,0-3094,ЧОКЕР,МД ТИРАЖ,ЧЕРНЫЙ,,1.0,607.0,7225.0,7832.0,7832.0,,2025,ZHUKOVA,,,FULL,FILE-081,2025,r212
CV-16598098cfc4fe14,0-2359A,0-2359А,СВИТШОТ,ИМ ЗАКАЗ,ЧЕРНЫЙ,М,1.0,3247.0,8250.0,11497.0,11497.0,,2025,ZHUKOVA,,,FULL,FILE-081,2025,r216
CV-576b45b015369ac8,0-2473,0-2473,КАРДИГАН,ИМ ЗАКАЗ,ЧЕРНЫЙ,М,1.0,2930.0,8800.0,11730.0,11730.0,,2025,ZHUKOVA,,,FULL,FILE-081,2025,r220
CV-cc38d9977438e827,0-2470,0-2470,ЮБКА,ИМ ЗАКАЗ,ЧЕРНЫЙ,М,1.0,2623.0,6050.0,8673.0,8673.0,,2025,ZHUKOVA,,,FULL,FILE-081,2025,r224
CV-fde1ad571559bdd5,44-05,44-05,КОСТЮМ,МД ЗАКАЗ,РОЗОВЫЙ,,1.0,,22000.0,22000.0,22000.0,,2025,ZHUKOVA,,,FULL,FILE-081,2025,r228
CV-cd555e6f30a16652,0-1984П,0-1984П,ФУТБОЛКА,ИМ ЗАКАЗ,БЕЛЫЙ,F/S,1.0,2477.0,5275.0,7752.0,7752.0,,2025,ZHUKOVA,,,FULL,FILE-081,2025,r232
CV-eb29821bd8d2ed90,0-3032A,0-3032А,ЮБКА,ИМ ЗАКАЗ,ЧЕРНЫЙ,L,1.0,6076.0,9925.0,16001.0,16001.0,,2025,ZHUKOVA,,,FULL,FILE-081,2025,r236
CV-4c93220505c4dc7a,0-2460A,0-2460А/3,БОМБЕР,ИМ ЗАКАЗ,ЧЕРНЫЙ,S,1.0,4189.0,12125.0,16314.0,16314.0,,2025,ZHUKOVA,,,FULL,FILE-081,2025,r240
CV-4e09466eccadce62,0-3087A,0-3087А,КИСЕТ,МД ЗАКАЗ,ЧЕРНЫЙ,,1.0,6822.0,2225.0,9047.0,9047.0,,2025,ZHUKOVA,,,FULL,FILE-081,2025,r244
CV-a6a9ef2a29dc5e84,KAФTAH,КАФТАН,КОЛЬЕ,МД ЗАКАЗ,КРИСТАЛЛ,,1.0,,12725.0,12725.0,12725.0,,2025,ZHUKOVA,,,FULL,FILE-081,2025,r248
CV-d232a2f1c2a0caae,0-3083B,0-3083В,КЕЙП,МД ТИРАЖ,ЧЕРНЫЙ,,1.0,45697.0,14250.0,59947.0,59947.0,,2025,ZHUKOVA,,,FULL,FILE-081,2025,r252
CV-736bc3df9290dbd7,0-3082A,0-3082А,КЕЙП,МД ТИРАЖ,ЧЕРНЫЙ,,1.0,43457.0,11300.0,54757.0,54757.0,,2025,ZHUKOVA,,,FULL,FILE-081,2025,r256
CV-fcf83efc41eaea04,0-3107,0-3107,ПАЛЬТО,МД ТИРАЖ,ЧЕРНЫЙ,S,1.0,31817.0,38850.0,70667.0,70667.0,,2025,ZHUKOVA,,,FULL,FILE-081,2025,r260
CV-6a645423ed764647,0-3107A,0-3107А,ПАЛЬТО,МД ТИРАЖ,ЧЕРНЫЙ,L,1.0,13347.0,17475.0,30822.0,30822.0,,2025,ZHUKOVA,,,FULL,FILE-081,2025,r264
CV-01ad12dfbef52f12,0-3052,0-3052,ЮБКА,ИМ ТИРАЖ,ЧЕРНЫЙ,L,2.0,640.0,4650.0,5290.0,10580.0,,2025,ZHUKOVA,,,FULL,FILE-081,2025,r268
CV-f1ae409472f78cf0,0-2788,0-2788,ПЛАТЬЕ,ПЛОЩАДКИ,ЛЕКАЛА,,1.0,,1200.0,1200.0,1200.0,,2025,ZHUKOVA,,,FULL,FILE-081,2025,r272
CV-04cc93e17bdd082c,45-13,45-13,ШОРТЫ,МД КУТЮР,СИНИЙ,,1.0,564.0,3550.0,4114.0,4114.0,,2025,ZHUKOVA,,,FULL,FILE-081,2025,r276
CV-2dd887a62f9d24c1,0-2892,0-2892,БЛУЗА,ПЛОЩАДКИ,ЛЕКАЛА,,1.0,,1200.0,1200.0,1200.0,,2025,ZHUKOVA,,,FULL,FILE-081,2025,r280
CV-dab88f447b818829,0-2604,0-2604,ЮБКА,ИМ ТИРАЖ,ЧЕРНЫЙ,M L,2.0,941.0,4450.0,5391.0,10782.0,,2025,ZHUKOVA,,,FULL,FILE-081,2025,r284
CV-e56061efa3813137,0-3043B,0-3043В,БЛУЗА,ИМ ЗАКАЗ,БЕЖ,S,1.0,2633.0,7800.0,10433.0,10433.0,,2025,ZHUKOVA,,,FULL,FILE-081,2025,r288
CV-573390fac1c79f87,0-3036,0-3036,ЮБКА,ИМ ТИРАЖ,ЧЕРНЫЙ,M L,2.0,2055.0,4450.0,6505.0,13010.0,,2025,ZHUKOVA,,,FULL,FILE-081,2025,r292
CV-5db41379352a1987,0-3052,0-3052,ЮБКА,ИМ ЗАКАЗ,ЧЕРНЫЙ,ПО МЕРКАМ,1.0,640.0,5275.0,5915.0,5915.0,,2025,ZHUKOVA,,,FULL,FILE-081,2025,r296
CV-6cbf7351cca4e2ad,0-2548,0-2548,КАФТАН,МД ТИРАЖ,,,3.0,6998.0,8350.0,15348.0,46044.0,,2025,ZHUKOVA,,,FULL,FILE-081,2025,r300
CV-e2ccd3fadaae4ab3,0-2546,0-2546,КИМОНО,МД ТИРАЖ,,,3.0,10230.0,9966.666666666666,20196.666666666664,60589.99999999999,,2025,ZHUKOVA,,,FULL,FILE-081,2025,r306
CV-081bfda21160eb52,0-1416,0-1416,ДЖОГГЕРЫ,ИМ ЗАКАЗ,ЧЕРНЫЙ,М,1.0,1544.0,5800.0,7344.0,7344.0,,2025,ZHUKOVA,,,FULL,FILE-081,2025,r312
CV-7fb42ddeb6faf028,0-1418,0-1418,СВИТШОТ,ИМ ЗАКАЗ,ЧЕРНЫЙ,М,1.0,2807.0,6800.0,9607.0,9607.0,,2025,ZHUKOVA,,,FULL,FILE-081,2025,r316
CV-d470f0d8bfb0a747,0-3055,0-3055,БЛУЗА,ИМ ТИРАЖ,БЕЛЫЙ,L,1.0,6487.0,11525.0,18012.0,18012.0,,2025,ZHUKOVA,,,FULL,FILE-081,2025,r320
CV-684d9cb73eaa89f9,0-3031A,0-3031А,ДЖОГГЕРЫ,ИМ ТИРАЖ,СИНИЙ,М,1.0,1206.0,5800.0,7006.0,7006.0,,2025,ZHUKOVA,,,FULL,FILE-081,2025,r324
CV-f49a5cd7d3904082,0-3055A,0-3055А,БЛУЗА,ИМ ТИРАЖ,ЧЕРНЫЙ,М,1.0,6487.0,8100.0,14587.0,14587.0,,2025,ZHUKOVA,,,FULL,FILE-081,2025,r328
CV-12c93fb7531bf72f,45-13,45-13,ЮБКА,МД КУТЮР,ЛЕКАЛА,,1.0,,1300.0,1300.0,1300.0,,2025,ZHUKOVA,,,FULL,FILE-081,2025,r332
CV-f77f6804998e7b67,45-18,45-18,ШОРТЫ,МД КУТЮР,ЛЕКАЛА,,1.0,,1000.0,1000.0,1000.0,,2025,ZHUKOVA,,,FULL,FILE-081,2025,r336
CV-bfd47b484ff0e52c,45-18,45-18,БЛУЗА,МД КУТЮР,ЛЕКАЛА,,1.0,,1200.0,1200.0,1200.0,,2025,ZHUKOVA,,,FULL,FILE-081,2025,r340
CV-243db45ec05cd70f,45-13,45-13,БЛУЗА,МД КУТЮР,ЛЕКАЛА,,1.0,,1200.0,1200.0,1200.0,,2025,ZHUKOVA,,,FULL,FILE-081,2025,r344
CV-6f8e260f4692d97d,0-3077A,0-3077А,БЛУЗА,ИМ ЗАКАЗ,ЧЕРНЫЙ,S,1.0,880.0,2450.0,3330.0,3330.0,,2025,ZHUKOVA,,,FULL,FILE-081,2025,r348
CV-55e3ddf63cf613d4,0-3039,0-3039,БЛУЗА,ИМ ТИРАЖ,ЧЕРНЫЙ,S L,2.0,1113.0,6525.0,7638.0,15276.0,,2025,ZHUKOVA,,,FULL,FILE-081,2025,r352
CV-5e8c23d5321c0f9d,0-3068A,0-3068А,БРЮКИ,ИМ ТИРАЖ,СЕРЫЙ,М,1.0,1421.0,4900.0,6321.0,6321.0,,2025,ZHUKOVA,,,FULL,FILE-081,2025,r356
CV-603103435d051954,0-1416B,0-1416В,ДЖОГГЕРЫ,ИМ ЗАКАЗ,СИНИЙ,М,1.0,1544.0,5350.0,6894.0,6894.0,,2025,ZHUKOVA,,,FULL,FILE-081,2025,r360
CV-8a5c6237a9e86a9c,0-1418A,0-1418А,СВИТШОТ,ИМ ЗАКАЗ,СИНИЙ,М,1.0,2937.0,6800.0,9737.0,9737.0,,2025,ZHUKOVA,,,FULL,FILE-081,2025,r364
CV-58b0d54bb1857606,0-1968,0-1968,ПАЛЬТО,ИМ ТИРАЖ,ЧЕРНЫЙ,F/S,1.0,,3000.0,3000.0,3000.0,,2025,ZHUKOVA,,,FULL,FILE-081,2025,r368
CV-7dc8b24869f5c697,45-17,45-17,БЛУЗА,МД КУТЮР,ЛЕКАЛА,,1.0,,1500.0,1500.0,1500.0,,2025,ZHUKOVA,,,FULL,FILE-081,2025,r372
CV-4e981145af9716e9,45-17,45-17,ЮБКА,МД КУТЮР,ЛЕКАЛА,,1.0,,1000.0,1000.0,1000.0,,2025,ZHUKOVA,,,FULL,FILE-081,2025,r376
CV-cc42f9724bfe3ce6,45-7,45-7,ПЛАТЬЕ,МД КУТЮР,ЛЕКАЛА,,1.0,,2000.0,2000.0,2000.0,,2025,ZHUKOVA,,,FULL,FILE-081,2025,r380
CV-9c50d09a07cf3b6f,0-3077A,0-3077А,БЛУЗА,ИМ ЗАКАЗ,ЧЕРНЫЙ,L,1.0,880.0,2450.0,3330.0,3330.0,,2025,ZHUKOVA,,,FULL,FILE-081,2025,r384
CV-d90af52758d6da70,0-3068B,0-3068В,БРЮКИ,ИМ ЗАКАЗ,БИРЮЗА,М,1.0,1421.0,5800.0,7221.0,7221.0,,2025,ZHUKOVA,,,FULL,FILE-081,2025,r388
CV-22e65d9ed738bc3a,0-3067B,0-3067В,БЛУЗОН,ИМ ЗАКАЗ,БИРЮЗА,М,1.0,2179.0,6500.0,8679.0,8679.0,,2025,ZHUKOVA,,,FULL,FILE-081,2025,r392
CV-f3f75b3839b6f4cb,0-3109A,0-3109А,ЖИЛЕТ,МД КРУИЗ,РОЗОВЫЙ,S,1.0,4401.0,6575.0,10976.0,10976.0,,2025,ZHUKOVA,,,FULL,FILE-081,2025,r396
CV-5e8fd150b40d058b,0-3110A,0-3110А,БРЮКИ,МД КРУИЗ,РОЗОВЫЙ,S,1.0,4303.0,3675.0,7978.0,7978.0,,2025,ZHUKOVA,,,FULL,FILE-081,2025,r400
CV-86515937f08a26c2,0-3122,0-3122,РУБАШКА,МД КРУИЗ,СИНИЙ,L,1.0,8714.0,10925.0,19639.0,19639.0,,2025,ZHUKOVA,,,FULL,FILE-081,2025,r404
CV-85d4f3e4bf2ea48a,0-3123,0-3123,БРЮКИ,МД КРУИЗ,СИНИЙ,М,1.0,5313.0,5125.0,10438.0,10438.0,,2025,ZHUKOVA,,,FULL,FILE-081,2025,r408
CV-1d947ed1f5ff7d56,0-3118,0-3118,КАФТАН,МД КРУИЗ,ЧЕРНЫЙ,F/S,1.0,11690.0,11675.0,23365.0,23365.0,,2025,ZHUKOVA,,,FULL,FILE-081,2025,r412
CV-6f870e81d841d8fc,0-3119,0-3119,КАФТАН,МД КРУИЗ,РОЗОВЫЙ,F/S,1.0,7624.0,11175.0,18799.0,18799.0,,2025,ZHUKOVA,,,FULL,FILE-081,2025,r416
CV-ed4f75906e722f48,38-12,38-12,ЖАКЕТ,МД ЗАКАЗ,ЧЕРНЫЙ,,1.0,,16000.0,16000.0,16000.0,,2025,ZHUKOVA,,,FULL,FILE-081,2025,r420
CV-8f85d6ca6a7dd3df,0-2548,0-2548,КАФТАН,МД ПЕРЕДЕЛКА,СЕРЫЙ,,1.0,,1200.0,1200.0,1200.0,,2025,ZHUKOVA,,,FULL,FILE-081,2025,r424
CV-c14a5791e1c183fe,0-3031B,0-3031В,БРЮКИ,ИМ ТИРАЖ,БЕЖ,S,1.0,1206.0,4400.0,5606.0,5606.0,,2025,ZHUKOVA,,,FULL,FILE-081,2025,r428
CV-1345ce8f95f52a7a,0-3161,0-3161,БРОШЬ,МД КРУИЗ,СИНИЙ,,1.0,662.0,3000.0,3662.0,3662.0,,2025,ZHUKOVA,,,FULL,FILE-081,2025,r432
CV-9a240533276803bd,0-3060,0-3060,ЮБКА,ИМ ЗАКАЗ,ЧЕРНЫЙ,L,1.0,985.0,4180.0,5165.0,5165.0,,2025,ZHUKOVA,,,FULL,FILE-081,2025,r436
CV-2525e005bf974711,0-3040,0-3040,БРЮКИ,ИМ ЗАКАЗ,ЧЕРНЫЙ,L,1.0,1596.0,4400.0,5996.0,5996.0,,2025,ZHUKOVA,,,FULL,FILE-081,2025,r440
CV-fd5811cd7c07fa02,0-3055,0-3055,РУБАШКА,ИМ ЗАКАЗ,БЕЛЫЙ,L,1.0,6487.0,5500.0,11987.0,11987.0,,2025,ZHUKOVA,,,FULL,FILE-081,2025,r444
CV-3fc63edbb413c06c,0-3073A,0-3073А,БЛУЗА,ИМ ЗАКАЗ,ЧЕРНЫЙ,L,1.0,1836.0,6400.0,8236.0,8236.0,,2025,ZHUKOVA,,,FULL,FILE-081,2025,r448
CV-0c083a1ee2704e76,0-1487,0-1487,ЮБКА,ИМ ЗАКАЗ,СЕРЕБРО,М,1.0,1283.0,8250.0,9533.0,9533.0,,2025,ZHUKOVA,,,FULL,FILE-081,2025,r452
CV-55c84e672dd0983a,0-3137,0-3137,КИМОНО,МД КРУИЗ,"ЧЕР,БЕЛ",S L,2.0,12441.0,11525.0,23966.0,47932.0,,2025,ZHUKOVA,,,FULL,FILE-081,2025,r456
CV-37cc431b59bf04b9,0-3118A,0-3118А,КАФТАН,МД КРУИЗ,СИН,F/S,1.0,11690.0,11400.0,23090.0,23090.0,,2025,ZHUKOVA,,,FULL,FILE-081,2025,r460
CV-44b344071ab77626,0-3119A,0-3119А,КАФТАН,МД КРУИЗ,БЕЛЫЙ,F/S,1.0,7624.0,9475.0,17099.0,17099.0,,2025,ZHUKOVA,,,FULL,FILE-081,2025,r464
CV-5fe4835541bd2844,0-3136,0-3136,БРЮКИ,МД КРУИЗ,БЕЛ,S,1.0,6318.0,5275.0,11593.0,11593.0,,2025,ZHUKOVA,,,FULL,FILE-081,2025,r468
CV-98ae308e200dad32,0-3135,0-3135,БЛУЗА,МД КРУИЗ,БЕЛ,S,1.0,8209.0,8975.0,17184.0,17184.0,,2025,ZHUKOVA,,,FULL,FILE-081,2025,r472
CV-f16cf1f130000060,0-3122A,0-3122А,РУБАШКА,МД КРУИЗ,СИНИЙ,F/S,1.0,,10925.0,10925.0,10925.0,,2025,ZHUKOVA,,,FULL,FILE-081,2025,r476
CV-f9fd352af4f775aa,0-3151,0-3151,ПЛАТЬЕ,МД КРУИЗ,ЗЕЛЕНЫЙ,S,1.0,11244.0,40025.0,51269.0,51269.0,,2025,ZHUKOVA,,,FULL,FILE-081,2025,r480
CV-78ae11656a15b092,0-3165,0-3165,ПЛАТЬЕ,МД КРУИЗ,РОЗОВЫЙ,S,1.0,16554.0,37225.0,53779.0,53779.0,,2025,ZHUKOVA,,,FULL,FILE-081,2025,r484
CV-d4c04d7e22921319,0-3067A,0-3067А,БЛУЗОН,ИМ ТИРАЖ,СЕРЫЙ,М,1.0,2179.0,6500.0,8679.0,8679.0,,2025,ZHUKOVA,,,FULL,FILE-081,2025,r489
CV-3d357419da707020,0-3110B0-3110,0-3110В 0-3110,БРЮКИ,МД КРУИЗ,"БЕЛЫЙ,ГОЛУБОЙ",S,2.0,4303.0,4700.0,9003.0,18006.0,,2025,ZHUKOVA,,,FULL,FILE-081,2025,r493
CV-6dbf0452cfa3f913,0-3122A,0-3122A,РУБАШКА,МД КРУИЗ,СИНИЙ,L,1.0,8714.0,10925.0,19639.0,19639.0,,2025,ZHUKOVA,,,FULL,FILE-081,2025,r497
CV-2f5a90d55badb812,0-3030B,0-3030В,БЛУЗА,ИМ ТИРАЖ,БЕЖ,S,1.0,2070.0,6600.0,8670.0,8670.0,,2025,ZHUKOVA,,,FULL,FILE-081,2025,r501
CV-a6399663c95e8ce3,0-3127A,0-3127А,ПЛАТЬЕ,МД КРУИЗ,СИНИЙ,S,1.0,6732.0,12225.0,18957.0,18957.0,,2025,ZHUKOVA,,,FULL,FILE-081,2025,r505
CV-9d1f088bb94ea462,0-3120B,0-3120В,ПЛАТЬЕ,МД КРУИЗ,СИНИЙ,S,1.0,7401.0,12400.0,19801.0,19801.0,,2025,ZHUKOVA,,,FULL,FILE-081,2025,r509
CV-4a317f16993af399,0-3109B0-3109,0-3109В 0-3109,ЖИЛЕТ,МД КРУИЗ,"БЕЛЫЙ,ГОЛУБОЙ",S,2.0,4401.0,7975.0,12376.0,24752.0,,2025,ZHUKOVA,,,FULL,FILE-081,2025,r513
CV-16ec7d3a50ea627e,0-2470,0-2470,ЮБКА,ИМ ЗАКАЗ,ЧЕРНЫЙ,L,1.0,2623.0,6050.0,8673.0,8673.0,,2025,ZHUKOVA,,,FULL,FILE-081,2025,r517
CV-3a8ef21cd72c813d,MAKET,МАКЕТ,ПРОБА,МД КРУИЗ,БЕЛЫЙ,,1.0,,1425.0,1425.0,1425.0,,2025,ZHUKOVA,,,FULL,FILE-081,2025,r521
CV-cd6371f1eec15e75,0-3115A,0-3115А,ПЛАТЬЕ,МД КРУИЗ,ЧЕРНЫЙ,S,1.0,3846.0,11675.0,15521.0,15521.0,,2025,ZHUKOVA,,,FULL,FILE-081,2025,r525
CV-dabb5ac676a488d5,0-3162,0-3162,КИМОНО,МД КРУИЗ,ГЖЕЛЬ,F/S,1.0,8227.0,20450.0,28677.0,28677.0,,2025,ZHUKOVA,,,FULL,FILE-081,2025,r529
CV-d9b27fe33c822b3e,0-3163,0-3163,БРЮКИ,МД КРУИЗ,ГЖЕЛЬ,M,1.0,6586.0,18450.0,25036.0,25036.0,,2025,ZHUKOVA,,,FULL,FILE-081,2025,r533
CV-ab4a71235d19cfc2,0-3164,0-3164,ТОП,МД КРУИЗ,БЕЛЫЙ,S,1.0,1972.0,4350.0,6322.0,6322.0,,2025,ZHUKOVA,,,FULL,FILE-081,2025,r537
CV-d488b214b03bd88d,0-3082,0-3082,КЕЙП,МД ЗАКАЗ,ЧЕРНЫЙ,F/S,1.0,43457.0,11300.0,54757.0,54757.0,,2025,ZHUKOVA,,,FULL,FILE-081,2025,r541
CV-98b01711f76e92d2,0-3167,0-3167,ЖИЛЕТ,МД КРУИЗ,БЕЛЫЙ,S,1.0,19227.0,14100.0,33327.0,33327.0,,2025,ZHUKOVA,,,FULL,FILE-081,2025,r545
CV-98a824a1abd9d3b6,0-3167A,0-3167А,ЖИЛЕТ,МД КРУИЗ,БЕЛЫЙ,S,1.0,13427.0,10250.0,23677.0,23677.0,,2025,ZHUKOVA,,,FULL,FILE-081,2025,r549
CV-6912f8149d822892,0-3154,0-3154,БЛУЗА,МД КРУИЗ,МАКЕТ,,1.0,,6950.0,6950.0,6950.0,,2025,ZHUKOVA,,,FULL,FILE-081,2025,r553
CV-398d2b338c4db143,0-3145,0-3145,ПЛАТЬЕ,МД КРУИЗ,ФИОЛЕТ,S,1.0,7250.0,31341.0,38591.0,38591.0,,2025,ZHUKOVA,,,FULL,FILE-081,2025,r557
CV-bc696c4d8d7ef8a3,0-3060,0-3060,ЮБКА,ИМ ЗАКАЗ,ЧЕРНЫЙ,X/L,1.0,985.0,4180.0,5165.0,5165.0,,2025,ZHUKOVA,,,FULL,FILE-081,2025,r563
CV-3de2b6fab3ab58ec,0-3065,0-3065,БЛУЗА,ИМ ЗАКАЗ,СЕРЫЙ,М,1.0,1898.0,6600.0,8498.0,8498.0,,2025,ZHUKOVA,,,FULL,FILE-081,2025,r567
CV-6de0dd32e626554a,0-3066,0-3066,БРЮКИ,ИМ ЗАКАЗ,СЕРЫЙ,М,1.0,1266.0,3300.0,4566.0,4566.0,,2025,ZHUKOVA,,,FULL,FILE-081,2025,r571
CV-e0bc0a5e8942e171,0-3109,0-3109,ЖИЛЕТ,МД КРУИЗ,ЛЕКАЛА,,1.0,,1000.0,1000.0,1000.0,,2025,ZHUKOVA,,,FULL,FILE-081,2025,r575
CV-6c20036d2d138af5,0-3110,0-3110,БРЮКИ,МД КРУИЗ,ЛЕКАЛА,,1.0,,1000.0,1000.0,1000.0,,2025,ZHUKOVA,,,FULL,FILE-081,2025,r579
CV-f30cc668ce19ebde,0-3122,0-3122,РУБАШКА,МД КРУИЗ,ЛЕКАЛА,,1.0,,1300.0,1300.0,1300.0,,2025,ZHUKOVA,,,FULL,FILE-081,2025,r583
CV-52eec1d71e127f90,0-3123,0-3123,БРЮКИ,МД КРУИЗ,ЛЕКАЛА,,1.0,,1200.0,1200.0,1200.0,,2025,ZHUKOVA,,,FULL,FILE-081,2025,r587
CV-5ee8b837497d75da,0-3124,0-3124,ПЛАТЬЕ,МД КРУИЗ,ЧЕРНЫЙ,S,1.0,,6000.0,6000.0,6000.0,,2025,ZHUKOVA,,,FULL,FILE-081,2025,r591
CV-d71d4191ac7f2bb0,0-3116A,0-3116А,ЖАКЕТ,МД КРУИЗ,БЕЛЫЙ,S,1.0,3923.0,26325.0,30248.0,30248.0,,2025,ZHUKOVA,,,FULL,FILE-081,2025,r595
CV-e6ce6b7f8eb58107,0-3117A,0-3117А,ШОРТЫ,МД КРУИЗ,БЕЛЫЙ,S,1.0,776.0,7825.0,8601.0,8601.0,,2025,ZHUKOVA,,,FULL,FILE-081,2025,r599
CV-cbd7d5448d536d32,0-3114,0-3114,БРЮКИ,МД КРУИЗ,ЧЕРНЫЙ,S,1.0,,9200.0,9200.0,9200.0,,2025,ZHUKOVA,,,FULL,FILE-081,2025,r603
CV-0fe22209cabccda9,0-3113,0-3113,ЖАКЕТ,МД КРУИЗ,ЧЕРНЫЙ,S,1.0,9824.0,15200.0,25024.0,25024.0,,2025,ZHUKOVA,,,FULL,FILE-081,2025,r607
CV-c003ac7d1944d4ab,ПEPЦЫ,ПЕРЦЫ,ВЫШИВКА,МД КРУИЗ,,,1.0,,20700.0,20700.0,20700.0,,2025,ZHUKOVA,,,FULL,FILE-081,2025,r611
CV-cadeb3af08ab164f,0-3136A,0-3136А,БРЮКИ,МД КРУИЗ,ЧЕРНЫЙ,L,1.0,,6775.0,6775.0,6775.0,,2025,ZHUKOVA,,,FULL,FILE-081,2025,r615
CV-0952e7ac5d6ee4d7,0-3135A,0-3135А,БЛУЗОН,МД КРУИЗ,ЧЕРНЫЙ,L,1.0,,11675.0,11675.0,11675.0,,2025,ZHUKOVA,,,FULL,FILE-081,2025,r619
CV-728ba53962cee5da,ПAПAЙЯ,ПАПАЙЯ,ВЫШИВКА,МД КРУИЗ,,,1.0,,7100.0,7100.0,7100.0,,2025,ZHUKOVA,,,FULL,FILE-081,2025,r623
CV-91e0ca7bb4b75d74,0-3144,0-3144,ПЛАТЬЕ,МД КРУИЗ,ГЖЕЛЬ,S,1.0,7940.0,25200.0,33140.0,33140.0,,2025,ZHUKOVA,,,FULL,FILE-081,2025,r627
CV-1f30d9ab6c1758f0,0-3144A,0-3144А,ПЛАТЬЕ,МД КРУИЗ,ГЖЕЛЬ,S,1.0,4800.0,24000.0,28800.0,28800.0,,2025,ZHUKOVA,,,FULL,FILE-081,2025,r631
CV-ee10036e7427ac23,0-3125B,0-3125В,ПЛАТЬЕ,МД КРУИЗ,ГЖЕЛЬ,S,1.0,9954.0,32725.0,42679.0,42679.0,,2025,ZHUKOVA,,,FULL,FILE-081,2025,r635
CV-b2885df3710c02b7,0-3121A,0-3121А,ПЛАТЬЕ,МД КРУИЗ,ФУКСИЯ,S,1.0,7129.0,22075.0,29204.0,29204.0,,2025,ZHUKOVA,,,FULL,FILE-081,2025,r639
CV-a03a1270b2861968,0-3043A,0-3043А,БЛУЗА,СОБСТВЕННИК,ФУКСИЯ,S,1.0,2458.0,7575.0,10033.0,10033.0,,2025,ZHUKOVA,,,FULL,FILE-081,2025,r644
CV-b277e17e657b93f3,0-3044A,0-3044А,ШОРТЫ,СОБСТВЕННИК,ФУКСИЯ,S,1.0,681.0,2950.0,3631.0,3631.0,,2025,ZHUKOVA,,,FULL,FILE-081,2025,r648
CV-324681052fbdd385,0-3116,0-3116,ЖАКЕТ,МД КРУИЗ,ЧЕРНЫЙ,L,1.0,4279.0,27900.0,32179.0,32179.0,,2025,ZHUKOVA,,,FULL,FILE-081,2025,r652
CV-904d50fb04e5e65b,38-07,38-07,БРЮКИ,МД КУТЮР,КОРИЧНЕВЫЙ,,1.0,,7000.0,7000.0,7000.0,,2025,ZHUKOVA,,,FULL,FILE-081,2025,r656
CV-5bea11c252b5d326,0-3051,0-3051,БРЮКИ,ИМ ЗАКАЗ,СЕРЫЙ,,1.0,,1760.0,1760.0,1760.0,,2025,ZHUKOVA,,,FULL,FILE-081,2025,r660
CV-efb3a595a53e6a1d,0-3049,0-3049,БОМБЕР,ИМ ЗАКАЗ,СЕРЫЙ,,1.0,,3080.0,3080.0,3080.0,,2025,ZHUKOVA,,,FULL,FILE-081,2025,r664
CV-de5de5f0d4a1056c,0-3126,0-3126,БОМБЕР,МД КРУИЗ,ЧЕРНЫЙ,L,1.0,11637.0,12700.0,24337.0,24337.0,,2025,ZHUKOVA,,,FULL,FILE-081,2025,r668
CV-553127a651e95ec2,0-3124,0-3124,ШОРТЫ,МД КРУИЗ,БЕЛЫЙ,S,1.0,865.0,7900.0,8765.0,8765.0,,2025,ZHUKOVA,,,FULL,FILE-081,2025,r672
CV-d7c55283a0ef46c1,0-3140,0-3140,ПЛАТЬЕ,МД КРУИЗ,,F/S,1.0,27115.0,28275.0,55390.0,55390.0,,2025,ZHUKOVA,,,FULL,FILE-081,2025,r676
CV-e213aa712b5b44e6,0-3036,0-3036,ЮБКА,ИМ ЗАКАЗ,ЧЕРНЫЙ,М,1.0,,3520.0,3520.0,3520.0,,2025,ZHUKOVA,,,FULL,FILE-081,2025,r681
CV-9fa6ebfb1f887de6,0-3145A,0-3145А,ПЛАТЬЕ,МД КРУИЗ,ЗОЛОТО,S,1.0,7250.0,23891.0,31141.0,31141.0,,2025,ZHUKOVA,,,FULL,FILE-081,2025,r685
CV-ff364ba929a83e7b,0-3120,0-3120,ПЛАТЬЕ,МД КРУИЗ,КРАСНЫЙ,S,1.0,7401.0,10600.0,18001.0,18001.0,,2025,ZHUKOVA,,,FULL,FILE-081,2025,r689
CV-47d7c6b9b357f2de,0-3153,0-3153,ЖИЛЕТ,МД КРУИЗ,БЕЛЫЙ,S,1.0,5220.0,16025.0,21245.0,21245.0,,2025,ZHUKOVA,,,FULL,FILE-081,2025,r693
CV-a409c7e25f3cda70,0-3094,0-3094,ЧОКЕР,МД ТИРАЖ,ЧЕРНЫЙ,,3.0,607.0,7225.0,7832.0,23496.0,,2025,ZHUKOVA,,,FULL,FILE-081,2025,r701
CV-284c8e15c695c909,0-3025,0-3025,БЛУЗОН,ИМ ЗАКАЗ,ЧЕРНЫЙ,,1.0,,1320.0,1320.0,1320.0,,2025,ZHUKOVA,,,FULL,FILE-081,2025,r705
CV-6846b0c8c6a436c5,ПAПAЙЯ,ПАПАЙЯ,ВЫШИВКА,МД КРУИЗ,ПАПАЙЯ,,10.0,,3000.0,3000.0,30000.0,,2025,ZHUKOVA,,,FULL,FILE-081,2025,r709
CV-f803a416301cfdab,0-2540,0-2540,БЛУЗА,ИМ ЗАКАЗ,КАПЛИ,L,1.0,8991.0,11500.0,20491.0,20491.0,,2025,ZHUKOVA,,,FULL,FILE-081,2025,r713
CV-0f4e93153ba3718a,0-2541,0-2541,БРЮКИ,ИМ ЗАКАЗ,КАПЛИ,XL,1.0,6338.0,4000.0,10338.0,10338.0,,2025,ZHUKOVA,,,FULL,FILE-081,2025,r717
CV-a2bcb060d045e6da,0-3146,0-3146,РУБАШКА,МД КРУИЗ,ГОРОХ,L  S,4.0,3377.0,5500.0,8877.0,35508.0,,2025,ZHUKOVA,,,FULL,FILE-081,2025,r721
CV-5b1af3f000fb03b9,0-3133,0-3133,ЖИЛЕТ,МД КРУИЗ,ГОРОХ,S,4.0,2857.0,4400.0,7257.0,29028.0,,2025,ZHUKOVA,,,FULL,FILE-081,2025,r725
CV-c7d9d6db388fb7a6,0-3134,0-3134,ШОРТЫ,МД КРУИЗ,ГОРОХ,S,4.0,999.0,2750.0,3749.0,14996.0,,2025,ZHUKOVA,,,FULL,FILE-081,2025,r729
CV-36386f0af1b25bcb,0-3115,0-3115,ПЛАТЬЕ,МД КРУИЗ,РОЗОВЫЙ,S,1.0,3846.0,10400.0,14246.0,14246.0,,2025,ZHUKOVA,,,FULL,FILE-081,2025,r733
CV-d779ce59cd09e0f2,0-3036,0-3036,ЮБКА,ИМ ЗАКАЗ,ЧЕРНЫЙ,L,1.0,2055.0,4000.0,6055.0,6055.0,,2025,ZHUKOVA,,,FULL,FILE-081,2025,r737
CV-d5e635425e3211ce,0-2600,0-2600,БРЮКИ,ИМ ЗАКАЗ,ЧЕРНЫЙ,L,1.0,1432.0,4500.0,5932.0,5932.0,,2025,ZHUKOVA,,,FULL,FILE-081,2025,r741
CV-036a3b1438541008,0-2548,0-2548,КАФТАН,МД КРУИЗ,Ч/СЕР/ФУКСИЯ,F/S,3.0,6998.0,8000.0,14998.0,44994.0,,2025,ZHUKOVA,,,FULL,FILE-081,2025,r745
CV-535a32dfa5e30e2c,0-3052,0-3052,ЮБКА,ИМ ЗАКАЗ,ЧЕРНЫЙ,XL,1.0,640.0,5275.0,5915.0,5915.0,,2025,ZHUKOVA,,,FULL,FILE-081,2025,r749
CV-64619b7dcf26f1f8,0-3152,0-3152,КАФТАН,МД КРУИЗ,ГОР/ПЕР/ПАЙ,F/S,3.0,4486.0,6583.333333333333,11069.333333333332,33208.0,,2025,ZHUKOVA,,,FULL,FILE-081,2025,r753
CV-86aa93e8ae8c6058,0-1178,0-1178,ПАЛЬТО,ИМ ЗАКАЗ,ЧЕРНЫЙ,М,1.0,1588.0,9800.0,11388.0,11388.0,,2025,ZHUKOVA,,,FULL,FILE-081,2025,r757
CV-31c78c6b46d5fce6,"ГOPOX,ПEPEЦ","ГОРОХ, ПЕРЕЦ",ВЫШИВКА,МД КРУИЗ,,,1.0,,6412.0,6412.0,6412.0,,2025,ZHUKOVA,,,FULL,FILE-081,2025,r761
CV-f404bfd59c317d59,0-1442,0-1442,ЮБКА,ИМ ЗАКАЗ,ЧЕРНЫЙ,L,1.0,,9000.0,9000.0,9000.0,,2025,ZHUKOVA,,,FULL,FILE-081,2025,r765
CV-455ecc8372044a7c,0-3078,0-3078,ЮБКА,ИМ ЗАКАЗ,ЧЕРНЫЙ,XL,1.0,2310.0,6800.0,9110.0,9110.0,,2025,ZHUKOVA,,,FULL,FILE-081,2025,r769
CV-5975adfa68d49ea4,0-3155,0-3155,ШОРТЫ,МД КРУИЗ,ГОРОХ,S  L,4.0,878.0,2750.0,3628.0,14512.0,,2025,ZHUKOVA,,,FULL,FILE-081,2025,r773
CV-0ec791b9e40ad688,0-3156,0-3156,БРЮКИ,МД КРУИЗ,ГОРОХ,S  L,4.0,2935.0,3850.0,6785.0,27140.0,,2025,ZHUKOVA,,,FULL,FILE-081,2025,r777
CV-4580e5604ec4cedb,0-3152B,0-3152В,КАФТАН,МД КРУИЗ,ПАПАЙЯ,F/S,1.0,4486.0,6700.0,11186.0,11186.0,,2025,ZHUKOVA,,,FULL,FILE-081,2025,r781
CV-952f37dcd0eac19e,0-3154,0-3154,БЛУЗА,МД КРУИЗ,ГОР/ПЕРЕЦ/ПАПАЙЯ,S  L,4.0,2468.0,9412.5,11880.5,47522.0,,2025,ZHUKOVA,,,FULL,FILE-081,2025,r787
CV-df05fcfafddcbc0f,0-3137,0-3137,ПАЛЬТО,МД КРУИЗ,ЛЕКАЛА,S L,1.0,,2000.0,2000.0,2000.0,,2025,ZHUKOVA,,,FULL,FILE-081,2025,r793
CV-2846f3b80a17fdb9,0-3135,0-3135,БЛУЗА,МД КРУИЗ,ЛЕКАЛА,S L,1.0,,3000.0,3000.0,3000.0,,2025,ZHUKOVA,,,FULL,FILE-081,2025,r799
CV-449c0e7062daaa70,0-3136,0-3136,БРЮКИ,МД КРУИЗ,ЛЕКАЛА,S L,1.0,,1600.0,1600.0,1600.0,,2025,ZHUKOVA,,,FULL,FILE-081,2025,r805
CV-05a0082315f2de09,0-3120,0-3120,ПЛАТЬЕ,МД КРУИЗ,ЛЕКАЛА,S,1.0,,1200.0,1200.0,1200.0,,2025,ZHUKOVA,,,FULL,FILE-081,2025,r811
CV-67ee3bc7fea9a6db,0-3127,0-3127,ПЛАТЬЕ,МД КРУИЗ,ЛЕКАЛА,S,1.0,,1200.0,1200.0,1200.0,,2025,ZHUKOVA,,,FULL,FILE-081,2025,r817
CV-9fb4d97bb34ca868,0-3111,0-3111,ЖАКЕТ,МД КРУИЗ,БЕЛЫЙ,S,1.0,5311.0,28375.0,33686.0,33686.0,,2025,ZHUKOVA,,,FULL,FILE-081,2025,r823
CV-046ed3bb31d84b8e,0-3157C,0-3157С,КЕЙП,МД КРУИЗ,РОЗОВЫЙ,,1.0,12427.0,13150.0,25577.0,25577.0,,2025,ZHUKOVA,,,FULL,FILE-081,2025,r829
CV-5bf901b011a79ab7,0-2032,0-2032,БЛУЗА,ИМ ЗАКАЗ,ЧЕРНЫЙ,L,1.0,,8000.0,8000.0,8000.0,,2025,ZHUKOVA,,,FULL,FILE-081,2025,r835
CV-7d600419ebbd7648,0-2037,0-2037,БРЮКИ,ИМ ЗАКАЗ,ЧЕРНЫЙ,ПО МЕРКАМ,1.0,,4000.0,4000.0,4000.0,,2025,ZHUKOVA,,,FULL,FILE-081,2025,r841
CV-2d2a8be5253ff169,ПAПAЙЯ,ПАПАЙЯ,ВЫШИВКА,МД КРУИЗ,,,1.0,,8660.0,8660.0,8660.0,,2025,ZHUKOVA,,,FULL,FILE-081,2025,r847
CV-3791855f3cf88807,KУPTKA,КУРТКА,ОПУШКА,МД ЗАКАЗ,,,1.0,,1500.0,1500.0,1500.0,,2025,ZHUKOVA,,,FULL,FILE-081,2025,r853
CV-a45376c99f7cd7fc,0-1416,0-1416,ДЖОГГЕРЫ,ИМ ЗАКАЗ,ЧЕРНЫЙ,L,1.0,1544.0,5350.0,6894.0,6894.0,,2025,ZHUKOVA,,,FULL,FILE-081,2025,r859
CV-ddc81aa4c803348e,0-1487,0-1487,ЮБКА,ИМ ЗАКАЗ,СЕРЕБРО,L,1.0,1283.0,16960.0,18243.0,18243.0,,2025,ZHUKOVA,,,FULL,FILE-081,2025,r865
CV-aff98f217088d3c8,0-3125,0-3125,БЛУЗА,ИМ ЗАКАЗ,ЧЕРНЫЙ,L,1.0,,7000.0,7000.0,7000.0,,2025,ZHUKOVA,,,FULL,FILE-081,2025,r871
CV-4ffd492bdb5cf0a3,0-2686,0-2686,БЛУЗА,ИМ ЗАКАЗ,ЧЕРНЫЙ,L,1.0,2337.0,8550.0,10887.0,10887.0,,2025,ZHUKOVA,,,FULL,FILE-081,2025,r877
CV-6434eccc8d1cc201,0-3167,0-3167,ЖИЛЕТ,МД КРУИЗ,ЛЕКАЛА,,2.0,,700.0,700.0,1400.0,,2025,ZHUKOVA,,,FULL,FILE-081,2025,r883
CV-f8635fd56e5547a8,0-3165,0-3165,ПЛАТЬЕ,МД КРУИЗ,ЛЕКАЛА,,1.0,,1500.0,1500.0,1500.0,,2025,ZHUKOVA,,,FULL,FILE-081,2025,r889
CV-14e05b6a69bc0915,0-3125,0-3125,ПЛАТЬЕ,МД КРУИЗ,ЛЕКАЛА,,1.0,,1500.0,1500.0,1500.0,,2025,ZHUKOVA,,,FULL,FILE-081,2025,r895
CV-6475e9edaa486e61,0-3162,0-3162,КИМОНО,МД КРУИЗ,ЛЕКАЛА,,1.0,,1000.0,1000.0,1000.0,,2025,ZHUKOVA,,,FULL,FILE-081,2025,r901
CV-65ef04c0b11d3262,0-3148,0-3148,ПЛАТЬЕ,МД КРУИЗ,ГЖЕЛЬ,,1.0,20489.0,28375.0,48864.0,48864.0,,2025,ZHUKOVA,,,FULL,FILE-081,2025,r907
CV-f72edd20568677e7,0-3157,0-3157,КЕЙП,МД КРУИЗ,ЧЕРН,,1.0,12427.0,12775.0,25202.0,25202.0,,2025,ZHUKOVA,,,FULL,FILE-081,2025,r913
CV-ebb3c56208d5e433,0-3158,0-3158,ЖИЛЕТ,МД КРУИЗ,ЧЕРН,S,1.0,5841.0,12325.0,18166.0,18166.0,,2025,ZHUKOVA,,,FULL,FILE-081,2025,r919
CV-0cb8a8aa77f0c3a8,0-3159,0-3159,ЮБКА,МД КРУИЗ,ЧЕРНЫЙ,S,1.0,6066.0,7925.0,13991.0,13991.0,,2025,ZHUKOVA,,,FULL,FILE-081,2025,r925
CV-2a6bb52d0a8e4b49,0-3160,0-3160,ПЛАТЬЕ(блуза),МД КРУИЗ,ЧЕРНЫЙ,S,1.0,2377.0,6800.0,9177.0,9177.0,,2025,ZHUKOVA,,,FULL,FILE-081,2025,r931
CV-cd11686cf4f2cb0f,ЛИCTЬЯ,ЛИСТЬЯ,ВЫШИВКА,МД КРУИЗ,,,1.0,,12300.0,12300.0,12300.0,,2025,ZHUKOVA,,,FULL,FILE-081,2025,r937
CV-ead002c6178d8aa7,0-3138,0-3138,ПЛАТЬЕ,МД КРУИЗ,РОЗОВЫЙ,S,1.0,,5750.0,5750.0,5750.0,,2025,ZHUKOVA,,,FULL,FILE-081,2025,r943
CV-21c3cbe4263a1a9a,0-3117,0-3117,ШОРТЫ,МД КРУИЗ,ЧЕРНЫЙ,L,1.0,776.0,5975.0,6751.0,6751.0,,2025,ZHUKOVA,,,FULL,FILE-081,2025,r949
CV-c5d6bca4b774be2b,0-3143,0-3143,френч,МД КРУИЗ,ЧЕРНЫЙ,L,1.0,4951.0,10925.0,15876.0,15876.0,,2025,ZHUKOVA,,,FULL,FILE-081,2025,r955
CV-543384b41152ae77,ЛИCTЬЯ,ЛИСТЬЯ,ВЫШИВКА,МД КРУИЗ,ЧЕРНЫЙ,,1.0,,0.0,0.0,0.0,,2025,ZHUKOVA,,,FULL,FILE-081,2025,r961
CV-bc59073b61f7cfe5,БAБOЧKИ,БАБОЧКИ,ВЫШИВКА,МД КРУИЗ,ЧЕРНЫЙ,,1.0,,16667.0,16667.0,16667.0,,2025,ZHUKOVA,,,FULL,FILE-081,2025,r967
CV-2647e5f75ccc7d71,0-3124,0-3124,ШОРТЫ,МД КРУИЗ,ЛЕКАЛА,,1.0,,800.0,800.0,800.0,,2025,ZHUKOVA,,,FULL,FILE-081,2025,r973
CV-99f715c1aa1bb452,0-3151,0-3151,ПЛАТЬЕ,МД КРУИЗ,ЛЕКАЛА,,1.0,,1800.0,1800.0,1800.0,,2025,ZHUKOVA,,,FULL,FILE-081,2025,r979
CV-3c292bb8c405dbac,0-3164,0-3164,ТОП,МД КРУИЗ,ЛЕКАЛА,,1.0,,500.0,500.0,500.0,,2025,ZHUKOVA,,,FULL,FILE-081,2025,r985
CV-63e01d40f16eba63,0-3145,0-3145,ПЛАТЬЕ,МД КРУИЗ,ЛЕКАЛА,,1.0,,1000.0,1000.0,1000.0,,2025,ZHUKOVA,,,FULL,FILE-081,2025,r991
CV-893eef5161138dee,0-3118,0-3118,КАФТАН,МД КРУИЗ,ЛЕКАЛА,,1.0,,1000.0,1000.0,1000.0,,2025,ZHUKOVA,,,FULL,FILE-081,2025,r997
CV-f88d2b72b5fd9ab8,0-3119,0-3119,КАФТАН,МД КРУИЗ,ЛЕКАЛА,,1.0,,1000.0,1000.0,1000.0,,2025,ZHUKOVA,,,FULL,FILE-081,2025,r1003
CV-f3b60ef86965673f,0-3117,0-3117,ШОРТЫ,МД КРУИЗ,ЛЕКАЛА,,1.0,,800.0,800.0,800.0,,2025,ZHUKOVA,,,FULL,FILE-081,2025,r1009
CV-8b7f12332103cd2a,0-2548,0-2548,КАФТАН,МД КРУИЗ,ЛЕКАЛА,,1.0,,1000.0,1000.0,1000.0,,2025,ZHUKOVA,,,FULL,FILE-081,2025,r1015
CV-5372e0268531e995,0-3112,0-3112,ЮБКА,МД КРУИЗ,БЕЛЫЙ,S,1.0,2747.0,6975.0,9722.0,9722.0,,2025,ZHUKOVA,,,FULL,FILE-081,2025,r1021
CV-4419111546a05b06,0-3167,0-3167,ЖИЛЕТ,МД КРУИЗ,ЧЕРНЫЙ,S,1.0,19227.0,7000.0,26227.0,26227.0,,2025,ZHUKOVA,,,FULL,FILE-081,2025,r1027
CV-b1d495508ee2238b,0-3167A,0-3167А,ЖИЛЕТ,МД КРУИЗ,ЧЕРНЫЙ,S,1.0,13427.0,6500.0,19927.0,19927.0,,2025,ZHUKOVA,,,FULL,FILE-081,2025,r1033
CV-88d2c9fa2989d5de,"KOЛЬE,БPACЛETЫ","КОЛЬЕ, БРАСЛЕТЫ",ВЫШИВКА,СОБСТВЕННИК,,,1.0,,41400.0,41400.0,41400.0,,2025,ZHUKOVA,,,FULL,FILE-081,2025,r1039
CV-e8577f1e24bbe16a,0-3141,0-3141,КАФТАН,МД КРУИЗ,ПАПАЙЯ,,1.0,15629.0,9150.0,24779.0,24779.0,,2025,ZHUKOVA,,,FULL,FILE-081,2025,r1045
CV-dad140518c022e2a,0-3141A,0-3141А,КАФТАН,МД КРУИЗ,ПЕРЕЦ,,1.0,9543.0,15250.0,24793.0,24793.0,,2025,ZHUKOVA,,,FULL,FILE-081,2025,r1051
CV-8904aa4c3102a89e,YHAДУБЛEHKИ,Y НА ДУБЛЕНКИ,ВЫШИВКА,ПЛОЩАДКИ,Y,,10.0,,1000.0,1000.0,10000.0,,2025,ZHUKOVA,,,FULL,FILE-081,2025,r1057
CV-cf362dd1f018cd19,0-3154,0-3154,БЛУЗА,МД КРУИЗ,ЛЕКАЛА,S L,2.0,,1200.0,1200.0,2400.0,,2025,ZHUKOVA,,,FULL,FILE-081,2025,r1063
CV-828f3bf61dde2c8e,0-3152,0-3152,КАФТАН,МД КРУИЗ,ЛЕКАЛА,F/S,1.0,,1000.0,1000.0,1000.0,,2025,ZHUKOVA,,,FULL,FILE-081,2025,r1069
CV-9e99fd4df00d06fb,0-3144,0-3144,ПЛАТЬЕ,МД КРУИЗ,ЛЕКАЛА,S,1.0,,1500.0,1500.0,1500.0,,2025,ZHUKOVA,,,FULL,FILE-081,2025,r1075
CV-df3b57cf48a84b52,0-3126,0-3126,БОМБЕР,МД КРУИЗ,ЛЕКАЛА,S,1.0,,1500.0,1500.0,1500.0,,2025,ZHUKOVA,,,FULL,FILE-081,2025,r1081
CV-d707e5c405552a95,0-2600A,0-2600А,БРЮКИ,ИМ ЗАКАЗ,КОРИЧН,M,1.0,1432.0,4400.0,5832.0,5832.0,,2025,ZHUKOVA,,,FULL,FILE-081,2025,r1087
CV-36ff61e8ebdb9af4,0-3055A,0-3055А,БЛУЗА,ИМ ЗАКАЗ,ЧЕРНЫЙ,М,1.0,,6600.0,6600.0,6600.0,,2025,ZHUKOVA,,,FULL,FILE-081,2025,r1093
CV-3d514ab601863744,0-3063,0-3063,БРЮКИ,ИМ ЗАКАЗ,ЧЕРНЫЙ,М,1.0,1030.0,4400.0,5430.0,5430.0,,2025,ZHUKOVA,,,FULL,FILE-081,2025,r1099
CV-09b71d681b751843,0-3052,0-3052,ЮБКА,ИМ ЗАКАЗ,ЧЕРНЫЙ,L,1.0,640.0,4400.0,5040.0,5040.0,,2025,ZHUKOVA,,,FULL,FILE-081,2025,r1105
CV-515a79549ef6fce3,0-3139,0-3139,ПЛАТЬЕ,МД КРУИЗ,ГЖЕЛЬ,S,1.0,9128.0,26825.0,35953.0,35953.0,,2025,ZHUKOVA,,,FULL,FILE-081,2025,r1111
CV-18afbdc903822231,0-3142,0-3142,ПЛАТЬЕ,МД КРУИЗ,,S,1.0,12642.0,26825.0,39467.0,39467.0,,2025,ZHUKOVA,,,FULL,FILE-081,2025,r1117
CV-0513ed24c29ac85f,0-3168,0-3168,РУБАШКА,МД КРУИЗ,ПЕРЕЦ,F/S,4.0,3444.0,5500.0,8944.0,35776.0,,2025,ZHUKOVA,,,FULL,FILE-081,2025,r1123
CV-7dacaf4832169580,0-3168A,0-3168А,РУБАШКА,МД КРУИЗ,ГОРОХ,F/S,4.0,3444.0,5500.0,8944.0,35776.0,,2025,ZHUKOVA,,,FULL,FILE-081,2025,r1129
CV-aa8d26effc8ad902,0-3168B,0-3168В,РУБАШКА,МД КРУИЗ,РОЗОВЫЙ,F/S,4.0,3444.0,5500.0,8944.0,35776.0,,2025,ZHUKOVA,,,FULL,FILE-081,2025,r1135
CV-4cea0291ac08cc81,0-3077A,0-3077А,ЛОНГСЛИВ,ИМ ЗАКАЗ,ЧЕРНЫЙ,S,1.0,,3300.0,3300.0,3300.0,,2025,ZHUKOVA,,,FULL,FILE-081,2025,r1141
CV-2d8aff8f6db8475a,0-3160,0-3160,ПЛАТЬЕ,МД КРУИЗ,ЛЕКАЛА,,1.0,,800.0,800.0,800.0,,2025,ZHUKOVA,,,FULL,FILE-081,2025,r1147
CV-2a5c9e47a399a127,0-3113,0-3113,ЖАКЕТ,МД КРУИЗ,ЛЕКАЛА,,1.0,,2000.0,2000.0,2000.0,,2025,ZHUKOVA,,,FULL,FILE-081,2025,r1153
CV-e51fda21a9689ab0,0-3157,0-3157,КЕЙП,МД КРУИЗ,ЛЕКАЛА,,1.0,,1100.0,1100.0,1100.0,,2025,ZHUKOVA,,,FULL,FILE-081,2025,r1159
CV-14ddab9ac210cbd2,0-3159,0-3159,ЮБКА,МД КРУИЗ,ЛЕКАЛА,,1.0,,1000.0,1000.0,1000.0,,2025,ZHUKOVA,,,FULL,FILE-081,2025,r1165
CV-642874791e652059,0-3061,0-3061,ПАЛЬТО,МД КРУИЗ,ЛЕКАЛА,,1.0,,1800.0,1800.0,1800.0,,2025,ZHUKOVA,,,FULL,FILE-081,2025,r1171
CV-c82089f7d97fb302,0-3062,0-3062,МАЙКА,МД КРУИЗ,ЛЕКАЛА,,1.0,,800.0,800.0,800.0,,2025,ZHUKOVA,,,FULL,FILE-081,2025,r1177
CV-7414b48bf40ba597,0-3063,0-3063,БРЮКИ,МД КРУИЗ,ЛЕКАЛА,,1.0,,1100.0,1100.0,1100.0,,2025,ZHUKOVA,,,FULL,FILE-081,2025,r1183
CV-8490029d4b7ce407,0-3133,0-3133,ЖИЛЕТ,МД КРУИЗ,ЛЕКАЛА,,2.0,,700.0,700.0,1400.0,,2025,ZHUKOVA,,,FULL,FILE-081,2025,r1189
CV-1d73daf223bc3536,0-3167A,0-3167А,ЖИЛЕТ,МД КРУИЗ,ЛЕКАЛА,,1.0,,800.0,800.0,800.0,,2025,ZHUKOVA,,,FULL,FILE-081,2025,r1195
CV-7a2073725ca9a7ef,0-3155,0-3155,ШОРТЫ,МД КРУИЗ,ЛЕКАЛА,,2.0,,600.0,600.0,1200.0,,2025,ZHUKOVA,,,FULL,FILE-081,2025,r1201
CV-8bcaf2f8d001549f,0-3134,0-3134,ШОРТЫ,МД КРУИЗ,ЛЕКАЛА,,1.0,,600.0,600.0,600.0,,2025,ZHUKOVA,,,FULL,FILE-081,2025,r1207
CV-321d5b8ab7545cf9,0-3140A,0-3140А,ПЛАТЬЕ,МД КРУИЗ,ЛЕКАЛА,,1.0,,2100.0,2100.0,2100.0,,2025,ZHUKOVA,,,FULL,FILE-081,2025,r1213
CV-554007f7730cc109,0-3156,0-3156,БРЮКИ,МД КРУИЗ,ЛЕКАЛА,,1.0,,1100.0,1100.0,1100.0,,2025,ZHUKOVA,,,FULL,FILE-081,2025,r1219
CV-a3a69cc1db37c224,0-3163,0-3163,БРЮКИ,МД КРУИЗ,ЛЕКАЛА,,1.0,,1100.0,1100.0,1100.0,,2025,ZHUKOVA,,,FULL,FILE-081,2025,r1225
CV-3b35a137abc4101a,0-3112,0-3112,ЮБКА,МД КРУИЗ,ЛЕКАЛА,,1.0,,1000.0,1000.0,1000.0,,2025,ZHUKOVA,,,FULL,FILE-081,2025,r1231
CV-330a79c9dcb3c24d,0-3121A,0-3121А,ПЛАТЬЕ,МД КРУИЗ,ЛЕКАЛА,,1.0,,1600.0,1600.0,1600.0,,2025,ZHUKOVA,,,FULL,FILE-081,2025,r1237
CV-f9dc2015aced91a3,0-3179,0-3179,ФУТБОЛКИ,МД КРУИЗ,ЧЕРН/БЕЛ,,4.0,,825.0,825.0,3300.0,,2025,ZHUKOVA,,,FULL,FILE-081,2025,r1243
CV-15767d3c162a6b5b,0-3143,0-3143,ФРЕНЧ,МД КРУИЗ,ЛЕКАЛА,,1.0,,1200.0,1200.0,1200.0,,2025,ZHUKOVA,,,FULL,FILE-081,2025,r1249
CV-001ab8f6744ee96d,0-3140A,0-3140А,ПЛАТЬЕ,МД КРУИЗ,ЧЕРНЫЙ,,1.0,27115.0,14000.0,41115.0,41115.0,,2025,ZHUKOVA,,,FULL,FILE-081,2025,r1255
CV-145934eeb9d8d861,0-3147,0-3147,ПЛАТЬЕ,МД КРУИЗ,СИНИЙ,F/S,1.0,5777.0,16850.0,22627.0,22627.0,,2025,ZHUKOVA,,,FULL,FILE-081,2025,r1261
CV-61b9a7297412ac00,0-3091A,0-3091А,БОДИ,МД ЗАКАЗ,БЕЖ,,1.0,,11000.0,11000.0,11000.0,,2025,ZHUKOVA,,,FULL,FILE-081,2025,r1267
CV-fcdc5eceb21b40a6,0-43-24,0-43-24,ПОЛОЧКА,МД ЗАКАЗ,БЕЖ,,1.0,,15000.0,15000.0,15000.0,,2025,ZHUKOVA,,,FULL,FILE-081,2025,r1273
CV-bedf908d7d05baba,0-3178,0-3178,МАЙКА,МД КРУИЗ,БЕЛ/ЧЕРН,,20.0,,160.0,160.0,3200.0,,2025,ZHUKOVA,,,FULL,FILE-081,2025,r1279
CV-620aa468caef7acc,0-3138,0-3138,МАЙКА,МД КРУИЗ,БЕЛ/ЧЕРН,,10.0,,330.0,330.0,3300.0,,2025,ZHUKOVA,,,FULL,FILE-081,2025,r1285
CV-05a1cabeef493e0f,0-3148,0-3148,ПЛАТЬЕ,МД КРУИЗ,ЛЕКАЛА,,1.0,,2100.0,2100.0,2100.0,,2025,ZHUKOVA,,,FULL,FILE-081,2025,r1291
CV-0a3c0bc8bd04c5b2,0-3116A,0-3116А,ЖАКЕТ,МД КРУИЗ,ЛЕКАЛА,S L,2.0,,1750.0,1750.0,3500.0,,2025,ZHUKOVA,,,FULL,FILE-081,2025,r1297
CV-a208168e204ea096,0-3111,0-3111,ЖАКЕТ,МД КРУИЗ,ЛЕКАЛА,S,1.0,,2100.0,2100.0,2100.0,,2025,ZHUKOVA,,,FULL,FILE-081,2025,r1303
CV-8015432eab58de6c,0-3171,0-3171,ДЖИНСЫ,МД КРУИЗ,ЧЕРНЫЙ,S L,2.0,,6000.0,6000.0,12000.0,,2025,ZHUKOVA,,,FULL,FILE-081,2025,r1309
CV-6277a5abda8ab30c,ПOЮЛE,ПО ЮЛЕ,КОЛЬЕ,МД ТИРАЖ,ЧЕРН,,1.0,,38000.0,38000.0,38000.0,,2025,ZHUKOVA,,,FULL,FILE-081,2025,r1315
CV-2101584492e115dd,KOЛЬE,КОЛЬЕ,ВЫШИВКА,СОБСТВЕННИК,,,1.0,,25000.0,25000.0,25000.0,,2025,ZHUKOVA,,,FULL,FILE-081,2025,r1321
CV-0187e57dbcd17c5d,0-3157A,0-3157А,КЕЙП,МД КРУИЗ,БЕЛЫЙ,S,1.0,12427.0,13150.0,25577.0,25577.0,,2025,ZHUKOVA,,,FULL,FILE-081,2025,r1327
CV-dd8900eb3ae751cf,0-2703,0-2703,БЛУЗА,ИМ ЗАКАЗ,ЧЕРНЫЙ,L,1.0,,14975.0,14975.0,14975.0,,2025,ZHUKOVA,,,FULL,FILE-081,2025,r1333
CV-85fa82bf25f16ddb,0-3230,0-3230,БРЮКИ,МД КАП ОС25,ЧЕРНЫЙ,,1.0,6918.0,9000.0,15918.0,15918.0,,2025,ZHUKOVA,,,FULL,FILE-081,2025,r1339
CV-e77c6430e94e9c73,0-1442,0-1442,ЮБКА,ИМ ЗАКАЗ,ЧЕРНЫЙ,,1.0,5603.0,8500.0,14103.0,14103.0,,2025,ZHUKOVA,,,FULL,FILE-081,2025,r1345
CV-ca5c31a70a496399,0-2455A,0-2455А,ЮБКА,ИМ ЗАКАЗ,ЧЕРНЫЙ,,1.0,1638.0,11400.0,13038.0,13038.0,,2025,ZHUKOVA,,,FULL,FILE-081,2025,r1351
CV-a5642891ddfcfa1e,0-3055B,0-3055В,БЛУЗА,ИМ ЗАКАЗ,ЧЕРНЫЙ,,1.0,6487.0,7350.0,13837.0,13837.0,,2025,ZHUKOVA,,,FULL,FILE-081,2025,r1357
CV-e259dcfc9176a32e,0-3141A,0-3141А,КАФТАН,МД КРУИЗ,ЛЕКАЛА,,1.0,,1500.0,1500.0,1500.0,,2025,ZHUKOVA,,,FULL,FILE-081,2025,r1363
CV-7a448107a21da3e3,0-3141,0-3141,КАФТАН,МД КРУИЗ,ЛЕКАЛА,,1.0,,1500.0,1500.0,1500.0,,2025,ZHUKOVA,,,FULL,FILE-081,2025,r1369
CV-fb42957188187564,0-3158,0-3158,ЖИЛЕТ,МД КРУИЗ,ЛЕКАЛА,,1.0,,1300.0,1300.0,1300.0,,2025,ZHUKOVA,,,FULL,FILE-081,2025,r1375
CV-77bb486a7728f5e9,0-3114,0-3114,БРЮКИ,МД КРУИЗ,ЛЕКАЛА,,1.0,,1300.0,1300.0,1300.0,,2025,ZHUKOVA,,,FULL,FILE-081,2025,r1381
CV-36feab2d3e3ec237,0-3115,0-3115,ПЛАТЬЕ,МД КРУИЗ,ЛЕКАЛА,,1.0,,2000.0,2000.0,2000.0,,2025,ZHUKOVA,,,FULL,FILE-081,2025,r1387
CV-2fb70070eb36f30c,0-3153,0-3153,ЖАКЕТ,МД КРУИЗ,ЛЕКАЛА,,1.0,,2500.0,2500.0,2500.0,,2025,ZHUKOVA,,,FULL,FILE-081,2025,r1393
CV-3f2acc7f0233a0bb,0-3172,0-3172,ЮБКА,МД КРУИЗ,ЛЕКАЛА,,1.0,,1800.0,1800.0,1800.0,,2025,ZHUKOVA,,,FULL,FILE-081,2025,r1399
CV-773670cf04d43b46,0-3144A,0-3144А,ПЛАТЬЕ,МД КРУИЗ,ЛЕКАЛА,,1.0,,2100.0,2100.0,2100.0,,2025,ZHUKOVA,,,FULL,FILE-081,2025,r1405
CV-6a95c35ccd83c820,0-3147,0-3147,ПЛАТЬЕ,МД КРУИЗ,ЛЕКАЛА,,1.0,,2100.0,2100.0,2100.0,,2025,ZHUKOVA,,,FULL,FILE-081,2025,r1411
CV-be9e1df0a0f8be5d,0-3152,0-3152,КАФТАН,МД ТИРАЖ,ГОРОХ,,2.0,4486.0,6125.0,10611.0,21222.0,,2025,ZHUKOVA,,,FULL,FILE-081,2025,r1417
CV-cdc0f0cdc12fa35c,0-3152A,0-3152А,КАФТАН,МД ТИРАЖ,ПЕРЕЦ,,2.0,4294.0,6125.0,10419.0,20838.0,,2025,ZHUKOVA,,,FULL,FILE-081,2025,r1423
CV-b829dfbbac0082e1,0-3152B,0-3152В/2,КАФТАН,МД ТИРАЖ,ПАПАЙЯ,,2.0,4712.0,6125.0,10837.0,21674.0,,2025,ZHUKOVA,,,FULL,FILE-081,2025,r1429
CV-fc51d98bd4223dde,0-3146,0-3146,РУБАШКА,МД КРУИЗ,ЛЕКАЛА,,2.0,,1300.0,1300.0,2600.0,,2025,ZHUKOVA,,,FULL,FILE-081,2025,r1435
CV-58cd6eb9845b52ea,0-3178,0-3178,МАЙКА,МД ТИРАЖ,ЧЕРН/БЕЛ,,10.0,,330.0,330.0,3300.0,,2025,ZHUKOVA,,,FULL,FILE-081,2025,r1441
CV-7df802462cca30d3,0-3178,0-3178,ВЫШИВКА,МД ТИРАЖ,ПЕРЦЫ,,1.0,,13355.0,13355.0,13355.0,,2025,ZHUKOVA,,,FULL,FILE-081,2025,r1447
CV-e003b5add783d1a6,0-3152B,0-3152В,ВЫШИВКА,МД ТИРАЖ,ПАПАЙЯ,,1.0,,0.0,0.0,0.0,,2025,ZHUKOVA,,,FULL,FILE-081,2025,r1453
CV-2e6c28474fe5414d,0-3168,0-3168,РУБАШКА,МД ТИРАЖ,БЕЛЫЙ,,4.0,3444.0,5500.0,8944.0,35776.0,,2025,ZHUKOVA,,,FULL,FILE-081,2025,r1459
CV-bfca757d6401a75e,0-3168A,0-3168А,РУБАШКА,МД ТИРАЖ,БЕЛЫЙ,,4.0,3444.0,5500.0,8944.0,35776.0,,2025,ZHUKOVA,,,FULL,FILE-081,2025,r1465
CV-9941716bf1b27ded,0-3168B,0-3168В,РУБАШКА,МД ТИРАЖ,ФУКСИЯ,,4.0,3444.0,5500.0,8944.0,35776.0,,2025,ZHUKOVA,,,FULL,FILE-081,2025,r1471
CV-bf351a83f2a7b388,0-3160A,0-3160А,ПЛАТЬЕ,МД ТИРАЖ,БЕЛЫЙ,,1.0,2377.0,4170.0,6547.0,6547.0,,2025,ZHUKOVA,,,FULL,FILE-081,2025,r1477
CV-1931583dda6c2fd2,0-3159A,0-3159А,ЮБКА,МД ТИРАЖ,БЕЛЫЙ,,1.0,6066.0,5850.0,11916.0,11916.0,,2025,ZHUKOVA,,,FULL,FILE-081,2025,r1483
CV-5b557798bcfd7fb9,0-3143A,0-3143А,ФРЕНЧ,МД ТИРАЖ,БЕЛЫЙ,,1.0,4951.0,8550.0,13501.0,13501.0,,2025,ZHUKOVA,,,FULL,FILE-081,2025,r1489
CV-01e5c2c41d6831d0,0-3043A,0-3043А,БЛУЗА,ИМ ТИРАЖ,ФУКСИЯ,S,1.0,2633.0,7800.0,10433.0,10433.0,,2025,ZHUKOVA,,,FULL,FILE-081,2025,r1495
CV-b4878321f12b6d2b,0-3044A,0-3044А,ШОРТЫ,ИМ ТИРАЖ,ФУКСИЯ,S,1.0,681.0,2950.0,3631.0,3631.0,,2025,ZHUKOVA,,,FULL,FILE-081,2025,r1501
CV-363874a4fe8dfb4b,0-3154,0-3154,БЛУЗА,СОБСТВЕННИК,БЕЛ/РОЗ,S,2.0,2468.0,9825.0,12293.0,24586.0,,2025,ZHUKOVA,,,FULL,FILE-081,2025,r1507
CV-9c9cf8c84b67334d,0-3155,0-3155,ШОРТЫ,СОБСТВЕННИК,БЕЛ/РОЗ,S,3.0,878.0,4275.0,5153.0,15459.0,,2025,ZHUKOVA,,,FULL,FILE-081,2025,r1513
CV-4a4ef004acd83dc5,0-2032,0-2032,БЛУЗА,СОБСТВЕННИК,ПЕРЕЦ,S,1.0,2468.0,9850.0,12318.0,12318.0,,2025,ZHUKOVA,,,FULL,FILE-081,2025,r1519
CV-08ee83771f0bc052,ЮЛИЯ,ЮЛИЯ,ЮБКА,СОБСТВЕННИК,БИРЮЗА,,2.0,1210.0,2800.0,4010.0,8020.0,,2025,ZHUKOVA,,,FULL,FILE-081,2025,r1525
CV-71be799446b911a9,0-3113,0-3113,КОСТЮМ,МД КРУИЗ,ВЫШИВКА,,1.0,,27605.0,27605.0,27605.0,,2025,ZHUKOVA,,,FULL,FILE-081,2025,r1531
CV-cefe427ebb0a451a,0-2548,0-2548,КАФТАН,СОБСТВЕННИК,ПАПАЙЯ,,2.0,4712.0,5675.0,10387.0,20774.0,,2025,ZHUKOVA,,,FULL,FILE-081,2025,r1537
CV-26e778bdd0b7ae46,43-25,43-25,ВЫШИВКА,МД ЗАКАЗ,КОЛЬЕ,,1.0,,21000.0,21000.0,21000.0,,2025,ZHUKOVA,,,FULL,FILE-081,2025,r1543
CV-cd84f1d6f0746d70,0-3146,0-3146,РУБАШКА,СОБСТВЕННИК,ГОЛУБОЙ,,2.0,3377.0,6450.0,9827.0,19654.0,,2025,ZHUKOVA,,,FULL,FILE-081,2025,r1549
CV-5ad8fdd50d020ae7,0-1187,0-1187,ПИЖАМА,СОБСТВЕННИК,,,1.0,5647.0,12750.0,18397.0,18397.0,,2025,ZHUKOVA,,,FULL,FILE-081,2025,r1555
CV-93b2ca0893849e43,0-3155,0-3155,ШОРТЫ,СОБСТВЕННИК,ГОЛУБОЙ,,1.0,878.0,6675.0,7553.0,7553.0,,2025,ZHUKOVA,,,FULL,FILE-081,2025,r1561
CV-3c57ceafdcffff37,0-3166,0-3166,РУБАШКА,МД ТИРАЖ,ФУКСИЯ,,2.0,3444.0,5500.0,8944.0,17888.0,,2025,ZHUKOVA,,,FULL,FILE-081,2025,r1567
CV-3644c5b069dff71b,0-3179A,0-3179А,ФУТБОЛКА,МД ЗАКАЗ,БЕЛЫЙ,,1.0,,900.0,900.0,900.0,,2025,ZHUKOVA,,,FULL,FILE-081,2025,r1573
CV-a061623187bd8014,0-3078,0-3078,ЮБКА,СОБСТВЕННИК,БЕЛЫЙ,L,1.0,2151.0,5000.0,7151.0,7151.0,,2025,ZHUKOVA,,,FULL,FILE-081,2025,r1579
CV-8ec64cd730eae6be,ЮЛИЯ,ЮЛИЯ,БЛУЗА,СОБСТВЕННИК,Ч/Б,,2.0,2468.0,6200.0,8668.0,17336.0,,2025,ZHUKOVA,,,FULL,FILE-081,2025,r1585
CV-c3b56be27fa47915,0-3141A,0-3141А,КАФТАН,МД ЗАКАЗ,БЕЛЫЙ,,1.0,9543.0,33125.0,42668.0,42668.0,,2025,ZHUKOVA,,,FULL,FILE-081,2025,r1591
CV-fa1b0915e803abb6,0-3094,0-3094,ЧОКЕР,МД ЗАКАЗ,БЕЖ,,1.0,607.0,12800.0,13407.0,13407.0,,2025,ZHUKOVA,,,FULL,FILE-081,2025,r1597
CV-2da7ad4aa41bbaa2,0-3179,0-3179,ФУТБОЛКА,СОБСТВЕННИК,,,8.0,,1320.0,1320.0,10560.0,,2025,ZHUKOVA,,,FULL,FILE-081,2025,r1603
CV-1e1abeb1742a72f4,0-3137A,0-3137А,КИМОНО,МД ЗАКАЗ,ЧЕРНЫЙ,L,1.0,12441.0,9000.0,21441.0,21441.0,,2025,ZHUKOVA,,,FULL,FILE-081,2025,r1609
CV-20cfaeb326b40cf8,0-2983,0-2983,ПЛАТЬЕ,КАНН,ЧЕРНЫЙ,,1.0,7155.0,21450.0,28605.0,28605.0,,2025,ZHUKOVA,,,FULL,FILE-081,2025,r1615
CV-5c889f87c13de102,0-2548,0-2548/1,КАФТАН,ИМ ЗАКАЗ,ЧЕРНЫЙ,,1.0,4712.0,7350.0,12062.0,12062.0,,2025,ZHUKOVA,,,FULL,FILE-081,2025,r1621
CV-b386c0a270191525,"ПAПAЙЯ,ГOPOX,ПEPEЦ","ПАПАЙЯ, ГОРОХ, ПЕРЕЦ",ВЫШИВКА,МД ТИРАЖ,,,1.0,,32770.0,32770.0,32770.0,,2025,ZHUKOVA,,,FULL,FILE-081,2025,r1627
CV-5143590b6230ed26,0-3159,0-3159,ЮБКА,МД ЗАКАЗ,ЧЕРНЫЙ,S,1.0,6066.0,5275.0,11341.0,11341.0,,2025,ZHUKOVA,,,FULL,FILE-081,2025,r1633
CV-6a8ae0925af5141a,0-3160,0-3160,ПЛАТЬЕ,МД ЗАКАЗ,ЧЕРНЫЙ,S,1.0,2377.0,4585.0,6962.0,6962.0,,2025,ZHUKOVA,,,FULL,FILE-081,2025,r1639
CV-43b7a39c86cbd969,0-3143,0-3143,ФРЕНЧ,МД ЗАКАЗ,ЧЕРНЫЙ,S,1.0,4951.0,8200.0,13151.0,13151.0,,2025,ZHUKOVA,,,FULL,FILE-081,2025,r1645
CV-eefafa3c54134bdf,0-3167A,0-3167А/2,ЖИЛЕТ,МД ЗАКАЗ,ЧЕРНЫЙ,S,1.0,13427.0,8625.0,22052.0,22052.0,,2025,ZHUKOVA,,,FULL,FILE-081,2025,r1651
CV-741ed9e10e59b8ff,0-31640-2917,0-3164 0-2917,ТОП,МД ТИРАЖ,ЧЕРН/БЕЛ,,2.0,1972.0,3925.0,5897.0,11794.0,,2025,ZHUKOVA,,,FULL,FILE-081,2025,r1657
CV-d1630fe33a66e7f0,0-2037,0-2037,БРЮКИ,МД ЗАКАЗ,ЧЕРН,,1.0,2935.0,4400.0,7335.0,7335.0,,2025,ZHUKOVA,,,FULL,FILE-081,2025,r1663
CV-9f2a376fa3b43fa2,0-3112,0-3112,ЮБКА,МД ЗАКАЗ,БЕЛЫЙ,S,1.0,2747.0,7975.0,10722.0,10722.0,,2025,ZHUKOVA,,,FULL,FILE-081,2025,r1669
CV-fecbd342ae0fe5cb,0-3112,0-3112,ЮБКА,МД ЗАКАЗ,БЕЛЫЙ,S,1.0,2747.0,7975.0,10722.0,10722.0,,2025,ZHUKOVA,,,FULL,FILE-081,2025,r1675
CV-7815796635185aa8,0-3143,0-3143,ФРЕНЧ,МД ЗАКАЗ,ЧЕРНЫЙ,S,1.0,4951.0,8925.0,13876.0,13876.0,,2025,ZHUKOVA,,,FULL,FILE-081,2025,r1681
CV-fba7a08879988661,0-3159,0-3159,ЮБКА,МД ЗАКАЗ,ЧЕРНЫЙ,S,1.0,6066.0,6925.0,12991.0,12991.0,,2025,ZHUKOVA,,,FULL,FILE-081,2025,r1687
CV-6df4ffcc96cd8de7,0-3160,0-3160,ПЛАТЬЕ,МД ЗАКАЗ,ЧЕРНЫЙ,S,1.0,2377.0,5800.0,8177.0,8177.0,,2025,ZHUKOVA,,,FULL,FILE-081,2025,r1693
CV-ea16f634dbfd960b,0-3167A,0-3167А/2,ЖИЛЕТ,МД ЗАКАЗ,ЧЕРНЫЙ,S,1.0,13427.0,9750.0,23177.0,23177.0,,2025,ZHUKOVA,,,FULL,FILE-081,2025,r1699
CV-1e5134ada6c19f16,0-3167,0-3167,ЖИЛЕТ,МД ЗАКАЗ,БЕЛЫЙ,,1.0,13427.0,10475.0,23902.0,23902.0,,2025,ZHUKOVA,,,FULL,FILE-081,2025,r1705
CV-e467d35b50c88a97,0-3157A,0-3157А,КЕЙП,МД ЗАКАЗ,ЧЕРНЫЙ,,1.0,12427.0,12400.0,24827.0,24827.0,,2025,ZHUKOVA,,,FULL,FILE-081,2025,r1711
CV-c52cdaba07c7981e,0-3156,0-3156,БРЮКИ,МД ЗАКАЗ,БЕЛЫЙ,L,1.0,2935.0,3500.0,6435.0,6435.0,,2025,ZHUKOVA,,,FULL,FILE-081,2025,r1717
CV-124776e2800fc295,0-1672B,0-1672В/1,РУБАШКА,ИМ ЗАКАЗ,ЧЕРНЫЙ,,1.0,1647.0,5500.0,7147.0,7147.0,,2025,ZHUKOVA,,,FULL,FILE-081,2025,r1723
CV-7cd1690784060bdc,0-31790-3178,0-3179        0-3178,ФУТБОЛКИ,МД ТИРАЖ,Ч/Б,,10.0,974.0,330.0,1304.0,13040.0,,2025,ZHUKOVA,,,FULL,FILE-081,2025,r1729
CV-4b6823b8f27905a4,0-3167A,0-3167А,ЖИЛЕТ,МД ЗАКАЗ,БЕЛЫЙ,,1.0,13427.0,9750.0,23177.0,23177.0,,2025,ZHUKOVA,,,FULL,FILE-081,2025,r1735
CV-8761c1f44ee9039f,0-3133A,0-3133А,ЖИЛЕТ,МД ЗАКАЗ,ЧЕРНЫЙ,,1.0,2857.0,7900.0,10757.0,10757.0,,2025,ZHUKOVA,,,FULL,FILE-081,2025,r1741
CV-b91009cc52b8c137,0-3156Д,0-3156Д,БРЮКИ,МД ЗАКАЗ,ЧЕРНЫЙ,,1.0,2935.0,4725.0,7660.0,7660.0,,2025,ZHUKOVA,,,FULL,FILE-081,2025,r1747
CV-3d6f0ad5d19af21a,0-1416,0-1416,БРЮКИ,ИМ ЗАКАЗ,ЧЕРНЫЙ,L,1.0,1544.0,5350.0,6894.0,6894.0,,2025,ZHUKOVA,,,FULL,FILE-081,2025,r1753
CV-4ec49618a22cf6fe,0-2028,0-2028,КИМОНО,ИМ ЗАКАЗ,ЧЕРНЫЙ,М,1.0,9289.0,11400.0,20689.0,20689.0,,2025,ZHUKOVA,,,FULL,FILE-081,2025,r1759
CV-3f5bdb006cf7e9a9,0-1672B,0-1672В,РУБАШКА,ИМ ЗАКАЗ,БЕЛЫЙ,,2.0,1647.0,7550.0,9197.0,18394.0,,2025,ZHUKOVA,,,FULL,FILE-081,2025,r1765
CV-9acbc3047de1b6a9,0-1672C,0-1672С/1,РУБАШКА,ИМ ТИРАЖ,ГОЛУБОЙ,,1.0,1647.0,7550.0,9197.0,9197.0,,2025,ZHUKOVA,,,FULL,FILE-081,2025,r1771
CV-2747b943d1ae2e75,0-3157,0-3157,ВЫШИВКА,МД ЗАКАЗ,"ЧЕРНЫЙ, ЛИСТЬЯ",,1.0,12427.0,17870.0,30297.0,30297.0,,2025,ZHUKOVA,,,FULL,FILE-081,2025,r1777
CV-05c2dbfb5834e2be,0-3052,0-3052,ЮБКА,ИМ ЗАКАЗ,ЧЕРНЫЙ,L,1.0,640.0,4650.0,5290.0,5290.0,,2025,ZHUKOVA,,,FULL,FILE-081,2025,r1783
CV-66169947b4f51aa8,0-2983,0-2983,ПЛАТЬЕ,КАНН,ЧЕРНЫЙ,S,1.0,15907.0,18375.0,34282.0,34282.0,,2025,ZHUKOVA,,,FULL,FILE-081,2025,r1789
CV-b3b69938f61bd575,0-3156,0-3156,БРЮКИ,СОБСТВЕННИК,БЕЛЫЙ,,2.0,2935.0,3637.5,6572.5,13145.0,,2025,ZHUKOVA,,,FULL,FILE-081,2025,r1797
CV-984c8ff8fe49e3c1,0-3160A,0-3160А,ПЛАТЬЕ,МД ТИРАЖ,БЕЛЫЙ,,1.0,2377.0,5800.0,8177.0,8177.0,,2025,ZHUKOVA,,,FULL,FILE-081,2025,r1805
CV-451616f33e5f14ae,0-3157,0-3157,КЕЙП,МД ТИРАЖ,ЧЕРНЫЙ,,1.0,12427.0,11150.0,23577.0,23577.0,,2025,ZHUKOVA,,,FULL,FILE-081,2025,r1813
CV-0a0f6e8b9e7d51a2,0-3157A,0-3157А,КЕЙП,МД ТИРАЖ,БЕЛЫЙ,,1.0,12427.0,11150.0,23577.0,23577.0,,2025,ZHUKOVA,,,FULL,FILE-081,2025,r1821
CV-f727af23d18e27f5,0-3152B,0-3152В,КАФТАН,СОБСТВЕННИК,ГОЛУБОЙ,,1.0,4712.0,7250.0,11962.0,11962.0,,2025,ZHUKOVA,,,FULL,FILE-081,2025,r1829
CV-308898e9594b8b1a,ЗOЯ,ЗОЯ,КАФТАН,МД ПЕРЕДЕЛКА,РОЗОВЫЙ,,1.0,,900.0,900.0,900.0,,2025,ZHUKOVA,,,FULL,FILE-081,2025,r1837
CV-7125e1cb0a173802,0-3040,0-3040,БРЮКИ,ИМ ЗАКАЗ,ЧЕРНЫЙ,M  L,2.0,1596.0,4900.0,6496.0,12992.0,,2025,ZHUKOVA,,,FULL,FILE-081,2025,r1845
CV-f4f2eb5692bc9770,0-3039,0-3039,БЛУЗА,ИМ ЗАКАЗ,ЧЕРНЫЙ,M  L,2.0,1113.0,6350.0,7463.0,14926.0,,2025,ZHUKOVA,,,FULL,FILE-081,2025,r1853
CV-a329f01a98bf79ad,0-3055B,0-3055В,БЛУЗА,ИМ ЗАКАЗ,ЧЕРНЫЙ,L,1.0,6487.0,7350.0,13837.0,13837.0,,2025,ZHUKOVA,,,FULL,FILE-081,2025,r1861
CV-56aecba05e716e4a,ЮЛИЯ,ЮЛИЯ,КОЛЬЕ,СОБСТВЕННИК,ФУКСИЯ,,1.0,,22625.0,22625.0,22625.0,,2025,ZHUKOVA,,,FULL,FILE-081,2025,r1869
CV-42458f99e5651705,0-3032,0-3032,ЮБКА,МД ЗАКАЗ,ЗЕЛЕНЫЙ,,1.0,1638.0,7200.0,8838.0,8838.0,,2025,ZHUKOVA,,,FULL,FILE-081,2025,r1877
CV-1575ca1a002cf242,0-1416,0-1416,ДЖОГГЕРЫ,ИМ ЗАКАЗ,ЧЕРНЫЙ,,2.0,1544.0,4675.0,6219.0,12438.0,,2025,ZHUKOVA,,,FULL,FILE-081,2025,r1885
CV-886e6f3daee727b7,0-1418,0-1418,БЛУЗА,ИМ ЗАКАЗ,ЧЕРНЫЙ,M L,2.0,2937.0,5900.0,8837.0,17674.0,,2025,ZHUKOVA,,,FULL,FILE-081,2025,r1893
CV-d58c6eee892dc3e8,0-3178,0-3178,МАЙКА,МД КРУИЗ 2,Ч/БЕЛ,,20.0,749.0,330.0,1079.0,21580.0,,2025,ZHUKOVA,,,FULL,FILE-081,2025,r1901
CV-e28c9f364367f653,0-3141,0-3141,ВЫШИВКА,МД КРУИЗ 2,ПАПАЙЯ,,3.0,,3000.0,3000.0,9000.0,,2025,ZHUKOVA,,,FULL,FILE-081,2025,r1909
CV-880b80dd1ca5d3d2,0-3120,0-3120,ПЛАТЬЕ,МД КРУИЗ 2,,S,4.0,7401.0,9000.0,16401.0,65604.0,,2025,ZHUKOVA,,,FULL,FILE-081,2025,r1917
CV-621f5e31b633ad3f,0-3160,0-3160,ПЛАТЬЕ,МД КРУИЗ 2,,S  L,2.0,2377.0,6850.0,9227.0,18454.0,,2025,ZHUKOVA,,,FULL,FILE-081,2025,r1925
CV-8c523e16270daac3,0-3159,0-3159,ЮБКА,МД КРУИЗ 2,,S L,3.0,6066.0,6516.666666666667,12582.666666666668,37748.0,,2025,ZHUKOVA,,,FULL,FILE-081,2025,r1933
CV-6e79df93a2bbd2a9,0-3143,0-3143,ФРЕНЧ,МД КРУИЗ 2,,S L,3.0,4951.0,8925.0,13876.0,41628.0,,2025,ZHUKOVA,,,FULL,FILE-081,2025,r1941
CV-db38dde3e3bdd9bf,0-3167,0-3167,ЖИЛЕТ,МД КРУИЗ 2,,S,6.0,19227.0,7500.0,26727.0,160362.0,,2025,ZHUKOVA,,,FULL,FILE-081,2025,r1949
CV-a234725a76a4dcca,0-3167A,0-3167А,ЖИЛЕТ,МД КРУИЗ 2,,S,10.0,13427.0,7000.0,20427.0,204270.0,,2025,ZHUKOVA,,,FULL,FILE-081,2025,r1957
CV-1fee42f0d1c4a437,0-3141,0-3141,КАФТАН,МД КРУИЗ 2,"ПЕРЕЦ,ПАПАЙЯ",F/S,3.0,9543.0,11116.666666666666,20659.666666666664,61978.99999999999,,2025,ZHUKOVA,,,FULL,FILE-081,2025,r1965
CV-2e107c20019550cd,0-3126,0-3126,БОМБЕР,МД КРУИЗ,ЧЕРНЫЙ,,1.0,11637.0,10700.0,22337.0,22337.0,,2025,ZHUKOVA,,,FULL,FILE-081,2025,r1973
CV-c3739373d4c5611c,0-3117A,0-3117А,ШОРТЫ,МД КРУИЗ,БЕЛЫЙ,,1.0,776.0,4775.0,5551.0,5551.0,,2025,ZHUKOVA,,,FULL,FILE-081,2025,r1981
CV-c75875e9d1558e69,0-3141,0-3141,КАФТАН,МД КРУИЗ 2,ПАПАЙЯ,F/S,2.0,15629.0,8675.0,24304.0,48608.0,,2025,ZHUKOVA,,,FULL,FILE-081,2025,r1989
CV-59e88575c9097064,0-3140,0-3140,ПЛАТЬЕ,МД КРУИЗ 2,БЕЛЫЙ,LS,2.0,27115.0,18900.0,46015.0,92030.0,,2025,ZHUKOVA,,,FULL,FILE-081,2025,r1997
CV-b620d384dcca8989,0-3153,0-3153,ЖИЛЕТ,МД КРУИЗ ТИРАЖ,БЕЛЫЙ,S,1.0,5220.0,15825.0,21045.0,21045.0,,2025,ZHUKOVA,,,FULL,FILE-081,2025,r2013
CV-29125d48dc8c88f6,0-3137A,0-3137А,КИМОНО,МД КРУИЗ ТИРАЖ,ЧЕРНЫЙ,L,1.0,12441.0,11100.0,23541.0,23541.0,,2025,ZHUKOVA,,,FULL,FILE-081,2025,r2021
CV-1b97d49ec255bbc9,0-3137,0-3137,КИМОНО,МД КРУИЗ ТИРАЖ,БЕЛЫЙ,S,1.0,12441.0,11100.0,23541.0,23541.0,,2025,ZHUKOVA,,,FULL,FILE-081,2025,r2029
CV-c2c283e1b519690c,0-2548,0-2548/1,КАФТАН,МД ЗАКАЗ,ЧЕРНЫЙ,,1.0,6998.0,7350.0,14348.0,14348.0,,2025,ZHUKOVA,,,FULL,FILE-081,2025,r2037
CV-2b70822b27575815,0-3152,0-3152,КАФТАН,МД ТИРАЖ,ПЕРЕЦ,,1.0,4294.0,7250.0,11544.0,11544.0,,2025,ZHUKOVA,,,FULL,FILE-081,2025,r2045
CV-6802756ccec0daba,0-3140,0-3140,ПЛАТЬЕ,МД КРУИЗ 2,БЕЛЫЙ,"S,L",2.0,27115.0,17037.5,44152.5,88305.0,,2025,ZHUKOVA,,,FULL,FILE-081,2025,r2053
CV-f495bb9e8770016c,БAБOЧKИ,БАБОЧКИ,ВЫШИВКА,МД КРУИЗ 2,Ч/БЕЛ,,1.0,,57785.0,57785.0,57785.0,,2025,ZHUKOVA,,,FULL,FILE-081,2025,r2061
CV-b71ccfce86b41483,0-3141,0-3141,КАФТАН,МД КРУИЗ 2,ПАПАЙЯ,,2.0,15629.0,6650.0,22279.0,44558.0,,2025,ZHUKOVA,,,FULL,FILE-081,2025,r2069
CV-2a6302d681599dc4,0-3212,0-3212,ПЛАТЬЕ,МД ТИРАЖ,,,1.0,,19700.0,19700.0,19700.0,,2025,ZHUKOVA,,,FULL,FILE-081,2025,r2077
CV-498dfae3153a8f13,0-3167,0-3167/2,ЖИЛЕТ,МД ЗАКАЗ,ЧЕРНЫЙ,,1.0,19227.0,8625.0,27852.0,27852.0,,2025,ZHUKOVA,,,FULL,FILE-081,2025,r2085
CV-d611003235723a49,0-3156Д,0-3156Д,БРЮКИ,МД ЗАКАЗ,ГОРОХ,,1.0,2935.0,4400.0,7335.0,7335.0,,2025,ZHUKOVA,,,FULL,FILE-081,2025,r2093
CV-60d4edb983acef28,0-3133A,0-3133А,ЖИЛЕТ,МД ЗАКАЗ,ГОРОХ,,1.0,2857.0,7900.0,10757.0,10757.0,,2025,ZHUKOVA,,,FULL,FILE-081,2025,r2101
CV-cdff7f45cf70dc99,0-3182,0-3182,СВИТШОТ,ИМ КАПСУЛА,СЕРЫЙ,,1.0,4422.0,8800.0,13222.0,13222.0,,2025,ZHUKOVA,,,FULL,FILE-081,2025,r2109
CV-5fe3126d700c8179,0-3185,0-3185,БЛУЗА,ИМ КАПСУЛА,ЧЕРНЫЙ,,1.0,6195.0,10393.0,16588.0,16588.0,,2025,ZHUKOVA,,,FULL,FILE-081,2025,r2117
CV-2f42be320526a2db,0-3183,0-3183,ЮБКА,ИМ КАПСУЛА,СЕРЫЙ,,1.0,8452.0,5625.0,14077.0,14077.0,,2025,ZHUKOVA,,,FULL,FILE-081,2025,r2133
CV-bf4b38ecf70569f7,0-3210,0-3210,ПЛАТЬЕ,ИМ КАПСУЛА,БЕЛЫЙ,,1.0,5631.0,19005.0,24636.0,24636.0,,2025,ZHUKOVA,,,FULL,FILE-081,2025,r2141
CV-a58d24a8dba343a0,ПEPЦЫ,ПЕРЦЫ,ВЫШИВКА,МД КРУИЗ,,,1.0,,8700.0,8700.0,8700.0,,2025,ZHUKOVA,,,FULL,FILE-081,2025,r2149
CV-ba377c35a3547c77,ПAПAЙЯ,ПАПАЙЯ,ВЫШИВКА,МД КРУИЗ,,,1.0,,24600.0,24600.0,24600.0,,2025,ZHUKOVA,,,FULL,FILE-081,2025,r2157
CV-4336f0471b08cf6f,0-3179,0-3179,ФУТБОЛКА,МД КРУИЗ 2,,,10.0,974.0,330.0,1304.0,13040.0,,2025,ZHUKOVA,,,FULL,FILE-081,2025,r2165
CV-ae7123cda4b384f5,ПAПAЙЯ,ПАПАЙЯ,ВЫШИВКА,МД КРУИЗ 2,,,1.0,,23700.0,23700.0,23700.0,,2025,ZHUKOVA,,,FULL,FILE-081,2025,r2173
CV-6ee9afe1097c88dc,0-3141A,0-3141А,КАФТАН,МД КРУИЗ 2,,,3.0,15629.0,9800.0,25429.0,76287.0,,2025,ZHUKOVA,,,FULL,FILE-081,2025,r2181
CV-85bb13175bd932e1,0-3229,0-3229,ЖАКЕТ,МД КАП ОС25,,,1.0,9787.0,28918.0,38705.0,38705.0,,2025,ZHUKOVA,,,FULL,FILE-081,2025,r2189
CV-344fef179c831f70,0-3167,0-3167/1,ЖИЛЕТ,МД ЗАКАЗ,БЕЛЫЙ,S,1.0,19227.0,9750.0,28977.0,28977.0,,2025,ZHUKOVA,,,FULL,FILE-081,2025,r2197
CV-6a43cea97e3928ee,0-3167,0-3167/1,ЖИЛЕТ,МД ЗАКАЗ,БЕЛЫЙ,S,1.0,19227.0,9750.0,28977.0,28977.0,,2025,ZHUKOVA,,,FULL,FILE-081,2025,r2205
CV-afb20ba44871a9b3,0-3160,0-3160,ПЛАТЬЕ,МД ЗАКАЗ,БЕЛЫЙ,S,1.0,2377.0,5800.0,8177.0,8177.0,,2025,ZHUKOVA,,,FULL,FILE-081,2025,r2213
CV-31c4a02e3e5a30f8,KP-109,КР-109,ХАЛАТ,МД ЗАКАЗ,СИНИЙ,L,1.0,6180.0,10400.0,16580.0,16580.0,,2025,ZHUKOVA,,,FULL,FILE-081,2025,r2221
CV-ee308f193e3427bd,0-3168,0-3168,РУБАШКА,МД КРУИЗ 2,,,4.0,,5500.0,5500.0,22000.0,,2025,ZHUKOVA,,,FULL,FILE-081,2025,r2229
CV-62f21eedf8edac67,ПEPЦЫ,ПЕРЦЫ,ВЫШИВКА,МД КРУИЗ 2,,,1.0,,30900.0,30900.0,30900.0,,2025,ZHUKOVA,,,FULL,FILE-081,2025,r2237
CV-a486fae2ef3f3446,0-2983,0-2983,ПЛАТЬЕ,МД ЗАКАЗ,ЧЕРНЫЙ,,1.0,7720.0,28100.0,35820.0,35820.0,,2025,ZHUKOVA,,,FULL,FILE-081,2025,r2245
CV-447d579b57929c33,0-2854,0-2854,КАФТАН,МД КРУИЗ 2,,,5.0,8600.0,9700.0,18300.0,91500.0,,2025,ZHUKOVA,,,FULL,FILE-081,2025,r2253
CV-82cbcba18a4ff459,0-3168,0-3168,РУБАШКА,МД КРУИЗ 2,,,10.0,,5500.0,5500.0,55000.0,,2025,ZHUKOVA,,,FULL,FILE-081,2025,r2261
CV-ba79d0ca12181bfe,ПEPЦЫ,ПЕРЦЫ,ВЫШИВКА,МД КРУИЗ 2,,,41.0,,900.0,900.0,36900.0,,2025,ZHUKOVA,,,FULL,FILE-081,2025,r2269
CV-c61b893e1d297223,0-3165,0-3165,ПОЯС,МД ЗАКАЗ,РОЗОВЫЙ,,1.0,,2350.0,2350.0,2350.0,,2025,ZHUKOVA,,,FULL,FILE-081,2025,r2277
CV-5e926d099162c6b4,0-3154C,0-3154С,БЛУЗА,МД ЗАКАЗ,ГОЛУБОЙ,S,1.0,2468.0,9600.0,12068.0,12068.0,,2025,ZHUKOVA,,,FULL,FILE-081,2025,r2285
CV-1b7a79b5996630b2,0-3156C,0-3156С,БРЮКИ,МД ЗАКАЗ,ГОЛУБОЙ,S,1.0,2935.0,4900.0,7835.0,7835.0,,2025,ZHUKOVA,,,FULL,FILE-081,2025,r2293
CV-730702bcae792479,41-16,41-16,ПЛАТЬЕ,МД ЗАКАЗ,ЧЕРНЫЙ,,1.0,2625.0,17075.0,19700.0,19700.0,,2025,ZHUKOVA,,,FULL,FILE-081,2025,r2309
CV-a46be250f3911cc1,0-3167,0-3167/2,ЖИЛЕТ,МД ЗАКАЗ,ЧЕРНЫЙ,,1.0,19227.0,8625.0,27852.0,27852.0,,2025,ZHUKOVA,,,FULL,FILE-081,2025,r2317
CV-17ba59b794bf120f,0-2548,0-2548,КАФТАН,МД ЗАКАЗ,ЧЕРНЫЙ,,1.0,4712.0,7350.0,12062.0,12062.0,,2025,ZHUKOVA,,,FULL,FILE-081,2025,r2325
CV-c049bf8a8ddc4956,"0-3116,17","0-3116,17",КОСТЮМ,МД ПЕРЕДЕЛКА,ЧЕРНЫЙ,,1.0,,3100.0,3100.0,3100.0,,2025,ZHUKOVA,,,FULL,FILE-081,2025,r2333
CV-3f55efbc3bad24a7,0-3152,0-3152,КАФТАН,МД ПЕРЕДЕЛКА,,,1.0,,1400.0,1400.0,1400.0,,2025,ZHUKOVA,,,FULL,FILE-081,2025,r2341
CV-560af976db09e118,0-3110B,0-3110В,БРЮКИ,МД ЗАКАЗ,БЕЛЫЙ,,1.0,4303.0,7125.0,11428.0,11428.0,,2025,ZHUKOVA,,,FULL,FILE-081,2025,r2349
CV-8b440bfa2bbef2a6,ПEPЦЫ,ПЕРЦЫ,ВЫШИВКА,МД КРУИЗ 2,,,6.0,,1500.0,1500.0,9000.0,,2025,ZHUKOVA,,,FULL,FILE-081,2025,r2365
CV-4bc2f91de2e28050,0-1486C,0-1486С,ЮБКА,ИМ ЗАКАЗ,ЧЕРНЫЙ,L,1.0,8165.0,16150.0,24315.0,24315.0,,2025,ZHUKOVA,,,FULL,FILE-081,2025,r2373
CV-d0ee0ba9c75f7af4,0-3223Д,0-3223Д,СВИТЕР,МД КАП ОС25,ЧЕРНЫЙ,,1.0,10800.0,24500.0,35300.0,35300.0,,2025,ZHUKOVA,,,FULL,FILE-081,2025,r2381
CV-57f1a80dc9b0539a,46-21,46-21,ПЛАТЬЕ,МД КУТЮР,БЕЛЫЙ,,1.0,11465.0,49525.0,60990.0,60990.0,,2025,ZHUKOVA,,,FULL,FILE-081,2025,r2389
CV-a288c2b3779cfa52,0-1416,0-1416,ДЖОГГЕРЫ,ИМ ЗАКАЗ,ЧЕРНЫЙ,L,1.0,1544.0,5350.0,6894.0,6894.0,,2025,ZHUKOVA,,,FULL,FILE-081,2025,r2397
CV-47d9f536a449cce8,0-3031A,0-3031А,ДЖОГГЕРЫ,ИМ ЗАКАЗ,СИНИЙ,L,1.0,1206.0,5125.0,6331.0,6331.0,,2025,ZHUKOVA,,,FULL,FILE-081,2025,r2405
CV-0044d90684c5cdf2,0-3030A,0-3030А,БЛУЗА,ИМ ЗАКАЗ,СИНИЙ,L,1.0,2070.0,7700.0,9770.0,9770.0,,2025,ZHUKOVA,,,FULL,FILE-081,2025,r2413
CV-b80ecc5b5358082b,0-3117A,0-3117А,ШОРТЫ,ИМ КАПСУЛА,БЕЛЫЙ,S,1.0,776.0,4775.0,5551.0,5551.0,,2025,ZHUKOVA,,,FULL,FILE-081,2025,r2421
CV-3354da980e469fd1,0-3182A,0-3182A,СВИТШОТ,ИМ КАПСУЛА,БЕЛЫЙ,,1.0,4422.0,8800.0,13222.0,13222.0,,2025,ZHUKOVA,,,FULL,FILE-081,2025,r2429
CV-d7d9f4b9c82086ba,0-3183A,0-3183А,ЮБКА,ИМ КАПСУЛА,БЕЛЫЙ,,1.0,8452.0,20504.0,28956.0,28956.0,,2025,ZHUKOVA,,,FULL,FILE-081,2025,r2437
CV-9d24e42bd8e8d4ba,0-3221E,0-3221Е,СВИТЕР,МД КАП ОС25,СЕРЫЙ,,1.0,13260.0,0.0,13260.0,13260.0,,2025,ZHUKOVA,,,FULL,FILE-081,2025,r2445
CV-f5a208bf0febbb67,0-2560,0-2560,КИМОНО,МД ЗАКАЗ,ЧЕРНЫЙ,L,1.0,8230.0,8350.0,16580.0,16580.0,,2025,ZHUKOVA,,,FULL,FILE-081,2025,r2453
CV-e4155b0e2a635f5c,0-3222E,0-3222Е,СВИТЕР,МД КАП ОС25,БЕЛЫЙ,,1.0,16327.0,14300.0,30627.0,30627.0,,2025,ZHUKOVA,,,FULL,FILE-081,2025,r2461
CV-3331a0b7e15c962d,0-2319,0-2319,КУРТКА,ИМ ЗАКАЗ,,,1.0,,4180.0,4180.0,4180.0,,2025,ZHUKOVA,,,FULL,FILE-081,2025,r2469
CV-08d71f17f3e66a7e,0-3222,0-3222,СВИТЕР,МД КАП ОС25,,,2.0,,12750.0,12750.0,25500.0,,2025,ZHUKOVA,,,FULL,FILE-081,2025,r2477
CV-9518e01ee987c7fa,0-3222F,0-3222F,СВИТЕР,МД КАП ОС25,БЕЛЫЙ,,1.0,16327.0,0.0,16327.0,16327.0,,2025,ZHUKOVA,,,FULL,FILE-081,2025,r2485
CV-2b1d5d2390db3418,0-3036,0-3036,ЮБКА,ИМ ТИРАЖ,ЧЕРНЫЙ,S L,2.0,2055.0,5175.0,7230.0,14460.0,,2025,ZHUKOVA,,,FULL,FILE-081,2025,r2493
CV-bb89436f72fc9ffe,0-2873,0-2873,БРЮКИ,МД ЗАКАЗ,БЕЛЫЙ,,1.0,4303.0,5700.0,10003.0,10003.0,,2025,ZHUKOVA,,,FULL,FILE-081,2025,r2501
CV-5c67ad93a570d944,0-3189,0-3189,ДУБЛЕНКА,МД КАП ОС25,РЫЖИЙ,,1.0,81276.0,19250.0,100526.0,100526.0,,2025,ZHUKOVA,,,FULL,FILE-081,2025,r2509
CV-76a9fe150660818a,0-3193,0-3193,КУРТКА,МД КАП ОС25,ФИОЛЕТ,,1.0,24847.0,21150.0,45997.0,45997.0,,2025,ZHUKOVA,,,FULL,FILE-081,2025,r2517
CV-ca48b68587463379,46-21,46-21,НАКИДКА,МД КУТЮР,БКЛЫЙ,,1.0,8749.0,37100.0,45849.0,45849.0,,2025,ZHUKOVA,,,FULL,FILE-081,2025,r2525
CV-3e3c7781517b163e,T-2234A,Т-2234А,ПЛАТЬЕ,ИМ ЗАКАЗ,БЕЛЫЙ,М,1.0,5777.0,7850.0,13627.0,13627.0,,2025,ZHUKOVA,,,FULL,FILE-081,2025,r2533
CV-5ccb0da806ecc958,0-3190,0-3190,ПАЛЬТО,МД КАП ОС25,НОРКА,,1.0,,3200.0,3200.0,3200.0,,2025,ZHUKOVA,,,FULL,FILE-081,2025,r2541
CV-30af7166a10fd51f,0-3191,0-3191,БЛУЗОН,МД КАП ОС25,КОЖА,,1.0,19395.0,14425.0,33820.0,33820.0,,2025,ZHUKOVA,,,FULL,FILE-081,2025,r2549
CV-af0992d095434e51,0-3138,0-3138,ЮБКА,ИМ КАПСУЛА,,,1.0,,1000.0,1000.0,1000.0,,2025,ZHUKOVA,,,FULL,FILE-081,2025,r2557
CV-5813cd86f3709e83,0-3210,0-3210,ПЛАТЬЕ,ИМ КАПСУЛА,ЛЕКАЛА,,1.0,,2100.0,2100.0,2100.0,,2025,ZHUKOVA,,,FULL,FILE-081,2025,r2565
CV-5f7bced79305ce5a,0-3185,0-3185,БЛУЗА,ИМ КАПСУЛА,ЛЕКАЛА,,1.0,,1200.0,1200.0,1200.0,,2025,ZHUKOVA,,,FULL,FILE-081,2025,r2573
CV-88ace013b427ad35,0-3182,0-3182,СВИТШОТ,ИМ КАПСУЛА,ЛЕКАЛА,,1.0,,1600.0,1600.0,1600.0,,2025,ZHUKOVA,,,FULL,FILE-081,2025,r2581
CV-a5a606d2490da382,0-3188,0-3188,ДУБЛЕНКА,МД КАП ОС25,ЧЕРНЫЙ,,1.0,,21900.0,127309.0,127309.0,,2025,ZHUKOVA,,,FULL,FILE-081,2025,r2589
CV-76f323f9c0030d8e,0-3201,0-3201,ДУБЛЕНКА,МД КАП ОС25,,,1.0,,9550.0,9550.0,9550.0,,2025,ZHUKOVA,,,FULL,FILE-081,2025,r2597
CV-e9acef39063a620d,0-3232,0-3232,БЛУЗА,МД КАП ОС25,ЧЕРНЫЙ,,1.0,8968.0,23050.0,32018.0,32018.0,,2025,ZHUKOVA,,,FULL,FILE-081,2025,r2605
CV-da12ece6da11c733,0-3233,0-3233,ЮБКА,МД КАП ОС25,ЧЕРНЫЙ,,1.0,8023.0,16850.0,24873.0,24873.0,,2025,ZHUKOVA,,,FULL,FILE-081,2025,r2613
CV-182bcb27c295c217,0-3231,0-3231,КУРТКА,МД КАП ОС25,ЧЕРНЫЙ,,1.0,16002.0,39833.0,55835.0,55835.0,,2025,ZHUKOVA,,,FULL,FILE-081,2025,r2621
CV-8d6c6a71c4e3a3cf,0-3227,0-3227,ЮБКА,МД КАП ОС25,СЕРЫЙ,,2.0,8200.0,5987.5,14187.5,28375.0,,2025,ZHUKOVA,,,FULL,FILE-081,2025,r2629
CV-eafd26b3087d6fbf,0-3025,0-3025,БЛУЗОН,ИМ ЗАКАЗ,ЧЕРНЫЙ,L,1.0,2190.0,9525.0,11715.0,11715.0,,2025,ZHUKOVA,,,FULL,FILE-081,2025,r2637
CV-fc70157472734abe,0-3205,0-3205,КУРТКА,МД КАП ОС25,ЧЕРНЫЙ,,1.0,46422.0,33600.0,80022.0,80022.0,,2025,ZHUKOVA,,,FULL,FILE-081,2025,r2645
CV-df87c7f7929d6f13,0-3204,0-3204,КУРТКА,МД КАП ОС25,МАКЕТ,,1.0,47652.0,88850.0,136502.0,136502.0,,2025,ZHUKOVA,,,FULL,FILE-081,2025,r2653
CV-d3dd5cb2b601e154,0-3112,0-3112,ЮБКА,МД ЗАКАЗ,БЕЛЫЙ,,1.0,2747.0,7975.0,10722.0,10722.0,,2025,ZHUKOVA,,,FULL,FILE-081,2025,r2693
CV-47162a518cd98548,0-3097,0-3097,ПАЛЬТО,МД ЗАКАЗ,ЧЕРНЫЙ,,1.0,,5600.0,5600.0,5600.0,,2025,ZHUKOVA,,,FULL,FILE-081,2025,r2701
CV-acdfe2f703171b23,0-2854A,0-2854А,КАФТАН,ИМ ЗАКАЗ,ГОРТЕНЗИЯ,,1.0,8600.0,14500.0,23100.0,23100.0,,2025,ZHUKOVA,,,FULL,FILE-081,2025,r2717
CV-07ee4158b7e1c31f,0-2854A,0-2854А,КАФТАН,ИМ ЗАКАЗ,ГОРТЕНЗИЯ,,1.0,8600.0,13500.0,22100.0,22100.0,,2025,ZHUKOVA,,,FULL,FILE-081,2025,r2725
CV-d9827656ee034456,0-3195,0-3195,КУРТКА,МД КАП ОС25,СЕРЫЙ,,1.0,10019.0,17150.0,27169.0,27169.0,,2025,ZHUKOVA,,,FULL,FILE-081,2025,r2733
CV-5920b52bb39390ee,0-3207,0-3207,ЮБКА,МД КАП ОС25,ЖЕЛТЫЙ,,1.0,10802.0,9800.0,20602.0,20602.0,,2025,ZHUKOVA,,,FULL,FILE-081,2025,r2741
CV-f12153bdd55033a6,0-3206,0-3206,ЖАКЕТ,МД КАП ОС25,ЖЕЛТЫЙ,,1.0,11209.0,35385.0,46594.0,46594.0,,2025,ZHUKOVA,,,FULL,FILE-081,2025,r2749
CV-41658f92549de46f,0-3200,0-3200,ПАЛЬТО,МД КАП ОС25,ЧЕРНЫЙ,,1.0,58622.0,29750.0,88372.0,88372.0,,2025,ZHUKOVA,,,FULL,FILE-081,2025,r2757
CV-3dfc74bdd3b6b2bb,0-3225,0-3225,БРЮКИ,МД КАП ОС25,БЕЛЫЙ,,1.0,7843.0,10375.0,18218.0,18218.0,,2025,ZHUKOVA,,,FULL,FILE-081,2025,r2765
CV-b54ee3a11f683661,0-3274,0-3274,ЖАКЕТ,МД КАП ОС25,ЧЕРНЫЙ,,1.0,13390.0,23300.0,36690.0,36690.0,,2025,ZHUKOVA,,,FULL,FILE-081,2025,r2773
CV-51bee96883b9897f,0-3223,0-3223,СВИТЕР,МД КАП ОС25,ЧЕРНЫЙ,,1.0,,2000.0,2000.0,2000.0,,2025,ZHUKOVA,,,FULL,FILE-081,2025,r2781
CV-8c5c1ac8c5368bf3,ЮЛИЯ,ЮЛИЯ,КЕЙП,СОБСТВЕННИК,БЕЛЫЙ,,1.0,,5000.0,5000.0,5000.0,,2025,ZHUKOVA,,,FULL,FILE-081,2025,r2789
CV-50a4812faeecffd6,0-3112,0-3112,ЮБКА,МД ЗАКАЗ,БЕЛЫЙ,,1.0,2747.0,7975.0,10722.0,10722.0,,2025,ZHUKOVA,,,FULL,FILE-081,2025,r2797
CV-d6247cba270aa1eb,0-3160,0-3160,ПЛАТЬЕ,МД ЗАКАЗ,БЕЛЫЙ,,1.0,,4500.0,4500.0,4500.0,,2025,ZHUKOVA,,,FULL,FILE-081,2025,r2805
CV-db5d911d9306e17e,0-3222Д,0-3222Д/1,СВИТЕР,МД КАП ОС25,ЧЕРНЫЙ,,1.0,,5500.0,5500.0,5500.0,,2025,ZHUKOVA,,,FULL,FILE-081,2025,r2813
CV-56492d605eb75952,0-3222Д,0-3222Д,СВИТЕР,МД КАП ОС25,ЧЕРНЫЙ,,1.0,,5500.0,5500.0,5500.0,,2025,ZHUKOVA,,,FULL,FILE-081,2025,r2821
CV-671a528c4e9371af,ЮЛИЯ,ЮЛИЯ,ПАЛАНТИН,СОБСТВЕННИК,БЕЛЫЙ,,1.0,,1500.0,1500.0,1500.0,,2025,ZHUKOVA,,,FULL,FILE-081,2025,r2829
CV-fe12914574c52b0c,0-3185,0-3185,БЛУЗА,ИМ ЗАКАЗ,ЧЕРНЫЙ,,1.0,6195.0,9668.0,15863.0,15863.0,,2025,ZHUKOVA,,,FULL,FILE-081,2025,r2837
CV-017f507e19f8e906,0-3038,0-3038,ПЛАТЬЕ,ИМ ЗАКАЗ,ЧЕРНЫЙ,,1.0,5440.0,8250.0,13690.0,13690.0,,2025,ZHUKOVA,,,FULL,FILE-081,2025,r2845
CV-1e5a3196c06f058f,46-21,46-21,НАКИДКА,МД КУТЮР,,,1.0,,1500.0,1500.0,1500.0,,2025,ZHUKOVA,,,FULL,FILE-081,2025,r2853
CV-9e2057b23b335fed,46-21,46-21,ПЛАТЬЕ,МД КУТЮР,,,1.0,,2100.0,2100.0,2100.0,,2025,ZHUKOVA,,,FULL,FILE-081,2025,r2861
CV-d75ad2515661dcd6,0-3234,0-3234,ПЛАТЬЕ,МД КАП ОС25,,,1.0,7735.0,24000.0,31735.0,31735.0,,2025,ZHUKOVA,,,FULL,FILE-081,2025,r2869
CV-68aba1e3789ace04,0-2781,0-2781,ЮБКА,ПЛОЩАДКИ,,,1.0,,1000.0,1000.0,1000.0,,2025,ZHUKOVA,,,FULL,FILE-081,2025,r2877
CV-269ac0bbe82e560d,0-3198,0-3198,ПАЛЬТО,МД КАП ОС25,РОЗОВЫЙ,,1.0,16305.0,24800.0,41105.0,41105.0,,2025,ZHUKOVA,,,FULL,FILE-081,2025,r2885
CV-ba7a7c7d5c5c118d,0-3196,0-3196,КУРТКА,МД КАП ОС25,СЕРЫЙ,,1.0,11250.0,24000.0,35250.0,35250.0,,2025,ZHUKOVA,,,FULL,FILE-081,2025,r2893
CV-620d82b0969cf9eb,0-3197,0-3197,ЮБКА,МД КАП ОС25,СЕРЫЙ,,1.0,6957.0,15000.0,21957.0,21957.0,,2025,ZHUKOVA,,,FULL,FILE-081,2025,r2901
CV-4e47bbb6a7112540,0-3257,0-3257,ЮБКА,МД КАП ОС25,ЧЕРНЫЙ,,1.0,3708.0,10550.0,14258.0,14258.0,,2025,ZHUKOVA,,,FULL,FILE-081,2025,r2909
CV-544a2beea6a26369,0-3258,0-3258,ЮБКА,МД КАП ОС25,РОЗОВЫЙ,,1.0,10395.0,22900.0,33295.0,33295.0,,2025,ZHUKOVA,,,FULL,FILE-081,2025,r2917
CV-ea19f09bd2f921a2,0-2854A,0-2854А,КАФТАН,ИМ ЗАКАЗ,ГОРТЕНЗИЯ,,1.0,8600.0,13500.0,22100.0,22100.0,,2025,ZHUKOVA,,,FULL,FILE-081,2025,r2925
CV-4fae37d18ea7d9d3,0-3226,0-3226,ЮБКА,МД КАП ОС25,СЕРЫЙ,,1.0,10091.0,10700.0,20791.0,20791.0,,2025,ZHUKOVA,,,FULL,FILE-081,2025,r2941
CV-9a2405a365f44237,0-3276,0-3276,БЛУЗОН,МД КАП ОС25,РОЗОВЫЙ,,1.0,10363.0,29300.0,39663.0,39663.0,,2025,ZHUKOVA,,,FULL,FILE-081,2025,r2949
CV-e3d50fc42cf0bef9,0-3203,0-3203,КУРТКА,МД КАП ОС25,ЧЕРНЫЙ,,1.0,40918.0,8200.0,49118.0,49118.0,,2025,ZHUKOVA,,,FULL,FILE-081,2025,r2957
CV-1a6abc6fdc115dca,0-3192,0-3192,КЕЙП,МД КАП ОС25,,,1.0,31487.0,19000.0,50487.0,50487.0,,2025,ZHUKOVA,,,FULL,FILE-081,2025,r2965
CV-d5895c9b8718c5c3,0-3199,0-3199,ПАЛЬТО,МД КАП ОС25,,,1.0,158577.0,26650.0,185227.0,185227.0,,2025,ZHUKOVA,,,FULL,FILE-081,2025,r2973
CV-12833387a8d6ec87,0-3198A,0-3198А,ПАЛЬТО,МД КАП ОС25,СИНИЙ,,1.0,21060.0,28300.0,49360.0,49360.0,,2025,ZHUKOVA,,,FULL,FILE-081,2025,r2981
CV-b42f666a292f50d3,0-3202,0-3202,КУРТКА,МД КАП ОС25,СЕРЫЙ,,1.0,18737.0,19500.0,38237.0,38237.0,,2025,ZHUKOVA,,,FULL,FILE-081,2025,r2989
CV-c7f715126671938e,"0-3262,64","0-3262,64","СТОЙКА,МАНЖЕТЫ",МД КАП ОС25,КОЖА,"ЧЕРНЫЙ,БЕЛЫЙ",2.0,10877.0,4675.0,15552.0,31104.0,,2025,ZHUKOVA,,,FULL,FILE-081,2025,r2997
CV-9849277ad36878f5,0-3265,0-3265,ПЛАТОК,МД КАП ОС25,ШЕЛК,,2.0,747.0,1862.5,2609.5,5219.0,,2025,ZHUKOVA,,,FULL,FILE-081,2025,r3005
CV-d0616d74ae4ce51e,0-3266,0-3266,ШАРФИК,МД КАП ОС25,МЕХ,,1.0,7697.0,15550.0,23247.0,23247.0,,2025,ZHUKOVA,,,FULL,FILE-081,2025,r3013
CV-98ab0cfb8e23d55d,0-3259,0-3259,ПЛАТОК,МД КАП ОС25,ШЕЛК,,1.0,872.0,1500.0,2372.0,2372.0,,2025,ZHUKOVA,,,FULL,FILE-081,2025,r3021
CV-b87f332b8bcff639,0-3260,0-3260,ТОП,МД КАП ОС25,ШЕЛК,,1.0,4147.0,6550.0,10697.0,10697.0,,2025,ZHUKOVA,,,FULL,FILE-081,2025,r3029
CV-0eed5496a880b428,0-3261,0-3261,ГАРЖЕТКА,МД КАП ОС25,МЕХ,,1.0,8710.0,5800.0,14510.0,14510.0,,2025,ZHUKOVA,,,FULL,FILE-081,2025,r3037
CV-e890b3e3a558c601,0-3278,0-3278,БЛУЗОН,МД КАП ОС25,СИНИЙ,,1.0,5320.0,25150.0,30470.0,30470.0,,2025,ZHUKOVA,,,FULL,FILE-081,2025,r3045
CV-7979e519f9035cca,0-3278A,0-3278А,БЛУЗОН,МД КАП ОС25,ЗЕЛЕН,,1.0,,23350.0,23350.0,23350.0,,2025,ZHUKOVA,,,FULL,FILE-081,2025,r3053
CV-f185ab3e73c9583a,0-3228,0-3228,ЮБКА,МД КАП ОС25,ЧЕРНЫЙ,,1.0,727.0,4275.0,5002.0,5002.0,,2025,ZHUKOVA,,,FULL,FILE-081,2025,r3061
CV-7b3e687cf622501e,0-3275,0-3275,БРЮКИ,МД КАП ОС25,ЧЕРНЫЙ,,1.0,16559.0,11800.0,28359.0,28359.0,,2025,ZHUKOVA,,,FULL,FILE-081,2025,r3069
CV-27adcbe208dff9b3,0-3224,0-3224,ЖАКЕТ,МД КАП ОС25,ЧЕРНЫЙ,,1.0,3563.0,16250.0,19813.0,19813.0,,2025,ZHUKOVA,,,FULL,FILE-081,2025,r3077
CV-3c047cc6c516de7f,0-3267B,0-3267В,ПАЛАНТИН,МД КАП ОС25,МЕХ,,1.0,8987.0,8000.0,16987.0,16987.0,,2025,ZHUKOVA,,,FULL,FILE-081,2025,r3085
CV-6d20f71eeb33ab55,0-3267,0-3267,ПАЛАНТИН,МД КАП ОС25,ЧЕРНЫЙ,,1.0,8039.0,5500.0,13539.0,13539.0,,2025,ZHUKOVA,,,FULL,FILE-081,2025,r3093
CV-ab0791bb52ea608c,0-3270,0-3270,ПЛАТЬЕ,МД КАП ОС25,ТВИД,,1.0,,17700.0,17700.0,17700.0,,2025,ZHUKOVA,,,FULL,FILE-081,2025,r3101
CV-a728698800ff0383,0-3273,0-3273,ПЛАТЬЕ,МД КАП ОС25,ТВИД,,1.0,12010.0,9800.0,21810.0,21810.0,,2025,ZHUKOVA,,,FULL,FILE-081,2025,r3109
CV-ec6d9bbcb7a47204,0-3185,0-3185,БЛУЗА,ИМ ЗАКАЗ,ЧЕРНЫЙ,L,1.0,6195.0,14568.0,20763.0,20763.0,,2025,ZHUKOVA,,,FULL,FILE-081,2025,r3117
CV-223ae4e43bb59711,0-3182,0-3182,БЛУЗОН,ИМ ЗАКАЗ,СЕРЫЙ,S,2.0,4422.0,10050.0,14472.0,28944.0,,2025,ZHUKOVA,,,FULL,FILE-081,2025,r3125
CV-20eaf2e3a5581f82,0-3183,0-3183,ЮБКА,ИМ ЗАКАЗ,СЕРЫЙ,"М,L",2.0,8442.0,13077.0,21519.0,43038.0,,2025,ZHUKOVA,,,FULL,FILE-081,2025,r3133
CV-28fc040ec6461b26,0-2050M,0-2050М,ШОРТЫ,ИМ ЗАКАЗ,КАПЛИ,,2.0,2050.0,2900.0,4950.0,9900.0,,2025,ZHUKOVA,,,FULL,FILE-081,2025,r3141
CV-036d9b241aa3f50c,0-2050F,0-2050F,ШОРТЫ,ИМ ЗАКАЗ,БЕЛЫЙ,,1.0,975.0,2900.0,3875.0,3875.0,,2025,ZHUKOVA,,,FULL,FILE-081,2025,r3149
CV-68e8e88eb6333fb8,0-2931A,0-2931А,ПЛАТЬЕ,ИМ ЗАКАЗ,ГОЛУБОЙ,,1.0,7150.0,19250.0,26400.0,26400.0,,2025,ZHUKOVA,,,FULL,FILE-081,2025,r3157
CV-6c34769d12c31662,0-3031A,0-3031А,ДЖОГГЕРЫ,ИМ ЗАКАЗ,СИНИЙ,,1.0,1206.0,0.0,1206.0,1206.0,,2025,ZHUKOVA,,,FULL,FILE-081,2025,r3165
CV-128296404498502b,0-3279,0-3279,МАНЖЕТЫ,МД КАП 25,БЕЛЫЙ,,1.0,441.0,2850.0,3291.0,3291.0,,2025,ZHUKOVA,,,FULL,FILE-081,2025,r3173
CV-b868d2fc48e74469,0-2029,0-2029,ШОРТЫ,ИМ ЗАКАЗ,БЕЛЫЙ,,1.0,1050.0,3350.0,4400.0,4400.0,,2025,ZHUKOVA,,,FULL,FILE-081,2025,r3181
CV-e8768aa0257cf1e2,0-3191A,0-3191А,БЛУЗА,МД КАП 25,ЧЕРНЫЙ,,1.0,18802.0,12000.0,30802.0,30802.0,,2025,ZHUKOVA,,,FULL,FILE-081,2025,r3189
CV-8b0aa75f0c091b40,0-3031A,0-3031А,БРЮКИ,ИМ ЗАКАЗ,СИНИЙ,,1.0,1206.0,6125.0,7331.0,7331.0,,2025,ZHUKOVA,,,FULL,FILE-081,2025,r3197
CV-d256233c2c2cc39d,0-3198B.C,0-3198В.С,ПАЛЬТО,МД ТИРАЖ,"ПЕСТР,СЕРЫЙ",,2.0,33411.0,16500.0,49911.0,99822.0,,2025,ZHUKOVA,,,FULL,FILE-081,2025,r3205
CV-c0f2ae27ef7a4636,0-3225,0-3225,БРЮКИ,МД ТИРАЖ,БЕЛ/ЧЕРН,,2.0,3105.0,4500.0,7605.0,15210.0,,2025,ZHUKOVA,,,FULL,FILE-081,2025,r3213
CV-e3c734c6e5caf7d0,0-3267A,0-3267А,ПАЛАНТИН,МД КАП 25,С КРУЖ,,2.0,,3000.0,3000.0,6000.0,,2025,ZHUKOVA,,,FULL,FILE-081,2025,r3221
CV-379b3822a08dafaf,0-3257,0-3257,ЮБКА,МД ТИРАЖ,Ч/БЕЛ,,2.0,,3800.0,3800.0,7600.0,,2025,ZHUKOVA,,,FULL,FILE-081,2025,r3229
CV-165cbc421c278320,0-3211,0-3211,ПАЛЬТО,МД ТИРАЖ,БЕЖ,,1.0,,12000.0,12000.0,12000.0,,2025,ZHUKOVA,,,FULL,FILE-081,2025,r3237
CV-ee85f566a5f84b0f,0-3225,0-3225,БРЮКИ,МД ТИРАЖ,ЧЕРН,,2.0,7375.0,4500.0,11875.0,23750.0,,2025,ZHUKOVA,,,FULL,FILE-081,2025,r3245
CV-422c3b225469d6ff,"0-3231A,B","0-3231А,В",куртка,МД ТИРАЖ,"сер,ФИОЛЕТ",,2.0,10887.0,24375.0,35262.0,70524.0,,2025,ZHUKOVA,,,FULL,FILE-081,2025,r3253
CV-6058618f5783e3b5,TOП,ТОП,ТОП,МД ЗАКАЗ,БЕЛЫЙ,,1.0,,2900.0,2900.0,2900.0,,2025,ZHUKOVA,,,FULL,FILE-081,2025,r3261
CV-2a6e3df79cdffc7f,"0-3224A,B","0-3224А,В",ЖАКЕТ,МД ТИРАЖ,"БЕЛ,СЕР",,2.0,7828.0,12350.0,20178.0,40356.0,,2025,ZHUKOVA,,,FULL,FILE-081,2025,r3269
CV-07966682aca10431,"0-3257A,B","0-3257А,В",ЮБКА,МД ТИРАЖ,"БЕЛ,СЕР",М,2.0,6524.0,10200.0,16724.0,33448.0,,2025,ZHUKOVA,,,FULL,FILE-081,2025,r3277
CV-6a638e2c8c57b046,"0-3224C,Д","0-3224С,Д",ЖАКЕТ,МД ТИРАЖ,Ч/БЕЛ,,2.0,12326.0,12012.5,24338.5,48677.0,,2025,ZHUKOVA,,,FULL,FILE-081,2025,r3285
CV-31d4b0b9159c30c4,T-1960,Т-1960/1,БЛУЗА,ИМ ЗАКАЗ,ЧЕРН,,3.0,2387.0,10200.0,12587.0,37761.0,,2025,ZHUKOVA,,,FULL,FILE-081,2025,r3293
CV-15460c1262483d69,0-1178,0-1178,ПАЛЬТО,ИМ ЗАКАЗ,ЧЕРН,,1.0,1763.0,12050.0,13813.0,13813.0,,2025,ZHUKOVA,,,FULL,FILE-081,2025,r3301
CV-da491f4dfb46756e,0-1486,0-1486,ЮБКА,ИМ ЗАКАЗ,ЧЕРН,,1.0,8165.0,15300.0,23465.0,23465.0,,2025,ZHUKOVA,,,FULL,FILE-081,2025,r3309
CV-0fbbc3ff5fc17764,0-1178,0-1178,ПАЛЬТО,ПЛОЩАДКИ,ЧЕРН,,3.0,1867.0,12350.0,14217.0,42651.0,,2025,ZHUKOVA,,,FULL,FILE-081,2025,r3317
CV-3dd219aa1da8e3b0,0-3063,0-3063,БРЮКИ,ПЛОЩАДКИ,ЧЕРН,М,3.0,1119.0,3500.0,4619.0,13857.0,,2025,ZHUKOVA,,,FULL,FILE-081,2025,r3325
CV-b68041018ab495ef,0-3052,0-3052,ЮБКА,ПЛОЩАДКИ,ЧЕРН,L/XL,2.0,1403.0,5350.0,6753.0,13506.0,,2025,ZHUKOVA,,,FULL,FILE-081,2025,r3333
CV-b5de128b4da3241b,0-3063,0-3063,БРЮКИ,ПЛОЩАДКИ,ЧЕРН,L,3.0,1119.0,3500.0,4619.0,13857.0,,2025,ZHUKOVA,,,FULL,FILE-081,2025,r3341
CV-3d8b4400333ef353,"43-12,4311","43-12,4311",ЛЕКАЛА,МД КУТЮР,КОПИИ,,1.0,,3300.0,3300.0,3300.0,,2025,ZHUKOVA,,,FULL,FILE-081,2025,r3349
CV-99e2c16095a9a042,0-3200,0-3200,ПАЛЬТО,МД ТИРАЖ,ЧЕРН,,1.0,58622.0,23700.0,82322.0,82322.0,,2025,ZHUKOVA,,,FULL,FILE-081,2025,r3357
CV-976ffce0081f2110,39-09,39-09,ПЛАТЬЕ,МД КУТЮР,ЛЕКАЛА,,1.0,,2100.0,2100.0,2100.0,,2025,ZHUKOVA,,,FULL,FILE-081,2025,r3365
CV-8003ea70c6d3687a,39-17,39-17,ПЛАТЬЕ,МД КУТЮР,ЛЕКАЛА,,1.0,,2100.0,2100.0,2100.0,,2025,ZHUKOVA,,,FULL,FILE-081,2025,r3373
CV-976e97bc0a668af7,39-22,39-22,ПЛАТЬЕ,МД КУТЮР,ЛЕКАЛА,,1.0,,2800.0,2800.0,2800.0,,2025,ZHUKOVA,,,FULL,FILE-081,2025,r3381
CV-29667e43e24ebf53,39-27,39-27,КЕЙП,МД КУТЮР,ЛЕКАЛА,,1.0,,2200.0,2200.0,2200.0,,2025,ZHUKOVA,,,FULL,FILE-081,2025,r3389
CV-df5bdcf3b205586e,39-07,39-07,ПЛАТЬЕ,МД КУТЮР,ЛЕКАЛА,,1.0,,2200.0,2200.0,2200.0,,2025,ZHUKOVA,,,FULL,FILE-081,2025,r3397
CV-9655773804534686,39-02,39-02,ПЛАТЬЕ,МД КУТЮР,ЛЕКАЛА,,1.0,,3050.0,3050.0,3050.0,,2025,ZHUKOVA,,,FULL,FILE-081,2025,r3405
CV-756b3e49599470b4,0-3199,0-3199,ПАЛЬТО,МД КАПСУЛА,ЗОЛОТО,,1.0,138177.0,19500.0,157677.0,157677.0,,2025,ZHUKOVA,,,FULL,FILE-081,2025,r3413
CV-90287a922ff9b9ec,0-3189,0-3189,ДУБЛЕНКА,МД ТИРАЖ,РЫЖАЯ,,1.0,81276.0,12000.0,93276.0,93276.0,,2025,ZHUKOVA,,,FULL,FILE-081,2025,r3421
CV-47d18bdb2112700e,24A,24А,ПАЛАНТИН,МД ТИРАЖ,ЧЕРНЫЙ,,1.0,25739.0,3450.0,29189.0,29189.0,,2025,ZHUKOVA,,,FULL,FILE-081,2025,r3429
CV-16ecfb6a13c1881e,0-3152,0-3152,КАФТАН,МД ТИРАЖ,ФУКСИЯ,ГОРОХ,2.0,4486.0,5000.0,9486.0,18972.0,,2025,ZHUKOVA,,,FULL,FILE-081,2025,r3437
CV-35ebf3f3714db61a,0-2548,0-2548,КАФТАН,МД ТИРАЖ,"ЧЕРН,СЕР,ФУКСИЯ",,3.0,6998.0,9150.0,16148.0,48444.0,,2025,ZHUKOVA,,,FULL,FILE-081,2025,r3445
CV-9479f399927c6bd6,0-1559,0-1559,КЕЙП,МД ТИРАЖ,"ЖЕЛТ,РОЗОВЫЙ",,2.0,7730.0,6000.0,13730.0,27460.0,,2025,ZHUKOVA,,,FULL,FILE-081,2025,r3453
CV-4e298aa909be8491,0-2855,0-2855,КАФТАН,МД ТИРАЖ,"ЧЕРН,СИН",,2.0,10513.0,12125.0,22638.0,45276.0,,2025,ZHUKOVA,,,FULL,FILE-081,2025,r3461
CV-23d3656ee7058a53,40-21,40-21,ПЛАТЬЕ,МД КУТЮР,ЛЕКАЛА,,1.0,,1900.0,1900.0,1900.0,,2025,ZHUKOVA,,,FULL,FILE-081,2025,r3469
CV-cf3e61e1aeb0878d,40-22,40-22,ПЛАТЬЕ,МД КУТЮР,ЛЕКАЛА,,1.0,,1800.0,1800.0,1800.0,,2025,ZHUKOVA,,,FULL,FILE-081,2025,r3477
CV-523ff70bee2cff67,40-7,40-7,ПЛАТЬЕ,МД КУТЮР,ЛЕКАЛА,,1.0,,1900.0,1900.0,1900.0,,2025,ZHUKOVA,,,FULL,FILE-081,2025,r3485
CV-f24e3eb512d9436a,40-12,40-12,ПЛАТЬЕ,МД КУТЮР,ЛЕКАЛА,,1.0,,2300.0,2300.0,2300.0,,2025,ZHUKOVA,,,FULL,FILE-081,2025,r3493
CV-c2484d93dc1693df,40-13,40-13,ПЛАТЬЕ,МД КУТЮР,ЛЕКАЛА,,1.0,,2300.0,2300.0,2300.0,,2025,ZHUKOVA,,,FULL,FILE-081,2025,r3501
CV-86d30d6bba9a04d7,40-08,40-08,"ПЛАТЬЕ,КЕЙП",МД КУТЮР,ЛЕКАЛА,,1.0,,2800.0,2800.0,2800.0,,2025,ZHUKOVA,,,FULL,FILE-081,2025,r3509
CV-ee4179cc0d4bdc54,40-05,40-05,КОСТЮМ,МД КУТЮР,ЛЕКАЛА,,1.0,,2700.0,2700.0,2700.0,,2025,ZHUKOVA,,,FULL,FILE-081,2025,r3517
CV-1a87bc946a2e115a,40-06,40-06,КОСТЮМ,МД КУТЮР,ЛЕКАЛА,,1.0,,2800.0,2800.0,2800.0,,2025,ZHUKOVA,,,FULL,FILE-081,2025,r3525
CV-f873cc9dcce72cc2,0-2894,0-2894,ПЛАТЬЕ,МД ТИРАЖ,,,4.0,5299.0,16500.0,21799.0,87196.0,,2025,ZHUKOVA,,,FULL,FILE-081,2025,r3533
CV-84b89aba010e43c2,0-2885,0-2885,КИМОНО,МД ТИРАЖ,,,3.0,,10200.0,10200.0,30600.0,,2025,ZHUKOVA,,,FULL,FILE-081,2025,r3541
CV-30ef0207adf73d05,0-3134,0-3134,ШОРТЫ,МД ТИРАЖ,,,3.0,1080.0,2950.0,4030.0,12090.0,,2025,ZHUKOVA,,,FULL,FILE-081,2025,r3549
CV-d557dc9f1db329a6,0-2854,0-2854,КЕЙП,МД ТИРАЖ,,,1.0,5875.0,6800.0,12675.0,12675.0,,2025,ZHUKOVA,,,FULL,FILE-081,2025,r3557
CV-919b7a239fa43a8c,0-3064A,0-3064А,Н/ПЛАТЬЕ,МД ТИРАЖ,,,1.0,3570.0,4000.0,7570.0,7570.0,,2025,ZHUKOVA,,,FULL,FILE-081,2025,r3565
CV-757b746df7ec9dda,47-27,47-27,ПЛАТЬЕ,МД КУТЮР,,,1.0,35502.0,54822.0,90324.0,90324.0,,2025,ZHUKOVA,,,FULL,FILE-081,2025,r3573
CV-66c74bdc512661c1,47-30,47-30,ЮБКА,МД КУТЮР,ЧЕРНЫЙ,,1.0,2602.0,9800.0,12402.0,12402.0,,2025,ZHUKOVA,,,FULL,FILE-081,2025,r3581
CV-000ee854ba71635c,47-30,47-30,ЖАКЕТ,МД КУТЮР,,,1.0,,14700.0,14700.0,14700.0,,2025,ZHUKOVA,,,FULL,FILE-081,2025,r3589
CV-04d208cd441d74f6,47-24,47-24,ПЛАТЬЕ,МД КУТЮР,,,1.0,16871.0,33223.0,50094.0,50094.0,,2025,ZHUKOVA,,,FULL,FILE-081,2025,r3597
CV-9adfa39be387cbfb,47-24,47-24,БАЛЕРО,МД КУТЮР,,,1.0,,700.0,700.0,700.0,,2025,ZHUKOVA,,,FULL,FILE-081,2025,r3605
CV-7a8032f6ea573f50,47-28,47-28,КОМБЕНИЗОН,МД КУТЮР,ЧЕРНЫЙ,,1.0,4637.0,41700.0,46337.0,46337.0,,2025,ZHUKOVA,,,FULL,FILE-081,2025,r3613
CV-6220069d93f6eeeb,47-28,47-28,ЮБКА,МД КУТЮР,,,1.0,26164.0,34100.0,60264.0,60264.0,,2025,ZHUKOVA,,,FULL,FILE-081,2025,r3621
CV-17e056ee108b2b07,47-29,47-29,ПЛАТЬЕ,МД КУТЮР,,,1.0,,41954.0,41954.0,41954.0,,2025,ZHUKOVA,,,FULL,FILE-081,2025,r3629
CV-151f15c5aff9eb81,0-3200,0-3200,ПАЛЬТО,МД ЗАКАЗ,,,1.0,58622.0,20025.0,78647.0,78647.0,,2025,ZHUKOVA,,,FULL,FILE-081,2025,r3637
CV-bd29fd8bf51ca74b,0-2779A,0-2779А,КЕЙП,МД ТИРАЖ,,,1.0,17857.0,23100.0,40957.0,40957.0,,2025,ZHUKOVA,,,FULL,FILE-081,2025,r3645
CV-7c4df14c154b9ca9,47-14,47-14,ПЛАТЬЕ,МД КУТЮР,,,1.0,22054.0,57800.0,79854.0,79854.0,,2025,ZHUKOVA,,,FULL,FILE-081,2025,r3653
CV-8588933e4687d3fc,0-3200,0-3200,ПАЛЬТО,МД ЗАКАЗ,,,1.0,,16000.0,16000.0,16000.0,,2025,ZHUKOVA,,,FULL,FILE-081,2025,r3661
CV-b501c8d759605e93,0-2075B,0-2075В,КЕЙП,МД ТИРАЖ,СОБОЛЬ,,1.0,,3000.0,3000.0,3000.0,,2025,ZHUKOVA,,,FULL,FILE-081,2025,r3669
CV-fa11dc266c20a6cc,0-3250,0-3250,ЮБКА,МД КАПСУЛА НГ,ПАЙЕТКИ,S,1.0,6576.0,15250.0,21826.0,21826.0,,2025,ZHUKOVA,,,FULL,FILE-081,2025,r3677
CV-a32f8b041ecb8bec,0-3251,0-3251,ТОП,МД КАПСУЛА НГ,ПАЙЕТКИ,S,1.0,2834.0,11946.0,14780.0,14780.0,,2025,ZHUKOVA,,,FULL,FILE-081,2025,r3685
CV-1f1e952e7398e9cc,0-3296,0-3296,ПЛАТЬЕ,ИМ 26,БАРХАТ,S,2.0,1843.0,12250.0,14093.0,28186.0,,2025,ZHUKOVA,,,FULL,FILE-081,2025,r3693
CV-49e262ff753c99a0,0-3286,0-3286,БРЮКИ,МД КАПСУЛА НГ,ЧЕРНЫЙ,,1.0,1448.0,23150.0,24598.0,24598.0,,2025,ZHUKOVA,,,FULL,FILE-081,2025,r3701
CV-6d692d8900bcc90c,0-3294,0-3294,ПЛАТЬЕ,ИМ 26,ЧЕРНЫЙ,S  L,2.0,3014.0,12875.0,15889.0,31778.0,,2025,ZHUKOVA,,,FULL,FILE-081,2025,r3709
CV-42c2a2e6e3942a24,0-3293,0-3293,ПЛАТЬЕ,МД КАПСУЛА НГ,ЧЕРН,S,1.0,,0.0,0.0,0.0,,2025,ZHUKOVA,,,FULL,FILE-081,2025,r3717
CV-2676048f13251251,0-3293A,0-3293А,ПЛАТЬЕ,МД КАПСУЛА НГ,СЕРЕБРО,S,1.0,5191.0,24225.0,29416.0,29416.0,,2025,ZHUKOVA,,,FULL,FILE-081,2025,r3725
CV-ac149169c86a0d9d,0-3284,0-3284,КОРСЕТ,МД КАПСУЛА НГ,ЧЕРНЫЙ,S,1.0,3658.0,17600.0,21258.0,21258.0,,2025,ZHUKOVA,,,FULL,FILE-081,2025,r3733
CV-38de888754b4c03f,0-3241,0-3241,БАЛЕРО,МД КАПСУЛА НГ,СЕРЫЙ,S,1.0,21877.0,11775.0,33652.0,33652.0,,2025,ZHUKOVA,,,FULL,FILE-081,2025,r3741
CV-76ebc147fa232a12,"0-3305,A,B","0-3305,А,В",ПЛАТЬЕ,ИМ КАПСУЛА,ТРИКОТАЖ,S,3.0,4057.0,18750.0,22807.0,68421.0,,2025,ZHUKOVA,,,FULL,FILE-081,2025,r3749
CV-5084b9d33567388b,0-3245,0-3245,ПЛАТЬЕ,МД КАПСУЛА 25,БЕЖ,S,1.0,3590.0,30500.0,34090.0,34090.0,,2025,ZHUKOVA,,,FULL,FILE-081,2025,r3757
CV-ce4b08ec198a8801,0-3281,0-3281,ПЛАТЬЕ,МД КАПСУЛА 26,БАРХАТ,S,1.0,19777.0,34400.0,54177.0,54177.0,,2025,ZHUKOVA,,,FULL,FILE-081,2025,r3765
CV-ac0d0753eb2affb5,0-3283,0-3283,ПЛАТЬЕ,МД КАПСУЛУ НГ,ЧЕРНЫЙ,S,1.0,,42140.0,42140.0,42140.0,,2025,ZHUKOVA,,,FULL,FILE-081,2025,r3773
CV-59b10133a5892cdd,0-3307,0-3307,ПЛАТЬЕ,ИМ КАПСУЛА,ЧЕРНЫЙ,S,1.0,3475.0,19300.0,22775.0,22775.0,,2025,ZHUKOVA,,,FULL,FILE-081,2025,r3781
CV-f3ec94c610120e4d,0-3307A,0-3307А,ПЛАТЬЕ,ИМ КАПСУЛА,ЧЕРНЫЙ,S,1.0,3044.0,14100.0,17144.0,17144.0,,2025,ZHUKOVA,,,FULL,FILE-081,2025,r3789
CV-977bffb9c877e16e,0-3252,0-3252,ПЛАТЬЕ,МД КАПСУЛА 25,СИНИЙ,S,1.0,10427.0,33150.0,43577.0,43577.0,,2025,ZHUKOVA,,,FULL,FILE-081,2025,r3797
CV-6e46747f8fee7a35,0-3253,0-3253,ПАЛАНТИН,МД КАПСУЛА 26,СИНИЙ,,1.0,5727.0,3400.0,9127.0,9127.0,,2025,ZHUKOVA,,,FULL,FILE-081,2025,r3805
CV-b50b2ff9317b842a,0-3280,0-3280,ПЛАТЬЕ,МД КАПСУЛА 27,ЧЕРНЫЙ,S,1.0,14127.0,29850.0,43977.0,43977.0,,2025,ZHUKOVA,,,FULL,FILE-081,2025,r3813
CV-191d997166eedcdc,0-2779A,0-2779А,КЕЙП,МД ТИРАЖ,ЧЕРНЫЙ,,1.0,17857.0,17600.0,35457.0,35457.0,,2025,ZHUKOVA,,,FULL,FILE-081,2025,r3821
CV-629085785bad7857,0-3062,0-3062,ПЛАТЬЕ-ТОП,ИМ ЗАКАЗ,КАПЛИ,S,1.0,3127.0,5400.0,8527.0,8527.0,,2025,ZHUKOVA,,,FULL,FILE-081,2025,r3829
CV-cddfe5c747d64e6d,0-2027F,0-2027F,КАФТАН,ИМ ЗАКАЗ,БЕЛЫЙ,,1.0,4605.0,7125.0,11730.0,11730.0,,2025,ZHUKOVA,,,FULL,FILE-081,2025,r3837
CV-0a97df79110a2260,0-2027F,0-2027F/1,Н/ПЛАТЬЕ,ИМ ЗАКАЗ,БЕЛЫЙ,,1.0,1855.0,6125.0,7980.0,7980.0,,2025,ZHUKOVA,,,FULL,FILE-081,2025,r3845
CV-f1b5c61f2d9c240b,0-3242,0-3242,КЕЙП,МД КАПСУЛА НГ,"СЕРЫЙ,РОЗОВЫЙ",,2.0,45963.0,11012.5,56975.5,113951.0,,2025,ZHUKOVA,,,FULL,FILE-081,2025,r3853
CV-6b78f220f77f0807,0-3162,0-3162,КИМОНО,МД ЗАКАЗ,ЧЕРНЫЙ,,1.0,6187.0,9700.0,15887.0,15887.0,,2025,ZHUKOVA,,,FULL,FILE-081,2025,r3861
CV-3241ea01bc379598,0-3282,0-3282,ПЛАТЬЕ,МД КАПСУЛА НГ,ЧЕРНЫЙ,,1.0,13183.0,24450.0,37633.0,37633.0,,2025,ZHUKOVA,,,FULL,FILE-081,2025,r3869
CV-1688ea09b574b026,0-3300,0-3300,БЛУЗА,МД КАПСУЛА НГ,ЧЕРНЫЙ,,1.0,677.0,7700.0,8377.0,8377.0,,2025,ZHUKOVA,,,FULL,FILE-081,2025,r3877
CV-92174e70cdef4aae,0-3301,0-3301,ЮБКА,МД КАПСУЛА НГ,ЧЕРНЫЙ,,1.0,4368.0,20900.0,25268.0,25268.0,,2025,ZHUKOVA,,,FULL,FILE-081,2025,r3885
CV-49cc9b053627e231,0-3297,0-3297,ПЛАТЬЕ,МД КАПСУЛА НГ,ЧЕРНЫЙ,,1.0,,21650.0,21650.0,21650.0,,2025,ZHUKOVA,,,FULL,FILE-081,2025,r3893
CV-593b3d47119b80de,0-3303,0-3303,ПЛАТЬЕ,МД КАПСУЛА НГ,Т СИНИЙ,,1.0,16960.0,31000.0,47960.0,47960.0,,2025,ZHUKOVA,,,FULL,FILE-081,2025,r3901
CV-4c8ed347b498d1fb,0-3296,0-3296,ПЛАТЬЕ,ИМ КАПСУЛА НГ,ЛКЕАЛА,S  L,2.0,,1400.0,1400.0,2800.0,,2025,ZHUKOVA,,,FULL,FILE-081,2025,r3925
CV-c02ba8acb3168246,0-3242,0-3242,КЕЙП,МД КАПСУЛА НГ,ЛКЕАЛА,F/S,1.0,,1000.0,1000.0,1000.0,,2025,ZHUKOVA,,,FULL,FILE-081,2025,r3933
CV-e29aeb1989db830a,0-3250,0-3250,ЮБКА,МД КАПСУЛА НГ,ЛКЕАЛА,S,1.0,,1200.0,1200.0,1200.0,,2025,ZHUKOVA,,,FULL,FILE-081,2025,r3941
CV-44f48f31452f4026,0-3251,0-3251,БЛУЗА,МД КАПСУЛА НГ,ЛКЕАЛА,S,1.0,,1200.0,1200.0,1200.0,,2025,ZHUKOVA,,,FULL,FILE-081,2025,r3949
CV-acf469f9861d32f9,0-3060,0-3060,ЮБКА,ИМ ЗАКАЗ,ЧЕРНЫЙ,L,1.0,985.0,5350.0,6335.0,6335.0,,2025,ZHUKOVA,,,FULL,FILE-081,2025,r3957
CV-04f8653a6957a3df,0-3249,0-3249,ПЛАТЬЕ,МД КАПСУЛА НГ,ЧЕРНЫЙ,М,1.0,3368.0,32300.0,35668.0,35668.0,,2025,ZHUKOVA,,,FULL,FILE-081,2025,r3965
CV-15e854b20878f80c,0-3285,0-3285,ПЛАТЬЕ,МД КАПСУЛА НГ,СЕРЕБРО,S,1.0,2713.0,15425.0,18138.0,18138.0,,2025,ZHUKOVA,,,FULL,FILE-081,2025,r3973
CV-399f404c0af22f4a,0-3286,0-3286,ЮБКА-БРЮКИ,МД ТИРАЖ,ЧЕРНЫЙ,S,2.0,1448.0,7575.0,9023.0,18046.0,,2025,ZHUKOVA,,,FULL,FILE-081,2025,r3981
CV-48a1f717dc9e0bd5,0-3314A,0-3314А,ПАЛЬТО,МД ТИРАЖ,ЧЕРНЫЙ,L,1.0,30817.0,20700.0,51517.0,51517.0,,2025,ZHUKOVA,,,FULL,FILE-081,2025,r3989
CV-fea3f76056d85bc9,0-3045,0-3045,КОЛЬЕ,СОБСТВЕННИК,ЧЕРН,,1.0,783.0,24450.0,25233.0,25233.0,,2025,ZHUKOVA,,,FULL,FILE-081,2025,r3997
CV-40ffde891bcef86e,0-2560,0-2560,КИМОНО,МД ЗАКАЗ ЮЛИЯ,ЧЕРН,,1.0,8230.0,8575.0,16805.0,16805.0,,2025,ZHUKOVA,,,FULL,FILE-081,2025,r4005
CV-538a1a58678de878,0-3247,0-3247,РУБАШКА,МД КАПСУЛПА НГ,ЛОШАДКИ,F/S,1.0,8303.0,11700.0,20003.0,20003.0,,2025,ZHUKOVA,,,FULL,FILE-081,2025,r4013
CV-d41a1f76d671caef,0-3281,0-3281,ПЛАТЬЕ,МД КАПСУЛПА НГ,ЛЕКАЛА,,1.0,,2300.0,2300.0,2300.0,,2025,ZHUKOVA,,,FULL,FILE-081,2025,r4021
CV-af22b0aa06948fec,0-3300,0-3300,БЛУЗА,МД КАПСУЛПА НГ,ЛЕКАЛА,,1.0,,900.0,900.0,900.0,,2025,ZHUKOVA,,,FULL,FILE-081,2025,r4029
CV-2125db95139bdcdf,0-3280,0-3280,ПЛАТЬЕ,МД КАПСУЛПА НГ,ЛЕКАЛА,,1.0,,2500.0,2500.0,2500.0,,2025,ZHUKOVA,,,FULL,FILE-081,2025,r4037
CV-e671d5d45bec822e,0-3245,0-3245,ПЛАТЬЕ,МД КАПСУЛПА НГ,ЛЕКАЛА,,1.0,,2300.0,2300.0,2300.0,,2025,ZHUKOVA,,,FULL,FILE-081,2025,r4045
CV-b2a45547546f44e3,0-3241,0-3241,ФИГАРО,МД КАПСУЛПА НГ,ЛЕКАЛА,,1.0,,900.0,900.0,900.0,,2025,ZHUKOVA,,,FULL,FILE-081,2025,r4053
CV-2e91fd50b2230317,0-3294,0-3294,ПЛАТЬЕ,МД КАПСУЛПА НГ,ЛЕКАЛА,,1.0,,2300.0,2300.0,2300.0,,2025,ZHUKOVA,,,FULL,FILE-081,2025,r4061
CV-1f2eab1984eefaa3,0-3307A,0-3307А,ПЛАТЬЕ,МД КАПСУЛПА НГ,ЛЕКАЛА,,1.0,,2000.0,2000.0,2000.0,,2025,ZHUKOVA,,,FULL,FILE-081,2025,r4069
CV-707f6748c669b557,0-3293A,0-3293А,ПЛАТЬЕ,МД КАПСУЛПА НГ,ЛЕКАЛА,,1.0,,2200.0,2200.0,2200.0,,2025,ZHUKOVA,,,FULL,FILE-081,2025,r4077
CV-9e16704dae7af1bc,0-3305,0-3305,ПЛАТЬЕ,МД КАПСУЛПА НГ,ЛЕКАЛА,,1.0,,2100.0,2100.0,2100.0,,2025,ZHUKOVA,,,FULL,FILE-081,2025,r4085
CV-671f521cca9f332b,ЮЛИЯ,ЮЛИЯ,ПАЛЬТО,МД ЗАКАЗ,ЧЕРНЫЙ,,1.0,,21500.0,21500.0,21500.0,,2025,ZHUKOVA,,,FULL,FILE-081,2025,r4109
CV-95f9a7e4ed83f4f8,0-3284,0-3284,КОРСЕТ,КАПСУЛА МД НГ,ЛЕКАЛА,,1.0,,1000.0,1000.0,1000.0,,2025,ZHUKOVA,,,FULL,FILE-081,2025,r4117
CV-dbfaca0acd3cefe0,0-3282,0-3282,ПЛАТЬЕ,КАПСУЛА МД НГ,ЛЕКАЛА,,1.0,,1900.0,1900.0,1900.0,,2025,ZHUKOVA,,,FULL,FILE-081,2025,r4125
CV-9d880fb3155f5d33,0-3307,0-3307,ПЛАТЬЕ,КАПСУЛА МД НГ,ЛЕКАЛА,,1.0,,2100.0,2100.0,2100.0,,2025,ZHUKOVA,,,FULL,FILE-081,2025,r4133
CV-4597a393a31486b5,0-3285,0-3285,ПЛАТЬЕ,КАПСУЛА МД НГ,ЛЕКАЛА,,1.0,,2200.0,2200.0,2200.0,,2025,ZHUKOVA,,,FULL,FILE-081,2025,r4141
CV-a0308416b05b970f,0-3283,0-3283,ПЛАТЬЕ,КАПСУЛА МД НГ,ЛЕКАЛА,,1.0,,2100.0,2100.0,2100.0,,2025,ZHUKOVA,,,FULL,FILE-081,2025,r4149
CV-ebafa960249dd2da,0-3286,0-3286,БРЮКИ,КАПСУЛА МД НГ,ЛЕКАЛА,,1.0,,1700.0,1700.0,1700.0,,2025,ZHUKOVA,,,FULL,FILE-081,2025,r4157
CV-f0a19562d572bcbd,0-3301,0-3301,ЮБКА,КАПСУЛА МД НГ,ЛЕКАЛА,,1.0,,1100.0,1100.0,1100.0,,2025,ZHUKOVA,,,FULL,FILE-081,2025,r4165
CV-f77c67785493f511,0-3252,0-3252,ПЛАТЬЕ,КАПСУЛА МД НГ,ЛЕКАЛА,,1.0,,2200.0,2200.0,2200.0,,2025,ZHUKOVA,,,FULL,FILE-081,2025,r4173
CV-61e4b07b67d346fd,0-3251,0-3251,ТОП,МД ЗАКАЗ,СЕРЕБРО,,1.0,,16700.0,16700.0,16700.0,,2025,ZHUKOVA,,,FULL,FILE-081,2025,r4181
CV-410159c29af80e36,0-963,0-963,РУКАВА,МД ЗАКАЗ,ЭКОКОЖА,,1.0,643.0,2950.0,3593.0,3593.0,,2025,ZHUKOVA,,,FULL,FILE-081,2025,r4189
CV-a391118ebd12e91d,0-3247,0-3247,РУБАШКА,МД ТИРАЖ,ШЕЛК ЛОШАДКИ,,2.0,8303.0,9400.0,17703.0,35406.0,,2025,ZHUKOVA,,,FULL,FILE-081,2025,r4197
CV-c95f5cdaa7a72d05,0-3297,0-3297,ПЛАТЬЕ,МД ТИРАЖ,ЧЕРНЫЙ,,2.0,,6000.0,6000.0,12000.0,,2025,ZHUKOVA,,,FULL,FILE-081,2025,r4205
CV-337a8ec56c981317,0-3286,0-3286,БРЮКИ,МД ЗАКАЗ,ЧЕРНЫЙ,,2.0,1448.0,7575.0,9023.0,18046.0,,2025,ZHUKOVA,,,FULL,FILE-081,2025,r4213
CV-4f030daef9e64edd,0-3297,0-3297,ПЛАТЬЕ,СОБСТВЕННИК,ЧЕРНЫЙ,,1.0,,23000.0,23000.0,23000.0,,2025,ZHUKOVA,,,FULL,FILE-081,2025,r4221
CV-c1c50604d104c521,0-3294,0-3294,ПЛАТЬЕ,МД ЗАКАЗ,ЧЕРНЫЙ,,1.0,3014.0,18000.0,21014.0,21014.0,,2025,ZHUKOVA,,,FULL,FILE-081,2025,r4229
CV-8574933938639429,0-3303,0-3303,ПЛАТЬЕ,МД КАПСУЛА НГ,ЛЕКАЛА,,1.0,,2000.0,2000.0,2000.0,,2025,ZHUKOVA,,,FULL,FILE-081,2025,r4237
CV-5fdb89f64e304ac4,0-3249,0-3249,ПЛАТЬЕ,МД КАПСУЛА НГ,ЛЕКАЛА,,1.0,,2200.0,2200.0,2200.0,,2025,ZHUKOVA,,,FULL,FILE-081,2025,r4245
CV-08ef24cfd673db89,0-3247,0-3247,РУБАШКА,МД КАПСУЛА НГ,ЛЕКАЛА,,1.0,,2200.0,2200.0,2200.0,,2025,ZHUKOVA,,,FULL,FILE-081,2025,r4253
CV-55db5bc4b3ec28bd,0-3306,0-3306,БРАСЛЕТЫ,МД ЗАКАЗ,ЧЕРНЫЙ,,1.0,683.0,8950.0,9633.0,9633.0,,2025,ZHUKOVA,,,FULL,FILE-081,2025,r4261
CV-cdfb1e1de67c7cc8,0-3286,0-3286,ЮБКА-БРЮКИ,МД ТИРАЖ,ЧЕРНЫЙ,L,1.0,1448.0,9150.0,10598.0,10598.0,,2025,ZHUKOVA,,,FULL,FILE-081,2025,r4269
CV-9c2c5e6dd6e4afb7,0-3294,0-3294,ПЛАТЬЕ,МД ТИРАЖ,ЧЕРНЫЙ,S,1.0,3014.0,19700.0,22714.0,22714.0,,2025,ZHUKOVA,,,FULL,FILE-081,2025,r4277
CV-4accff38135bda3a,0-3313,0-3313,ПАЛЬТО,МД ТИРАЖ,ЧЕРНЫЙ,S,1.0,13462.0,22750.0,36212.0,36212.0,,2025,ZHUKOVA,,,FULL,FILE-081,2025,r4285
CV-656852f9d4001d4d,0-3314,0-3314,ПАЛЬТО,МД ТИРАЖ,ЧЕРНЫЙ,L,1.0,83872.0,24175.0,108047.0,108047.0,,2025,ZHUKOVA,,,FULL,FILE-081,2025,r4293
CV-d5971b73b04300c7,0-3098,0-3098,ПЕРЧАТКИ,МД,ЧЕРНЫЙ,,1.0,,4800.0,4800.0,4800.0,,2025,ZHUKOVA,,,FULL,FILE-081,2025,r4301
CV-a5c1268c7ef350d4,47-32,47-32,ЖАКЕТ,МД КУТЮР,ЧЕРНЫЙ,,1.0,,9300.0,9300.0,9300.0,,2025,ZHUKOVA,,,FULL,FILE-081,2025,r4309
CV-4bd9e839d977c907,0-3247,0-3247,РУБАШКА,МД ТИРАЖ,ЛОШАДКИ,,2.0,8303.0,9400.0,17703.0,35406.0,,2025,ZHUKOVA,,,FULL,FILE-081,2025,r4317
CV-fa167fa1021ed4d6,TOП,ТОП,ТОП,МД ЗАКАЗ,БЕЛЫЙ,,1.0,2183.0,5450.0,7633.0,7633.0,,2025,ZHUKOVA,,,FULL,FILE-081,2025,r4325
CV-9ea01b0091a17eea,0-3286,0-3286,ЮБКА-БРЮКИ,МД ТИРАЖ,ЧЕРНЫЙ,L,1.0,1448.0,13650.0,15098.0,15098.0,,2025,ZHUKOVA,,,FULL,FILE-081,2025,r4333
CV-f397e495ab5133ce,0-3286,0-3286,ЮБКА-БРЮКИ,МД ТИРАЖ,ЧЕРНЫЙ,S,1.0,1448.0,8000.0,9448.0,9448.0,,2025,ZHUKOVA,,,FULL,FILE-081,2025,r4349
CV-313132afb16c2bef,0-963,0-963,РУКАВА,МД ТИРАЖ,ЧЕРНЫЙ,,2.0,453.0,2300.0,2753.0,5506.0,,2025,ZHUKOVA,,,FULL,FILE-081,2025,r4357
CV-5aa6c889c9196922,47-32,47-32,ТОП,МД КУТЮР,БЕЖ,,1.0,2094.0,8900.0,10994.0,10994.0,,2025,ZHUKOVA,,,FULL,FILE-081,2025,r4389
CV-166a11f5e2457c31,43-24,43-24,ПОЛОЧКА,МД ЗАКАЗ,ВЫШИВКА,,1.0,,40000.0,40000.0,40000.0,,2025,ZHUKOVA,,,FULL,FILE-081,2025,r4405
CV-c27e9115d0cf12e5,43-25,43-25,КОЛЬЕ,МД ЗАКАЗ,ВЫШИВКА,,1.0,,21000.0,21000.0,21000.0,,2025,ZHUKOVA,,,FULL,FILE-081,2025,r4413
CV-f85ba8afe4e8c21a,0-3297,0-3297,ПЛАТЬЕ,МД ЗАКАЗ,ВЫШИВКА,,1.0,,6000.0,6000.0,6000.0,,2025,ZHUKOVA,,,FULL,FILE-081,2025,r4421
CV-abab42a242b88bf7,0-3315,0-3315,ПАЛЬТО,МД ТИРАЖ,ЧЕРНЫЙ,L,1.0,12167.0,62100.0,74267.0,74267.0,,2026,ZHUKOVA,,,FULL,FILE-081,2026,r3
CV-cad5bb3a315e6bf3,2328Д,2328Д,ЮБКА,ИМ ЗАКАЗ,СИНИЙ,ПО МЕРКАМ,1.0,8187.0,14975.0,23162.0,23162.0,,2026,ZHUKOVA,,,FULL,FILE-081,2026,r11
CV-56bff54dfdd294eb,0-3316,0-3316,ПАЛЬТО,МД ТИРАЖ,ЧЕРНЫЙ,S,1.0,12355.0,57925.0,70280.0,70280.0,,2026,ZHUKOVA,,,FULL,FILE-081,2026,r19
CV-73ab2d80da5c037b,47-33,47-33,ТОП,МД КУТЮР,БЕЖ,,1.0,3016.0,6700.0,9716.0,9716.0,,2026,ZHUKOVA,,,FULL,FILE-081,2026,r27
CV-4dfb8097b2aa77ae,47-32,47-32,ТОП,МД КУТЮР,БЕЖ,,1.0,2094.0,10700.0,12794.0,12794.0,,2026,ZHUKOVA,,,FULL,FILE-081,2026,r35
CV-63ef82086f9086d5,47-33,47-33,ЮБКА,МД КУТЮР,ЧЕРНЫЙ,,1.0,35502.0,29750.0,65252.0,65252.0,,2026,ZHUKOVA,,,FULL,FILE-081,2026,r43
CV-e0757aa91a3af733,0-3232,0-3232,БЛУЗА,СОБСТВЕННИК,ЧЕРНЫЙ,,1.0,8968.0,16700.0,25668.0,25668.0,,2026,ZHUKOVA,,,FULL,FILE-081,2026,r51
CV-0b7bca0f3e53c4f7,0-3233,0-3233,ЮБКА,СОБСТВЕННИК,,,1.0,8023.0,13850.0,21873.0,21873.0,,2026,ZHUKOVA,,,FULL,FILE-081,2026,r59
CV-d1c8cb4321bb1f06,0-3317,0-3317,ПАЛЬТО,МД ТИРАЖ,ЧЕРНЫЙ,,2.0,26147.0,19850.0,45997.0,91994.0,,2026,ZHUKOVA,,,FULL,FILE-081,2026,r67
CV-6ff7e018cc40738c,0-3313A,0-3313А,ПАЛЬТО,МД ТИРАЖ,БЕЖ,,1.0,46.467,23075.0,23075.0,23075.0,,2026,ZHUKOVA,,,FULL,FILE-081,2026,r75
CV-32cd7110b15a8ff6,"47,0-3331,A","47,0-3331,А",БРАСЛЕТЫ,МД КУТЮР,ЖЕМЧУГ,,4.0,1860.0,3500.0,5360.0,21440.0,,2026,ZHUKOVA,,,FULL,FILE-081,2026,r83
CV-fc577572c20b97b1,0-3314B,0-3314В,ПАЛЬТО,МД ТИРАЖ,Т.СЕРЫЙ,S,1.0,40567.0,25950.0,66517.0,66517.0,,2026,ZHUKOVA,,,FULL,FILE-081,2026,r91
CV-6c400612f90f399a,0-3332,0-3332,МИТЕНКИ,МД КУТЮР,ЧЕРНЫЙ,,4.0,4153.0,5075.0,9228.0,36912.0,,2026,ZHUKOVA,,,FULL,FILE-081,2026,r99
CV-3ab73e57070ae263,47-30,47-30,ЮБКА,МД КУТЮР,ЛЕКАЛА,,1.0,,1100.0,1100.0,1100.0,,2026,ZHUKOVA,,,FULL,FILE-081,2026,r107
CV-490195240ebb6eb3,0-3075B,0-3075В,ФУТБОЛКА,ИМ ЗАКАЗ,СЕРЫЙ,,1.0,827.0,4200.0,5027.0,5027.0,,2026,ZHUKOVA,,,FULL,FILE-081,2026,r115
CV-e8120ebaaa6f76eb,47-28,47-28,БОДИ,МД КУТЮР,ЛЕКАЛА,,1.0,,2100.0,2100.0,2100.0,,2026,ZHUKOVA,,,FULL,FILE-081,2026,r123
CV-75f24d26f560357c,47-28,47-28,ЮБКА,МД КУТЮР,ЛЕКАЛА,,1.0,,2600.0,2600.0,2600.0,,2026,ZHUKOVA,,,FULL,FILE-081,2026,r131
CV-74d2be27c69b8dd1,47-14,47-14,ЮБКА,МД КУТЮР,ЛЕКАЛА,,1.0,,1800.0,1800.0,1800.0,,2026,ZHUKOVA,,,FULL,FILE-081,2026,r139
CV-19fc3b3a0afaa508,47-32,47-32,ЖАКЕТ,МД КУТЮР,,,1.0,4948.0,30000.0,34948.0,34948.0,,2026,ZHUKOVA,,,FULL,FILE-081,2026,r147
CV-0c3531e1973a5a8e,47-30,47-30,БРАСЛЕТ,МД КУТЮР,ЗОЛОТО,,1.0,1377.0,4000.0,5377.0,5377.0,,2026,ZHUKOVA,,,FULL,FILE-081,2026,r155
CV-7561b93ebf5030e0,47-30,47-30,ЖАКЕТ,МД КУТЮР,,,1.0,30928.0,36750.0,67678.0,67678.0,,2026,ZHUKOVA,,,FULL,FILE-081,2026,r163
CV-312857464439000c,БPЮKИ,БРЮКИ,БРЮКИ,МД ЗАКАЗ,ПЕРЕДЕЛКА,,1.0,,600.0,600.0,600.0,,2026,ZHUKOVA,,,FULL,FILE-081,2026,r171
CV-4268d2cf406db9ec,БOДИ,БОДИ,БОДИ,МД ЗАКАЗ,ДОДЕЛКА,,1.0,,2500.0,2500.0,2500.0,,2026,ZHUKOVA,,,FULL,FILE-081,2026,r179
CV-d4d3b750cb4e1fdf,47-33,47-33,ЮБКА,МД КУТЮР,ВЫШИВКА,,1.0,,51921.0,51921.0,51921.0,,2026,ZHUKOVA,,,FULL,FILE-081,2026,r187
CV-4f99e36738ab3efa,47-32,47-32,ЖАКЕТ,МД КУТЮР,ЛЕКАЛА,,1.0,,2100.0,2100.0,2100.0,,2026,ZHUKOVA,,,FULL,FILE-081,2026,r195
CV-c0b3398bfef46a8f,47-22,47-22,БРАСЛЕТ,МД КУТЮР,ВЫШИВКА,,1.0,1347.0,8000.0,9347.0,9347.0,,2026,ZHUKOVA,,,FULL,FILE-081,2026,r203
CV-19ab3356497b2857,0-3317,0-3317,ПАЛЬТО,МД ЗАПУСК,ЛЕКАЛА,L,1.0,,2100.0,2100.0,2100.0,,2026,ZHUKOVA,,,FULL,FILE-081,2026,r211
CV-4c8d85640e5de956,0-3349,0-3349,БРЮКИ,ИМ КАПСУЛА,ЧЕРНЫЙ,S L,2.0,1409.0,9450.0,10859.0,21718.0,,2026,ZHUKOVA,,,FULL,FILE-081,2026,r219
CV-f6a295e6b0174cce,0-3349,0-3349,БРЮКИ,ИМ КАПСУЛА,ЛЕКАЛА,S L,2.0,,1100.0,1100.0,2200.0,,2026,ZHUKOVA,,,FULL,FILE-081,2026,r227
CV-0922165d935d8ccb,0-3314B,0-3314В,ПАЛЬТО,МД ЗАПУСК,ЛЕКАЛА,S,1.0,,2100.0,2100.0,2100.0,,2026,ZHUKOVA,,,FULL,FILE-081,2026,r235
CV-f19b14a518b23194,47-30,47-30,ЖАКЕТ,МД КУТЮР,ЛЕКАЛА,,1.0,,2800.0,2800.0,2800.0,,2026,ZHUKOVA,,,FULL,FILE-081,2026,r243
CV-c6f7dec5fee01fd5,0-3351,0-3351,РУБАШКА,ИМ КАПСУЛА,ХЛОПОК БЕЛЫЙ,S L,2.0,,10950.0,10950.0,21900.0,,2026,ZHUKOVA,,,FULL,FILE-081,2026,r251
CV-12a5d5106133d27e,0-3351,0-3351,РУБАШКА,ИМ КАПСУЛА,ЛЕКАЛА,S L,2.0,,1100.0,1100.0,2200.0,,2026,ZHUKOVA,,,FULL,FILE-081,2026,r259
CV-0d8b5943ee6ff7af,0-3352,0-3352,ЮБКА,ИМ КАПСУЛА,ДЖЕРСИ ЧЕРНЫЙ,S L,2.0,1919.0,4675.0,6594.0,13188.0,,2026,ZHUKOVA,,,FULL,FILE-081,2026,r267
CV-29fa313982088603,0-3353,0-3353,ЖАКЕТ,ИМ КАПСУЛА,ДЖЕРСИ ЧЕРНЫЙ,S L,2.0,4562.0,17000.0,21562.0,43124.0,,2026,ZHUKOVA,,,FULL,FILE-081,2026,r283
CV-7afd63f3915e122e,0-3326,0-3326,КОМБЕНИЗОН,КАНН,ЧЕРНЫЙ,S,1.0,5190.0,61580.0,66770.0,66770.0,,2026,ZHUKOVA,,,FULL,FILE-081,2026,r299
CV-7642cdca032ee567,0-3330,0-3330,ПЛПТЬЕ,КАНН,ЧЕРНЫЙ,S,1.0,7290.0,86952.0,94242.0,94242.0,,2026,ZHUKOVA,,,FULL,FILE-081,2026,r307
CV-0d7952a9d8c82f62,0-3377,0-3377,КОЛЬЕ,МД ЗАПУСК,ЧЕРНЫЙ,,1.0,3965.0,26950.0,30915.0,30915.0,,2026,ZHUKOVA,,,FULL,FILE-081,2026,r315
CV-685ca81fd4a707c1,47-29,47-29,ПЛАТЬЕ,МД КУТЮР,ЧЕРНЫЙ,,1.0,31075.0,50450.0,81525.0,81525.0,,2026,ZHUKOVA,,,FULL,FILE-081,2026,r323
CV-ab8981143cca7823,47-29,47-29,ПЛАТЬЕ,МД КУТЮР,ЛЕКАЛА,,1.0,,3400.0,3400.0,3400.0,,2026,ZHUKOVA,,,FULL,FILE-081,2026,r331
CV-085e92699602691b,47-27,47-27,ПЛАТЬЕ,МД КУТЮР,ЧЕРН/БЕЛ,,1.0,35502.0,42500.0,78002.0,78002.0,,2026,ZHUKOVA,,,FULL,FILE-081,2026,r339
CV-9e8dc25584f4ccb7,47-27,47-27,ПЛАТЬЕ,МД КУТЮР,ЛЕКАЛА,,1.0,,3500.0,3500.0,3500.0,,2026,ZHUKOVA,,,FULL,FILE-081,2026,r347
CV-4a5f37a0a3e534fb,47-14,47-14,ПЛАТЬЕ,МД КУТЮР,ЧЕРНЫЙ,,1.0,,64050.0,64050.0,64050.0,,2026,ZHUKOVA,,,FULL,FILE-081,2026,r355
CV-eaa536a0b47d9188,47-24,47-24,ПЛАТЬЕ,МД КУТЮР,ЛЕКАЛА,,1.0,,2500.0,2500.0,2500.0,,2026,ZHUKOVA,,,FULL,FILE-081,2026,r363
CV-5bf468c0d9b31e0d,47-33,47-33,ТОП,МД КУТЮР,ЛЕКАЛА,,1.0,,500.0,500.0,500.0,,2026,ZHUKOVA,,,FULL,FILE-081,2026,r371
CV-91fc9d0324906997,0-3362,0-3362,ТОП,ИМ КАПСУЛА,БЕЛЫЙ,S L,2.0,637.0,4287.5,4924.5,9849.0,,2026,ZHUKOVA,,,FULL,FILE-081,2026,r379
CV-b47969b675d765fe,0-3323,0-3323,ПЛАТЬЕ,МД КАНН,ЧЕРНЫЙ,S,1.0,8567.0,79546.0,88113.0,88113.0,,2026,ZHUKOVA,,,FULL,FILE-081,2026,r387
CV-643c005cd381b837,0-3324,0-3324,ПЛАТЬЕ,МД КАНН,РОЗОВЫЙ,S,1.0,9409.0,42800.0,52209.0,52209.0,,2026,ZHUKOVA,,,FULL,FILE-081,2026,r395
CV-2347d3a5b6e02ed3,0-3335,0-3335,ПЛАТЬЕ,МД КАНН,ЧЕРНЫЙ,S,1.0,4021.0,48240.0,52261.0,52261.0,,2026,ZHUKOVA,,,FULL,FILE-081,2026,r403
CV-2973d7bb5c46b75d,0-3336,0-3336,ПЛАТЬЕ,МД КАНН,БЕЖ,S,1.0,2077.0,90015.0,92092.0,92092.0,,2026,ZHUKOVA,,,FULL,FILE-081,2026,r411
CV-0d9e8ae3a65d24f4,0-3362,0-3362,ТОП,ИМ КАПСУЛА,ЛЕКАЛА,S  L,2.0,,500.0,500.0,1000.0,,2026,ZHUKOVA,,,FULL,FILE-081,2026,r419
CV-3219eb2aa7d8b85b,47-33,47-33,ЮБКА,МД КУТЮР,ЛЕКАЛА,,1.0,,2000.0,2000.0,2000.0,,2026,ZHUKOVA,,,FULL,FILE-081,2026,r427
CV-af2965f3273bcac8,0-3351,0-3351,РУБАШКА,МД ЗАКАЗ,БЕЛЫЙ,,1.0,2567.0,13600.0,16167.0,16167.0,,2026,ZHUKOVA,,,FULL,FILE-081,2026,r435
CV-079d6a4388020df7,47-28,47-28,БОДИ,МД КУТЮР,ЧЕРНЫЙ,,1.0,,49200.0,49200.0,49200.0,,2026,ZHUKOVA,,,FULL,FILE-081,2026,r443
CV-9edb8f3e881b5ed5,47-24,47-24,ПЛАТЬЕ,МД КУТЮР,ЧЕРНЫЙ,,1.0,,34024.0,34024.0,34024.0,,2026,ZHUKOVA,,,FULL,FILE-081,2026,r451
CV-0c85d2fd25475b34,0-2173A,0-2173А,БЛУЗА,ИМ ЗАКАЗ,ЧЕРНЫЙ,L,1.0,1620.0,6575.0,8195.0,8195.0,,2026,ZHUKOVA,,,FULL,FILE-081,2026,r459
CV-b48a0bf703d60263,0-3325,0-3325,ПЛАТЬЕ,МД КАНН,ЧЕРНЫЙ,S,1.0,6476.0,32750.0,39226.0,39226.0,,2026,ZHUKOVA,,,FULL,FILE-081,2026,r467
CV-f37cb566d6c467b4,0-3313A,0-3313А,ПАЛЬТО,МД ТИРАЖ,ЛЕКАЛА,,1.0,,1900.0,1900.0,1900.0,,2026,ZHUKOVA,,,FULL,FILE-081,2026,r475
CV-689448aa632a2f09,0-3316,0-3316,ПАЛЬТО,МД ТИРАЖ,ЛЕКАЛА,,1.0,,2100.0,2100.0,2100.0,,2026,ZHUKOVA,,,FULL,FILE-081,2026,r483
CV-a387876bd06dd064,0-3315,0-3315,ПАЛЬТО,МД ТИРАЖ,ЛЕКАЛА,,1.0,,2000.0,2000.0,2000.0,,2026,ZHUKOVA,,,FULL,FILE-081,2026,r491
CV-19bf1f9bee086169,ПOГOДИHA,ПОГОДИНА,ПЕРЕДЕЛКИ,МД ЗАКАЗ,ПРОДАЖА,,3.0,,833.3333333333334,833.3333333333334,2500.0,,2026,ZHUKOVA,,,FULL,FILE-081,2026,r499
CV-c9a6e73da263ac4e,0-3064A,0-3064А,ПЛАТЬЕ,ИМ ЗАКАЗ,БЕЖ,М,1.0,3070.0,5900.0,8970.0,8970.0,,2026,ZHUKOVA,,,FULL,FILE-081,2026,r507
CV-ce41a053f0b3847c,0-3364,0-3364,БЛУЗА,КРУИЗ 26,МАКЕТ,,1.0,,9950.0,9950.0,9950.0,,2026,ZHUKOVA,,,FULL,FILE-081,2026,r515
CV-a171b85162d39a9b,0-3419,0-3419,РУБАШКА,КРУИЗ26,МАКЕТ,,1.0,,4000.0,4000.0,4000.0,,2026,ZHUKOVA,,,FULL,FILE-081,2026,r523
CV-e68b50443a7bcf09,0-3315A,0-3315А,ПАЛЬТО,МД ТИРАЖ,ФИОЛЕТ,,1.0,7767.0,57250.0,65017.0,65017.0,,2026,ZHUKOVA,,,FULL,FILE-081,2026,r531
CV-3e01f2eaac5aa4ae,0-3316A,0-3316А,ПАЛЬТО,МД ТИРАЖ,ФИОЛЕТ,,1.0,12355.0,56925.0,69280.0,69280.0,,2026,ZHUKOVA,,,FULL,FILE-081,2026,r539
CV-c4f1a6994d1cc4bf,0-3365,0-3365,БЛУЗОН,КРУИЗ,ПРИНТ,,1.0,3747.0,27175.0,30922.0,30922.0,,2026,ZHUKOVA,,,FULL,FILE-081,2026,r547
CV-f0a3f29a6fdb5302,0-3366,0-3366,ТОП,КРУИЗ,ПРИНТ,,2.0,767.0,10050.0,10817.0,21634.0,,2026,ZHUKOVA,,,FULL,FILE-081,2026,r555
CV-50611915574c6d7f,0-3367,0-3367,ШОРТЫ,КРУИЗ,ПРИНТ,,2.0,1603.0,10525.0,12128.0,24256.0,,2026,ZHUKOVA,,,FULL,FILE-081,2026,r563
CV-4eefd4e00d837a98,0-3414,0-3414,БЛУЗА,КРУИЗ,ХЛОПОК,,2.0,2627.0,20600.0,23227.0,46454.0,,2026,ZHUKOVA,,,FULL,FILE-081,2026,r571
CV-7ff326e563efc076,0-3378,0-3378,БЛУЗА,КРУИЗ,"белый,ЖЕЛ",,3.0,1105.0,6758.333333333333,7863.333333333333,23590.0,,2026,ZHUKOVA,,,FULL,FILE-081,2026,r579
CV-680b0b2acee617f0,0-3398,0-3398,ПЛАТЬЕ,КРУИЗ,ПРИНТ,,1.0,11263.0,30600.0,41863.0,41863.0,,2026,ZHUKOVA,,,FULL,FILE-081,2026,r587
CV-95a63c76114b9856,0-3379,0-3379,БЛУЗА,КРУИЗ,ЧЕРНЫЙ,,1.0,2331.0,25200.0,27531.0,27531.0,,2026,ZHUKOVA,,,FULL,FILE-081,2026,r595
CV-57ae1a8493e2a164,0-3403,0-3403,ПЛАТЬЕ,КРУИЗ,ЧЕРНЫЙ,,1.0,2895.0,26300.0,29195.0,29195.0,,2026,ZHUKOVA,,,FULL,FILE-081,2026,r603
CV-57def1eea215c7d3,0-3405,0-3405,САРАФАН,КРУИЗ,ЧЕРНЫЙ,S,2.0,10297.0,17825.0,28122.0,56244.0,,2026,ZHUKOVA,,,FULL,FILE-081,2026,r611
CV-56d2a890a134d1bb,"0-3395,0-3395A","0-3395,0-3395А",ПЛАТЬЕ,КРУИЗ,БЕЛЫЙ,,2.0,2015.0,14042.5,16057.5,32115.0,,2026,ZHUKOVA,,,FULL,FILE-081,2026,r619
CV-cf8130a0f5dd6ce4,0-3332,0-3332,МИТЕНКИ,МД ЗАКАЗ,КОЖА,,1.0,4153.0,6800.0,10953.0,10953.0,,2026,ZHUKOVA,,,FULL,FILE-081,2026,r627
CV-c92ab3e45cb5abce,0-3331A,0-3331А,БРАСЛЕТЫ,МД ЗАКАЗ,ЖЕМЧУГ,,1.0,1860.0,8000.0,9860.0,9860.0,,2026,ZHUKOVA,,,FULL,FILE-081,2026,r635
CV-4ac246c4489f1d8c,0-3331,0-3331,БРАСЛЕТЫ,МД ЗАКАЗ,ЖЕМЧУГ,,2.0,1860.0,8450.0,10310.0,20620.0,,2026,ZHUKOVA,,,FULL,FILE-081,2026,r643
CV-2a7cdb0bf3229a7d,0-3322,0-3322,ПЛАТЬЕ,КАНН,ЧЕРНЫЙ,,1.0,3340.0,91315.0,94655.0,94655.0,,2026,ZHUKOVA,,,FULL,FILE-081,2026,r651
CV-40a3a822e16ed664,0-3400,0-3400,ПЛАТЬЕ,КРУИЗ,БЕЛЫЙ,,3.0,8583.0,16350.0,24933.0,74799.0,,2026,ZHUKOVA,,,FULL,FILE-081,2026,r667
CV-22aafe562c1277e1,0-3406,0-3406,ПЛАТЬЕ,КРУИЗ,СИНИЙ,,1.0,10384.0,32650.0,43034.0,43034.0,,2026,ZHUKOVA,,,FULL,FILE-081,2026,r675
CV-691bce20ea35689c,0-3407,0-3407,ПЛАТЬЕ,КРУИЗ,СИНИЙ,,2.0,14656.0,25350.0,40006.0,80012.0,,2026,ZHUKOVA,,,FULL,FILE-081,2026,r683
CV-8a99b4860e6715ab,0-3402,0-3402,ПЛАТЬЕ,КРУИЗ,БЕЛЫЙ,,2.0,14046.0,17525.0,31571.0,63142.0,,2026,ZHUKOVA,,,FULL,FILE-081,2026,r691
CV-7c3743af8f1d1a97,0-3376,0-3376,ЮБКА,КРУИЗ,ЧЕРНЫЙ,,1.0,740.0,22150.0,22890.0,22890.0,,2026,ZHUKOVA,,,FULL,FILE-081,2026,r699
CV-fac02e7967deddc8,0-3389,0-3389,БЛУЗА,КРУИЗ,СИНИЙ,,1.0,771.0,28714.0,29485.0,29485.0,,2026,ZHUKOVA,,,FULL,FILE-081,2026,r707
CV-067f088f000d3654,0-3420,0-3420,БРЮКИ,КРУИЗ,БЕЛЫЙ,,2.0,5179.0,11900.0,17079.0,34158.0,,2026,ZHUKOVA,,,FULL,FILE-081,2026,r715
CV-761fc85c468e5723,"0-3401,0-3401A","0-3401,0-3401А",ПЛАТЬЕ,КРУИЗ,"БЕЛЫЙ,ЧЕРНЫЙ",,2.0,8889.0,21375.0,30264.0,60528.0,,2026,ZHUKOVA,,,FULL,FILE-081,2026,r723
CV-4f290bad75fecfd0,0-3396,0-3396,ПЛАТЬЕ,КРУИЗ,БЕЖ,,1.0,2490.0,12250.0,14740.0,14740.0,,2026,ZHUKOVA,,,FULL,FILE-081,2026,r731
CV-b4ba195ac98ee0ba,0-3397,0-3397,ПЛАТЬЕ,КРУИЗ,БЕЖ,,1.0,,7000.0,7000.0,7000.0,,2026,ZHUKOVA,,,FULL,FILE-081,2026,r739
CV-4703b5b0353ef6e9,0-1442,0-1442,ЮБКА,ИМ ЗАКАЗ,ЧЕРНЫЙ,ПО МЕРКАМ,1.0,5603.0,9000.0,14603.0,14603.0,,2026,ZHUKOVA,,,FULL,FILE-081,2026,r747
CV-f2863f4a4f0a5ab0,0-3332,0-3332,МИТЕНКИ,,ЧЕРНЫЙ,,1.0,4153.0,6800.0,10953.0,10953.0,,2026,ZHUKOVA,,,FULL,FILE-081,2026,r755
CV-ba99436e4c89b800,KAФTAH,КАФТАН,ПЕРЕДЕЛКА,,БЕЛЫЙ,,1.0,,1200.0,1200.0,1200.0,,2026,ZHUKOVA,,,FULL,FILE-081,2026,r763
CV-b56cd21440e8d03e,0-3385,0-3385,БЛУЗА,,БЕЖ,,1.0,2175.0,11025.0,13200.0,13200.0,,2026,ZHUKOVA,,,FULL,FILE-081,2026,r771
CV-db45bc6ea0cb0ae9,0-3415,0-3415,БЛУЗА,КРУИЗ,БЕЛ,,1.0,1225.0,9050.0,10275.0,10275.0,,2026,ZHUKOVA,,,FULL,FILE-081,2026,r779
CV-a58bb6ecc4e37c1c,0-3374,0-3374,БЛУЗА,КРУИЗ,БЕЛ,,1.0,2085.0,8925.0,11010.0,11010.0,,2026,ZHUKOVA,,,FULL,FILE-081,2026,r787
CV-12b0b066cbc6c450,0-3375,0-3375,ЮБКА,КРУИЗ,БЕЛ,,1.0,1591.0,9600.0,11191.0,11191.0,,2026,ZHUKOVA,,,FULL,FILE-081,2026,r795
CV-ed13c5a06b507b72,0-3398,0-3398,ПЛАТЬЕ,КРУИЗ,ПРИНТ,,2.0,11263.0,11600.0,22863.0,45726.0,,2026,ZHUKOVA,,,FULL,FILE-081,2026,r803
CV-4ce235d2ff4a711c,0-3419,0-3419,РУБАШКА,КРУИЗ,БЕЛАЯ,,3.0,2205.0,5500.0,7705.0,23115.0,,2026,ZHUKOVA,,,FULL,FILE-081,2026,r811
CV-5c040f6d1c61dd6d,0-3419,0-3419,РУБАШКА,КРУИЗ,ЧЕРНАЯ,,3.0,2205.0,5500.0,7705.0,23115.0,,2026,ZHUKOVA,,,FULL,FILE-081,2026,r819
CV-985c31b5ee715067,0-3419,0-3419,РУБАШКА,КРУИЗ,РОЗОВАЯ,,3.0,2205.0,5500.0,7705.0,23115.0,,2026,ZHUKOVA,,,FULL,FILE-081,2026,r827
CV-557b99fa70d795be,0-3419,0-3419,РУБАШКА,КРУИЗ,ГОЛУБАЯ,,3.0,,5500.0,51664.0,154992.0,,2026,ZHUKOVA,,,FULL,FILE-081,2026,r835
CV-a1e756b5498cb8e8,0-3094,0-3094,ЧОКЕР,МД ЗАКАЗ,ЧЕРНЫЙ,,1.0,640.0,7500.0,8140.0,8140.0,,2026,ZHUKOVA,,,FULL,FILE-081,2026,r843
CV-01e1d8d3c0a66811,0-3365,0-3365,БЛУЗОН,КРУИЗ,ПРИНТ,,1.0,3747.0,13075.0,16822.0,16822.0,,2026,ZHUKOVA,,,FULL,FILE-081,2026,r851
CV-28c547910a24c402,0-3331A,0-3331А,БРАСЛЕТ,МД ЗАКАЗ,ЖЕМЧУГ,,1.0,930.0,4000.0,4930.0,4930.0,,2026,ZHUKOVA,,,FULL,FILE-081,2026,r859
CV-ccac7059d49ef23d,0-3396A,0-3396А,платье,КРУИЗ,БЕЛЫЙ,,2.0,2490.0,8000.0,10490.0,20980.0,,2026,ZHUKOVA,,,FULL,FILE-081,2026,r867
CV-1c007806fd41555f,0-3385A,0-3385А,БЛУЗА,КРУИЗ,БЕЛЫЙ,,1.0,2175.0,7000.0,9175.0,9175.0,,2026,ZHUKOVA,,,FULL,FILE-081,2026,r877
CV-f0f758fb381794be,0-3064A,0-3064А,ПЛАТЬЕ,ИМ ЗАКАЗ,БЕЖ,,1.0,3750.0,7125.0,10875.0,10875.0,,2026,ZHUKOVA,,,FULL,FILE-081,2026,r887
CV-a526f0e8fb393e25,0-3094,0-3094,ЧОКЕР,ИМ ЗАКАЗ,КРИСТАЛЛ,,1.0,640.0,8450.0,9090.0,9090.0,,2026,ZHUKOVA,,,FULL,FILE-081,2026,r897
CV-c10184d547bfcb1a,0-3424,0-3424,РУБАШКА,КРУИЗ,,,3.0,6025.0,12216.666666666666,18241.666666666664,54724.99999999999,,2026,ZHUKOVA,,,FULL,FILE-081,2026,r907
CV-76aff4575c1913c7,0-3425,0-3425,ШОРТЫ,КРУИЗ,,,3.0,3357.0,3950.0,7307.0,21921.0,,2026,ZHUKOVA,,,FULL,FILE-081,2026,r917
CV-fb509c2d479349ad,0-1442,0-1442,ЮБКА,ЗАКАЗ ИМ,СЕТКА ЧЕРНЫЙ,ПО МЕРКАМ,1.0,5603.0,13263.0,18866.0,18866.0,,2026,ZHUKOVA,,,FULL,FILE-081,2026,r927
CV-c79a242d90cd0357,ЮЛИЯ,ЮЛИЯ,КАФТАН,СОБСТВЕННИК,БЕЖ ХЛОПОК,ПО МЕРКАМ,1.0,1801.0,29801.0,31602.0,31602.0,,2026,ZHUKOVA,,,FULL,FILE-081,2026,r937
CV-06f4f432d4b89c12,ЮЛИЯ,ЮЛИЯ,БЛУЗА,СОБСТВЕННИК,БЕЛ ХЛОПОК,,1.0,1361.0,16300.0,17661.0,17661.0,,2026,ZHUKOVA,,,FULL,FILE-081,2026,r947
CV-ee4c5c6be8ec4537,ЮЛИЯ,ЮЛИЯ,ЮБКА,СОБСТВЕННИК,БЕЛ ПРИНТ,,1.0,1990.0,11350.0,13340.0,13340.0,,2026,ZHUKOVA,,,FULL,FILE-081,2026,r957
CV-0dc1935e11e292f6,ЮЛИЯ,ЮЛИЯ,БЛУЗА,СОБСТВЕННИК,БЕЛ ПРИНТ,,1.0,11089.0,17700.0,28789.0,28789.0,,2026,ZHUKOVA,,,FULL,FILE-081,2026,r967
CV-2175fa47e927985a,ЮЛИЯ,ЮЛИЯ,ПЛАТЬЕ,СОБСТВЕННИК,РОЗ ВИШНИ,,1.0,7091.0,11650.0,18741.0,18741.0,,2026,ZHUKOVA,,,FULL,FILE-081,2026,r977
CV-dd681824574cecb9,ЮЛИЯ,ЮЛИЯ,БРЮКИ,СОБСТВЕННИК,ПРИНТ,"БЕЛ,РОЗОВЫЙ",2.0,8005.0,8500.0,16505.0,33010.0,,2026,ZHUKOVA,,,FULL,FILE-081,2026,r987
CV-9ee13d773d3d96f8,ЮЛИЯ,ЮЛИЯ,КИМОНО,СОБСТВЕННИК,РОЗОВЫЙ ПРИНТ,,1.0,16482.0,22200.0,38682.0,38682.0,,2026,ZHUKOVA,,,FULL,FILE-081,2026,r997
CV-26c8b2e6689ac0b0,ЮЛИЯ,ЮЛИЯ,БРЮКИ,СОБСТВЕННИК,РОЗ ВИШНИ,,1.0,5170.0,9600.0,14770.0,14770.0,,2026,ZHUKOVA,,,FULL,FILE-081,2026,r1007
CV-e4bd3606354afbaa,ЮЛИЯ,ЮЛИЯ,РУБАШКА,СОБСТВЕННИК,РОЗ ВИШНИ,,1.0,7190.0,11900.0,19090.0,19090.0,,2026,ZHUKOVA,,,FULL,FILE-081,2026,r1017
CV-a0df4d2a79f5ae70,0-3415,0-3415,ЛЕКАЛА,КРУИЗ,,,1.0,,1100.0,1100.0,1100.0,,2026,ZHUKOVA,,,FULL,FILE-081,2026,r1027
CV-88d68a2f438929a3,0-3426,0-3426,ПЕРЕДЕЛКА,КРУИЗ,,,1.0,,8600.0,8600.0,8600.0,,2026,ZHUKOVA,,,FULL,FILE-081,2026,r1037
CV-c04f34c4f3443ddc,0-3409,0-3409,ПЕРЕДЕЛКА,КРУИЗ,,,1.0,,8400.0,8400.0,8400.0,,2026,ZHUKOVA,,,FULL,FILE-081,2026,r1047
CV-79282cdd3547396d,ПAЛЬTO,ПАЛЬТО,ИЩЕЕВА,МД ЗАКАЗ,ПЕРЕДЕЛКА,,1.0,,900.0,900.0,900.0,,2026,ZHUKOVA,,,FULL,FILE-081,2026,r1057
CV-79458aba33ca886a,0-3082,0-3082,КЕЙП,МД ЗАКАЗ,,,1.0,44379.0,11075.0,55454.0,55454.0,,2026,ZHUKOVA,,,FULL,FILE-081,2026,r1067
CV-82f9ca84967120e0,ЮБKA,ЮБКА,ПЕРЕДЕЛКА,МД ЗАКАЗ,,,1.0,,2000.0,2000.0,2000.0,,2026,ZHUKOVA,,,FULL,FILE-081,2026,r1077
CV-b740fef904b31498,0-2985,0-2985,ЮБКА,ИМ ЗАКАЗ,,,1.0,9430.0,19080.0,28510.0,28510.0,,2026,ZHUKOVA,,,FULL,FILE-081,2026,r1087
CV-6bd8cf101146a07a,0-3043,0-3043,БЛУЗА,ИМ ЗАКАЗ,,,1.0,2633.0,9650.0,12283.0,12283.0,,2026,ZHUKOVA,,,FULL,FILE-081,2026,r1097
CV-e534ce4953d38e58,0-2850,0-2850,ПАЛЬТО-ХАЛАТ,ИМ ЗАКАЗ,,,1.0,10110.0,11000.0,21110.0,21110.0,,2026,ZHUKOVA,,,FULL,FILE-081,2026,r1107
CV-ef05fb3a12b070a5,0-2852,0-2852,КАФТАН,ИМ ЗАКАЗ,,,1.0,15447.0,17430.0,32877.0,32877.0,,2026,ZHUKOVA,,,FULL,FILE-081,2026,r1117
CV-96886ac433ef58cf,0-3094A,0-3094А,ЧОКЕР,МД ЗАКАЗ,ЧЕРНЫЙ,,1.0,640.0,7500.0,8140.0,8140.0,,2026,ZHUKOVA,,,FULL,FILE-081,2026,r1127
CV-0794b793f923031a,0-3375,0-3375,ЛЕКАЛА,КРУИЗ,,,1.0,,1300.0,1300.0,1300.0,,2026,ZHUKOVA,,,FULL,FILE-081,2026,r1137
CV-329b951ddbef2e33,0-3389,0-3389,ЛЕКАЛА,КРУИЗ,,,1.0,,1100.0,1100.0,1100.0,,2026,ZHUKOVA,,,FULL,FILE-081,2026,r1147
CV-cb30c83075c5b65c,0-3406,0-3406,ЛЕКАЛА,КРУИЗ,,,1.0,,1100.0,1100.0,1100.0,,2026,ZHUKOVA,,,FULL,FILE-081,2026,r1157
CV-e8456bf654df1f6c,0-3385,0-3385,ЛЕКАЛА,КРУИЗ,,,1.0,,1600.0,1600.0,1600.0,,2026,ZHUKOVA,,,FULL,FILE-081,2026,r1167
CV-5c478f0988d8bce4,0-3395,0-3395,ЛЕКАЛА,КРУИЗ,,,1.0,,1500.0,1500.0,1500.0,,2026,ZHUKOVA,,,FULL,FILE-081,2026,r1177
CV-a3d62a6695089960,0-3396,0-3396,ЛЕКАЛА,КРУИЗ,,,1.0,,1500.0,1500.0,1500.0,,2026,ZHUKOVA,,,FULL,FILE-081,2026,r1187
CV-19c1bcac55c3b323,0-3405,0-3405,ЛЕКАЛА,КРУИЗ,,,1.0,,1900.0,1900.0,1900.0,,2026,ZHUKOVA,,,FULL,FILE-081,2026,r1197
CV-1c346dfd55957944,0-3407,0-3407,ЛЕКАЛА,КРУИЗ,,,1.0,,2100.0,2100.0,2100.0,,2026,ZHUKOVA,,,FULL,FILE-081,2026,r1207
CV-10b7e66dfce5d8b1,0-3374,0-3374,ЛЕКАЛА,КРУИЗ,,,1.0,,1100.0,1100.0,1100.0,,2026,ZHUKOVA,,,FULL,FILE-081,2026,r1217
CV-d4429aa6252702ed,0-3378,0-3378,ЛЕКАЛА,КРУИЗ,,,1.0,,1100.0,1100.0,1100.0,,2026,ZHUKOVA,,,FULL,FILE-081,2026,r1227
CV-92b7d418f426547e,0-3385,0-3385,БЛУЗА,ЗАКАЗ МД,,,1.0,2175.0,6500.0,8675.0,8675.0,,2026,ZHUKOVA,,,FULL,FILE-081,2026,r1237
CV-ff8f88251ca04670,0-2779,0-2779,КЕЙП,ИМ ЗАКАЗ,,,1.0,17857.0,23200.0,41057.0,41057.0,,2026,ZHUKOVA,,,FULL,FILE-081,2026,r1247
CV-09a4e5dd150af47e,0-3378,0-3378,БЛУЗА,КРУИЗ ТИРАЖ,ЖЕЛТЫЙ,,1.0,1105.0,7100.0,8205.0,8205.0,,2026,ZHUKOVA,,,FULL,FILE-081,2026,r1257
CV-76919ee2b7592232,0-3038,0-3038,ПЛАТЬЕ,ИМ ПЕРЕДЕЛКА,ЧЕРНЫЙ,,1.0,,3400.0,3400.0,3400.0,,2026,ZHUKOVA,,,FULL,FILE-081,2026,r1267
CV-9fd6ab17796b17f3,0-3395,0-3395,ПЛАТЬЕ,КРУИЗ ТИРАЖ,БЕЖ,,1.0,2015.0,17385.0,19400.0,19400.0,,2026,ZHUKOVA,,,FULL,FILE-081,2026,r1277
CV-99bb186a40615bdc,48-30,48-30,ПЛАТЬЕ,КУТЮР,СЕТКА СЕРАЯ,,1.0,,10900.0,10900.0,10900.0,,2026,ZHUKOVA,,,FULL,FILE-081,2026,r1287
CV-404040c4d14421a3,48-21,48-21,ПЛАТЬЕ,КУТЮР,СЕТКА Т.СЕРАЯ,,1.0,,115923.0,115923.0,115923.0,,2026,ZHUKOVA,,,FULL,FILE-081,2026,r1297
CV-8607887d3b0bf825,48-21,48-21,Н.ЮБКА,КУТЮР,СЕТКА БЕЖ,,1.0,4509.0,16725.0,21234.0,21234.0,,2026,ZHUKOVA,,,FULL,FILE-081,2026,r1307
CV-2f23640d5f28c455,48-24,48-24,ТОП,КУТЮР,СЕТКА БЕЖ,,1.0,1081.0,12550.0,13631.0,13631.0,,2026,ZHUKOVA,,,FULL,FILE-081,2026,r1317
CV-cb6fe2a7dfbc8980,48-24,48-24,ЖАКЕТ,КУТЮР,КРУЖЕВО БЕЖ,,1.0,,33600.0,33600.0,33600.0,,2026,ZHUKOVA,,,FULL,FILE-081,2026,r1327
CV-e533e68e0c3814bb,48-24,48-24,БРЮКИ,КУТЮР,КРУЖЕВО БЕЖ,,1.0,3345.0,16500.0,19845.0,19845.0,,2026,ZHUKOVA,,,FULL,FILE-081,2026,r1337
CV-5c60de417428a9bd,48-27,48-27,БЛУЗА,КУТЮР,КРУЖЕВО ЧЕРН,,1.0,3576.0,23100.0,26676.0,26676.0,,2026,ZHUKOVA,,,FULL,FILE-081,2026,r1347
CV-c323648e13f4ed7e,48-27,48-27,ТОП,КУТЮР,ШЕЛК ЧЕРН,,1.0,1232.0,9800.0,11032.0,11032.0,,2026,ZHUKOVA,,,FULL,FILE-081,2026,r1357
CV-d0c372da66381273,48-27,48-27,ЮБКА,КУТЮР,ПАЙЕТКИ ЧЕРН,,1.0,,24450.0,24450.0,24450.0,,2026,ZHUKOVA,,,FULL,FILE-081,2026,r1367
CV-a57d9fd7f9507cb5,48-27,48-27,ЛЕГГИНСЫ,КУТЮР,СЕТКА БЕЖ,,1.0,1572.0,46350.0,47922.0,47922.0,,2026,ZHUKOVA,,,FULL,FILE-081,2026,r1377
CV-595c972711d13362,0-3405A,0-3405А,ПЛАТЬЕ,МД ЗАКАЗ,ШЕЛК ЭЛЕКТРИК,,1.0,10297.0,17700.0,27997.0,27997.0,,2026,ZHUKOVA,,,FULL,FILE-081,2026,r1387
CV-fe2ccdc4ac215e93,0-3405A,0-3405А,ПЛАТЬЕ,МД ЗАКАЗ,ШЕЛК ЭЛЕКТРИК,,1.0,10297.0,32200.0,42497.0,42497.0,,2026,ZHUKOVA,,,FULL,FILE-081,2026,r1397
CV-4f635dd6090a9b1e,0-3331A,0-3331А,БРАСЛЕТЫ,МД ЗАКАЗ,ЖЕМЧУГ,,1.0,930.0,8000.0,8930.0,8930.0,,2026,ZHUKOVA,,,FULL,FILE-081,2026,r1407
CV-ba972f79c5b3a5bc,0-3331A,0-3331А,БРАСЛЕТЫ,МД ЗАКАЗ,ЖЕМЧУГ,,1.0,930.0,8000.0,8930.0,8930.0,,2026,ZHUKOVA,,,FULL,FILE-081,2026,r1417
CV-3f06e8c0d2611c5e,0-3331A,0-3331А,БРАСЛЕТЫ,МД ЗАКАЗ,ЖЕМЧУГ,,1.0,930.0,8000.0,8930.0,8930.0,,2026,ZHUKOVA,,,FULL,FILE-081,2026,r1427
CV-86e5a6beeb8845d1,ЮЛИЯ,ЮЛИЯ,ПЛАТЬЕ,СОБСТВЕННИК,ХЛОПОК БЕЖ,,1.0,959.0,11150.0,12109.0,12109.0,,2026,ZHUKOVA,,,FULL,FILE-081,2026,r1437
CV-8e14abb4e44513d4,ФУTБOЛKИ,ФУТБОЛКИ,ФУТБОЛКИ,КАНН,ГОТОВЫЕ БЕЛ,,40.0,1125.0,650.0,1775.0,71000.0,,2026,ZHUKOVA,,,FULL,FILE-081,2026,r1447
CV-a9376866c704e288,0-3407,0-3407,ПЛАТЬЕ,МД ЗАКАЗ,ВЫШИВКА,,1.0,,14500.0,14500.0,14500.0,,2026,ZHUKOVA,,,FULL,FILE-081,2026,r1457
CV-e6b621ec3c0e2d0d,0-3200,0-3200,ПАЛЬТО,ПЛОЩАДКИ,ВЫШИВКА,,1.0,,35000.0,35000.0,35000.0,,2026,ZHUKOVA,,,FULL,FILE-081,2026,r1467
CV-c0af411ef1f9cf8b,0-3094A,0-3094А,ЧОКЕР,МД ЗАКАЗ,СЕТКА ЧЕРН,,1.0,640.0,7950.0,8590.0,8590.0,,2026,ZHUKOVA,,,FULL,FILE-081,2026,r1477
CV-6e86045ccea904a3,0-3414A,0-3414А,БЛУЗА,МД ЗАКАЗ,КОЛЬЕ РОЗОВ,,2.0,516.0,9000.0,9516.0,19032.0,,2026,ZHUKOVA,,,FULL,FILE-081,2026,r1487
CV-d97c9c2c5cdccb07,0-3414,0-3414,БЛУЗА,МД ЗАКАЗ,КОЛЬЕ МЯТА,,1.0,516.0,9000.0,9516.0,9516.0,,2026,ZHUKOVA,,,FULL,FILE-081,2026,r1497
CV-640a5415f100fb96,ЮЛИЯ,ЮЛИЯ,БЛУЗА,СОБСТВЕННИК,БЕЖ ХЛОПОК,,1.0,1073.0,8500.0,9573.0,9573.0,,2026,ZHUKOVA,,,FULL,FILE-081,2026,r1507
CV-757e2ffbe8cd501b,ЮЛИЯ,ЮЛИЯ,БЛУЗА,СОБСТВЕННИК,СЕТКА РУБКА,,1.0,3315.0,2900.0,6215.0,6215.0,,2026,ZHUKOVA,,,FULL,FILE-081,2026,r1517
CV-b540edf69b398941,0-3400,0-3400,ПЛАТЬЕ,МД ЗАКАЗ,Х/Б ОЛИВКОВЫЙ,,1.0,8583.0,13250.0,21833.0,21833.0,,2026,ZHUKOVA,,,FULL,FILE-081,2026,r1527
CV-0a558050def436e2,0-2546,0-2546/4,КИМОНО,МД ТИРАЖ,ЧЕРНЫЙ ШИФОН,,1.0,6660.0,10750.0,17410.0,17410.0,,2026,ZHUKOVA,,,FULL,FILE-081,2026,r1537
CV-6083b826e85fdb0d,0-1178,0-1178,ПАЛЬТО-ХАЛАТ,ИМ ЗАКАЗ,ЧЕРН СТР БАРХ,,1.0,1799.0,12100.0,13899.0,13899.0,,2026,ZHUKOVA,,,FULL,FILE-081,2026,r1547
CV-07461835e6c155e2,0-3354,0-3354,ЮБКА,МД ТИРАЖ,Х/Б ЧЕРНЫЙ,,1.0,2803.0,18800.0,21603.0,21603.0,,2026,ZHUKOVA,,,FULL,FILE-081,2026,r1557
CV-22b94fbc5f7517d2,0-3073,0-3073,БЛУЗА,МД ТИРАЖ,Х/Б ЧЕРНЫЙ,,1.0,1073.0,8500.0,9573.0,9573.0,,2026,ZHUKOVA,,,FULL,FILE-081,2026,r1567
CV-00c9a4a573c1fe2f,0-3380,0-3380,ПЛАТЬЕ,МД ТИРАЖ,Х/Б СИНИЙ,,1.0,3048.0,14200.0,17248.0,17248.0,,2026,ZHUKOVA,,,FULL,FILE-081,2026,r1577
CV-c0042290510e4cf2,0-3380C,0-3380С,ПЛАТЬЕ,МД ТИРАЖ,Х/Б ЧЕРНЫЙ,,1.0,3048.0,14200.0,17248.0,17248.0,,2026,ZHUKOVA,,,FULL,FILE-081,2026,r1587
CV-d48270ebd40be004,0-3432,0-3432,СВИТШОТ,ИМ,ГОЛУБ ФУТЕР,,1.0,1394.0,6625.0,8019.0,8019.0,,2026,ZHUKOVA,,,FULL,FILE-081,2026,r1597
CV-351967a3cae99878,ЮБKA,ЮБКА,ЮБКА,МД ПЕРЕДЕЛКА,ЧЕРНЫЙ Х/Б,,1.0,,2650.0,2650.0,2650.0,,2026,ZHUKOVA,,,FULL,FILE-081,2026,r1607
CV-7addc266fd00b66f,0-3371C,0-3371С,БЛУЗА,МД ТИРАЖ,ГОЛУБ ВИШНИ,,1.0,3212.0,10900.0,14112.0,14112.0,,2026,ZHUKOVA,,,FULL,FILE-081,2026,r1617
CV-05729a1f25c48b32,0-3063,0-3063,БРЮКИ,ИМ ЗАКАЗ,ЧЕРН СТР БАР,S,2.0,806.0,4625.0,5431.0,10862.0,,2026,ZHUKOVA,,,FULL,FILE-081,2026,r1627
CV-9255b31b87533daf,0-3274,0-3274,РАСШИВКА,ПЛОЩАДКИ,ВЫШИВКА,,1.0,,14000.0,14000.0,14000.0,,2026,ZHUKOVA,,,FULL,FILE-081,2026,r1637
CV-19f492e876f7e239,0-3371A,0-3371А,БЛУЗА,МД ТИРАЖ,ПРИНТ ВИШНИ,,1.0,2467.0,8600.0,11067.0,11067.0,,2026,ZHUKOVA,,,FULL,FILE-081,2026,r1647
CV-d63d9754c9c22e96,0-3372A,0-3372А,БРЮКИ,МД ТИРАЖ,ПРИНТ ВИШНИ,,1.0,1320.0,4675.0,5995.0,5995.0,,2026,ZHUKOVA,,,FULL,FILE-081,2026,r1657
CV-0b2d662559bae931,48-25,48-25,ШОРТЫ,КУТЮР,ВЫШИВКА,,1.0,,16764.0,16764.0,16764.0,,2026,ZHUKOVA,,,FULL,FILE-081,2026,r1667
CV-e33463a849684360,48-19,48-19,БРЮКИ,КУТЮР,ЧЕРН КРУЖЕВО,,1.0,3350.0,9425.0,12775.0,12775.0,,2026,ZHUKOVA,,,FULL,FILE-081,2026,r1677
CV-9a8c672e2f1e68a9,48-19,48-19,ТОП,КУТЮР,ЧЕРН ШЕЛК,,1.0,1973.0,7450.0,9423.0,9423.0,,2026,ZHUKOVA,,,FULL,FILE-081,2026,r1687
CV-dce602d9b3191528,48-19,48-19,БЛУЗА,КУТЮР,ЧЕРН ШИФОН,,1.0,,12400.0,12400.0,12400.0,,2026,ZHUKOVA,,,FULL,FILE-081,2026,r1697
CV-f598ceccc2299d2a,48-19,48-19,ЮБКА,КУТЮР,ЧЕРН ДЮШЕС,,1.0,4136.0,12950.0,17086.0,17086.0,,2026,ZHUKOVA,,,FULL,FILE-081,2026,r1707
CV-18caaff7cb77e0df,ЗAKAЗ,ЗАКАЗ,КИМОНО,МД ЗАКАЗ,ЧЕРН ШЕЛК Y,,1.0,,11600.0,11600.0,11600.0,,2026,ZHUKOVA,,,FULL,FILE-081,2026,r1717
CV-6adbf044ed21547c,48-15,48-15,ПЛАТЬЕ,КУТЮР,МАКЕТ,,1.0,,3850.0,3850.0,3850.0,,2026,ZHUKOVA,,,FULL,FILE-081,2026,r1727
CV-075993bf43f04e10,0-3371A,0-3371а,БЛУЗА,МД ЗАКАЗ,ПРИМЕРКА,,1.0,,2750.0,2750.0,2750.0,,2026,ZHUKOVA,,,FULL,FILE-081,2026,r1737
CV-b1d763514a24b64a,03373A,03373А,ШОРТЫ,МД ЗАКАЗ,ПРИМЕРКА,,1.0,,1650.0,1650.0,1650.0,,2026,ZHUKOVA,,,FULL,FILE-081,2026,r1747
CV-a37fb3e61e8ccbf9,0-2540,0-2540,БЛУЗА,МД ЗАКАЗ,ПРИМЕРКА,,1.0,,2750.0,2750.0,2750.0,,2026,ZHUKOVA,,,FULL,FILE-081,2026,r1757
CV-c138729ab7f162bd,0-2541,0-2541,БРЮКИ,МД ЗАКАЗ,ПРИМЕРКА,,1.0,,2200.0,2200.0,2200.0,,2026,ZHUKOVA,,,FULL,FILE-081,2026,r1767
CV-646920a7908a437d,0-3372A,0-3372А,БРЮКИ,МД ЗАКАЗ,ПРИМЕРКА,,1.0,,2200.0,2200.0,2200.0,,2026,ZHUKOVA,,,FULL,FILE-081,2026,r1777
CV-fe74ad07f323f714,48-8,48-8,ВЫШИВКА,КУТЮР,ЯБЛ ЦВЕТ,,1.0,,113000.0,113000.0,113000.0,,2026,ZHUKOVA,,,FULL,FILE-081,2026,r1807
CV-6452e36061ecce6a,T-2541,Т-2541,БРЮКИ,ИМ ЗАКАЗ,КАПЛИ ДЕГРАДЕ,,1.0,8230.0,5900.0,14130.0,14130.0,,2026,ZHUKOVA,,,FULL,FILE-081,2026,r1817
CV-3fa170bfd431ae00,48-29,48-29,ВЫШИВКА,КУТЮР,ВЫШИВКА,,1.0,870.0,7000.0,7870.0,7870.0,,2026,ZHUKOVA,,,FULL,FILE-081,2026,r1827
CV-e2883795a8b68353,48-22,48-22,ВЫШИВКА,КУТЮР,ВЫШИВКА,,1.0,1350.0,6000.0,7350.0,7350.0,,2026,ZHUKOVA,,,FULL,FILE-081,2026,r1837
CV-a041a4f26a90dee6,48-4,48-4,ШОРТЫ,КУТЮР,СЕР БАРХАТ,,1.0,,0.0,0.0,0.0,,2026,ZHUKOVA,,,FULL,FILE-081,2026,r1847
CV-88bdaa8ecc1383f4,0-3414,0-3414,ВЫШИВКА,МД ЗАКАЗ,КОЛЬЕ,,1.0,516.0,9000.0,9516.0,9516.0,,2026,ZHUKOVA,,,FULL,FILE-081,2026,r1857
CV-8f0dd782b37071d4,48-11,48-11,ШОРТЫ,КУТЮР,СТРБАРХ ЧЕРН,,1.0,,3800.0,3800.0,3800.0,,2026,ZHUKOVA,,,FULL,FILE-081,2026,r1867
CV-1b68a0bddfbdaade,48-33,48-33,ПЛАТЬЕ,КУТЮР,ПРИНТ ГОРТЕНЗИЯ,,1.0,,4950.0,4950.0,4950.0,,2026,ZHUKOVA,,,FULL,FILE-081,2026,r1877
CV-a9dd945423209d75,48-24,48-24,ЮБКА,КУТЮР,КРУЖЕВО БЕЖ,,1.0,1037.0,5750.0,6787.0,6787.0,,2026,ZHUKOVA,,,FULL,FILE-081,2026,r1887
CV-ffe85f368574e3f9,"48-30,24","48-30,24",ТРУСЫ,КУТЮР,ТРИКОТАЖ БЕЖ,,3.0,969.0,2125.0,3094.0,9282.0,,2026,ZHUKOVA,,,FULL,FILE-081,2026,r1897
CV-d8b3f026f9e4ddbb,0-3380C,0-3380с,ПЛАТЬЕ,МД ЗАКАЗ,ЧЕРНЫЙ Х/Б,,1.0,3048.0,12400.0,15448.0,15448.0,,2026,ZHUKOVA,,,FULL,FILE-081,2026,r1907
CV-4fe5fbb20f203941,48-24,48-24,"ЮБКА,ТЮРНЮР ПОЯС",КУТЮР,БЕЖ ШИФОН,,1.0,1305.0,16250.0,17555.0,17555.0,,2026,ZHUKOVA,,,FULL,FILE-081,2026,r1917
CV-573fcbebad794aef,T-2470,Т-2470,Юбка джерси,ЦУМ,Черный,,18.0,1286.261111111111,3255.56,4541.82111111111,81752.77999999998,,,MERKUSHINA,ЦУМ,SS 25 Джерси ЦУМ,FULL,FILE-082,Площадки,r4
CV-d28dbc4b846a007b,T-1418,Т-1418,Пуловер бархат,ЦУМ,Черный,,13.0,2645.519230769231,3800.0,6445.5192307692305,83791.75,,,MERKUSHINA,ЦУМ,SS 25 Джерси ЦУМ,FULL,FILE-082,Площадки,r5
CV-d8ff60c4383cc0d8,T-1416,Т-1416,Брюки джогеры,ЦУМ,Черный,,13.0,1425.7807692307688,4000.0,5425.780769230769,70535.15,,,MERKUSHINA,ЦУМ,SS 25 Джерси ЦУМ,FULL,FILE-082,Площадки,r6
CV-26921d61fa641e69,T-2359,Т-2359,Свитшот джерси Сердце,ЦУМ,Черный,,14.0,2223.3892857142855,2885.71,5109.0992857142855,71527.39,,,MERKUSHINA,ЦУМ,SS 25 Джерси ЦУМ,FULL,FILE-082,Площадки,r7
CV-883229fb4ff5fabf,T-2359A,Т-2359А,Свитшот джерси Дерево,ЦУМ,Черный,,11.0,2935.4690909090914,4530.0,7465.469090909091,82120.16,,,MERKUSHINA,ЦУМ,SS 25 Джерси ЦУМ,FULL,FILE-082,Площадки,r8
CV-f0b4f1878740fabf,T-1984P,Т-1984Р,Футболка,ЦУМ,Черный,,16.0,832.8725,2812.5,3645.3725,58325.96,,,MERKUSHINA,ЦУМ,SS 25 Джерси ЦУМ,FULL,FILE-082,Площадки,r9
CV-7612e2572c2c1ee3,T-2472,Т-2472,Брюки джерси,ЦУМ,Черный,,11.0,1448.4136363636367,3320.0,4768.413636363637,52452.55000000001,,,MERKUSHINA,ЦУМ,SS 25 Джерси ЦУМ,FULL,FILE-082,Площадки,r10
CV-4c1d30852ba664fd,T-1444A,Т-1444А,Худи с капюшоном Дерево,ЦУМ,Черный,,8.0,3061.3237499999996,4237.5,7298.82375,58390.59,,,MERKUSHINA,ЦУМ,SS 25 Джерси ЦУМ,FULL,FILE-082,Площадки,r11
CV-e17f2cabf753f35b,T-2792,Т-2792,Платье из шифона,ЦУМ,Белый в черный горох,,5.0,20620.93666666667,17862.5,38483.43666666667,192417.18333333335,,,MERKUSHINA,ЦУМ,SS25 Круиз ЦУМ,FULL,FILE-082,Площадки,r13
CV-60482f9de1fabd0b,T-2792A,Т-2792А,Платье из шифона,ЦУМ,Серый в белый горох,,5.0,20106.584,19415.0,39521.584,197607.92,,,MERKUSHINA,ЦУМ,SS25 Круиз ЦУМ,FULL,FILE-082,Площадки,r20
CV-d5058f88a2f18461,T-2788,Т-2788,Платье из шифона,ЦУМ,Белый в черный горох,,5.0,19580.976000000002,19020.0,38600.976,193004.88,,,MERKUSHINA,ЦУМ,SS25 Круиз ЦУМ,FULL,FILE-082,Площадки,r27
CV-318f00aa42aab4b6,T-2865A,Т-2865A,Платье из батиста,ЦУМ,Черный в белый горох,,7.0,11115.83375,24493.75,35609.58375,249267.08625,,,MERKUSHINA,ЦУМ,SS25 Круиз ЦУМ,FULL,FILE-082,Площадки,r34
CV-fac2e5626ba7c8b0,T-2865,Т-2865,Платье из батиста,ЦУМ,Белый  Y И балерина,,5.0,8107.704000000001,17270.0,25377.704,126888.52,,,MERKUSHINA,ЦУМ,SS25 Круиз ЦУМ,FULL,FILE-082,Площадки,r41
CV-9680e13b675a544a,T-2894,Т-2894,Платье + рукава буфы,ЦУМ,Цветы на белом фоне,,5.0,5957.346,12000.0,17957.345999999998,89786.72999999998,,,MERKUSHINA,ЦУМ,SS25 Круиз ЦУМ,FULL,FILE-082,Площадки,r48
CV-6c59a978eeaafbac,T-2888,Т-2888,Платье из батиста,ЦУМ,Белый  Y И балерина,,5.0,5169.908,11610.0,16779.908,83899.54,,,MERKUSHINA,ЦУМ,SS25 Круиз ЦУМ,FULL,FILE-082,Площадки,r55
CV-b6691478402e7e12,T-2973,Т-2973,Рубашка с вышивка на кармане,ЦУМ,Белый,,8.0,1495.84625,4423.58375,5919.43,47355.44,,,MERKUSHINA,ЦУМ,SS25 Круиз ЦУМ,FULL,FILE-082,Площадки,r62
CV-7f42aba6bd3cc72f,T-2973A,Т-2973А,Рубашка с вышивка на кармане,ЦУМ,Розовый,,8.0,1447.318888888889,4530.296666666666,5977.615555555555,47820.92444444444,,,MERKUSHINA,ЦУМ,SS25 Круиз ЦУМ,FULL,FILE-082,Площадки,r69
CV-b389209735ee51e2,T-2973B,Т-2973В,Рубашка с вышивка на кармане,ЦУМ,Голубой,,8.0,2333.8912499999997,4423.58375,6757.474999999999,54059.799999999996,,,MERKUSHINA,ЦУМ,SS25 Круиз ЦУМ,FULL,FILE-082,Площадки,r76
CV-768590f71e3983bc,T-2974A,Т-2974A,Рубашка цветы,ЦУМ,Белый,,10.0,3168.607,5765.0,8933.607,89336.07,,,MERKUSHINA,ЦУМ,SS25 Круиз ЦУМ,FULL,FILE-082,Площадки,r83
CV-e1fc5f6411514ae6,T-2862,Т-2862,Рубашка дерево,ЦУМ,Белый,,8.0,3168.6070000000004,6265.0,9433.607,75468.856,,,MERKUSHINA,ЦУМ,SS25 Круиз ЦУМ,FULL,FILE-082,Площадки,r90
CV-d9f1239676f891b5,T-2871A,Т-2871А,Блузка с завязками,ЦУМ,Белый,,7.0,1657.3274999999999,3878.125,5535.452499999999,38748.167499999996,,,MERKUSHINA,ЦУМ,SS25 Круиз ЦУМ,FULL,FILE-082,Площадки,r97
CV-12bf4709e9e78c85,T-2871,Т-2871,Блузка с завязками,ЦУМ,Желтый,,5.0,2240.504,3765.0,6005.504,30027.52,,,MERKUSHINA,ЦУМ,SS25 Круиз ЦУМ,FULL,FILE-082,Площадки,r104
CV-8086297a77c9a7ca,T-2872,Т-2872,Блузон с лампасом по низу Y хаотичный,ЦУМ,Черный,,10.0,8884.527,6675.0,15559.527,155595.27,,,MERKUSHINA,ЦУМ,SS25 Круиз ЦУМ,FULL,FILE-082,Площадки,r111
CV-cb65303d29531c59,T-2873,Т-2873,Брюки с лампасом Y хаотичный,ЦУМ,Черный,,10.0,6538.727,4600.0,11138.726999999999,111387.26999999999,,,MERKUSHINA,ЦУМ,SS25 Круиз ЦУМ,FULL,FILE-082,Площадки,r118
CV-97723a173ac7e1e9,T-2928,Т-2928,Блузон капли,ЦУМ,Голубой,,7.0,9204.885714285714,10657.142857142857,19862.02857142857,139034.2,,,MERKUSHINA,ЦУМ,SS25 Круиз ЦУМ,FULL,FILE-082,Площадки,r125
CV-ea1a547774dcd79d,T-2873C,Т-2873С,Брюки без лампас капли,ЦУМ,Голубой,,7.0,6439.692857142857,5028.571428571428,11468.264285714286,80277.85,,,MERKUSHINA,ЦУМ,SS25 Круиз ЦУМ,FULL,FILE-082,Площадки,r132
CV-e8a32028c5680d73,T-2892,Т-2892,Жакет с карманами принт ГОРОХ,ЦУМ,Черный,,10.0,4227.974,11615.0,15842.974,158429.74,,,MERKUSHINA,ЦУМ,SS25 Круиз ЦУМ,FULL,FILE-082,Площадки,r139
CV-d6a0881634223252,T-2893,Т-2893,Брюки с кантом принт ГОРОХ,ЦУМ,Черный,,10.0,3349.9119999999994,4470.0,7819.911999999999,78199.12,,,MERKUSHINA,ЦУМ,SS25 Круиз ЦУМ,FULL,FILE-082,Площадки,r146
CV-8243bd83839bd62c,T-2804,Т-2804,Жакет с клевантами принт ГОРОХ,ЦУМ,Черный,,5.0,5024.438,12730.0,17754.438000000002,88772.19,,,MERKUSHINA,ЦУМ,SS25 Круиз ЦУМ,FULL,FILE-082,Площадки,r153
CV-b1c5ec83461aa1fa,T-2806,Т-2806,Брюки широкие принт ГОРОХ,ЦУМ,Черный,,6.0,3668.2983333333336,3925.0,7593.298333333334,45559.79000000001,,,MERKUSHINA,ЦУМ,SS25 Круиз ЦУМ,FULL,FILE-082,Площадки,r160
CV-22dc9cd75e6bf919,T-2805,Т-2805,Туника шифон принт ГОРОХ,ЦУМ,Черный,,5.0,4434.784000000001,8760.0,13194.784,65973.92,,,MERKUSHINA,ЦУМ,SS25 Круиз ЦУМ,FULL,FILE-082,Площадки,r167
CV-daeea2b77df224ec,T-2909,Т-2909,Брюки шелковые,ЦУМ,Розовый,,5.0,2269.6639999999998,4805.0,7074.664,35373.32,,,MERKUSHINA,ЦУМ,SS25 Круиз ЦУМ,FULL,FILE-082,Площадки,r174
CV-2842e34b4170ab60,T-2911,Т-2911,Пальто-халат сетка со стразами,ЦУМ,Розовый,,5.0,8084.75,11470.0,19554.75,97773.75,,,MERKUSHINA,ЦУМ,SS25 Круиз ЦУМ,FULL,FILE-082,Площадки,r181
CV-30dc1a0767b2c268,T-2910,Т-2910,Топ-майка сетка со стразами,ЦУМ,Розовый,,5.0,7799.928333333334,8050.0,15849.928333333333,79249.64166666666,,,MERKUSHINA,ЦУМ,SS25 Круиз ЦУМ,FULL,FILE-082,Площадки,r188
CV-f769c83e50862899,T-3108,Т-3108,Брюки сигаретки хб,ЦУМ,Белый,,7.0,2016.26375,9237.5,11253.76375,78776.34625,,,MERKUSHINA,ЦУМ,SS25 Круиз ЦУМ,FULL,FILE-082,Площадки,r195
CV-b3a35ab535a0b80f,T-2037E,T-2037E,Капри шелк,ЦУМ,Черный,,8.0,2760.5212500000002,5750.0,8510.52125,68084.17,,,MERKUSHINA,ЦУМ,SS25 Круиз ЦУМ,FULL,FILE-082,Площадки,r202
CV-36f1d6e620b9667b,T-2921,Т-2921,Шорты шелк,ЦУМ,Черный,,8.0,2141.7712500000002,3671.25,5813.02125,46504.17,,,MERKUSHINA,ЦУМ,SS25 Круиз ЦУМ,FULL,FILE-082,Площадки,r209
CV-38f7521da0252925,T-2037B,T-2037В,Капри цветы,ЦУМ,Голубой,,6.0,2800.8116666666665,5008.333333333333,7809.1449999999995,46854.869999999995,,,MERKUSHINA,ЦУМ,SS25 Круиз ЦУМ,FULL,FILE-082,Площадки,r216
CV-f5e11b1dfdd1b35b,T-2975,Т-2975,Шорты принт ЦВЕТЫ,ЦУМ,Голубой,,6.0,1084.1450000000002,3580.0,4664.145,27984.870000000003,,,MERKUSHINA,ЦУМ,SS25 Круиз ЦУМ,FULL,FILE-082,Площадки,r223
CV-3132d70548827b2b,T-2885,Т-2885,Халат накидка принт ЦВЕТЫ,ЦУМ,Розовый,,6.0,4717.011666666666,6583.333333333333,11300.345,67802.06999999999,,,MERKUSHINA,ЦУМ,SS25 Круиз ЦУМ,FULL,FILE-082,Площадки,r230
CV-9d09f1c64acf1b7a,T-2924,Т-2924,Пальто-халат шифон,ЦУМ,Черный,,7.0,5684.659999999999,13085.714285714286,18770.374285714286,131392.62,,,MERKUSHINA,ЦУМ,SS25 Круиз ЦУМ,FULL,FILE-082,Площадки,r237
CV-9c01fe23c1cfba8a,T-2923,Т-2923,Топ-майка сетка со стразами,ЦУМ,Черный,,7.0,7827.095714285714,7671.428571428572,15498.524285714286,108489.67,,,MERKUSHINA,ЦУМ,SS25 Круиз ЦУМ,FULL,FILE-082,Площадки,r244
CV-e492aca3d0c5ac46,T-2750C,T-2750С,Топ на бретелях шелк,ЦУМ,Мятный,,10.0,1567.3700000000001,3833.333,5400.703,54007.030000000006,,,MERKUSHINA,ЦУМ,SS25 Круиз ЦУМ,FULL,FILE-082,Площадки,r251
CV-a82832bc6ebc43a7,T-2750D,T-2750D,Топ на бретелях шелк,ЦУМ,Голубой,,8.0,1572.72,3841.66625,5414.3862500000005,43315.090000000004,,,MERKUSHINA,ЦУМ,SS25 Круиз ЦУМ,FULL,FILE-082,Площадки,r258
CV-98101a4547510f16,T-2750B,T-2750B/1,Топ на бретелях шелк,ЦУМ,Черный,,8.0,1519.97,3830.302727272727,5350.272727272727,42802.181818181816,,,MERKUSHINA,ЦУМ,SS25 Круиз ЦУМ,FULL,FILE-082,Площадки,r265
CV-2eedaab074bd1933,T-2861,Т-2861,Футболка принт La vie in Yanina,ЦУМ,Белый,,8.0,725.0577777777778,2823.6111111111113,3548.6688888888893,28389.351111111115,,,MERKUSHINA,ЦУМ,SS25 Круиз ЦУМ,FULL,FILE-082,Площадки,r272
CV-25fc020b020c9e68,T-2861A,Т-2861A,Футболка принт ДЕРЕВО,ЦУМ,Белый,,8.0,725.0577777777778,2334.722222222222,3059.7799999999997,24478.239999999998,,,MERKUSHINA,ЦУМ,SS25 Круиз ЦУМ,FULL,FILE-082,Площадки,r279
CV-533a511b61400aac,0-1672C,0-1672C/1,"Рубашка в белом цвете, новая надпись",В2В Пенза,Белый,,1.0,2070.666666666667,6012.5,8083.166666666667,8083.166666666667,,,MERKUSHINA,В2В Пенза,,FULL,FILE-082,Площадки,r287
CV-5c068dbb9d850dd0,0-1416,0-1416,"Брюки женские (джогеры), из стрейч бархата, с шелковым лампасом",В2В Пенза,Черный,,2.0,1571.46,4000.0,5571.46,11142.92,,,MERKUSHINA,В2В Пенза,,FULL,FILE-082,Площадки,r294
CV-6b6e801c06a0e1f5,0-3029,0-3029,Брюки шелковые  на резинке,В2В Пенза,Черный,,2.0,2557.4,3000.0,5557.4,11114.8,,,MERKUSHINA,В2В Пенза,,FULL,FILE-082,Площадки,r301
CV-0204ac74839eac3f,T-2984,Т-2984,Куртка черный/белый дубленка 100%,ЦУМ,черный/белый,,5.0,60550.558,16500.0,77050.55799999999,385252.7899999999,,,MERKUSHINA,ЦУМ,FW 25  ЦУМ,FULL,FILE-082,Площадки,r309
CV-b1b20c88bbd4d3a0,T-2985,T-2985,Юбка  из шифона  с аппликацией ЛИСТЬЯ,ЦУМ,черный,,6.0,9155.463333333333,12931.666666666666,22087.129999999997,132522.77999999997,,,MERKUSHINA,ЦУМ,FW 25  ЦУМ,FULL,FILE-082,Площадки,r316
CV-a5f356c971e0704e,T-2985A,T-2985А,Юбка  из шифона  с аппликацией ЛИСТЬЯ,ЦУМ,розовый,,4.0,9964.16,13233.75,23197.91,92791.64,,,MERKUSHINA,ЦУМ,FW 25  ЦУМ,FULL,FILE-082,Площадки,r323
CV-221adefdc4528208,T-3014B,Т-3014В,Свитер черный КАМНИ,ЦУМ,черный,,3.0,17627.0,9766.666666666666,27393.666666666664,82181.0,,,MERKUSHINA,ЦУМ,FW 25  ЦУМ,FULL,FILE-082,Площадки,r330
CV-a98653ae4b3fa3d8,T-3014A,Т-3014А,Свитер серый вышивка ФАНТАЗИЙНАЯ,ЦУМ,серый,,3.0,16680.0,0.0,16680.0,50040.0,,,MERKUSHINA,ЦУМ,FW 25  ЦУМ,FULL,FILE-082,Площадки,r337
CV-b00e483e0fc4e03b,T-3014C,Т-3014С,"Свитер розовый вышивка ГОРТЕНЗИИ 
100% кашемир",ЦУМ,розовый,,1.0,16680.0,0.0,16680.0,16680.0,,,MERKUSHINA,ЦУМ,FW 25  ЦУМ,FULL,FILE-082,Площадки,r344
CV-1504dae07902a3ff,T-3001,Т-3001,Куртка черная из шелкого бархата с вышивкой ЦВЕТЫ,ЦУМ,черный,,5.0,10240.933333333332,31241.666666666675,41482.600000000006,207413.00000000003,,,MERKUSHINA,ЦУМ,FW 25  ЦУМ,FULL,FILE-082,Площадки,r351
CV-81fe8cc869a99a86,T-2604,Т-2604,Юбка черный стрейч-бархат,ЦУМ,черный,,9.0,1079.8229999999999,4665.0,5744.823,51703.40700000001,,,MERKUSHINA,ЦУМ,FW 25  ЦУМ,FULL,FILE-082,Площадки,r358
CV-5c070376b8617f11,T-2604A,Т-2604А,Юбка Леопард из джерси,ЦУМ,леопард,,5.0,1234.7179999999998,7100.0,8334.718,41673.590000000004,,,MERKUSHINA,ЦУМ,FW 25  ЦУМ,FULL,FILE-082,Площадки,r365
CV-b19b3c22301308c0,T-3013,Т-3013,Жакет Леопард из джерси,ЦУМ,леопард,,4.0,5058.28,15637.5,20695.78,82783.12,,,MERKUSHINA,ЦУМ,FW 25  ЦУМ,FULL,FILE-082,Площадки,r372
CV-34ee12d922842361,T-2987,Т-2987,Жакет черный кожаный со съемным бантом,ЦУМ,черный,,2.0,16152.573333333334,18233.333333333332,34385.90666666666,68771.81333333332,,,MERKUSHINA,ЦУМ,FW 25  ЦУМ,FULL,FILE-082,Площадки,r379
CV-38b8caf780b66541,T-2988,Т-2988,Брюки черные 100% шерсть,ЦУМ,черный,,5.0,6966.951666666668,8883.333333333332,15850.285,79251.425,,,MERKUSHINA,ЦУМ,FW 25  ЦУМ,FULL,FILE-082,Площадки,r386
CV-e8876ed9a8449317,T-3023,Т-3023,Платье черное мини из шелкового бархата с кружевом и аппликацией ЦВЕТЫ,ЦУМ,черный,,3.0,6379.565,22937.5,29317.065,87951.19499999999,,,MERKUSHINA,ЦУМ,FW 25  ЦУМ,FULL,FILE-082,Площадки,r393
CV-15b95167298bbc28,T-2381,Т-2381,Блуза-топ черный из шелка на бретельках,ЦУМ,черный,,9.0,1570.0677777777776,3800.0,5370.067777777777,48330.60999999999,,,MERKUSHINA,ЦУМ,FW 25  ЦУМ,FULL,FILE-082,Площадки,r400
CV-5085823621dc7e2f,T-3062,Т-3062,Блуза-топ черный из шелка без рукавов,ЦУМ,черный,,12.0,1843.1523076923077,4704.615384615386,6547.767692307693,78573.21230769232,,,MERKUSHINA,ЦУМ,FW 25  ЦУМ,FULL,FILE-082,Площадки,r407
CV-a852d3e21511801d,T-2470,Т-2470,Юбка футер черный,ЦУМ,Черный,,2.0,2079.383333333333,5250.0,7329.383333333333,14658.766666666666,,,MERKUSHINA,ЦУМ,Допзаказ трикотаж 25  ЦУМ,FULL,FILE-082,Площадки,r415
CV-e66f275349def41d,T-2472,Т-2472,Брюки футер черный,ЦУМ,Черный,,4.0,1935.6333333333332,5250.0,7185.633333333333,28742.533333333333,,,MERKUSHINA,ЦУМ,Допзаказ трикотаж 25  ЦУМ,FULL,FILE-082,Площадки,r422
CV-272c379602366dcc,T-1418,Т-1418,Пуловер стрейч-бархат черный,ЦУМ,Черный,,2.0,2644.0,3800.0,6444.0,12888.0,,,MERKUSHINA,ЦУМ,Допзаказ трикотаж 25  ЦУМ,FULL,FILE-082,Площадки,r429
CV-ad40dd546c016603,T-2359,Т-2359,"Пуловер сердце
черный",ЦУМ,Черный,,2.0,2072.368888888889,3933.333333333333,6005.702222222222,12011.404444444444,,,MERKUSHINA,ЦУМ,Допзаказ трикотаж 25  ЦУМ,FULL,FILE-082,Площадки,r436
CV-a51871a4cab39073,T-2359A,Т-2359А,"Пуловер дерево
черный",ЦУМ,Черный,,3.0,2380.28,4650.0,7030.280000000001,21090.840000000004,,,MERKUSHINA,ЦУМ,Допзаказ трикотаж 25  ЦУМ,FULL,FILE-082,Площадки,r443
CV-bc48d74829029943,T-2703,Т-2703,Блузка шелковая с вышивкой,ЦУМ,Черный,,1.0,6434.833333333333,15700.0,22134.833333333332,22134.833333333332,,,MERKUSHINA,ЦУМ,Допзаказ трикотаж 25  ЦУМ,FULL,FILE-082,Площадки,r450
CV-3a3d02e468756ff3,T-3090,Т-3090,"Накидка из черной тафтына подкладке, с вышивкой на рукавах и отделкой мехом (норка)",ЦУМ,Черный,,4.0,25558.9925,40625.0,66183.9925,264735.97,,,MERKUSHINA,ЦУМ,NY 25  ЦУМ,FULL,FILE-082,Площадки,r458
CV-9e10294deda575ab,T-3102,Т-3102,"Пальто из темно-синего шелкового бархата на
шелковой подкладке фуксия с вышитыми рукавами и
перьями на ленте",ЦУМ,Темно - синий,,2.0,16415.186666666665,21033.333333333336,37448.520000000004,74897.04000000001,,,MERKUSHINA,ЦУМ,NY 25  ЦУМ,FULL,FILE-082,Площадки,r465
CV-ef35f6b857d8b3cd,T-3187A,Т-3187А,Платье миди темно-синий стрейч бархат В ТОН ПАЛЬТО 0-3102,ЦУМ,Темно - синий,,4.0,8524.55,13937.5,22462.05,89848.2,,,MERKUSHINA,ЦУМ,NY 25  ЦУМ,FULL,FILE-082,Площадки,r472
CV-a03f348759945d67,T-3086,Т-3086,"Накидка на синтепоне, из
черного шелкового бархата с вышивкой",ЦУМ,Черный,,3.0,9176.566666666668,17751.533333333333,26928.1,80784.29999999999,,,MERKUSHINA,ЦУМ,NY 25  ЦУМ,FULL,FILE-082,Площадки,r479
CV-2e029e9b92aacc87,T-3079,Т-3079,Платье длинное из черного стрейч бархата,ЦУМ,Черный,,3.0,11571.705,22625.0,34196.705,102590.115,,,MERKUSHINA,ЦУМ,NY 25  ЦУМ,FULL,FILE-082,Площадки,r486
CV-fe65ec683c31a92e,T-3092A,Т-3092А,"Накидка с прорезями для рук, из черного х/б бархата с вышивкой и бахромой",ЦУМ,Черный,,7.0,7237.68125,20802.760000000002,28040.441250000003,196283.08875000002,,,MERKUSHINA,ЦУМ,NY 25  ЦУМ,FULL,FILE-082,Площадки,r493
CV-228527a2e28c206d,T-3091D,Т-3091D,"Топ без рукавов, кокетка- черная сетка, основа-
бисерная ткань",ЦУМ,Черный,,6.0,2522.542857142857,8357.142857142857,10879.685714285713,65278.114285714284,,,MERKUSHINA,ЦУМ,NY 25  ЦУМ,FULL,FILE-082,Площадки,r500
CV-75562f6092bb2db2,T-3186,Т-3186,Юбка длинная из черного стрейч бархата,ЦУМ,Черный,,6.0,1684.0183333333334,5516.666666666667,7200.685,43204.11,,,MERKUSHINA,ЦУМ,NY 25  ЦУМ,FULL,FILE-082,Площадки,r507
CV-4d10f7fa0dcdd406,T-3088,Т-3088,Кейп из черного шелкового бархата,ЦУМ,Черный,,4.0,16417.9,12000.0,28417.9,113671.6,,,MERKUSHINA,ЦУМ,NY 25  ЦУМ,FULL,FILE-082,Площадки,r514
CV-f5d578c2a293eb31,T-3049,Т-3049,"Бомбер с вышивкой, из
черного стрейч бархата",ЦУМ,Черный,,4.0,4726.255,12312.5,17038.755,68155.02,,,MERKUSHINA,ЦУМ,NY 25  ЦУМ,FULL,FILE-082,Площадки,r521
CV-bbb24602d5dce400,T-3092B,Т-3092В,"Накидка с вышивкой и бахромой, из голубого стрейч бархата 6-048",ЦУМ,Голубой,,8.0,6338.64875,34885.025,41223.67375,329789.39,,,MERKUSHINA,ЦУМ,NY 25  ЦУМ,FULL,FILE-082,Площадки,r528
CV-eda5076beef2aca3,T-3187,Т-3187,Платье миди из голубого стрейч бархата 6-048,ЦУМ,Голубой,,6.0,7850.929999999999,15964.285714285712,23815.21571428571,142891.29428571428,,,MERKUSHINA,ЦУМ,NY 25  ЦУМ,FULL,FILE-082,Площадки,r535
CV-47f172b170f74d7d,T-2985,Т-2985,Юбка из шифона на шелковом подкладе. Вышивка лепестки,ЦУМ,Черный,,1.0,12777.380000000001,12550.0,25327.38,25327.38,,,MERKUSHINA,ЦУМ,Дошив FW  ЦУМ 2025,FULL,FILE-082,Площадки,r543
CV-25a5603ab51c4fa6,T-2985,Т-2985/1,Юбка из шифона на шелковом подкладе. Вышивка лепестки,ЦУМ,Розовый,,1.0,13109.64,12550.0,25659.64,25659.64,,,MERKUSHINA,ЦУМ,Дошив FW  ЦУМ 2025,FULL,FILE-082,Площадки,r550
CV-716fe17c28d4853e,T-2472,Т-2472,Брюки футер с принтом,ЦУМ,Черный,,2.0,1811.375,5250.0,7061.375,14122.75,,,MERKUSHINA,ЦУМ,Дошив FW  ЦУМ 2025,FULL,FILE-082,Площадки,r557
CV-358a5d0b6db8d98a,T-3001,Т-3001,Куртка из шелкового бархата с расшитыми рукавами,ЦУМ,Черный,,2.0,9212.675,35800.0,45012.675,90025.35,,,MERKUSHINA,ЦУМ,Дошив FW  ЦУМ 2025,FULL,FILE-082,Площадки,r564
CV-a73f663d10840f6a,T-3014B,Т-3014В,Свитер кашемировый черный с расшитыми рукавами,ЦУМ,Черный,,1.0,49950.0,6600.0,56550.0,56550.0,,,MERKUSHINA,ЦУМ,Дошив FW  ЦУМ 2025,FULL,FILE-082,Площадки,r571
CV-d69e9d282dbf24b7,T-2988,Т-2988,Брюки палаццо из тонкой шерсти,ЦУМ,Черный,,2.0,3407.9849999999997,5500.0,8907.985,17815.97,,,MERKUSHINA,ЦУМ,Дошив FW  ЦУМ 2025,FULL,FILE-082,Площадки,r578
CV-2998d7ac89cf1f32,T-3168A,Т-3168A,"рубашка, батист с авторским принтом ""горох""",ЦУМ,Белый,,10.0,3184.2969230769236,5538.461538461538,8722.758461538462,87227.58461538462,,,MERKUSHINA,ЦУМ,SS 26  Круиз ЦУМ,FULL,FILE-082,Площадки,r586
CV-3b8657eb9fc8ede9,T-3168B,Т-3168B,"рубашка длинная, батист с авторским принтом ""горох""",ЦУМ,Розовый,,7.0,3233.761,4800.0,8033.761,56236.327000000005,,,MERKUSHINA,ЦУМ,SS 26  Круиз ЦУМ,FULL,FILE-082,Площадки,r593
CV-2b0cdb2c99f8fbe1,T-3168,Т-3168,"рубашка, батист с авторским принтом ""перец""",ЦУМ,Белый,,10.0,3284.714615384615,5538.461538461538,8823.176153846154,88231.76153846155,,,MERKUSHINA,ЦУМ,SS 26  Круиз ЦУМ,FULL,FILE-082,Площадки,r600
CV-848b04bf193c8613,T-3152B,Т-3152B,"кафтан длинный, с вышивкой ""папайя"", батист с авторским принтом ""папайя""",ЦУМ,Светло-голубой,,12.0,4853.5199999999995,5900.0,10753.52,129042.24,,,MERKUSHINA,ЦУМ,SS 26  Круиз ЦУМ,FULL,FILE-082,Площадки,r607
CV-91082a663288bfc5,T-3152A,Т-3152A,"кафтан длинный, с вышивкой ""перец"", батист с авторским принтом ""перец""",ЦУМ,Белый,,10.0,5225.331666666666,5214.0,10439.331666666665,104393.31666666665,,,MERKUSHINA,ЦУМ,SS 26  Круиз ЦУМ,FULL,FILE-082,Площадки,r614
CV-bd1a1b96c8559d82,T-3152,T-3152,"кафтан длинный, батист с авторским принтом ""горох""",ЦУМ,Розовый,,5.0,5037.397500000001,5349.0,10386.397500000001,51931.9875,,,MERKUSHINA,ЦУМ,SS 26  Круиз ЦУМ,FULL,FILE-082,Площадки,r621
CV-0f28a0c6544544e8,T-3133A,Т-3133А,"платье мини, без рукавов, батист с авторским принтом ""горох""",ЦУМ,Черный,,7.0,2262.11125,4893.75,7155.86125,50091.02875,,,MERKUSHINA,ЦУМ,SS 26  Круиз ЦУМ,FULL,FILE-082,Площадки,r628
CV-005705dea4b7b0d6,T-3156D,Т-3156D,"брюки укороченные, батист с авторским принтом ""горох""",ЦУМ,Черный,,7.0,1818.75625,3562.5,5381.25625,37668.793750000004,,,MERKUSHINA,ЦУМ,SS 26  Круиз ЦУМ,FULL,FILE-082,Площадки,r635
CV-c7bb460b3ed062af,T-3133C,Т-3133C,"платье мини, с рукавом, батист с авторским принтом ""горох""",ЦУМ,Голубой,,6.0,1897.7683333333332,4625.0,6522.768333333333,39136.61,,,MERKUSHINA,ЦУМ,SS 26  Круиз ЦУМ,FULL,FILE-082,Площадки,r642
CV-4920d82cce7857a9,T-3134C,Т-3134C,"шорты, батист с авторским принтом ""горох""
без отделки полосой",ЦУМ,Голубой,,6.0,1062.8283333333334,1666.6666666666667,2729.495,16376.97,,,MERKUSHINA,ЦУМ,SS 26  Круиз ЦУМ,FULL,FILE-082,Площадки,r649
CV-d0c48f57af6c5311,T-3156,Т-3156,"брюки укороченные, батист с авторским принтом ""горох""",ЦУМ,Белый,,10.0,1892.5899999999997,3541.6666666666665,5434.256666666666,54342.566666666666,,,MERKUSHINA,ЦУМ,SS 26  Круиз ЦУМ,FULL,FILE-082,Площадки,r656
CV-e395ca42c7764c81,T-3109B,Т-3109B,"туника на пугвицах, без рукавов, белый шифон с авторским принтом микс",ЦУМ,Белый,,8.0,4940.0922222222225,7000.0,11940.092222222222,95520.73777777777,,,MERKUSHINA,ЦУМ,SS 26  Круиз ЦУМ,FULL,FILE-082,Площадки,r663
CV-b866d036fc6eaff7,T-3110B,Т-3110B,"брюки широкие, белый шелк с авторским принтом микс",ЦУМ,Белый,,8.0,6753.846666666666,3000.0,9753.846666666666,78030.77333333333,,,MERKUSHINA,ЦУМ,SS 26  Круиз ЦУМ,FULL,FILE-082,Площадки,r670
CV-74d77877b1c0407b,T-3109,Т-3109,"туника на пугвицах, без рукавов, голубой шифон с авторским принтом микс",ЦУМ,Голубой,,8.0,5262.8533333333335,7000.0,12262.853333333333,98102.82666666666,,,MERKUSHINA,ЦУМ,SS 26  Круиз ЦУМ,FULL,FILE-082,Площадки,r677
CV-51f5a062b033fb6d,T-3110,Т-3110,"брюки широкие, голубой шелк с авторским принтом микс",ЦУМ,Голубой,,8.0,3351.5644444444447,3000.0,6351.564444444444,50812.515555555554,,,MERKUSHINA,ЦУМ,SS 26  Круиз ЦУМ,FULL,FILE-082,Площадки,r684
CV-a405377fa75c69b1,T-3118A,Т-3118A,"кафтан длинный, с воротником, темно-синий шелк с авторским принтом грибы",ЦУМ,Темно-синий,,4.0,10723.83,7518.75,18242.58,72970.32,,,MERKUSHINA,ЦУМ,SS 26  Круиз ЦУМ,FULL,FILE-082,Площадки,r691
CV-7526412fbdc189db,T-3137A,Т-3137A,"пальто-кимоно, черный шелк с авторским принтом белые ласточки",ЦУМ,Черный,,10.0,9812.339166666668,6125.0,15937.339166666668,159373.3916666667,,,MERKUSHINA,ЦУМ,SS 26  Круиз ЦУМ,FULL,FILE-082,Площадки,r698
CV-0a9c3dddd42d0944,T-3136A,Т-3136A,"брюки широкие, с лампасами, черный шелк с авторским принтом белые ласточки",ЦУМ,Черный,,16.0,6377.1355555555565,3500.0,9877.135555555556,158034.1688888889,,,MERKUSHINA,ЦУМ,SS 26  Круиз ЦУМ,FULL,FILE-082,Площадки,r705
CV-bc3eb191d8750a94,T-3140A,Т-3140A,"платье длинное, свободного кроя, с рукавами, с вышитыми объемными бабочками на полочке, белый шифон с авторским принтом черные листья",ЦУМ,Белый,,10.0,16731.05909090909,21485.664545454543,38216.72363636363,382167.23636363633,,,MERKUSHINA,ЦУМ,SS 26  Круиз ЦУМ,FULL,FILE-082,Площадки,r712
CV-d172602246deddca,T-3140,Т-3140,"платье длинное, свободного кроя, с рукавами, с вышитыми объемными бабочками на полочке, черный шифон с авторским принтом белые листья",ЦУМ,Черный,,12.0,18384.69230769231,24450.23076923077,42834.92307692308,514019.07692307694,,,MERKUSHINA,ЦУМ,SS 26  Круиз ЦУМ,FULL,FILE-082,Площадки,r719
CV-ca33d19b12707eb8,T-3178,Т-3178,"майка с вышивкой ""перец"", белый хлопок",ЦУМ,Белый,,20.0,980.2153846153846,673.0,1653.2153846153847,33064.307692307695,,,MERKUSHINA,ЦУМ,SS 26  Круиз ЦУМ,FULL,FILE-082,Площадки,r726
CV-0357b6a534067ad2,T-3179A,Т-3179A,"футболка с вышивкой ""горох"", белый хлопок",ЦУМ,Белый,,10.0,1303.96,2109.0,3412.96,34129.6,,,MERKUSHINA,ЦУМ,SS 26  Круиз ЦУМ,FULL,FILE-082,Площадки,r733
CV-19766869011bb8da,T-3179,Т-3179,"футболка с вышивкой ""папайя"", черных хлопок",ЦУМ,Черный,,12.0,1298.348888888889,3762.0,5060.348888888889,60724.18666666666,,,MERKUSHINA,ЦУМ,SS 26  Круиз ЦУМ,FULL,FILE-082,Площадки,r740
CV-c4c9272772182c3f,T-3122,Т-3122,"блузон длинный, с рукавами, синий шелк с авторским принтом девочки",ЦУМ,Синий,,6.0,5465.2871428571425,8235.714285714286,13701.001428571428,82206.00857142857,,,MERKUSHINA,ЦУМ,SS 26  Круиз ЦУМ,FULL,FILE-082,Площадки,r747
CV-4c8f25bb5b6644d1,T-3069B,Т-3069В,"топ на тонких бретельках, шелк",ЦУМ,Голубой (Бирюза),,8.0,2346.6,3000.0,5346.6,42772.8,,,MERKUSHINA,ЦУМ,SS 26  Круиз ЦУМ,FULL,FILE-082,Площадки,r754
CV-807dd46c1e25a455,T-3069A,Т-3069А,"топ на тонких бретельках, шелк",ЦУМ,Белый,,10.0,3126.7638461538468,3846.153846153846,6972.917692307693,69729.17692307693,,,MERKUSHINA,ЦУМ,SS 26  Круиз ЦУМ,FULL,FILE-082,Площадки,r761
CV-b0869efaf6f4edab,T-3120A,Т-3120А,Платье с принтом девочки,ЦУМ,Синий,,6.0,9259.08625,9562.5,18821.58625,112929.5175,,,MERKUSHINA,ЦУМ,SS 26  Круиз ЦУМ,FULL,FILE-082,Площадки,r768
CV-34c1a5d1e17d3c1b,T-3194B,Т-3194В,Палантин с вышивкой решелье,ЦУМ,Черный,,2.0,0.0,0.0,0.0,0.0,,,MERKUSHINA,ЦУМ,FW 26-27 Осень-зима ЦУМ,FULL,FILE-082,Площадки,r776
CV-1c955bb98176369a,T-2671A,Т-2671А,Блузка из шифона с кружевом,ЦУМ,Белый,,1.0,0.0,0.0,0.0,0.0,,,MERKUSHINA,ЦУМ,FW 26-27 Осень-зима ЦУМ,FULL,FILE-082,Площадки,r783
CV-a032ffa646dbcc35,T-3292,Т-3292,Платье,ЦУМ,Черный,,2.0,0.0,0.0,0.0,0.0,,,MERKUSHINA,ЦУМ,FW 26-27 Осень-зима ЦУМ,FULL,FILE-082,Площадки,r790
CV-6198f0b22192b300,T-3292A,Т-3292А,Платье,ЦУМ,Черный,,2.0,0.0,0.0,0.0,0.0,,,MERKUSHINA,ЦУМ,FW 26-27 Осень-зима ЦУМ,FULL,FILE-082,Площадки,r797
CV-5c211bc5d82eecf0,T-3274,Т-3274,Жакет с вышивкой,ЦУМ,Черный,,2.0,0.0,0.0,0.0,0.0,,,MERKUSHINA,ЦУМ,FW 26-27 Осень-зима ЦУМ,FULL,FILE-082,Площадки,r804
CV-0c0a27cd5a479679,T-3271A,Т-3271А,Жакет с вышивкой решелье,ЦУМ,Черный,,2.0,0.0,0.0,0.0,0.0,,,MERKUSHINA,ЦУМ,FW 26-27 Осень-зима ЦУМ,FULL,FILE-082,Площадки,r811
CV-248790707b663b9c,T-3196,Т-3196,Куртка с настроченными вышитыми цветами,ЦУМ,Серый,,2.0,0.0,0.0,0.0,0.0,,,MERKUSHINA,ЦУМ,FW 26-27 Осень-зима ЦУМ,FULL,FILE-082,Площадки,r818
CV-39bdcc037a310973,T-3229,Т-3229,Жакет из бархата с вышивкой,ЦУМ,Черный,,2.0,0.0,0.0,0.0,0.0,,,MERKUSHINA,ЦУМ,FW 26-27 Осень-зима ЦУМ,FULL,FILE-082,Площадки,r825
CV-4e02a2703e10146d,T-3276A,Т-3276А,Блузка розовая с вышивкой как у синего,ЦУМ,Розовый,,2.0,0.0,0.0,0.0,0.0,,,MERKUSHINA,ЦУМ,FW 26-27 Осень-зима ЦУМ,FULL,FILE-082,Площадки,r832
CV-b8526c5a37493309,T-3232,Т-3232,Блузка черная с вышивкой как у синего,ЦУМ,Черный,,3.0,0.0,0.0,0.0,0.0,,,MERKUSHINA,ЦУМ,FW 26-27 Осень-зима ЦУМ,FULL,FILE-082,Площадки,r839
CV-0b76b6a91b010291,T-3200,Т-3200,Пальто с норкой и вышивкой,ЦУМ,Черный,,1.0,0.0,0.0,0.0,0.0,,,MERKUSHINA,ЦУМ,FW 26-27 Осень-зима ЦУМ,FULL,FILE-082,Площадки,r846
CV-9e645952300c71f0,T-3205,Т-3205,Куртка с мехом и вышивкой,ЦУМ,Черный,,1.0,0.0,0.0,0.0,0.0,,,MERKUSHINA,ЦУМ,FW 26-27 Осень-зима ЦУМ,FULL,FILE-082,Площадки,r853
CV-c6bc793d4ffdf0a6,T-3202,Т-3202,Куртка с мехом и вышивкой,ЦУМ,Серый,,1.0,0.0,0.0,0.0,0.0,,,MERKUSHINA,ЦУМ,FW 26-27 Осень-зима ЦУМ,FULL,FILE-082,Площадки,r860
CV-0f38fb946c9b2d0e,T-3275,Т-3275,Брюки палаццо,ЦУМ,Черный,,2.0,0.0,0.0,0.0,0.0,,,MERKUSHINA,ЦУМ,FW 26-27 Осень-зима ЦУМ,FULL,FILE-082,Площадки,r867
CV-ced3b0be9b1b6703,T-3230,Т-3230,Брюки палаццо,ЦУМ,Черный,,2.0,0.0,0.0,0.0,0.0,,,MERKUSHINA,ЦУМ,FW 26-27 Осень-зима ЦУМ,FULL,FILE-082,Площадки,r874
CV-0d94d9b24c7ec7c2,T-3272,Т-3272,Юбка,ЦУМ,Черный,,2.0,0.0,0.0,0.0,0.0,,,MERKUSHINA,ЦУМ,FW 26-27 Осень-зима ЦУМ,FULL,FILE-082,Площадки,r881
CV-7226a0a299cd39dc,T-3197,Т-3197,Юбка с вышивкой,ЦУМ,Серый,,2.0,0.0,0.0,0.0,0.0,,,MERKUSHINA,ЦУМ,FW 26-27 Осень-зима ЦУМ,FULL,FILE-082,Площадки,r888
CV-194c00742eee0447,T-3258,Т-3258,Юбка с вышивкой,ЦУМ,Розовый,,2.0,0.0,0.0,0.0,0.0,,,MERKUSHINA,ЦУМ,FW 26-27 Осень-зима ЦУМ,FULL,FILE-082,Площадки,r895
CV-4f28c9346398b658,T-3233,Т-3233,Юбка с вышивкой,ЦУМ,Черный,,3.0,0.0,0.0,0.0,0.0,,,MERKUSHINA,ЦУМ,FW 26-27 Осень-зима ЦУМ,FULL,FILE-082,Площадки,r902
CV-5e38fe90e69eaada,T-3296,Т-3296,Платье,ЦУМ,Черный,,3.0,0.0,0.0,0.0,0.0,,,MERKUSHINA,ЦУМ,NY Новый год  2026-27 ЦУМ,FULL,FILE-082,Площадки,r910
CV-18993395465d1be9,T-3297,Т-3297,Платье,ЦУМ,Черный,,2.0,0.0,0.0,0.0,0.0,,,MERKUSHINA,ЦУМ,NY Новый год  2026-27 ЦУМ,FULL,FILE-082,Площадки,r917
CV-54d3022dcb0c92a1,T-3307A,Т-3307А,Платье,ЦУМ,Черный,,3.0,0.0,0.0,0.0,0.0,,,MERKUSHINA,ЦУМ,NY Новый год  2026-27 ЦУМ,FULL,FILE-082,Площадки,r924
CV-db15c01c3648960a,T-0000,Т-0000,,ЦУМ,цвет,,1.0,0.0,0.0,0.0,0.0,,,MERKUSHINA,ЦУМ,SS 27 Круиз ЦУМ,FULL,FILE-082,Площадки,r932
CV-3c989e0c4e6c8fe3,T-2792,Т-2792,Платье из шифона,ИМ,Белый в черный горох,,1.0,20620.93666666667,17862.5,38483.43666666667,38483.43666666667,,,MERKUSHINA,ИМ,SS25 Круиз ЦУМ,FULL,FILE-082,ИМ,r4
CV-7258937db8944a1f,T-2865A,Т-2865A,Платье из батиста,ИМ,Черный в белый горох,,1.0,11115.83375,24493.75,35609.58375,35609.58375,,,MERKUSHINA,ИМ,SS25 Круиз ЦУМ,FULL,FILE-082,ИМ,r11
CV-2ed79642d5c2151f,T-2973A,Т-2973А,Рубашка с вышивка на кармане,ИМ,Розовый,,1.0,1447.318888888889,4530.296666666666,5977.615555555555,5977.615555555555,,,MERKUSHINA,ИМ,SS25 Круиз ЦУМ,FULL,FILE-082,ИМ,r18
CV-91cd39188482000e,T-2862,Т-2862,Рубашка дерево,ИМ,Белый,,2.0,3168.6070000000004,6265.0,9433.607,18867.214,,,MERKUSHINA,ИМ,SS25 Круиз ЦУМ,FULL,FILE-082,ИМ,r25
CV-6532ca9b42173557,T-2871A,Т-2871А,Блузка с завязками,ИМ,Белый,,1.0,1657.3275,3878.125,5535.4525,5535.4525,,,MERKUSHINA,ИМ,SS25 Круиз ЦУМ,FULL,FILE-082,ИМ,r32
CV-ba5916825d6ff890,T-2910,Т-2910,Топ-майка сетка со стразами,ИМ,Розовый,,1.0,7799.928333333333,8050.0,15849.928333333333,15849.928333333333,,,MERKUSHINA,ИМ,SS25 Круиз ЦУМ,FULL,FILE-082,ИМ,r39
CV-5e0bf454f10691f7,T-3108,Т-3108,Брюки сигаретки хб,ИМ,Белый,,1.0,2016.26375,9237.5,11253.76375,11253.76375,,,MERKUSHINA,ИМ,SS25 Круиз ЦУМ,FULL,FILE-082,ИМ,r46
CV-a93f068963df2d47,T-2750E,T-2750E,Топ на бретелях шелк,ИМ,Черный,,3.0,1519.97,3830.302727272727,5350.272727272727,16050.81818181818,,,MERKUSHINA,ИМ,SS25 Круиз ЦУМ,FULL,FILE-082,ИМ,r53
CV-b770b3bc5af24922,T-2861,Т-2861,Футболка принт La vie in Yanina,ИМ,Белый,,1.0,725.0577777777778,2823.6111111111113,3548.6688888888893,3548.6688888888893,,,MERKUSHINA,ИМ,SS25 Круиз ЦУМ,FULL,FILE-082,ИМ,r60
CV-73ee1b605c2be214,T-2861A,Т-2861A,Футболка принт ДЕРЕВО,ИМ,Белый,,1.0,725.0577777777778,2334.722222222222,3059.7799999999997,3059.7799999999997,,,MERKUSHINA,ИМ,SS25 Круиз ЦУМ,FULL,FILE-082,ИМ,r67
CV-11e8e88693136cef,T-2234,Т-2234,Платье - балон,ИМ,Черный,,3.0,6400.216666666667,6800.0,13200.216666666667,39600.65,,,MERKUSHINA,ИМ,,FULL,FILE-082,ИМ,r75
CV-6396b58ddf553317,T-2234A,Т-2234 А,Платье - балон,ИМ,Белый,,2.0,6399.05,6800.0,13199.05,26398.1,,,MERKUSHINA,ИМ,,FULL,FILE-082,ИМ,r82
CV-35b0538f70e16c2d,T-1672F,Т-1672F,"Рубашка в белом цвете, новая надпись",ИМ,Белый,,5.0,2070.666666666667,6012.5,8083.166666666667,40415.833333333336,,,MERKUSHINA,ИМ,,FULL,FILE-082,ИМ,r89
CV-1e78add918f7149e,T-1672F,Т-1672F/1,"Рубашка в черном цвете, новая надпись",ИМ,Черный,,6.0,2070.6666666666665,6012.5,8083.166666666666,48499.0,,,MERKUSHINA,ИМ,,FULL,FILE-082,ИМ,r96
CV-ebd04cd95ff4da3e,T-2754A,T-2754А,Платье комбинация,ИМ,Черный,,2.0,8974.42,5000.0,13974.42,27948.84,,,MERKUSHINA,ИМ,,FULL,FILE-082,ИМ,r103
CV-4900fb76ab714e75,T-2703,Т-2703,Блузка шелковая с вышивкой,ИМ,Черный,,2.0,5026.5,15700.0,20726.5,41453.0,,,MERKUSHINA,ИМ,,FULL,FILE-082,ИМ,r110
CV-66a412687eb33216,T-2673,Т-2673,Блузка бархатная с вышивкой,ИМ,Черный,,2.0,2935.885,13500.0,16435.885000000002,32871.770000000004,,,MERKUSHINA,ИМ,,FULL,FILE-082,ИМ,r117
CV-235cadbb73f8be91,O-3208A,О-3208А,Свитшот бархатный,ИМ,Черный,,6.0,2377.7400000000002,4647.5,7025.24,42151.44,,,MERKUSHINA,ИМ,лето 2025,FULL,FILE-082,ИМ,r124
CV-852861b942b5ad45,O-3209A,О-3209А,Брюки бархатные,ИМ,Черный,,6.0,2428.515,4970.833333333333,7399.348333333333,44396.09,,,MERKUSHINA,ИМ,лето 2025,FULL,FILE-082,ИМ,r131
CV-1be5045827ab3797,O-3208B,О-3208В,Свитшот бархатный,ИМ,Коричневый,,6.0,2342.806666666667,4030.8333333333335,6373.64,38241.840000000004,,,MERKUSHINA,ИМ,лето 2025,FULL,FILE-082,ИМ,r138
CV-8c48597f8b75d02b,O-3209B,О-3209В,Брюки бархатные,ИМ,Коричневый,,6.0,1410.368333333333,4387.5,5797.868333333333,34787.21,,,MERKUSHINA,ИМ,лето 2025,FULL,FILE-082,ИМ,r145
CV-81f7fe11b3c74f86,T-1418,Т-1418,Пуловер бархат,ИМ,Черный,,6.0,2645.52,3800.0,6445.52,38673.12,,,MERKUSHINA,ИМ,,FULL,FILE-082,ИМ,r153
CV-408bde5b814ddf24,T-1416,Т-1416,Брюки джогеры,ИМ,Черный,,6.0,1425.78,4000.0,5425.78,32554.68,,,MERKUSHINA,ИМ,,FULL,FILE-082,ИМ,r160
CV-e2d33296217bbf69,0-2600,0-2600,Брюки,ИМ,Черный,,2.0,1220.0,3000.0,4220.0,8440.0,,,MERKUSHINA,ИМ,,FULL,FILE-082,ИМ,r167
CV-e3b9cbd322e1bbeb,0-2600A,0-2600 А,Брюки,ИМ,Коричневый,,1.0,1220.0,3000.0,4220.0,4220.0,,,MERKUSHINA,ИМ,,FULL,FILE-082,ИМ,r174
CV-e8da735c92a77fbd,T-2949,Т-2949,Платье с вышивкой ласточка,ИМ,Черный,,1.0,15732.15,15500.0,31232.15,31232.15,,,MERKUSHINA,ИМ,,FULL,FILE-082,ИМ,r181
CV-1e65cc72dc5e2f38,0-2455A,0-2455 А,Юбка сетка с принтом,ИМ,Черный,,1.0,8038.0,5000.0,13038.0,13038.0,,,MERKUSHINA,ИМ,,FULL,FILE-082,ИМ,r188
CV-cf865e01fbbf7494,0-1178,0-1178,Пальто - халат,ИМ,Черный,,1.0,1750.0,6500.0,8250.0,8250.0,,,MERKUSHINA,ИМ,,FULL,FILE-082,ИМ,r195
CV-c74c930454118126,T-2873,Т-2873,Брюки с лампасом Y хаотичный,ИМ,Черный,,1.0,6538.726999999999,4000.0,10538.726999999999,10538.726999999999,,,MERKUSHINA,ИМ,SS25 Круиз ЦУМ,FULL,FILE-082,ИМ,r202
CV-17727c8c6f270cb9,T-3062,Т-3062,Блуза-топ черный из шелка без рукавов,ИМ,Черный,,1.0,1843.1523076923077,4704.615384615385,6547.767692307692,6547.767692307692,,,MERKUSHINA,ИМ,FW 25 ЦУМ,FULL,FILE-082,ИМ,r210
CV-96e873b6e935a7aa,T-2988,Т-2988,Брюки черные 100% шерсть,ИМ,Черный,,1.0,6966.951666666668,8883.333333333332,15850.285,15850.285,,,MERKUSHINA,ИМ,FW 25 ЦУМ,FULL,FILE-082,ИМ,r217
CV-38706bf3982ae19d,T-2604,Т-2604,Юбка черный стрейч бархат,ИМ,Черный,,1.0,1079.8229999999999,4665.0,5744.823,5744.823,,,MERKUSHINA,ИМ,FW 25 ЦУМ,FULL,FILE-082,ИМ,r224
CV-3b23af65621f0489,T-3001,Т-3001,Куртка черная из шелкого бархата с вышивкой ЦВЕТЫ,ИМ,Черный,,1.0,10240.933333333332,31241.66666666667,41482.600000000006,41482.600000000006,,,MERKUSHINA,ИМ,FW 25 ЦУМ,FULL,FILE-082,ИМ,r231
CV-d1c4e6ca97cdd3fd,T-3023,Т-3023,Платье черное мини из шелкового бархата с кружевом и аппликацией ЦВЕТЫ,ИМ,Черный,,1.0,6379.565,22937.5,29317.065,29317.065,,,MERKUSHINA,ИМ,FW 25 ЦУМ,FULL,FILE-082,ИМ,r238
CV-2ccf9de78e12d3e1,0-3184,0-3184,Бомбер из бархата с оборками из тафты на рукавах,ИМ,Синий,,1.0,6839.2,18475.0,25314.2,25314.2,,,MERKUSHINA,ИМ,"Рзработка
2-я линия Осень 2025 ИМ",FULL,FILE-082,ИМ,r246
CV-7bc5ba76c50686a9,0-3209C,0-3209С,Брюки из бархата,ИМ,Синий,,1.0,1449.125,3500.0,4949.125,4949.125,,,MERKUSHINA,ИМ,"Рзработка
2-я линия Осень 2025 ИМ",FULL,FILE-082,ИМ,r253
CV-ce7dad42b6e7aaa7,0-3238,0-3238,Жакет из ткани шанель,ИМ,Черный,,1.0,6172.17,24200.0,30372.17,30372.17,,,MERKUSHINA,ИМ,"Рзработка
2-я линия Осень 2025 ИМ",FULL,FILE-082,ИМ,r260
CV-58638849bf1c95f5,0-3239,0-3239,Шорты из ткани шанель,ИМ,Черный,,1.0,2574.6,11200.0,13774.6,13774.6,,,MERKUSHINA,ИМ,"Рзработка
2-я линия Осень 2025 ИМ",FULL,FILE-082,ИМ,r267
CV-2f84aae3e6d64d3b,0-3240,0-3240,Юбка А-силуэт из сетки,ИМ,Черный,,1.0,5031.36,10200.0,15231.36,15231.36,,,MERKUSHINA,ИМ,"Рзработка
2-я линия Осень 2025 ИМ",FULL,FILE-082,ИМ,r274
CV-d9f199d7efd2fd99,0-3248,0-3248,Юбка Баска А-силуэт из сетки,ИМ,Черный,,1.0,4504.96,2000.0,6504.96,6504.96,,,MERKUSHINA,ИМ,"Рзработка
2-я линия Осень 2025 ИМ",FULL,FILE-082,ИМ,r281
CV-be9dce73ed61c219,0-3243,0-3243,Худи из плотного футера,ИМ,Черный,,1.0,10455.869999999999,23100.0,33555.869999999995,33555.869999999995,,,MERKUSHINA,ИМ,"Рзработка
2-я линия Осень 2025 ИМ",FULL,FILE-082,ИМ,r288
CV-3049b20360345619,0-3244,0-3244,Юбка из костюмной ткани,ИМ,Черный,,1.0,23690.17,19470.0,43160.17,43160.17,,,MERKUSHINA,ИМ,"Рзработка
2-я линия Осень 2025 ИМ",FULL,FILE-082,ИМ,r295
CV-e5f860d8bf31c398,0-3254,0-3254,Платье А-силуэт декор буфами,ИМ,Черный,,1.0,13457.83,26700.0,40157.83,40157.83,,,MERKUSHINA,ИМ,"Рзработка
2-я линия Осень 2025 ИМ",FULL,FILE-082,ИМ,r302
CV-046ec42da13c6ad2,0-3255,0-3255,Блуза декор буфами,ИМ,Черный,,1.0,7066.76,21700.0,28766.760000000002,28766.760000000002,,,MERKUSHINA,ИМ,"Рзработка
2-я линия Осень 2025 ИМ",FULL,FILE-082,ИМ,r309
CV-28ed715fcfca5f22,0-3246A,0-3246 А,"Брюки классические со стрелками, длина 7/8 
без карманов",ИМ,Черный,,1.0,7492.55,19120.0,26612.55,26612.55,,,MERKUSHINA,ИМ,"Рзработка
2-я линия Осень 2025 ИМ",FULL,FILE-082,ИМ,r316
CV-31e2d657943ea38a,0-3246B,0-3246 В,"Брюки бананы с отворотами, с карманами",ИМ,Черный,,1.0,3709.1800000000003,6500.0,10209.18,10209.18,,,MERKUSHINA,ИМ,"Рзработка
2-я линия Осень 2025 ИМ",FULL,FILE-082,ИМ,r323
CV-6e4eb7f703374e03,T-2470,Т-2470,Юбка футер черный,ИМ,Черный,,4.0,2079.383333333333,5250.0,7329.383333333333,29317.533333333333,,,MERKUSHINA,ИМ,Трикотаж август 2025 ИМ,FULL,FILE-082,ИМ,r331
CV-a43c15f17e3b221e,T-2472,Т-2472,Брюки футер черный,ИМ,Черный,,2.0,1935.6333333333332,5250.0,7185.633333333333,14371.266666666666,,,MERKUSHINA,ИМ,Трикотаж август 2025 ИМ,FULL,FILE-082,ИМ,r338
CV-955366ef4f3841a2,T-1418,Т-1418,Пуловер стрейч-бархат черный,ИМ,Черный,,4.0,2644.0,3800.0,6444.0,25776.0,,,MERKUSHINA,ИМ,Трикотаж август 2025 ИМ,FULL,FILE-082,ИМ,r345
CV-9e408d549bb2c1d6,T-2359,Т-2359,"Пуловер сердце
черный",ИМ,Черный,,7.0,2072.368888888889,3933.3333333333326,6005.702222222222,42039.915555555555,,,MERKUSHINA,ИМ,Трикотаж август 2025 ИМ,FULL,FILE-082,ИМ,r352
CV-9fd1b9cc2fffb155,T-2359A,Т-2359А,"Пуловер дерево
черный",ИМ,Черный,,5.0,2380.28,4650.0,7030.280000000001,35151.4,,,MERKUSHINA,ИМ,Трикотаж август 2025 ИМ,FULL,FILE-082,ИМ,r359
CV-1e546e601cbe4563,T-2703,Т-2703,Блузка шелковая с вышивкой,ИМ,Черный,,2.0,6434.833333333333,15700.0,22134.833333333332,44269.666666666664,,,MERKUSHINA,ИМ,Трикотаж август 2025 ИМ,FULL,FILE-082,ИМ,r366
CV-8239a1355abf474f,T-3168A,Т-3168A,"рубашка, батист с авторским принтом ""горох""",ИМ + В2В,Белый,,3.0,3184.296923076923,5538.461538461539,8722.758461538462,0.0,,,MERKUSHINA,ИМ + В2В,SS 26  Круиз,FULL,FILE-082,ИМ,r374
CV-f5cb4e5387b63183,T-3168B,Т-3168B,"рубашка длинная, батист с авторским принтом ""горох""",ИМ + В2В,Розовый,,3.0,3233.761,4800.0,8033.761,24101.283000000003,,,MERKUSHINA,ИМ + В2В,SS 26  Круиз,FULL,FILE-082,ИМ,r381
CV-717e49921bdef184,T-3168,Т-3168,"рубашка, батист с авторским принтом ""перец""",ИМ + В2В,Белый,,3.0,3284.714615384615,5538.461538461539,8823.176153846154,26469.528461538463,,,MERKUSHINA,ИМ + В2В,SS 26  Круиз,FULL,FILE-082,ИМ,r388
CV-100b1ee0ec54d353,T-3152B,Т-3152B,"кафтан длинный, с вышивкой ""папайя"", батист с авторским принтом ""папайя""",ИМ + В2В,Светло-голубой,,2.0,4853.5199999999995,5900.0,10753.52,21507.04,,,MERKUSHINA,ИМ + В2В,SS 26  Круиз,FULL,FILE-082,ИМ,r395
CV-4129ea675117142f,T-3152B,Т-3152B/1,"кафтан длинный, с вышивкой ""папайя"", батист с авторским принтом ""папайя""",ИМ + В2В,Черный,,3.0,5909.259999999999,5900.0,11809.259999999998,35427.78,,,MERKUSHINA,ИМ + В2В,SS 26  Круиз,FULL,FILE-082,ИМ,r402
CV-8da71141aaaca226,T-3152A,Т-3152A,"кафтан длинный, с вышивкой ""перец"", батист с авторским принтом ""перец""",ИМ + В2В,Белый,,2.0,5225.331666666666,5214.0,10439.331666666665,20878.66333333333,,,MERKUSHINA,ИМ + В2В,SS 26  Круиз,FULL,FILE-082,ИМ,r409
CV-5a279ee1e9187f71,T-3152A,Т-3152A,"кафтан длинный, с вышивкой ""перец"", батист с авторским принтом ""перец""",ИМ + В2В,Черный,,3.0,5054.443333333334,5214.0,10268.443333333333,30805.329999999998,,,MERKUSHINA,ИМ + В2В,SS 26  Круиз,FULL,FILE-082,ИМ,r416
CV-4d56fe100491ce3d,0-3152,0-3152/1,"кафтан длинный, батист с авторским принтом ""горох""",ИМ + В2В,Розовый,,3.0,5037.3975,5349.0,10386.3975,31159.192499999997,,,MERKUSHINA,ИМ + В2В,SS 26  Круиз,FULL,FILE-082,ИМ,r423
CV-f6d714309dff2713,T-3133A,Т-3133А,"платье мини, без рукавов, батист с авторским принтом ""горох""",ИМ + В2В,Черный,,1.0,2262.11125,4893.75,7155.86125,7155.86125,,,MERKUSHINA,ИМ + В2В,SS 26  Круиз,FULL,FILE-082,ИМ,r430
CV-d337fc6a768049c5,T-3156D,Т-3156D,"брюки укороченные, батист с авторским принтом ""горох""",ИМ + В2В,Черный,,1.0,1818.75625,3562.5,5381.25625,5381.25625,,,MERKUSHINA,ИМ + В2В,SS 26  Круиз,FULL,FILE-082,ИМ,r437
CV-c680a6e6125fb771,T-3156,Т-3156,"брюки укороченные, батист с авторским принтом ""горох""",ИМ + В2В,Белый,,2.0,1892.59,3541.6666666666665,5434.256666666666,10868.513333333332,,,MERKUSHINA,ИМ + В2В,SS 26  Круиз,FULL,FILE-082,ИМ,r444
CV-14fc0b4709982918,T-3109B,Т-3109B,"туника на пугвицах, без рукавов, белый шифон с авторским принтом микс",ИМ + В2В,Белый,,1.0,4940.0922222222225,7000.0,11940.092222222222,11940.092222222222,,,MERKUSHINA,ИМ + В2В,SS 26  Круиз,FULL,FILE-082,ИМ,r451
CV-1289d1b9992f61fb,T-3110B,Т-3110B,"брюки широкие, белый шелк с авторским принтом микс",ИМ + В2В,Белый,,1.0,6753.846666666666,3000.0,9753.846666666666,9753.846666666666,,,MERKUSHINA,ИМ + В2В,SS 26  Круиз,FULL,FILE-082,ИМ,r458
CV-d121ecf48c5ea19f,T-3109,Т-3109,"туника на пугвицах, без рукавов, голубой шифон с авторским принтом микс",ИМ + В2В,Голубой,,1.0,5262.8533333333335,7000.0,12262.853333333333,12262.853333333333,,,MERKUSHINA,ИМ + В2В,SS 26  Круиз,FULL,FILE-082,ИМ,r465
CV-987970a09b3eae30,T-3110,Т-3110,"брюки широкие, голубой шелк с авторским принтом микс",ИМ + В2В,Голубой,,1.0,3351.5644444444447,3000.0,6351.564444444444,6351.564444444444,,,MERKUSHINA,ИМ + В2В,SS 26  Круиз,FULL,FILE-082,ИМ,r472
CV-bec0da012f45f3e9,T-3137A,Т-3137A,"пальто-кимоно, черный шелк с авторским принтом белые ласточки",ИМ + В2В,Черный,,2.0,9812.339166666667,6125.0,15937.339166666667,31874.678333333333,,,MERKUSHINA,ИМ + В2В,SS 26  Круиз,FULL,FILE-082,ИМ,r479
CV-fb67505094366073,T-3136A,Т-3136A,"брюки широкие, с лампасами, черный шелк с авторским принтом белые ласточки",ИМ + В2В,Черный,,2.0,6377.1355555555565,3500.0,9877.135555555556,19754.271111111113,,,MERKUSHINA,ИМ + В2В,SS 26  Круиз,FULL,FILE-082,ИМ,r486
CV-9be6669143cb8961,T-3140A,Т-3140A,"платье длинное, свободного кроя, с рукавами, с вышитыми объемными бабочками на полочке, белый шифон с авторским принтом черные листья",ИМ + В2В,Белый,,1.0,16731.05909090909,21485.664545454543,38216.72363636363,38216.72363636363,,,MERKUSHINA,ИМ + В2В,SS 26  Круиз,FULL,FILE-082,ИМ,r493
CV-a4ec0a22d2ebb2dc,T-3140,Т-3140,"платье длинное, свободного кроя, с рукавами, с вышитыми объемными бабочками на полочке, черный шифон с авторским принтом белые листья",ИМ + В2В,Черный,,1.0,18384.69230769231,24450.23076923077,42834.92307692308,42834.92307692308,,,MERKUSHINA,ИМ + В2В,SS 26  Круиз,FULL,FILE-082,ИМ,r500
CV-553cab46bc83d82b,T-3178,Т-3178,"майка с вышивкой ""перец"", белый хлопок",ИМ + В2В,Белый,,6.0,980.2153846153847,673.0,1653.2153846153847,9919.292307692307,,,MERKUSHINA,ИМ + В2В,SS 26  Круиз,FULL,FILE-082,ИМ,r507
CV-a621b946da15444c,T-3179A,Т-3179A,"футболка с вышивкой ""горох"", белый хлопок",ИМ + В2В,Белый,,6.0,1303.96,2109.0,3412.96,20477.760000000002,,,MERKUSHINA,ИМ + В2В,SS 26  Круиз,FULL,FILE-082,ИМ,r514
CV-59651ec7c635c6c9,T-3179,Т-3179,"футболка с вышивкой ""папайя"", черных хлопок",ИМ + В2В,Черный,,6.0,1298.348888888889,3762.0,5060.348888888889,30362.09333333333,,,MERKUSHINA,ИМ + В2В,SS 26  Круиз,FULL,FILE-082,ИМ,r521
CV-b03e24c429072113,T-3122,Т-3122,"блузон длинный, с рукавами, синий шелк с авторским принтом девочки",ИМ + В2В,Синий,,1.0,5465.2871428571425,8235.714285714286,13701.001428571428,13701.001428571428,,,MERKUSHINA,ИМ + В2В,SS 26  Круиз,FULL,FILE-082,ИМ,r528
CV-476a7e4dc71a9368,T-3120A,Т-3120А,"Платье
синий шелк принт мелкие девочким",ИМ + В2В,Синий,,2.0,9259.08625,9562.5,18821.58625,37643.1725,,,MERKUSHINA,ИМ + В2В,SS 26  Круиз,FULL,FILE-082,ИМ,r535
CV-07fd45f5104388f7,T-3069B,Т-3069В,"топ на тонких бретельках, шелк",ИМ + В2В,Голубой (Бирюза),,2.0,2346.6,3000.0,5346.6,10693.2,,,MERKUSHINA,ИМ + В2В,SS 26  Круиз,FULL,FILE-082,ИМ,r542
CV-525fbcecfc575662,T-3069C,Т-3069С,"топ на тонких бретельках, шелк",ИМ + В2В,Светло - Голубой,,10.0,1995.993,3025.0,5020.993,50209.93000000001,,,MERKUSHINA,ИМ + В2В,SS 26  Круиз,FULL,FILE-082,ИМ,r549
CV-603aec43649fa9fd,T-3069,Т-3069,"топ на тонких бретельках, шелк",ИМ + В2В,Белый,,3.0,3126.7638461538463,3846.153846153846,6972.917692307692,20918.753076923076,,,MERKUSHINA,ИМ + В2В,SS 26  Круиз,FULL,FILE-082,ИМ,r556
CV-d2025eb05102bf77,T-2973A,Т-2973А,Рубашка с вышивка на кармане,ИМ,Розовый,,3.0,1925.1966666666667,5684.0,7609.196666666667,22827.59,,,MERKUSHINA,ИМ,SS25 Круиз ЦУМ,FULL,FILE-082,ИМ,r564
CV-dcf236173e52b0e4,T-2988,Т-2988,Брюки палаццо черные,ИМ,Черный,,2.0,5584.48,5500.0,11084.48,22168.96,,,MERKUSHINA,ИМ,FW25 Круиз ЦУМ,FULL,FILE-082,ИМ,r571
CV-321faff912b417ba,0-3240,0-3240,Юбка лагатола сетка,ИМ,Черный,,1.0,7103.63,5000.0,12103.630000000001,12103.630000000001,,,MERKUSHINA,ИМ,Заказ клиента,FULL,FILE-082,ИМ,r578
CV-05ab25f362b116a3,T-2988A,Т-2988А,Брюки палаццо в полоску серые,ИМ,Серый,,2.0,4412.385,5500.0,9912.385,19824.77,,,MERKUSHINA,ИМ,Старая коллекция,FULL,FILE-082,ИМ,r585
CV-f7628da7e2952a59,T-2936,Т-2936,"Жакет Черный
Шелковый бархат",ИМ,Черный,,1.0,12917.99,18633.0,31550.989999999998,31550.989999999998,,,MERKUSHINA,ИМ,Заказ клиента,FULL,FILE-082,ИМ,r592
CV-e3f174510a17d62e,T-2937,Т-2937,"Брюки  Черный
шелковый бархат",ИМ,Черный,,1.0,9531.68,5000.0,14531.68,14531.68,,,MERKUSHINA,ИМ,Заказ клиента,FULL,FILE-082,ИМ,r599
CV-9ab623ebfc1ad693,0-3209C,0-3209С/1,"Брюки  Черный
Стрейч бархат",ИМ,Черный,,2.0,1766.685,3500.0,5266.6849999999995,10533.369999999999,,,MERKUSHINA,ИМ,Заказ клиента,FULL,FILE-082,ИМ,r606
CV-127f497c4b5dec2b,T-1672F,Т-1672F,"Рубашка в белом цвете,  надпись",ИМ,Белый,,4.0,2103.625,6013.0,8116.625,32466.5,,,MERKUSHINA,ИМ,,FULL,FILE-082,ИМ,r614
CV-79a838a065ad3188,T-1672F,Т-1672F/1,"Рубашка в черном цвете, надпись",ИМ,Черный,,4.0,2103.625,6013.0,8116.625,32466.5,,,MERKUSHINA,ИМ,,FULL,FILE-082,ИМ,r621
CV-056a5ab7002226d1,T-2703,Т-2703,Блузка шелковая с вышивкой,ИМ,Черный,,2.0,4426.5,15700.0,20126.5,40253.0,,,MERKUSHINA,ИМ,,FULL,FILE-082,ИМ,r628
CV-9a26e7fd523a44fd,0-2673,0-2673,Блузка бархатная с вышивкой,ИМ,Черный,,2.0,3000.385,13500.0,16500.385000000002,33000.770000000004,,,MERKUSHINA,ИМ,,FULL,FILE-082,ИМ,r635
CV-b43490f2ff5ea49e,T-2973,Т-2973,"Рубашка белый
вышивка на кармане",ИМ,Белый,,2.0,1815.25,5684.0,7499.25,14998.5,,,MERKUSHINA,ИМ,,FULL,FILE-082,ИМ,r642
CV-fd91e22776663b43,T-2973A,Т-2973А,"Рубашка розовый 
вышивка на карман",ИМ,Розовый,,2.0,1917.5,5684.0,7601.5,15203.0,,,MERKUSHINA,ИМ,,FULL,FILE-082,ИМ,r649
CV-008d49712af87368,T-2973C,Т-2973С,"Рубашка черный 
вышивка на кармане",ИМ,Черный,,2.0,1815.25,5684.0,7499.25,14998.5,,,MERKUSHINA,ИМ,,FULL,FILE-082,ИМ,r656
CV-6c99697678540188,0-1486,0-1486,ЮбкаЧерный Пайетки,ИМ,Черный,,2.0,2581.5299999999997,5000.0,7581.53,15163.06,,,MERKUSHINA,ИМ,,FULL,FILE-082,ИМ,r663
CV-637c77727863e6e6,0-1487,0-1487,Юбкасеребро Пайетки,ИМ,Серебро,,2.0,2932.72,5000.0,7932.719999999999,15865.439999999999,,,MERKUSHINA,ИМ,,FULL,FILE-082,ИМ,r670
CV-e51e3a535bbd3abf,0-2600,0-2600,Брюки ЧерныйДюшес,ИМ,Черный,,2.0,1834.73,3000.0,4834.73,9669.46,,,MERKUSHINA,ИМ,,FULL,FILE-082,ИМ,r677
CV-a63de9ec01285402,0-3061(1178),0-3061 (1178),ХалатЧерныйСтрейч-Бархат + пайетки,ИМ,Черный,,2.0,2947.07,6500.0,9447.07,18894.14,,,MERKUSHINA,ИМ,,FULL,FILE-082,ИМ,r684
CV-b097d26a8fe3a9b5,T-3092C,Т-3092 С,НакидкаЧерныйСтрейч-Бархат,ИМ,Черный,,2.0,3604.575,19952.760000000002,23557.335000000003,47114.670000000006,,,MERKUSHINA,ИМ,,FULL,FILE-082,ИМ,r691
CV-ae6871db23a6034f,T-3092A,Т-3092А,"Накидка с прорезями для рук, из черного х/б бархата с вышивкой и бахромой",ЦУМ,Черный,,1.0,7237.68125,20802.760000000002,28040.441250000003,28040.441250000003,,,MERKUSHINA,ЦУМ,NY 25  ЦУМ,FULL,FILE-082,ИМ,r699
CV-62ba2386f31a09dc,T-3102,Т-3102,"Пальто из темно-синего шелкового бархата на
шелковой подкладке фуксия с вышитыми рукавами и
перьями на ленте",ЦУМ,Темно - синий,,1.0,16415.186666666665,21033.333333333336,37448.520000000004,37448.520000000004,,,MERKUSHINA,ЦУМ,NY 25  ЦУМ,FULL,FILE-082,ИМ,r706
CV-f606f82368d227d1,T-3091D,Т-3091D,"Топ без рукавов, кокетка- черная сетка, основа-
бисерная ткань",ЦУМ,Черный,,2.0,2522.542857142857,8357.142857142857,10879.685714285713,21759.371428571427,,,MERKUSHINA,ЦУМ,NY 25  ЦУМ,FULL,FILE-082,ИМ,r713
CV-744f562467d73279,T-3187,Т-3187,Платье миди из голубого стрейч бархата 6-048,ЦУМ,Голубой,,1.0,7850.93,15964.285714285714,23815.215714285714,23815.215714285714,,,MERKUSHINA,ЦУМ,NY 25  ЦУМ,FULL,FILE-082,ИМ,r720
CV-950fcd4225891705,T-3079,Т-3079,Платье длинное из черного стрейч бархата,ЦУМ,Черный,,1.0,11571.705,22625.0,34196.705,34196.705,,,MERKUSHINA,ЦУМ,NY 25  ЦУМ,FULL,FILE-082,ИМ,r727
CV-23e602af04df74a4,0-3068,0-3068,"Брюки бархат
Стрейч бархат",ИМ,Черный,,2.0,2036.9099999999999,4000.0,6036.91,12073.82,,,MERKUSHINA,ИМ,Дошив январь 2026 ИМ,FULL,FILE-082,ИМ,r735
CV-7de5e1408d461859,T-3001,Т-3001,Куртка черная из шелкого бархата с вышивкой ЦВЕТЫ,ИМ,Черный,,2.0,10330.81,35800.0,46130.81,92261.62,,,MERKUSHINA,ИМ,FW 26-27 Осень-зима ЦУМ,FULL,FILE-082,ИМ,r742
CV-7bd73447ab9737f2,T-3092C,T-3092C,"Палантин
Стрейч бархат",ИМ,Черный,,2.0,2554.45,19952.760000000002,22507.210000000003,45014.420000000006,,,MERKUSHINA,ИМ,FW 26-27 Осень-зима ЦУМ,FULL,FILE-082,ИМ,r749
CV-7812bbed1aaf1858,0-3055A,0-3055А,Рубашка шелк Черный Игрик хаотичный,ИМ,Черный,,1.0,7193.85,6000.0,13193.85,13193.85,,,MERKUSHINA,ИМ,FW 26-27 Осень-зима ЦУМ,FULL,FILE-082,ИМ,r756
CV-043929f2b43e881a,0-3337,0-3337,Блуза из искусственной органзы с вышитыми карманами,ИМ,ЧЕРНЫЙ,,1.0,1434.0,4900.0,6334.0,6334.0,,,MERKUSHINA,ИМ,2-я линия весна 2026,FULL,FILE-082,ИМ,r764
CV-55c0d66e1a279287,0-3338,0-3338,Блуза из кружева без карманов,ИМ,БЕЛЫЙ,,1.0,7133.32,7000.0,14133.32,14133.32,,,MERKUSHINA,ИМ,2-я линия весна 2026,FULL,FILE-082,ИМ,r771
CV-e32ec4c083f12779,0-3363,0-3363,Топ на тонких бретелях,ИМ,ЧЕРНЫЙ,,1.0,813.69,3500.0,4313.6900000000005,4313.6900000000005,,,MERKUSHINA,ИМ,2-я линия весна 2026,FULL,FILE-082,ИМ,r778
CV-215c3da98b4bbb50,0-3363A,0-3363А,Топ на тонких бретелях,ИМ,БЕЛЫЙ,,2.0,586.695,3250.0,3836.695,7673.39,,,MERKUSHINA,ИМ,2-я линия весна 2026,FULL,FILE-082,ИМ,r785
CV-41a83913ab4f4ea3,0-3340,0-3340,Блуза с рукавом летучая мышь из натурального шелка,ИМ,ЧЕРНЫЙ,,1.0,10706.23,14500.0,25206.23,25206.23,,,MERKUSHINA,ИМ,2-я линия весна 2026,FULL,FILE-082,ИМ,r792
CV-3a61c8317cb0b75b,0-3341,0-3341,Брюки зауженные из костюмной ткани,ИМ,ЧЕРНЫЙ,,2.0,2855.8300000000004,15317.5,18173.33,36346.66,,,MERKUSHINA,ИМ,2-я линия весна 2026,FULL,FILE-082,ИМ,r799
CV-88dbe2a964dbe54d,0-3342,0-3342,Брюки  прямые из костюмной ткани,ИМ,ЧЕРНЫЙ,,2.0,2306.54,7430.0,9736.54,19473.08,,,MERKUSHINA,ИМ,2-я линия весна 2026,FULL,FILE-082,ИМ,r806
CV-dc8f1e95e1ccf214,0-3342A,0-3342А,Брюки  прямые из костюмной ткани,ИМ,СЕРЫЙ В ПОЛОСКУ,,2.0,1817.6100000000001,7430.0,9247.61,18495.22,,,MERKUSHINA,ИМ,2-я линия весна 2026,FULL,FILE-082,ИМ,r813
CV-2f016588a12f9417,0-3359,0-3359,Блуза пижамная из экошелка,ИМ,ЧЕРНЫЙ,,1.0,14674.38,19938.75,34613.13,34613.13,,,MERKUSHINA,ИМ,2-я линия весна 2026,FULL,FILE-082,ИМ,r820
CV-65c4ffb14ee67234,0-3360,0-3360,Брюки пижамные из экошелка,ИМ,ЧЕРНЫЙ,,1.0,2876.73,6700.0,9576.73,9576.73,,,MERKUSHINA,ИМ,2-я линия весна 2026,FULL,FILE-082,ИМ,r827
CV-06d49cd836de3e43,0-3361,0-3361,Жакет классический двубортный в полоску,ИМ,ЧЕРНЫЙ,,2.0,3621.595,14250.0,17871.595,35743.19,,,MERKUSHINA,ИМ,2-я линия весна 2026,FULL,FILE-082,ИМ,r834
CV-e1dc24bc15149bd4,0-3358,0-3358,Блуза из искусственной органзы с вышитыми карманами,ИМ,ЧЕРНЫЙ,,1.0,9741.050000000001,17000.0,26741.050000000003,26741.050000000003,,,MERKUSHINA,ИМ,2-я линия весна 2026,FULL,FILE-082,ИМ,r841
CV-8967797404897d6b,0-3357,0-3357,Плащ больших форм,ИМ,ЧЕРНЫЙ,,1.0,5690.63,8000.0,13690.630000000001,13690.630000000001,,,MERKUSHINA,ИМ,2-я линия весна 2026,FULL,FILE-082,ИМ,r848
CV-4c4d0228fa8d167f,0-3339,0-3339,Платье из шифона без подклада,ИМ,ЧЕРНЫЙ,,2.0,2791.2,28732.91,31524.11,63048.22,,,MERKUSHINA,ИМ,2-я линия весна 2026,FULL,FILE-082,ИМ,r855
CV-71022a0e5c9b474b,"0-3423
(0-3339","0-3423
(0-3339/10)",Платье Комбинация их экошелка,ИМ,ЧЕРНЫЙ,,1.0,858.1,3500.0,4358.1,4358.1,,,MERKUSHINA,ИМ,2-я линия весна 2026,FULL,FILE-082,ИМ,r862
CV-8b596a6394dba9c1,0-3356,0-3356,Платье из натурального шелка без подклада,ИМ,ЧЕРНЫЙ,,1.0,14872.8,21020.0,35892.8,35892.8,,,MERKUSHINA,ИМ,2-я линия весна 2026,FULL,FILE-082,ИМ,r869
CV-c89ee2fae0c58b33,0-3355,0-3355,Блуза из натурального шифона без подклада,ИМ,БЕЛЫЙ,,1.0,9414.2,22885.0,32299.2,32299.2,,,MERKUSHINA,ИМ,2-я линия весна 2026,FULL,FILE-082,ИМ,r876
CV-f053d0ec4ce9bd4a,0-3346,0-3346,Платье из Стрейч-бархата двубортное на потайной кнопке,ИМ,ЧЕРНЫЙ,,1.0,4837.740000000001,26500.0,31337.74,31337.74,,,MERKUSHINA,ИМ,2-я линия весна 2026,FULL,FILE-082,ИМ,r883
CV-2ee51a8971b8f86c,0-3421,0-3421,Пояс бархат с кисточками,ИМ,ЧЕРНЫЙ,,1.0,1090.78,800.0,1890.78,1890.78,,,MERKUSHINA,ИМ,2-я линия весна 2026,FULL,FILE-082,ИМ,r890
CV-dc0374d09dc53264,0-3422,0-3422,Пояс бархат с Бахромой,ИМ,ЧЕРНЫЙ,,1.0,1250.78,800.0,2050.7799999999997,2050.7799999999997,,,MERKUSHINA,ИМ,2-я линия весна 2026,FULL,FILE-082,ИМ,r897
CV-30e21f884739cb6c,0-3347,0-3347,Жакет двубортный из стрейч-бархата,ИМ,ЧЕРНЫЙ,,1.0,8458.539999999999,33424.0,41882.54,41882.54,,,MERKUSHINA,ИМ,2-я линия весна 2026,FULL,FILE-082,ИМ,r904
CV-2a646c50276e160e,0-3348,0-3348,Брюки палаццо  из стрейч-бархата,ИМ,ЧЕРНЫЙ,,1.0,2604.5600000000004,10500.0,13104.560000000001,13104.560000000001,,,MERKUSHINA,ИМ,2-я линия весна 2026,FULL,FILE-082,ИМ,r911
CV-6ad54b0a754ea54e,0-3344,0-3344,Платье из шелка  отрезное по талии с юбкой плиссеровкой,ИМ,ЧЕРНЫЙ,,1.0,31676.04,23600.0,55276.04,55276.04,,,MERKUSHINA,ИМ,2-я линия весна 2026,FULL,FILE-082,ИМ,r918
CV-bfc8fe0d9d820e9c,0-3337,0-3337,Блуза из искусственной органзы с вышитыми карманами,ИМ,ЧЕРНЫЙ,,4.0,1241.5,5400.0,6641.5,26566.0,,,MERKUSHINA,ИМ,2-я линия весна 2026,FULL,FILE-082,ИМ,r926
CV-34609c4a3d732c00,0-3338,0-3338,Блуза из кружева без карманов,ИМ,Белый,,3.0,5531.400000000001,4000.0,9531.400000000001,28594.200000000004,,,MERKUSHINA,ИМ,2-я линия весна 2026,FULL,FILE-082,ИМ,r933
CV-733e00ae298d7451,0-3338A,0-3338А,Блуза из кружева без карманов,ИМ,ЧЕРНЫЙ,,2.0,2793.5,4000.0,6793.5,13587.0,,,MERKUSHINA,ИМ,2-я линия весна 2026,FULL,FILE-082,ИМ,r940
CV-4ec326cc51b63271,0-3338B,0-3338В,Блуза из кружева без карманов,ИМ,Зеленый,,2.0,2709.57,4000.0,6709.57,13419.14,,,MERKUSHINA,ИМ,2-я линия весна 2026,FULL,FILE-082,ИМ,r947
CV-e0a7d5b5cb8a4834,0-3340,0-3340,Блуза с рукавом летучая мышь,ИМ,ЧЕРНЫЙ,,1.0,7412.0,5850.0,13262.0,13262.0,,,MERKUSHINA,ИМ,2-я линия весна 2026,FULL,FILE-082,ИМ,r954
CV-09706229477e7ca0,0-3339,0-3339,Платье из шифона без подклада с вышитым воротником стойкой,ИМ,ЧЕРНЫЙ,,2.0,2041.8999999999999,14887.91,16929.81,33859.62,,,MERKUSHINA,ИМ,2-я линия весна 2026,FULL,FILE-082,ИМ,r961
CV-ee716385b37de8b7,0-3339,0-3339 / 10 нижнее платье,Платье Комбинация,ИМ,ЧЕРНЫЙ,,3.0,715.4333333333334,3500.0,4215.433333333333,12646.3,,,MERKUSHINA,ИМ,2-я линия весна 2026,FULL,FILE-082,ИМ,r968
CV-62e6379a13a41f7e,0-3347,0-3347,Жакет бархатный с поясом бахромой,ИМ,ЧЕРНЫЙ,,5.0,4712.98,14302.0,19014.98,95074.9,,,MERKUSHINA,ИМ,2-я линия весна 2026,FULL,FILE-082,ИМ,r975
CV-c4eb3806ef955caf,0-3348,0-3348,Брюки бархатные,ИМ,ЧЕРНЫЙ,,5.0,1171.94,5480.0,6651.9400000000005,33259.700000000004,,,MERKUSHINA,ИМ,2-я линия весна 2026,FULL,FILE-082,ИМ,r982
CV-0aeacca3b35b2126,0-3342,0-3342,Брюки прямые,ИМ,ЧЕРНЫЙ,,2.0,1579.6299999999999,6680.0,8259.63,16519.26,,,MERKUSHINA,ИМ,2-я линия весна 2026,FULL,FILE-082,ИМ,r989
CV-ad4e2b1db55f2c3c,0-3341,0-3341,Брюки зауженные,ИМ,ЧЕРНЫЙ,,2.0,1309.36,6680.0,7989.36,15978.72,,,MERKUSHINA,ИМ,2-я линия весна 2026,FULL,FILE-082,ИМ,r996
CV-11a3617f15ef995a,0-3358,0-3358,Блузка из шифона с отрезной кокеткой из сеткИ с камнями,ИМ,ЧЕРНЫЙ,,1.0,2495.7000000000003,10600.0,13095.7,13095.7,,,MERKUSHINA,ИМ,2-я линия весна 2026,FULL,FILE-082,ИМ,r1003
CV-79621aa21ade7bf2,0-3346,0-3346,Платье из стрейч-бархата с поясом с кисточками,ИМ,ЧЕРНЫЙ,,3.0,5584.366666666666,23200.0,28784.366666666665,86353.09999999999,,,MERKUSHINA,ИМ,2-я линия весна 2026,FULL,FILE-082,ИМ,r1010
CV-36aa64fb3cd8d7b8,0-3421,0-3421,Пояс бархатный с кисточками,ИМ,ЧЕРНЫЙ,,1.0,1094.47,800.0,1894.47,1894.47,,,MERKUSHINA,ИМ,2-я линия весна 2026,FULL,FILE-082,ИМ,r1017
CV-5a83627113b12c4f,0-3422,0-3422,Пояс бархатный с бахромой,ИМ,ЧЕРНЫЙ,,1.0,1246.22,800.0,2046.22,2046.22,,,MERKUSHINA,ИМ,2-я линия весна 2026,FULL,FILE-082,ИМ,r1024
CV-cf19c5aab7a99f09,0-3355,0-3355,Блуза из шифона без подклада,ИМ,Белый,,5.0,11353.7,6845.0,18198.7,90993.5,,,MERKUSHINA,ИМ,2-я линия весна 2026,FULL,FILE-082,ИМ,r1031
CV-64e90b187e0862d1,0-3355A,0-3355А,Блуза из шифона без подклада,ИМ,Серый,,2.0,11312.0,7362.5,18674.5,37349.0,,,MERKUSHINA,ИМ,2-я линия весна 2026,FULL,FILE-082,ИМ,r1038
CV-22db8dfa54bd72ae,0-3364,0-3364,Брошь,ИМ,Серый,,2.0,500.0,2700.0,3200.0,6400.0,,,MERKUSHINA,ИМ,2-я линия весна 2026,FULL,FILE-082,ИМ,r1045
CV-27070bef86e13982,0-3364,0-3364,Брошь,ИМ,Бежевый,,2.0,500.0,2700.0,3200.0,6400.0,,,MERKUSHINA,ИМ,2-я линия весна 2026,FULL,FILE-082,ИМ,r1052
CV-2552244842cdc6cb,0-3364,0-3364,Брошь,ИМ,Черный,,2.0,500.0,2700.0,3200.0,6400.0,,,MERKUSHINA,ИМ,2-я линия весна 2026,FULL,FILE-082,ИМ,r1059
CV-d62d9a87e8902fe3,0-3340,0-3340,Блуза с рукавом летучая мышь,ИМ,ЧЕРНЫЙ,,2.0,7287.0,6000.0,13287.0,26574.0,,,MERKUSHINA,ИМ,2-я линия весна 2026,FULL,FILE-082,ИМ,r1067
CV-e4334f18ff8a6490,0-3339A,0-3339А,"Платье из шифона без подклада с вышитым воротником стойкой
+
Платье комбинация",ИМ,"ФИОЛЕТОВЫЙ

ЧЕРНЫЙ",,1.0,3997.1,16812.91,20810.01,20810.01,,,MERKUSHINA,ИМ,2-я линия весна 2026,FULL,FILE-082,ИМ,r1074
CV-3cc19b2b5fac0b99,0-3347,0-3347,"Жакет двубортный из стрейч-бархата  с поясом
0-3422",ИМ,ЧЕРНЫЙ,,3.0,4684.68,12262.0,16946.68,50840.04,,,MERKUSHINA,ИМ,2-я линия весна 2026,FULL,FILE-082,ИМ,r1081
CV-c09011e98525ce23,0-3348,0-3348,Брюки палаццо  из стрейч-бархата,ИМ,ЧЕРНЫЙ,,3.0,1336.0733333333335,5000.0,6336.073333333334,19008.22,,,MERKUSHINA,ИМ,2-я линия весна 2026,FULL,FILE-082,ИМ,r1088
CV-72c86b539334fdd0,0-3357A,0-3357А,Плащ больших форм,ИМ,ЧЕРНЫЙ,,1.0,3958.85,10000.0,13958.85,13958.85,,,MERKUSHINA,ИМ,2-я линия весна 2026,FULL,FILE-082,ИМ,r1095
CV-941feb0faea0f4fe,0-3342,0-3342,Брюки прямые,ИМ,ЧЕРНЫЙ,,2.0,1579.6299999999999,6680.0,8259.63,16519.26,,,MERKUSHINA,ИМ,2-я линия весна 2026,FULL,FILE-082,ИМ,r1102
CV-38c85fbf97c1aa78,T-2865A,Т-2865A,Платье из батиста (переделка готового платья по накладной №121 06.05),ИМ,Черный в белый горох,,1.0,0.0,3000.0,3000.0,3000.0,,,MERKUSHINA,ИМ,SS25 Круиз ЦУМ,FULL,FILE-082,ИМ,r1110
CV-2783776e8c709d6f,0-3347,0-3347,"Жакет двубортный из стрейч-бархата  с поясом
0-3422",ИМ,ЧЕРНЫЙ,,1.0,0.0,500.0,500.0,500.0,,,MERKUSHINA,ИМ,2-я линия весна 2026,FULL,FILE-082,ИМ,r1117
CV-83c3eb4c2bf36629,0-3348,0-3348,Брюки палаццо  из стрейч-бархата,ИМ,ЧЕРНЫЙ,,1.0,0.0,500.0,500.0,500.0,,,MERKUSHINA,ИМ,2-я линия весна 2026,FULL,FILE-082,ИМ,r1124
CV-fa3f803a9cd7305e,T-000,Т-000,Платье комбинация,ИМ,Бежевый,,1.0,0.0,0.0,0.0,0.0,,,MERKUSHINA,ИМ,Дошив,FULL,FILE-082,ИМ,r1132
CV-b6ac132d7711ced3,0-3147,0-3147,Платье Халат,Капсула,Х/Б Синий грибы,,3.0,6518.666666666667,6000.0,12518.666666666668,37556.0,,,MERKUSHINA,Капсула,"Круиз 2
июнь 2025",FULL,FILE-082,Капсульные коллекции ,r4
CV-6de60c06695cf9f0,0-2560A,0-2560А,Кимоно,Капсула,Шелк Именной принт,,5.0,12295.6,6000.0,18295.6,91478.0,,,MERKUSHINA,Капсула,"Круиз 2
июнь 2025",FULL,FILE-082,Капсульные коллекции ,r11
CV-05559fa3f1dbd649,0-2573A,0-2573А,Шорты,Капсула,Шелк Именной принт,,5.0,3941.6,2500.0,6441.6,32208.0,,,MERKUSHINA,Капсула,"Круиз 2
июнь 2025",FULL,FILE-082,Капсульные коллекции ,r18
CV-0a6b5203ce4fc167,0-2548,0-2548,Туника,Капсула,Х/Б Именной принт,,8.0,5554.25,5000.0,10554.25,84434.0,,,MERKUSHINA,Капсула,"Круиз 2
июнь 2025",FULL,FILE-082,Капсульные коллекции ,r25
CV-383f988eba7c0447,0-3152B,0-3152В,Туника,Капсула,Х/Б Именной принт,,7.0,5633.285714285715,5866.0,11499.285714285714,80495.0,,,MERKUSHINA,Капсула,"Круиз 2
июнь 2025",FULL,FILE-082,Капсульные коллекции ,r32
CV-10684b5246af617a,0-3140A,0-3140А,Платье шифоновое с бабочками,Капсула,Черный,,4.0,10682.248,22416.0,33098.248,132392.992,,,MERKUSHINA,Капсула,"Круиз 2
июнь 2025",FULL,FILE-082,Капсульные коллекции ,r39
CV-9966e5edbd48dc47,0-3140A,0-3140А,Платье шифоновое с бабочками,Капсула,Серый в горох,,1.0,10682.248,22416.0,33098.248,33098.248,,,MERKUSHINA,Капсула,"Круиз 2
июнь 2025",FULL,FILE-082,Капсульные коллекции ,r46
CV-8113ccdecf64328b,T-2754,T-2754,Платье комбинация,Капсула,Шелк серый крупный Y,,2.0,7427.0,5000.0,12427.0,24854.0,,,MERKUSHINA,Капсула,"Круиз 2
июнь 2025",FULL,FILE-082,Капсульные коллекции ,r53
CV-6702a614bd933eb4,T-2754,T-2754,Платье комбинация,Капсула,Шелк оранжевый хаотичный Y,,2.0,7427.0,5000.0,12427.0,24854.0,,,MERKUSHINA,Капсула,"Круиз 2
июнь 2025",FULL,FILE-082,Капсульные коллекции ,r60
CV-5b36d23fb3a9d8db,T-2754,T-2754,Платье комбинация,Капсула,Шелк на черном  Y,,2.0,7427.0,5000.0,12427.0,24854.0,,,MERKUSHINA,Капсула,"Круиз 2
июнь 2025",FULL,FILE-082,Капсульные коллекции ,r67
CV-c34f0d4c2bafff89,T-2754,T-2754,Платье комбинация,Капсула,Шелк на белом  Y,,2.0,7427.0,5000.0,12427.0,24854.0,,,MERKUSHINA,Капсула,"Круиз 2
июнь 2025",FULL,FILE-082,Капсульные коллекции ,r74
CV-7b9a40a525add4d8,0-3297,0-3297,Платье с вышивкой камнями,Капсула НГ 26 клиенты,"Стрейч бархат, лагатола, сетка со стальными стразами",,2.0,4767.94,18000.0,22767.94,45535.88,,,MERKUSHINA,Капсула НГ 26 клиенты,МД заказ,FULL,FILE-082,Капсульные коллекции ,r81
CV-579bcc7765b1d997,0-3368,0-3368,Жакет Пижамный,Капсула,Шелк феи на розовом,,1.0,16192.32,8666.67,24858.989999999998,24858.989999999998,,,MERKUSHINA,Капсула,"Круиз 
весна 2026",FULL,FILE-082,Капсульные коллекции ,r88
CV-cabc7ef9f6c21434,0-3368A,0-3368А,Жакет Пижамный,Капсула,Шелк феи на белом,,1.0,15936.07,8666.67,24602.739999999998,24602.739999999998,,,MERKUSHINA,Капсула,"Круиз 
весна 2026",FULL,FILE-082,Капсульные коллекции ,r95
CV-5b8887a8f8e0d7fb,0-3368B,0-3368В,Жакет Пижамный,Капсула,Шелк Лошадки,,1.0,15995.72,8666.67,24662.39,24662.39,,,MERKUSHINA,Капсула,"Круиз 
весна 2026",FULL,FILE-082,Капсульные коллекции ,r102
CV-75501c7f5b7c6a8b,0-3369,0-3369,Брюки пижамные,Капсула,Шелк феи на розовом,,1.0,11146.23,5500.0,16646.23,16646.23,,,MERKUSHINA,Капсула,"Круиз 
весна 2026",FULL,FILE-082,Капсульные коллекции ,r109
CV-8e464df8def68109,0-3369A,0-3369А,Брюки пижамные,Капсула,Шелк феи на белом,,1.0,10889.98,5500.0,16389.98,16389.98,,,MERKUSHINA,Капсула,"Круиз 
весна 2026",FULL,FILE-082,Капсульные коллекции ,r116
CV-b15581fed8986a97,0-3369B,0-3369В,Брюки пижамные,Капсула,Шелк Лошадки,,1.0,10815.23,5500.0,16315.23,16315.23,,,MERKUSHINA,Капсула,"Круиз 
весна 2026",FULL,FILE-082,Капсульные коллекции ,r123
CV-12e641c8d83168a6,0-3370,0-3370,Топ с кружевом,Капсула,Черный шелк + черное кружево,,1.0,2744.4,4500.0,7244.4,7244.4,,,MERKUSHINA,Капсула,"Круиз 
весна 2026",FULL,FILE-082,Капсульные коллекции ,r130
CV-8946747d88fbf05f,0-3370A,0-3370А,Топ с кружевом,Капсула,Белый шелк + черное кружево,,1.0,3533.3,4500.0,8033.3,8033.3,,,MERKUSHINA,Капсула,"Круиз 
весна 2026",FULL,FILE-082,Капсульные коллекции ,r137
CV-b5188db4353d43da,0-3370B,0-3370В,Топ с кружевом,Капсула,Белый шелк + белое кружево,,1.0,3430.8,4500.0,7930.8,7930.8,,,MERKUSHINA,Капсула,"Круиз 
весна 2026",FULL,FILE-082,Капсульные коллекции ,r144
CV-03091c69cd6ef252,0-3371,0-3371,Рубашка пижамная,Капсула,"Вишни на белом, синий шелковый кант",,1.0,4234.11,7343.75,11577.86,11577.86,,,MERKUSHINA,Капсула,"Круиз 
весна 2026",FULL,FILE-082,Капсульные коллекции ,r151
CV-197fa93586aa4aa4,0-3371A,0-3371А,Рубашка пижамная,Капсула,"Вишни на черном, красный шелковый кант",,1.0,4274.11,7343.75,11617.86,11617.86,,,MERKUSHINA,Капсула,"Круиз 
весна 2026",FULL,FILE-082,Капсульные коллекции ,r158
CV-959b44861e9664b5,0-3371B,0-3371В,Рубашка пижамная,Капсула,"Вишни на розовом, серый шелковый кант",,1.0,4190.7699999999995,7343.75,11534.52,11534.52,,,MERKUSHINA,Капсула,"Круиз 
весна 2026",FULL,FILE-082,Капсульные коллекции ,r165
CV-ae592f766557227a,0-3371C,0-3371С,Рубашка пижамная,Капсула,"Вишни на голубом, розовый шелковый кант",,1.0,4176.57,7343.75,11520.32,11520.32,,,MERKUSHINA,Капсула,"Круиз 
весна 2026",FULL,FILE-082,Капсульные коллекции ,r172
CV-fc64881e49afba50,0-3372,0-3372,Брюки,Капсула,"Вишни на белом, синий шелковый кант",,1.0,2577.69,3250.0,5827.6900000000005,5827.6900000000005,,,MERKUSHINA,Капсула,"Круиз 
весна 2026",FULL,FILE-082,Капсульные коллекции ,r179
CV-fc1e6fca7e5231fd,0-3372A,0-3372А,Брюки,Капсула,"Вишни на черном, красный шелковый кант",,1.0,2564.35,3250.0,5814.35,5814.35,,,MERKUSHINA,Капсула,"Круиз 
весна 2026",FULL,FILE-082,Капсульные коллекции ,r186
CV-4ed974f8881dc031,0-3372B,0-3372В,Брюки,Капсула,"Вишни на розовом, серый шелковый кант",,1.0,2534.35,3250.0,5784.35,5784.35,,,MERKUSHINA,Капсула,"Круиз 
весна 2026",FULL,FILE-082,Капсульные коллекции ,r193
CV-1d5c5e4d8c3e0011,0-3372C,0-3372С,Брюки,Капсула,"Вишни на голубом, розовый шелковый кант",,1.0,2520.15,3250.0,5770.15,5770.15,,,MERKUSHINA,Капсула,"Круиз 
весна 2026",FULL,FILE-082,Капсульные коллекции ,r200
CV-add890b5cfdde8f5,0-3373,0-3373,Шорты,Капсула,"Вишни на белом, синий шелковый кант",,1.0,2117.69,2750.0,4867.6900000000005,4867.6900000000005,,,MERKUSHINA,Капсула,"Круиз 
весна 2026",FULL,FILE-082,Капсульные коллекции ,r207
CV-1e294f5b08b1f2b0,0-3373A,0-3373А,Шорты,Капсула,"Вишни на черном, красный шелковый кант",,1.0,2104.36,2750.0,4854.360000000001,4854.360000000001,,,MERKUSHINA,Капсула,"Круиз 
весна 2026",FULL,FILE-082,Капсульные коллекции ,r214
CV-c9a60cfaacc5c539,0-3373B,0-3373В,Шорты,Капсула,"Вишни на розовом, серый шелковый кант",,1.0,2074.36,2750.0,4824.360000000001,4824.360000000001,,,MERKUSHINA,Капсула,"Круиз 
весна 2026",FULL,FILE-082,Капсульные коллекции ,r221
CV-6309e5ee454f9476,0-3373C,0-3373С,Шорты,Капсула,"Вишни на голубом, розовый шелковый кант",,1.0,2060.16,2750.0,4810.16,4810.16,,,MERKUSHINA,Капсула,"Круиз 
весна 2026",FULL,FILE-082,Капсульные коллекции ,r228
CV-4baf082c21e459db,0-3384,0-3384,Кафтан накидка с бахромой,Капсула,Бежевый,,1.0,2278.3199999999997,15412.48,17690.8,17690.8,,,MERKUSHINA,Капсула,"Круиз 
весна 2026",FULL,FILE-082,Капсульные коллекции ,r235
CV-b86dbb6973f611a1,0-3386,0-3386,Брюки палаццо с 2-мя складками,Капсула,Белый,,2.0,1675.9099999999999,4650.0,6325.91,12651.82,,,MERKUSHINA,Капсула,"Круиз 
весна 2026",FULL,FILE-082,Капсульные коллекции ,r242
CV-8316b582a56a3301,0-3387,0-3387,Блузка с бантом из шелка,Капсула,Красный,,1.0,5365.54,5750.0,11115.54,11115.54,,,MERKUSHINA,Капсула,"Круиз 
весна 2026",FULL,FILE-082,Капсульные коллекции ,r249
CV-0105117fd09f3acf,0-3387A,0-3387А,Блузка с бантом из шелка,Капсула,Какао,,1.0,6865.54,5750.0,12615.54,12615.54,,,MERKUSHINA,Капсула,"Круиз 
весна 2026",FULL,FILE-082,Капсульные коллекции ,r256
CV-0fe4ddc6ec5a39eb,0-3388,0-3388,Брюки шелковые,Капсула,Красный,,1.0,7062.11,5250.0,12312.11,12312.11,,,MERKUSHINA,Капсула,"Круиз 
весна 2026",FULL,FILE-082,Капсульные коллекции ,r263
CV-c1c7aad98246da16,0-3388A,0-3388А,Брюки шелковые,Капсула,Какао,,1.0,8917.11,5250.0,14167.11,14167.11,,,MERKUSHINA,Капсула,"Круиз 
весна 2026",FULL,FILE-082,Капсульные коллекции ,r270
CV-1d451798877c30aa,0-3412,0-3412,Комбенизон с шортами,Капсула,Синий электрик,,1.0,12353.83,12612.0,24965.83,24965.83,,,MERKUSHINA,Капсула,"Круиз 
весна 2026",FULL,FILE-082,Капсульные коллекции ,r277
CV-ca05b4bb9d68f19a,0-3416,0-3416,Брюки палаццо с 2-мя складками,Капсула,Бежевый,,2.0,932.94,4150.0,5082.9400000000005,10165.880000000001,,,MERKUSHINA,Капсула,"Круиз 
весна 2026",FULL,FILE-082,Капсульные коллекции ,r284
CV-9b52e4988c7bf20f,0-3371A,0-3371А,Рубашка пижамная,Капсула,"Вишни на черном, красный шелковый кант",,1.0,4198.37,6843.75,11042.119999999999,11042.119999999999,,,MERKUSHINA,Капсула,Для Собственника,FULL,FILE-082,Капсульные коллекции ,r291
CV-65469c13e37f80c3,0-3372A,0-3372А,Брюки,Капсула,"Вишни на черном, красный шелковый кант",,1.0,2483.57,3000.0,5483.57,5483.57,,,MERKUSHINA,Капсула,Для Собственника,FULL,FILE-082,Капсульные коллекции ,r298
CV-4017ad5cf54a38ac,0-3373A,0-3373А,Шорты,Капсула,"Вишни на черном, красный шелковый кант",,1.0,2048.82,2500.0,4548.82,4548.82,,,MERKUSHINA,Капсула,Для Собственника,FULL,FILE-082,Капсульные коллекции ,r305
CV-08f5c38773436e43,0-3368,0-3368,Жакет Пижамный,Модный Дом,"Феи на розовом
Черный шелковый кант",,1.0,15401.25,8000.0,23401.25,23401.25,,,MERKUSHINA,Модный Дом,Круиз 2026,FULL,FILE-082,Капсульные коллекции ,r312
CV-52f038c99b774e99,0-3368A,0-3368А,Жакет Пижамный,Модный Дом,"Феи на белом
Черный шелковый кант",,1.0,15145.0,8000.0,23145.0,23145.0,,,MERKUSHINA,Модный Дом,Круиз 2026,FULL,FILE-082,Капсульные коллекции ,r319
CV-55ba3c7d0c97cb34,0-3369,0-3369,Брюки пижамные,Модный Дом,"Феи на розовом
Черный шелковый кант",,1.0,10926.49,5000.0,15926.49,15926.49,,,MERKUSHINA,Модный Дом,Круиз 2026,FULL,FILE-082,Капсульные коллекции ,r326
CV-5a3d6962e1e3e181,0-3369A,0-3369А,Брюки пижамные,Модный Дом,"Феи на белом
Черный шелковый кант",,1.0,10670.24,5000.0,15670.24,15670.24,,,MERKUSHINA,Модный Дом,Круиз 2026,FULL,FILE-082,Капсульные коллекции ,r333
CV-1c743a0d4d4a5c6a,0-3370,0-3370,Топ с кружевом,Модный Дом,Черный + черный,,2.0,2448.25,4500.0,6948.25,13896.5,,,MERKUSHINA,Модный Дом,Круиз 2026,FULL,FILE-082,Капсульные коллекции ,r340
CV-eefbb2ed70206b99,0-3370A,0-3370А,Топ с кружевом,Модный Дом,Белый + черный,,2.0,3133.1,4500.0,7633.1,15266.2,,,MERKUSHINA,Модный Дом,Круиз 2026,FULL,FILE-082,Капсульные коллекции ,r347
CV-1c0a551ef72c62ad,0-3340,0-3340,Блуза с рукавом летучая мышь,Заказ Медведева,ЧЕРНЫЙ,,1.0,7412.0,5850.0,13262.0,13262.0,,,MERKUSHINA,Заказ Медведева,2-я линия весна 2026,FULL,FILE-082,Капсульные коллекции ,r354
CV-c8f2715c39a4681e,0-3371A,0-3371А,"Рубашка пижамная
принт Вишни",Заказ Ершова,ЧЕРНЫЙ,,1.0,3003.335,6843.75,9847.085,9847.085,,,MERKUSHINA,Заказ Ершова,Круиз 2026,FULL,FILE-082,Капсульные коллекции ,r361
CV-2ac2baf61b8fd749,0-3372A,0-3372А,"Брюки
принт Вишни",Заказ Ершова,ЧЕРНЫЙ,,1.0,1987.7350000000001,3000.0,4987.735000000001,4987.735000000001,,,MERKUSHINA,Заказ Ершова,Круиз 2026,FULL,FILE-082,Капсульные коллекции ,r368
CV-ac909965460c0787,0-3373A,0-3373А,Шорты принт Вишни,Заказ Ершова,ЧЕРНЫЙ,,1.0,1552.9850000000001,2500.0,4052.985,4052.985,,,MERKUSHINA,Заказ Ершова,Круиз 2026,FULL,FILE-082,Капсульные коллекции ,r375
CV-af51b6a5594a2a33,0-3371A,0-3371А,"Рубашка пижамная
принт Вишни",МД Тираж,ЧЕРНЫЙ,,2.0,3003.335,6843.75,9847.085,19694.17,,,MERKUSHINA,МД Тираж,Круиз 2026,FULL,FILE-082,Капсульные коллекции ,r382
CV-d26d610b74714a3f,0-3372A,0-3372А,"Брюки
принт Вишни",МД Тираж,ЧЕРНЫЙ,,2.0,1987.7350000000001,3000.0,4987.735000000001,9975.470000000001,,,MERKUSHINA,МД Тираж,Круиз 2026,FULL,FILE-082,Капсульные коллекции ,r389
CV-3ee1e76e8e25146c,0-3373A,0-3373А,Шорты принт Вишни,МД Тираж,ЧЕРНЫЙ,,2.0,1552.9850000000001,2500.0,4052.985,8105.97,,,MERKUSHINA,МД Тираж,Круиз 2026,FULL,FILE-082,Капсульные коллекции ,r396
CV-f5809860ca0e0aee,0-3371,0-3371,"Рубашка пижамная
принт Вишни",МД Тираж,Белый,,1.0,3459.17,6843.75,10302.92,10302.92,,,MERKUSHINA,МД Тираж,Круиз 2026,FULL,FILE-082,Капсульные коллекции ,r403
CV-ec81124448d8e0b6,0-3372,0-3372,"Брюки
принт Вишни",МД Тираж,Белый,,1.0,2505.9,3000.0,5505.9,5505.9,,,MERKUSHINA,МД Тираж,Круиз 2026,FULL,FILE-082,Капсульные коллекции ,r410
CV-7ae734e9da54904c,0-3373,0-3373,Шорты принт Вишни,МД Тираж,Белый,,1.0,2062.15,2500.0,4562.15,4562.15,,,MERKUSHINA,МД Тираж,Круиз 2026,FULL,FILE-082,Капсульные коллекции ,r417
CV-d9d51b13d488ffde,0-3371C,0-3371С,"Рубашка пижамная
принт Вишни",МД Тираж,Голубой,,1.0,3401.64,6843.75,10245.39,10245.39,,,MERKUSHINA,МД Тираж,Круиз 2026,FULL,FILE-082,Капсульные коллекции ,r424
CV-baccf7be88ac9685,0-3372C,0-3372С,"Брюки
принт Вишни",МД Тираж,Голубой,,1.0,2439.37,3000.0,5439.37,5439.37,,,MERKUSHINA,МД Тираж,Круиз 2026,FULL,FILE-082,Капсульные коллекции ,r431
CV-746be996c216e4c9,0-3373C,0-3373С,Шорты принт Вишни,МД Тираж,Голубой,,1.0,2004.6200000000001,2500.0,4504.62,4504.62,,,MERKUSHINA,МД Тираж,Круиз 2026,FULL,FILE-082,Капсульные коллекции ,r438
CV-cc6b659c4a5e8321,0-3371,0-3371,"Рубашка пижамная
принт Вишни",МД Тираж,Белый,,1.0,3459.17,6843.75,10302.92,10302.92,,,MERKUSHINA,МД Тираж,Круиз 2026,FULL,FILE-082,Капсульные коллекции ,r445
CV-f9a57ec12003dd21,0-3373,0-3373,Шорты принт Вишни,МД Тираж,Белый,,1.0,2062.15,2500.0,4562.15,4562.15,,,MERKUSHINA,МД Тираж,Круиз 2026,FULL,FILE-082,Капсульные коллекции ,r452
CV-310c4c68d30fff63,0-3370,0-3370,Топ с кружевом,Заказ Крушинская Юлия,Черный + черный,,1.0,3755.5,4500.0,8255.5,8255.5,,,MERKUSHINA,Заказ Крушинская Юлия,Круиз 2026,FULL,FILE-082,Капсульные коллекции ,r459
CV-e4837c20165bb82b,0,0,,Капсульные коллекции ,,,,,,,,,,MERKUSHINA,,,PARTIAL,FILE-082,Капсульные коллекции ,r466
CV-fc1d60de3ad88ea7,0,0,,Капсульные коллекции ,,,,,,,,,,MERKUSHINA,,,PARTIAL,FILE-082,Капсульные коллекции ,r473
CV-22e532f6d40483db,0,0,,Капсульные коллекции ,,,,,,,,,,MERKUSHINA,,,PARTIAL,FILE-082,Капсульные коллекции ,r480
CV-b0a8a9269dd393b6,0-3209C,0-3209С,Брюки из бархата,ИМ,Черные,,1.0,1449.125,3500.0,4949.125,4949.125,,,MERKUSHINA,ИМ,"Рзработка
2-я линия Осень 2025 ИМ",FULL,FILE-082,Разработки 2025,r73
CV-26a1b7c7f52efd8d,0-1237A,0-1237А,Платье Бархатное черное,ИМ,Черный,,1.0,7400.9,12500.0,19900.9,19900.9,,,MERKUSHINA,ИМ,Старая коллекция,FULL,FILE-082,Разработки 2025,r80
CV-1565417e934c4b55,0-3361,0-3361,"Жакет классический двубортный в полоску
СЕРЫЙ",ИМ,,,1.0,0.0,10500.0,10500.0,10500.0,,,MERKUSHINA,ИМ,"Рзработка
2-я линия Осень 2026 ИМ",FULL,FILE-082,Разработки 2025,r94
CV-08e2b8cd6f16147a,44-22,44-22,платье,MD,,,1,1800.0,,,,,2025,MOKEEVA,partial_material_only,,PARTIAL_MATERIAL,FILE-083,2025,r2
CV-4a6e4f0c662289a7,K44-22,к 44-22,брюки,MD,,,1,1100.0,,,,,2025,MOKEEVA,partial_material_only,,PARTIAL_MATERIAL,FILE-083,2025,r3
CV-efe5072ad7f30635,ПO44-05,по 44-05,жакет,MD,,,1,1600.0,,,,,2025,MOKEEVA,partial_material_only,,PARTIAL_MATERIAL,FILE-083,2025,r6
CV-6f02381c9f13ebe1,ПO44-05,по 44-05,юбка,MD,,,1,1600.0,,,,,2025,MOKEEVA,partial_material_only,,PARTIAL_MATERIAL,FILE-083,2025,r7
CV-fb0b035d568b5c35,ПO44-05,по 44-05,жакет,MD,,,1,1600.0,,,,,2025,MOKEEVA,partial_material_only,,PARTIAL_MATERIAL,FILE-083,2025,r8
CV-22acd21f5a3e4b7f,43-25,43-25,жакет,MD,,,1,1800.0,,,,,2025,MOKEEVA,partial_material_only,,PARTIAL_MATERIAL,FILE-083,2025,r9
CV-3425a65cbe024011,44-14,44-14,жакет,MD,,,1,1800.0,,,,,2025,MOKEEVA,partial_material_only,,PARTIAL_MATERIAL,FILE-083,2025,r10
CV-387486b4bf4ee2eb,44-05,44-05,юбка,MD,,,1,1800.0,,,,,2025,MOKEEVA,partial_material_only,,PARTIAL_MATERIAL,FILE-083,2025,r11
CV-d78e4b74044c0009,0-2489,0-2489,жакет,MD,,,1,1800.0,,,,,2025,MOKEEVA,partial_material_only,,PARTIAL_MATERIAL,FILE-083,2025,r12
CV-27ebbae60f9e2038,44-14,44-14,платье,MD,,,1,1600.0,,,,,2025,MOKEEVA,partial_material_only,,PARTIAL_MATERIAL,FILE-083,2025,r19
CV-1878bf77a26612cf,0-2991,0-2991,водолазка,MD,,,1,,,,,,2025,MOKEEVA,partial_material_only,,PARTIAL_MATERIAL,FILE-083,2025,r21
CV-3f868d0c40bcf069,0-3096,0-3096,топ,MD,,,1,1600.0,,,,,2025,MOKEEVA,partial_material_only,,PARTIAL_MATERIAL,FILE-083,2025,r28
CV-ec7fd695a0013bfa,0-3096A,0-3096а,топ,MD,,,1,1600.0,,,,,2025,MOKEEVA,partial_material_only,,PARTIAL_MATERIAL,FILE-083,2025,r29
CV-afe1975b2e678200,0-3096A,0-3096а,топ,MD,,,1,1600.0,,,,,2025,MOKEEVA,partial_material_only,,PARTIAL_MATERIAL,FILE-083,2025,r30
CV-5e91a86b0c635d50,0-2993,0-2993,юбка н/п,MD,,,1,1800.0,,,,,2025,MOKEEVA,partial_material_only,,PARTIAL_MATERIAL,FILE-083,2025,r31
CV-beaf240a943a6b5f,44-28,44-28,блузон клематис,MD,,,1,1800.0,,,,,2025,MOKEEVA,partial_material_only,,PARTIAL_MATERIAL,FILE-083,2025,r36
CV-96c0d14f117db4af,0-2352C,0-2352с,пальто,MD,,,1,,,,,,2025,MOKEEVA,partial_material_only,,PARTIAL_MATERIAL,FILE-083,2025,r37
CV-5f0db09baaa7b823,0-2993A,0-2993А,жакет,MD,,,1,1800.0,,,,,2025,MOKEEVA,partial_material_only,,PARTIAL_MATERIAL,FILE-083,2025,r38
CV-5e71d2da2ce06c61,34-09,34-09,жакет,MD,,,1,1800.0,,,,,2025,MOKEEVA,partial_material_only,,PARTIAL_MATERIAL,FILE-083,2025,r40
CV-88c574ceba5b9945,34-09,34-09,брюки,MD,,,1,1800.0,,,,,2025,MOKEEVA,partial_material_only,,PARTIAL_MATERIAL,FILE-083,2025,r41
CV-d3c80433739eb736,K44-14,к 44-14,ниж платье,MD,,,1,,,,,,2025,MOKEEVA,partial_material_only,,PARTIAL_MATERIAL,FILE-083,2025,r43
CV-08cdc48a50360789,43-09,43-09,жакет,MD,,,1,1800.0,,,,,2025,MOKEEVA,partial_material_only,,PARTIAL_MATERIAL,FILE-083,2025,r45
CV-e73048d7d8216da1,43-07,43-07,брюки,MD,,,1,1800.0,,,,,2025,MOKEEVA,partial_material_only,,PARTIAL_MATERIAL,FILE-083,2025,r46
CV-754338da03b05e9c,43-09,43-09,юбка,MD,,,1,,,,,,2025,MOKEEVA,partial_material_only,,PARTIAL_MATERIAL,FILE-083,2025,r47
CV-7401b2d1349a2ff0,43-09,43-09,юбка,MD,,,1,,,,,,2025,MOKEEVA,partial_material_only,,PARTIAL_MATERIAL,FILE-083,2025,r48
CV-5eed11133260b0a6,34-08,34-08,жакет,MD,,,1,1800.0,,,,,2025,MOKEEVA,partial_material_only,,PARTIAL_MATERIAL,FILE-083,2025,r49
CV-7ad258420c90b3d7,34-08,34-08,юбка,MD,,,1,1800.0,,,,,2025,MOKEEVA,partial_material_only,,PARTIAL_MATERIAL,FILE-083,2025,r50
CV-b0e0a3177446cb1a,38-12,38-12,жакет,MD,,,1,1800.0,,,,,2025,MOKEEVA,partial_material_only,,PARTIAL_MATERIAL,FILE-083,2025,r51
CV-f4f3bed214eb3a8a,38-12,38-12,юбка,MD,,,1,,,,,,2025,MOKEEVA,partial_material_only,,PARTIAL_MATERIAL,FILE-083,2025,r52
CV-987e07f216327c8a,44-14,44-14,жакет +шапочка,MD,,,1,1600.0,,,,,2025,MOKEEVA,partial_material_only,,PARTIAL_MATERIAL,FILE-083,2025,r53
CV-58c79c2c658ac5e5,ПO44-01,по 44-01,корсет,MD,,,1,1600.0,,,,,2025,MOKEEVA,partial_material_only,,PARTIAL_MATERIAL,FILE-083,2025,r54
CV-15ac6f629c3837b7,31-05,31-05,юбка,MD,,,1,1800.0,,,,,2025,MOKEEVA,partial_material_only,,PARTIAL_MATERIAL,FILE-083,2025,r55
CV-d5019c087a73da75,0-2027,0-2027,кафтан,MD,,,1,,,,,,2025,MOKEEVA,partial_material_only,,PARTIAL_MATERIAL,FILE-083,2025,r58
CV-e90760f1b1fada6d,43-09,43-09,жакет,MD,,,1,1800.0,,,,,2025,MOKEEVA,partial_material_only,,PARTIAL_MATERIAL,FILE-083,2025,r59
CV-8d34a4e5185942b5,36-05,36-05,жакет,MD,,,1,1800.0,,,,,2025,MOKEEVA,partial_material_only,,PARTIAL_MATERIAL,FILE-083,2025,r60
CV-428044e1917dbba3,36-05,36-05,юбка,MD,,,1,1800.0,,,,,2025,MOKEEVA,partial_material_only,,PARTIAL_MATERIAL,FILE-083,2025,r61
CV-c831e023c98ec96d,43-09,43-09,юбка,MD,,,1,1100.0,,,,,2025,MOKEEVA,partial_material_only,,PARTIAL_MATERIAL,FILE-083,2025,r62
CV-ca9f8ccbf984d8b0,18-16,18-16,платье,MD,,,1,1600.0,,,,,2025,MOKEEVA,partial_material_only,,PARTIAL_MATERIAL,FILE-083,2025,r66
CV-d986b73f299b9406,43-09,43-09,жакет,MD,,,1,1100.0,,,,,2025,MOKEEVA,partial_material_only,,PARTIAL_MATERIAL,FILE-083,2025,r67
CV-855424a0ad8414ef,43-09,43-09,юбка,MD,,,1,1100.0,,,,,2025,MOKEEVA,partial_material_only,,PARTIAL_MATERIAL,FILE-083,2025,r68
CV-057670a16f1bb492,43-09,43-09,жакет,MD,,,1,1100.0,,,,,2025,MOKEEVA,partial_material_only,,PARTIAL_MATERIAL,FILE-083,2025,r69
CV-4ce07e48db94efdf,43-09,43-09,юбка,MD,,,1,1100.0,,,,,2025,MOKEEVA,partial_material_only,,PARTIAL_MATERIAL,FILE-083,2025,r70
CV-6129cacbe7c9cd20,43-25,43-25,жакет,MD,,,1,1600.0,,,,,2025,MOKEEVA,partial_material_only,,PARTIAL_MATERIAL,FILE-083,2025,r71
CV-0399c5305fe1b7bf,43-09,43-09,юбка,MD,,,1,1100.0,,,,,2025,MOKEEVA,partial_material_only,,PARTIAL_MATERIAL,FILE-083,2025,r72
CV-9c2de5a8f45ad081,43-09,43-09,жакет,MD,,,1,1100.0,,,,,2025,MOKEEVA,partial_material_only,,PARTIAL_MATERIAL,FILE-083,2025,r73
CV-8ab755483336d8aa,43-09,43-09,юбка,MD,,,1,1100.0,,,,,2025,MOKEEVA,partial_material_only,,PARTIAL_MATERIAL,FILE-083,2025,r74
CV-4a9f53cf6afce258,0-3130,0-3130,платье,MD,,,1,400.0,,,,,2025,MOKEEVA,partial_material_only,,PARTIAL_MATERIAL,FILE-083,2025,r75
CV-56eb1d94abe68014,0-3130,0-3130,платье,MD,,,1,400.0,,,,,2025,MOKEEVA,partial_material_only,,PARTIAL_MATERIAL,FILE-083,2025,r76
CV-f2c9d4b8110d886a,ИM-3042,ИМ-3042,блуза,MD,,,1,,,,,,2025,MOKEEVA,partial_material_only,,PARTIAL_MATERIAL,FILE-083,2025,r77
CV-fc926a44a14e5544,43-26,43-26,жакет,MD,,,1,1600.0,,,,,2025,MOKEEVA,partial_material_only,,PARTIAL_MATERIAL,FILE-083,2025,r78
CV-201c2656563800d4,0-2991,0-2991,водолазка,MD,,,1,,,,,,2025,MOKEEVA,partial_material_only,,PARTIAL_MATERIAL,FILE-083,2025,r81
CV-1793043f1dcf40c5,0-2992,0-2992,сарафан,MD,,,1,,,,,,2025,MOKEEVA,partial_material_only,,PARTIAL_MATERIAL,FILE-083,2025,r82
CV-f1b8cd78200ef7bb,43-02,43-02,жакет,MD,,,1,1600.0,,,,,2025,MOKEEVA,partial_material_only,,PARTIAL_MATERIAL,FILE-083,2025,r83
CV-65068c857d034d7b,43-02,43-02,юбка,MD,,,1,1800.0,,,,,2025,MOKEEVA,partial_material_only,,PARTIAL_MATERIAL,FILE-083,2025,r84
CV-bb940970604fa6a0,44-05,44-05,жакет,MD,,,1,1600.0,,,,,2025,MOKEEVA,partial_material_only,,PARTIAL_MATERIAL,FILE-083,2025,r85
CV-55298e3ee305cd2b,44-05,44-05,юбка,MD,,,1,1600.0,,,,,2025,MOKEEVA,partial_material_only,,PARTIAL_MATERIAL,FILE-083,2025,r86
CV-faa9d2f1b70291e4,45-31,45-31,блузон,MD,,,1,,,,,,2025,MOKEEVA,partial_material_only,,PARTIAL_MATERIAL,FILE-083,2025,r87
CV-7225b9835b79ec4c,45-07,45-07,жакет,MD,,,1,1600.0,,,,,2025,MOKEEVA,partial_material_only,,PARTIAL_MATERIAL,FILE-083,2025,r88
CV-1f119f6ded058cc0,45-07,45-07,юбка,MD,,,1,1600.0,,,,,2025,MOKEEVA,partial_material_only,,PARTIAL_MATERIAL,FILE-083,2025,r89
CV-21cc6d695e3e8bfa,45-01,45-01,юбка,MD,,,1,1600.0,,,,,2025,MOKEEVA,partial_material_only,,PARTIAL_MATERIAL,FILE-083,2025,r90
CV-b2c4f07234672056,45-01,45-01,жакет,MD,,,1,1600.0,,,,,2025,MOKEEVA,partial_material_only,,PARTIAL_MATERIAL,FILE-083,2025,r91
CV-626c5e38caa6faa1,43-14,43-14,брюки,MD,,,1,1800.0,,,,,2025,MOKEEVA,partial_material_only,,PARTIAL_MATERIAL,FILE-083,2025,r92
CV-92139610fa6f745f,43-07,43-07,жакет,MD,,,1,1800.0,,,,,2025,MOKEEVA,partial_material_only,,PARTIAL_MATERIAL,FILE-083,2025,r93
CV-67476ca00c3e9260,43-07,43-07,брюки,MD,,,1,1800.0,,,,,2025,MOKEEVA,partial_material_only,,PARTIAL_MATERIAL,FILE-083,2025,r94
CV-087bc2c1fa6083e6,44-11,44-11,платье,MD,,,1,,,,,,2025,MOKEEVA,partial_material_only,,PARTIAL_MATERIAL,FILE-083,2025,r97
CV-3996e467394ae164,44-11,44-11,брюки,MD,,,1,,,,,,2025,MOKEEVA,partial_material_only,,PARTIAL_MATERIAL,FILE-083,2025,r98
CV-f1f8315d448ee000,45-18,45-18,юбка,MD,,,1,1600.0,,,,,2025,MOKEEVA,partial_material_only,,PARTIAL_MATERIAL,FILE-083,2025,r99
CV-18160ff68754d400,45-23,45-23,платье,MD,,,1,,,,,,2025,MOKEEVA,partial_material_only,,PARTIAL_MATERIAL,FILE-083,2025,r101
CV-548faac1c22b4a08,43-25,43-25,юбка,MD,,,1,,,,,,2025,MOKEEVA,partial_material_only,,PARTIAL_MATERIAL,FILE-083,2025,r103
CV-68f6c42ba0f0ced2,38-07,38-07,жакет,MD,,,1,1600.0,,,,,2025,MOKEEVA,partial_material_only,,PARTIAL_MATERIAL,FILE-083,2025,r104
CV-27991ae8608e0c8a,38-07,38-07,брюки,MD,,,1,1600.0,,,,,2025,MOKEEVA,partial_material_only,,PARTIAL_MATERIAL,FILE-083,2025,r105
CV-582464da9fc059ee,43-32,43-32,корсет/платье+реставрац,MD,,,1,1600.0,,,,,2025,MOKEEVA,partial_material_only,,PARTIAL_MATERIAL,FILE-083,2025,r107
CV-29a960e686c17617,35-15,35-15,блузон,MD,,,1,,,,,,2025,MOKEEVA,partial_material_only,,PARTIAL_MATERIAL,FILE-083,2025,r110
CV-d1f84063ca1f33e4,0-1742,0-1742,блузон Жаклин,MD,,,1,1600.0,,,,,2025,MOKEEVA,partial_material_only,,PARTIAL_MATERIAL,FILE-083,2025,r111
CV-73eba3b86a14a59c,31-05,31-05,блуза,MD,,,1,,,,,,2025,MOKEEVA,partial_material_only,,PARTIAL_MATERIAL,FILE-083,2025,r112
CV-573233c12eeedbf4,ПO43-02,по 43-02,юбка,MD,,,1,1800.0,,,,,2025,MOKEEVA,partial_material_only,,PARTIAL_MATERIAL,FILE-083,2025,r113
CV-b69c4ecc8b40d721,45-11,45-11,чалма,MD,,,1,1600.0,,,,,2025,MOKEEVA,partial_material_only,,PARTIAL_MATERIAL,FILE-083,2025,r115
CV-25b0d64598b2571c,45-11,45-11,чалма,MD,,,1,1600.0,,,,,2025,MOKEEVA,partial_material_only,,PARTIAL_MATERIAL,FILE-083,2025,r116
CV-fbc26650614753e1,45-11,45-11,чалма,MD,,,1,1600.0,,,,,2025,MOKEEVA,partial_material_only,,PARTIAL_MATERIAL,FILE-083,2025,r117
CV-b1e9c5dc7d1526b6,ПAПAЯ,папая,сумка,MD,,,1,1600.0,,,,,2025,MOKEEVA,partial_material_only,,PARTIAL_MATERIAL,FILE-083,2025,r118
CV-10fc4bc44698fc17,ПAПAЯ,папая,сумка,MD,,,1,1600.0,,,,,2025,MOKEEVA,partial_material_only,,PARTIAL_MATERIAL,FILE-083,2025,r119
CV-788221ef781d442d,ЛУK,лук,сумка,MD,,,1,1600.0,,,,,2025,MOKEEVA,partial_material_only,,PARTIAL_MATERIAL,FILE-083,2025,r120
CV-5df3bac3cae25b93,ПEPEЦ,перец,сумка,MD,,,1,1600.0,,,,,2025,MOKEEVA,partial_material_only,,PARTIAL_MATERIAL,FILE-083,2025,r121
CV-ba5fcfa4d1af8313,ПEPEЦ,перец,сумка,MD,,,1,1600.0,,,,,2025,MOKEEVA,partial_material_only,,PARTIAL_MATERIAL,FILE-083,2025,r122
CV-160f72d66933b606,БAKЛAЖ,баклаж,сумка,MD,,,1,1600.0,,,,,2025,MOKEEVA,partial_material_only,,PARTIAL_MATERIAL,FILE-083,2025,r125
CV-c562220208954ede,0-3130A,0-3130а,платье,MD,,,1,400.0,,,,,2025,MOKEEVA,partial_material_only,,PARTIAL_MATERIAL,FILE-083,2025,r131
CV-9a146f4866d8ab34,0-3130B,0-3130в,платье,MD,,,1,400.0,,,,,2025,MOKEEVA,partial_material_only,,PARTIAL_MATERIAL,FILE-083,2025,r132
CV-5c0c1375ca00b45d,0-3132A,0-3132а,Платье,MD,,,1,1600.0,,,,,2025,MOKEEVA,partial_material_only,,PARTIAL_MATERIAL,FILE-083,2025,r133
CV-0cdc5643c4e46d55,0-3131A,0-3131а,кейп,MD,,,1,,,,,,2025,MOKEEVA,partial_material_only,,PARTIAL_MATERIAL,FILE-083,2025,r134
CV-d0ef9f02a3e8efbb,0-3132,0-3132,Платье,MD,,,1,1600.0,,,,,2025,MOKEEVA,partial_material_only,,PARTIAL_MATERIAL,FILE-083,2025,r135
CV-ece60106a336cbf4,0-3131,0-3131,кейп,MD,,,1,,,,,,2025,MOKEEVA,partial_material_only,,PARTIAL_MATERIAL,FILE-083,2025,r136
CV-40090558ded50a06,0-3128,0-3128,жакет,MD,,,1,,,,,,2025,MOKEEVA,partial_material_only,,PARTIAL_MATERIAL,FILE-083,2025,r140
CV-a8fe6b75d62861c6,45-01,45-01,жакет,MD,,,1,1500.0,,,,,2025,MOKEEVA,partial_material_only,,PARTIAL_MATERIAL,FILE-083,2025,r145
CV-e7f77ade42235970,45-01,45-01,юбка,MD,,,1,1500.0,,,,,2025,MOKEEVA,partial_material_only,,PARTIAL_MATERIAL,FILE-083,2025,r146
CV-b23314a11d3af4b2,0-3141A,0-3141а,кафтан,MD,,,1,,,,,,2025,MOKEEVA,partial_material_only,,PARTIAL_MATERIAL,FILE-083,2025,r147
CV-cb1e9ec82b9566c9,45-11,45-11,сарафан,MD,,,1,1779.14,,,,,2025,MOKEEVA,partial_material_only,,PARTIAL_MATERIAL,FILE-083,2025,r149
CV-2133929189c16a1f,ПO45-13,по 45-13,платье,MD,,,1,,,,,,2025,MOKEEVA,partial_material_only,,PARTIAL_MATERIAL,FILE-083,2025,r150
CV-a8bd76679e253042,ПO43-25,по 43-25,колье серебро,MD,,,1,,,,,,2025,MOKEEVA,partial_material_only,,PARTIAL_MATERIAL,FILE-083,2025,r151
CV-30d4b824c407f902,0-3061C,0-3061с,пальто-халат,MD,,,1,,,,,,2025,MOKEEVA,partial_material_only,,PARTIAL_MATERIAL,FILE-083,2025,r152
CV-d03664fb130216c1,0-3063C,0-3063с,брюки,MD,,,1,,,,,,2025,MOKEEVA,partial_material_only,,PARTIAL_MATERIAL,FILE-083,2025,r153
CV-596e47babcb0f4ff,0-3062C,0-3062с,майка,MD,,,1,,,,,,2025,MOKEEVA,partial_material_only,,PARTIAL_MATERIAL,FILE-083,2025,r154
CV-b234f35c8e5fead7,45-06,45-06,жилет,MD,,,1,17779.14,,,,,2025,MOKEEVA,partial_material_only,,PARTIAL_MATERIAL,FILE-083,2025,r155
CV-b33ed4573cb75d0e,45-06,45-06,брюки,MD,,,1,17779.14,,,,,2025,MOKEEVA,partial_material_only,,PARTIAL_MATERIAL,FILE-083,2025,r156
CV-0b8ca962124de971,45-06,45-06,юбка,MD,,,1,,,,,,2025,MOKEEVA,partial_material_only,,PARTIAL_MATERIAL,FILE-083,2025,r157
CV-d1c5e841d1776f21,45-11,45-11,платье,MD,,,1,1779.14,,,,,2025,MOKEEVA,partial_material_only,,PARTIAL_MATERIAL,FILE-083,2025,r158
CV-857b18c52c9fc9ae,45-04,45-04,юбка,MD,,,1,1517.66,,,,,2025,MOKEEVA,partial_material_only,,PARTIAL_MATERIAL,FILE-083,2025,r160
CV-b3d1f772aebd0e34,ПO32-16,по 32-16,жакет,MD,,,1,1500.0,,,,,2025,MOKEEVA,partial_material_only,,PARTIAL_MATERIAL,FILE-083,2025,r161
CV-81b20a87bf82c949,39-12,39-12,кафтан,MD,,,1,1500.0,,,,,2025,MOKEEVA,partial_material_only,,PARTIAL_MATERIAL,FILE-083,2025,r162
CV-9ee45f85a9f4a141,0-2560C,0-2560с,ниж.юбка,MD,,,1,,,,,,2025,MOKEEVA,partial_material_only,,PARTIAL_MATERIAL,FILE-083,2025,r163
CV-1d3dc757c5c1344a,0-2050,0-2050,пальто-халат,MD,,,1,,,,,,2025,MOKEEVA,partial_material_only,,PARTIAL_MATERIAL,FILE-083,2025,r164
CV-9cde9b22a49367f2,0-2050,0-2050,шорты,MD,,,1,,,,,,2025,MOKEEVA,partial_material_only,,PARTIAL_MATERIAL,FILE-083,2025,r165
CV-56c535594db3905f,44-11,44-11,платье,MD,,,1,,,,,,2025,MOKEEVA,partial_material_only,,PARTIAL_MATERIAL,FILE-083,2025,r166
CV-2dc29d0441dba083,44-11,44-11,брюки,MD,,,1,,,,,,2025,MOKEEVA,partial_material_only,,PARTIAL_MATERIAL,FILE-083,2025,r167
CV-79b403824a2214a3,K44-11,к 44-11,брюки,MD,,,1,,,,,,2025,MOKEEVA,partial_material_only,,PARTIAL_MATERIAL,FILE-083,2025,r168
CV-76fbc71ebce008f4,45-19,45-19,жакет,MD,,,1,1100.0,,,,,2025,MOKEEVA,partial_material_only,,PARTIAL_MATERIAL,FILE-083,2025,r169
CV-da8589b7e9ea4d9b,43-25,43-25,жакет-кейп,MD,,,1,1517.66,,,,,2025,MOKEEVA,partial_material_only,,PARTIAL_MATERIAL,FILE-083,2025,r170
CV-a766dd3644b4c12e,0-3091A,0-3091а,боди,MD,,,1,,,,,,2025,MOKEEVA,partial_material_only,,PARTIAL_MATERIAL,FILE-083,2025,r171
CV-2b312211e87e834a,0-2873,0-2873,брюки,MD,,,1,,,,,,2025,MOKEEVA,partial_material_only,,PARTIAL_MATERIAL,FILE-083,2025,r172
CV-5af9cbdc1a575de3,0-3167,0-3167/2,накидка,MD,,,1,1108.98,,,,,2025,MOKEEVA,partial_material_only,,PARTIAL_MATERIAL,FILE-083,2025,r173
CV-4ac4d913066cdb57,45-06,45-06,брюки,MD,,,1,1500.0,,,,,2025,MOKEEVA,partial_material_only,,PARTIAL_MATERIAL,FILE-083,2025,r174
CV-d9ae140f26335d30,0-3167,0-3167/а,накидка,MD,,,1,1108.98,,,,,2025,MOKEEVA,partial_material_only,,PARTIAL_MATERIAL,FILE-083,2025,r175
CV-72822ee629abedc1,45-05,45-05,берет,MD,,,1,1500.0,,,,,2025,MOKEEVA,partial_material_only,,PARTIAL_MATERIAL,FILE-083,2025,r176
CV-11bbd2d2df337b09,45-09,45-09,комбинезон,MD,,,1,1779.14,,,,,2025,MOKEEVA,partial_material_only,,PARTIAL_MATERIAL,FILE-083,2025,r177
CV-295fbd78e6d613e1,ПO43-14,по 43-14,блузон,MD,,,1,1518.0,,,,,2025,MOKEEVA,partial_material_only,,PARTIAL_MATERIAL,FILE-083,2025,r178
CV-1f2315da8d02fdaf,43-23,43-23,юбка,MD,,,1,,,,,,2025,MOKEEVA,partial_material_only,,PARTIAL_MATERIAL,FILE-083,2025,r179
CV-c735742f4387c463,45-11,45-11,платье,MD,,,1,1779.14,,,,,2025,MOKEEVA,partial_material_only,,PARTIAL_MATERIAL,FILE-083,2025,r180
CV-be55cac04ab6757c,0-2117,0-2117,платье,MD,,,1,,,,,,2025,MOKEEVA,partial_material_only,,PARTIAL_MATERIAL,FILE-083,2025,r181
CV-d8dab39b5e560358,44-28,44-28,блузон клематис,MD,,,1,1500.0,,,,,2025,MOKEEVA,partial_material_only,,PARTIAL_MATERIAL,FILE-083,2025,r182
CV-390b188a01f11b1b,44-27,44-27,юбка,MD,,,1,1779.14,,,,,2025,MOKEEVA,partial_material_only,,PARTIAL_MATERIAL,FILE-083,2025,r183
CV-f520eb32e3bfd684,0-3128B,0-3128в,жакет,MD,,,1,,,,,,2025,MOKEEVA,partial_material_only,,PARTIAL_MATERIAL,FILE-083,2025,r185
CV-167d7c8e160e5c80,K43-09,к 43-09,юбка,MD,,,1,,,,,,2025,MOKEEVA,partial_material_only,,PARTIAL_MATERIAL,FILE-083,2025,r186
CV-49d5204b13726963,ПO45-09,по 45-09,комбинезон+колье,MD,,,1,1500.0,,,,,2025,MOKEEVA,partial_material_only,,PARTIAL_MATERIAL,FILE-083,2025,r187
CV-62b1f0fa38d0b87a,ПO45-13,по 45-13,платье,MD,,,1,1500.0,,,,,2025,MOKEEVA,partial_material_only,,PARTIAL_MATERIAL,FILE-083,2025,r189
CV-04cf6274a3188223,18-19,18-19,куртка,MD,,,1,1500.0,,,,,2025,MOKEEVA,partial_material_only,,PARTIAL_MATERIAL,FILE-083,2025,r190
CV-17036967100ed8de,0-3129,0-3129,жакет,MD,,,1,,,,,,2025,MOKEEVA,partial_material_only,,PARTIAL_MATERIAL,FILE-083,2025,r196
CV-a704d421071ce3df,0-3128Д,0-3128д,жакет,MD,,,1,,,,,,2025,MOKEEVA,partial_material_only,,PARTIAL_MATERIAL,FILE-083,2025,r197
CV-36c5d0705bdb375d,0-3128B,0-3128в,жакет,MD,,,1,,,,,,2025,MOKEEVA,partial_material_only,,PARTIAL_MATERIAL,FILE-083,2025,r198
CV-669a18a8cd8514db,0-3128C,0-3128с,жакет,MD,,,1,,,,,,2025,MOKEEVA,partial_material_only,,PARTIAL_MATERIAL,FILE-083,2025,r199
CV-01a999097c65594d,0-3161,0-3161,пальто-халат,MD,,,1,,,,,,2025,MOKEEVA,partial_material_only,,PARTIAL_MATERIAL,FILE-083,2025,r200
CV-10223e44bdc457e9,0-2754A,0-2754а,платье,MD,,,1,,,,,,2025,MOKEEVA,partial_material_only,,PARTIAL_MATERIAL,FILE-083,2025,r201
CV-c347bb9e3506f01d,0-2754A,0-2754а,платье,MD,,,1,,,,,,2025,MOKEEVA,partial_material_only,,PARTIAL_MATERIAL,FILE-083,2025,r202
CV-2869d8166f817983,0-2754A,0-2754а,платье,MD,,,1,,,,,,2025,MOKEEVA,partial_material_only,,PARTIAL_MATERIAL,FILE-083,2025,r203
CV-082c5eb27f9c84c5,46-4,46-4,платье,MD,,,1,,,,,,2025,MOKEEVA,partial_material_only,,PARTIAL_MATERIAL,FILE-083,2025,r204
CV-80c23fb4bfc1d38d,0-3141A,0-3141а,кафтан перец,MD,,,1,,,,,,2025,MOKEEVA,partial_material_only,,PARTIAL_MATERIAL,FILE-083,2025,r207
CV-34d05cd25ec554db,0-2754A,0-2754а,платье комб,MD,,,1,,,,,,2025,MOKEEVA,partial_material_only,,PARTIAL_MATERIAL,FILE-083,2025,r208
CV-02972eba352c9fbe,0-2754A,0-2754а,платье комб,MD,,,1,,,,,,2025,MOKEEVA,partial_material_only,,PARTIAL_MATERIAL,FILE-083,2025,r209
CV-7b2dfbf11a1f37db,0-3144,0-3144,туника гжель,MD,,,1,,,,,,2025,MOKEEVA,partial_material_only,,PARTIAL_MATERIAL,FILE-083,2025,r210
CV-e4e75ba077b31603,0-2032,0-2032,куртка батист,MD,,,1,,,,,,2025,MOKEEVA,partial_material_only,,PARTIAL_MATERIAL,FILE-083,2025,r211
CV-700ddb0b8b508103,0-2037,0-2037,брюки батист,MD,,,1,,,,,,2025,MOKEEVA,partial_material_only,,PARTIAL_MATERIAL,FILE-083,2025,r212
CV-bcc8d12c937d33a0,0-2050,0-2050,шорты батист,MD,,,1,,,,,,2025,MOKEEVA,partial_material_only,,PARTIAL_MATERIAL,FILE-083,2025,r213
CV-c5b7867cce03f647,0-2052,0-2052,юбка батист,MD,,,1,,,,,,2025,MOKEEVA,partial_material_only,,PARTIAL_MATERIAL,FILE-083,2025,r214
CV-11f0f3be1724559f,45-22,45-22,платье,MD,,,1,,,,,,2025,MOKEEVA,partial_material_only,,PARTIAL_MATERIAL,FILE-083,2025,r215
CV-4f2870d8873b2526,45-09,45-09,комбинезон,MD,,,1,1776.14,,,,,2025,MOKEEVA,partial_material_only,,PARTIAL_MATERIAL,FILE-083,2025,r216
CV-ac3f055044c8dc66,45-09,45-09,пальто,MD,,,1,,,,,,2025,MOKEEVA,partial_material_only,,PARTIAL_MATERIAL,FILE-083,2025,r217
CV-d109176a99d96f60,45-08,45-08,чокер,MD,,,1,,,,,,2025,MOKEEVA,partial_material_only,,PARTIAL_MATERIAL,FILE-083,2025,r218
CV-6d0cafeb5a96e9bd,0-3114,0-3114,брюки,MD,,,1,,,,,,2025,MOKEEVA,partial_material_only,,PARTIAL_MATERIAL,FILE-083,2025,r219
CV-612f7ddb9cc481bd,0-3113,0-3113,жакет,MD,,,1,,,,,,2025,MOKEEVA,partial_material_only,,PARTIAL_MATERIAL,FILE-083,2025,r220
CV-b3b2a4dc9c68f235,0-3140,0-3140,платье,MD,,,1,,,,,,2025,MOKEEVA,partial_material_only,,PARTIAL_MATERIAL,FILE-083,2025,r225
CV-c0415fe1637533fa,45-06,45-06,жакет,MD,,,1,1500.0,,,,,2025,MOKEEVA,partial_material_only,,PARTIAL_MATERIAL,FILE-083,2025,r226
CV-a437316c9ba10fba,45-31,45-31,юбка,MD,,,1,1500.0,,,,,2025,MOKEEVA,partial_material_only,,PARTIAL_MATERIAL,FILE-083,2025,r227
CV-73cdf3070c267def,43-23,43-23,юбка,MD,,,1,,,,,,2025,MOKEEVA,partial_material_only,,PARTIAL_MATERIAL,FILE-083,2025,r228
CV-1685ab70e289a389,0-3042A,0-3042а,блуза с цветк,MD,,,1,,,,,,2025,MOKEEVA,partial_material_only,,PARTIAL_MATERIAL,FILE-083,2025,r229
CV-8b4d63fc4d31c5cd,0-3155,0-3155,шорты батист,MD,,,1,,,,,,2025,MOKEEVA,partial_material_only,,PARTIAL_MATERIAL,FILE-083,2025,r230
CV-eee6c7c35eb0f5ba,0-3143,0-3143,френч,MD,,,1,1517.66,,,,,2025,MOKEEVA,partial_material_only,,PARTIAL_MATERIAL,FILE-083,2025,r232
CV-c3a29be1310e82f0,0-3159,0-3159,юбка,MD,,,1,,,,,,2025,MOKEEVA,partial_material_only,,PARTIAL_MATERIAL,FILE-083,2025,r233
CV-769cc55ed748d62c,0-3167A,0-3167а/2,накидка,MD,,,1,,,,,,2025,MOKEEVA,partial_material_only,,PARTIAL_MATERIAL,FILE-083,2025,r234
CV-83fab51276bb11e5,0-3018,0-3018,платье колье,MD,,,1,,,,,,2025,MOKEEVA,partial_material_only,,PARTIAL_MATERIAL,FILE-083,2025,r235
CV-3f5cf598a951937b,ПO0-3012,по 0-3012,пальто,MD,,,1,,,,,,2025,MOKEEVA,partial_material_only,,PARTIAL_MATERIAL,FILE-083,2025,r236
CV-1cea47866094639c,45-06,45-06,жакет,MD,,,1,,,,,,2025,MOKEEVA,partial_material_only,,PARTIAL_MATERIAL,FILE-083,2025,r239
CV-c75ac6af33a272db,45-06,45-06,юбка,MD,,,1,,,,,,2025,MOKEEVA,partial_material_only,,PARTIAL_MATERIAL,FILE-083,2025,r240
CV-521b900361003537,0-3109,0-3109,туника,MD,,,1,,,,,,2025,MOKEEVA,partial_material_only,,PARTIAL_MATERIAL,FILE-083,2025,r241
CV-bd3fde0012d5cebf,0-3110,0-3110,брюки,MD,,,1,,,,,,2025,MOKEEVA,partial_material_only,,PARTIAL_MATERIAL,FILE-083,2025,r242
CV-11967a493c084416,0-2393,0-2393,платье,MD,,,1,1517.0,,,,,2025,MOKEEVA,partial_material_only,,PARTIAL_MATERIAL,FILE-083,2025,r243
CV-099dbbc1306f990c,45-09,45-09,комбинезон,MD,,,1,1500.0,,,,,2025,MOKEEVA,partial_material_only,,PARTIAL_MATERIAL,FILE-083,2025,r244
CV-683ef5b740b7db9b,0-3140,0-3140,платье,MD,,,1,,,,,,2025,MOKEEVA,partial_material_only,,PARTIAL_MATERIAL,FILE-083,2025,r245
CV-dee7a81866457c0b,0-3120B,0-3120в,платье,MD,,,1,1550.0,,,,,2025,MOKEEVA,partial_material_only,,PARTIAL_MATERIAL,FILE-083,2025,r246
CV-0d97889f9aa2b61e,45-09,45-09,пальто,MD,,,1,,,,,,2025,MOKEEVA,partial_material_only,,PARTIAL_MATERIAL,FILE-083,2025,r247
CV-f9ec8dfae53faa99,33-26,33-26,платье,MD,,,1,,,,,,2025,MOKEEVA,partial_material_only,,PARTIAL_MATERIAL,FILE-083,2025,r248
CV-d2cfda0b3a3801e4,34-08,34-08,жакет,MD,,,1,1500.0,,,,,2025,MOKEEVA,partial_material_only,,PARTIAL_MATERIAL,FILE-083,2025,r250
CV-99ca9e1b090f8a4f,43-09,43-09,жакет,MD,,,1,1779.14,,,,,2025,MOKEEVA,partial_material_only,,PARTIAL_MATERIAL,FILE-083,2025,r253
CV-da10c62b56271dd3,43-25,43-25,жакет кейп,MD,,,1,1779.14,,,,,2025,MOKEEVA,partial_material_only,,PARTIAL_MATERIAL,FILE-083,2025,r254
CV-e41fc9a59821a92e,T-2754A,Т-2754а,платье комбинация,MD,,,1,,,,,,2025,MOKEEVA,partial_material_only,,PARTIAL_MATERIAL,FILE-083,2025,r255
CV-54c78a52aa3bc521,0-3109A,0-3109а,туника,MD,,,1,,,,,,2025,MOKEEVA,partial_material_only,,PARTIAL_MATERIAL,FILE-083,2025,r256
CV-81913993e2459d5f,0-2117,0-2117,платье,MD,,,1,,,,,,2025,MOKEEVA,partial_material_only,,PARTIAL_MATERIAL,FILE-083,2025,r257
CV-aceed04f2e912d3c,0-3110A,0-3110а,брюки,MD,,,1,,,,,,2025,MOKEEVA,partial_material_only,,PARTIAL_MATERIAL,FILE-083,2025,r259
CV-ae68fa64d7a0a2ee,0-2401B,0-2401в,брюки,MD,,,1,,,,,,2025,MOKEEVA,partial_material_only,,PARTIAL_MATERIAL,FILE-083,2025,r260
CV-4ce5424cad6b78b7,0-3122A,0-3122а,рубашка,MD,,,1,,,,,,2025,MOKEEVA,partial_material_only,,PARTIAL_MATERIAL,FILE-083,2025,r261
CV-a39b2815736fd26a,0-3140,0-3140,платье н/п,MD,,,1,,,,,,2025,MOKEEVA,partial_material_only,,PARTIAL_MATERIAL,FILE-083,2025,r262
CV-6e1749206c4a366e,0-3123,0-3123,брюки н/п,MD,,,1,,,,,,2025,MOKEEVA,partial_material_only,,PARTIAL_MATERIAL,FILE-083,2025,r263
CV-1ae85f4d26e86148,0-3112,0-3112,юбка,MD,,,1,,,,,,2025,MOKEEVA,partial_material_only,,PARTIAL_MATERIAL,FILE-083,2025,r264
CV-564e20ce92a3a0c1,0-3117A,0-3117а,шорты,MD,,,1,,,,,,2025,MOKEEVA,partial_material_only,,PARTIAL_MATERIAL,FILE-083,2025,r265
CV-a9398e697b99d863,45-04,45-04,юбка насюрморт,MD,,,1,1500.0,,,,,2025,MOKEEVA,partial_material_only,,PARTIAL_MATERIAL,FILE-083,2025,r266
CV-f3ea5f90a7432e3d,ПO44-18,по 44-18,пальто,MD,,,1,,,,,,2025,MOKEEVA,partial_material_only,,PARTIAL_MATERIAL,FILE-083,2025,r273
CV-483065f7e3f2df7b,0-3141A,0-3141а,кафтан,MD,,,1,,,,,,2025,MOKEEVA,partial_material_only,,PARTIAL_MATERIAL,FILE-083,2025,r274
CV-10e3bd9222f63d54,0-3128B,0-3128в,жакет,MD,,,1,,,,,,2025,MOKEEVA,partial_material_only,,PARTIAL_MATERIAL,FILE-083,2025,r275
CV-67c0c558755e69e7,0-3120B,0-3120в,платье,MD,,,1,1500.0,,,,,2025,MOKEEVA,partial_material_only,,PARTIAL_MATERIAL,FILE-083,2025,r277
CV-bd3de0ee9f83bea3,0-3116,0-3116,жакет,MD,,,1,1500.0,,,,,2025,MOKEEVA,partial_material_only,,PARTIAL_MATERIAL,FILE-083,2025,r278
CV-b060d0b54e280381,0-3171,0-3171,брюки,MD,,,1,504.0,,,,,2025,MOKEEVA,partial_material_only,,PARTIAL_MATERIAL,FILE-083,2025,r279
CV-8867c156b3b79713,K3134,к 3134,ниж юбки,MD,,,1,,,,,,2025,MOKEEVA,partial_material_only,,PARTIAL_MATERIAL,FILE-083,2025,r281
CV-93331df999855448,31-3442-07,31-34    42-07,платье микс,MD,,,1,500.0,,,,,2025,MOKEEVA,partial_material_only,,PARTIAL_MATERIAL,FILE-083,2025,r282
CV-63026b6495c6de37,0-2754,0-2754,платье сорочка,MD,,,1,,,,,,2025,MOKEEVA,partial_material_only,,PARTIAL_MATERIAL,FILE-083,2025,r283
CV-f9cb3858269040f7,0-2750A,0-2750а,топ,MD,,,1,,,,,,2025,MOKEEVA,partial_material_only,,PARTIAL_MATERIAL,FILE-083,2025,r284
CV-9f8d926899d13fa3,0-2750A,0-2750а,топ,MD,,,1,,,,,,2025,MOKEEVA,partial_material_only,,PARTIAL_MATERIAL,FILE-083,2025,r285
CV-2996f764f2c34e43,45-05,45-05,жакет,MD,,,1,1500.0,,,,,2025,MOKEEVA,partial_material_only,,PARTIAL_MATERIAL,FILE-083,2025,r286
CV-025e100bb6537fca,45-06,45-06,брюки,MD,,,1,1500.0,,,,,2025,MOKEEVA,partial_material_only,,PARTIAL_MATERIAL,FILE-083,2025,r287
CV-a766cb426b094c78,43-24,43-24,платье,MD,,,1,1500.0,,,,,2025,MOKEEVA,partial_material_only,,PARTIAL_MATERIAL,FILE-083,2025,r288
CV-6f957d5b470905ca,45-09,45-09,комбинезон,MD,,,1,1779.1,,,,,2025,MOKEEVA,partial_material_only,,PARTIAL_MATERIAL,FILE-083,2025,r289
CV-c175964459cbf3f1,45-09,45-09,жилет пальто,MD,,,1,1500.0,,,,,2025,MOKEEVA,partial_material_only,,PARTIAL_MATERIAL,FILE-083,2025,r290
CV-b718548ed966fae9,45-09,45-09,колье,MD,,,1,,,,,,2025,MOKEEVA,partial_material_only,,PARTIAL_MATERIAL,FILE-083,2025,r291
CV-468b7d684929742e,0-3109B,0-3109в,туника,MD,,,1,,,,,,2025,MOKEEVA,partial_material_only,,PARTIAL_MATERIAL,FILE-083,2025,r292
CV-755f8d7ba2a91b9a,0-3110B,0-3110в,брюки,MD,,,1,,,,,,2025,MOKEEVA,partial_material_only,,PARTIAL_MATERIAL,FILE-083,2025,r293
CV-5cec00ea3eac1449,43-17,43-17,платье гол,MD,,,1,1500.0,,,,,2025,MOKEEVA,partial_material_only,,PARTIAL_MATERIAL,FILE-083,2025,r296
CV-11f3d60fc3d7783e,45-09,45-09,платье перец,MD,,,1,1779.1,,,,,2025,MOKEEVA,partial_material_only,,PARTIAL_MATERIAL,FILE-083,2025,r297
CV-5d7dfdd72e29fd58,0-3168B,0-3168в,рубашка,MD,,,1,,,,,,2025,MOKEEVA,partial_material_only,,PARTIAL_MATERIAL,FILE-083,2025,r298
CV-8ac38f1ee2c3704e,0-3155,0-3155,шорты,MD,,,1,,,,,,2025,MOKEEVA,partial_material_only,,PARTIAL_MATERIAL,FILE-083,2025,r299
CV-240971362204078c,0-3154,0-3154,рубашка,MD,,,1,,,,,,2025,MOKEEVA,partial_material_only,,PARTIAL_MATERIAL,FILE-083,2025,r300
CV-62e55c3a5afdf558,0-3156B,0-3156в,брюки,MD,,,1,,,,,,2025,MOKEEVA,partial_material_only,,PARTIAL_MATERIAL,FILE-083,2025,r301
CV-d6d00fd243135974,0-3154A,0-3154а,рубашка,MD,,,1,,,,,,2025,MOKEEVA,partial_material_only,,PARTIAL_MATERIAL,FILE-083,2025,r302
CV-c31d15a44f48ce6f,0-3167,0-3167/2,накидка,MD,,,1,1108.98,,,,,2025,MOKEEVA,partial_material_only,,PARTIAL_MATERIAL,FILE-083,2025,r303
CV-298ba7749ca4027d,0-3167A,0-3167а/2,накидка,MD,,,1,1108.98,,,,,2025,MOKEEVA,partial_material_only,,PARTIAL_MATERIAL,FILE-083,2025,r304
CV-b31b212947d11fe5,0-3140A,0-3140а,платье бабоч,MD,,,1,1108.98,,,,,2025,MOKEEVA,partial_material_only,,PARTIAL_MATERIAL,FILE-083,2025,r305
CV-0edd943114f2dcfc,33-26,33-26,платье,MD,,,1,1500.0,,,,,2025,MOKEEVA,partial_material_only,,PARTIAL_MATERIAL,FILE-083,2025,r306
CV-4a1f4ad867c931fb,43-05,43-05,жакет,MD,,,1,1517.66,,,,,2025,MOKEEVA,partial_material_only,,PARTIAL_MATERIAL,FILE-083,2025,r307
CV-7347823b240e08ac,43-05,43-05,юбка,MD,,,1,1517.66,,,,,2025,MOKEEVA,partial_material_only,,PARTIAL_MATERIAL,FILE-083,2025,r308
CV-1074f902dcb74823,45-11,45-11,чалма,MD,,,1,1779.1,,,,,2025,MOKEEVA,partial_material_only,,PARTIAL_MATERIAL,FILE-083,2025,r309
CV-fb8cb7374b37a7b4,45-12,45-12,платье,MD,,,1,1779.14,,,,,2025,MOKEEVA,partial_material_only,,PARTIAL_MATERIAL,FILE-083,2025,r310
CV-43e4433ca8ff82fc,KПЛ45-12,к пл 45-12,кейп,MD,,,1,1779.14,,,,,2025,MOKEEVA,partial_material_only,,PARTIAL_MATERIAL,FILE-083,2025,r311
CV-36499c935c3962cd,43-13,43-13,брюки,MD,,,1,1779.14,,,,,2025,MOKEEVA,partial_material_only,,PARTIAL_MATERIAL,FILE-083,2025,r312
CV-6b7d91de9a21719e,0-3159,0-3159,юбка,MD,,,1,,,,,,2025,MOKEEVA,partial_material_only,,PARTIAL_MATERIAL,FILE-083,2025,r313
CV-019e0baed8a88513,0-3114,0-3114,брюки,MD,,,1,190.97,,,,,2025,MOKEEVA,partial_material_only,,PARTIAL_MATERIAL,FILE-083,2025,r314
CV-e217695c02016a17,0-3120,0-3120,платье,MD,,,1,,,,,,2025,MOKEEVA,partial_material_only,,PARTIAL_MATERIAL,FILE-083,2025,r315
CV-6da8f7180cf980f9,T-2381,т-2381,топ,MD,,,1,,,,,,2025,MOKEEVA,partial_material_only,,PARTIAL_MATERIAL,FILE-083,2025,r316
CV-83681aceb530063d,0-3147,0-3147,платье,MD,,,1,186.91,,,,,2025,MOKEEVA,partial_material_only,,PARTIAL_MATERIAL,FILE-083,2025,r317
CV-d9c9e59370d4ef5f,45-06,45-06,жилет,MD,,,1,1500.0,,,,,2025,MOKEEVA,partial_material_only,,PARTIAL_MATERIAL,FILE-083,2025,r318
CV-40fa216facc0aa3c,45-06,45-06,брюки,MD,,,1,1500.0,,,,,2025,MOKEEVA,partial_material_only,,PARTIAL_MATERIAL,FILE-083,2025,r319
CV-6ef0556892f85037,45-06,45-06,бант,MD,,,1,1500.0,,,,,2025,MOKEEVA,partial_material_only,,PARTIAL_MATERIAL,FILE-083,2025,r320
CV-f3fee61f8d996f4c,0-3140A,0-3140а,платье бабоч,MD,,,1,,,,,,2025,MOKEEVA,partial_material_only,,PARTIAL_MATERIAL,FILE-083,2025,r321
CV-01110d4b183786cf,0-3133,0-3133,платье,MD,,,1,,,,,,2025,MOKEEVA,partial_material_only,,PARTIAL_MATERIAL,FILE-083,2025,r322
CV-907cb93080c1943b,0-3156,0-3156,брюки,MD,,,1,,,,,,2025,MOKEEVA,partial_material_only,,PARTIAL_MATERIAL,FILE-083,2025,r323
CV-84303c2c7cff0c47,0-3121A,0-3121а,сарафан,MD,,,1,,,,,,2025,MOKEEVA,partial_material_only,,PARTIAL_MATERIAL,FILE-083,2025,r324
CV-3e42ca57bcc83e7b,0-3120B,0-3120в,платье,MD,,,1,2200.0,,,,,2025,MOKEEVA,partial_material_only,,PARTIAL_MATERIAL,FILE-083,2025,r325
CV-4836a8dcfbd46f16,0-3140A,0-3140а,платье бабоч,MD,,,1,,,,,,2025,MOKEEVA,partial_material_only,,PARTIAL_MATERIAL,FILE-083,2025,r326
CV-d639da7aec60ed02,K45-09,к 45-09,кейп,MD,,,1,,,,,,2025,MOKEEVA,partial_material_only,,PARTIAL_MATERIAL,FILE-083,2025,r327
CV-657c78a768da992c,K43-09,к 43-09,ниж.юбка,MD,,,1,,,,,,2025,MOKEEVA,partial_material_only,,PARTIAL_MATERIAL,FILE-083,2025,r328
CV-7a5eddf1173445a6,ПO0-2600,по 0-2600,брюки,MD,,,1,,,,,,2025,MOKEEVA,partial_material_only,,PARTIAL_MATERIAL,FILE-083,2025,r329
CV-c4f904366eaa766d,0-3140A,0-3140а,платье,MD,,,1,,,,,,2025,MOKEEVA,partial_material_only,,PARTIAL_MATERIAL,FILE-083,2025,r330
CV-8a5925258f892e42,0-3131A,0-3131а,кейп,MD,,,1,,,,,,2025,MOKEEVA,partial_material_only,,PARTIAL_MATERIAL,FILE-083,2025,r331
CV-a7fd873b3e525e11,0-3132A,0-3132а,платье,MD,,,1,1500.0,,,,,2025,MOKEEVA,partial_material_only,,PARTIAL_MATERIAL,FILE-083,2025,r332
CV-3d5d26deff479606,46-1,46-1,жакет,MD,,,1,,,,,,2025,MOKEEVA,partial_material_only,,PARTIAL_MATERIAL,FILE-083,2025,r333
CV-4c1c415bfe410f3a,46-2,46-2,жакет,MD,,,1,1517.66,,,,,2025,MOKEEVA,partial_material_only,,PARTIAL_MATERIAL,FILE-083,2025,r334
CV-4c713f7b820b4065,46-3,46-3,жакет,MD,,,1,1779.14,,,,,2025,MOKEEVA,partial_material_only,,PARTIAL_MATERIAL,FILE-083,2025,r335
CV-14186707a9848ac9,46-3,46-3,платье,MD,,,1,,,,,,2025,MOKEEVA,partial_material_only,,PARTIAL_MATERIAL,FILE-083,2025,r336
CV-0db643e2944c2621,46-4,46-4,платье,MD,,,1,,,,,,2025,MOKEEVA,partial_material_only,,PARTIAL_MATERIAL,FILE-083,2025,r337
CV-427b8cb8429c3b15,46-5,46-5,платье,MD,,,1,1517.66,,,,,2025,MOKEEVA,partial_material_only,,PARTIAL_MATERIAL,FILE-083,2025,r338
CV-a36d9742fcb20d8b,46-6,46-6,платье,MD,,,1,,,,,,2025,MOKEEVA,partial_material_only,,PARTIAL_MATERIAL,FILE-083,2025,r339
CV-12b8330f55b5c7fc,46-7,46-7,боди,MD,,,1,,,,,,2025,MOKEEVA,partial_material_only,,PARTIAL_MATERIAL,FILE-083,2025,r340
CV-968bcc346a0649fd,46-7,46-7,юбка,MD,,,1,,,,,,2025,MOKEEVA,partial_material_only,,PARTIAL_MATERIAL,FILE-083,2025,r341
CV-0626f36a65b586a1,46-8,46-8,блуза,MD,,,1,1100.0,,,,,2025,MOKEEVA,partial_material_only,,PARTIAL_MATERIAL,FILE-083,2025,r342
CV-a0b52ddb3c56f2ef,46-9,46-9,боди,MD,,,1,,,,,,2025,MOKEEVA,partial_material_only,,PARTIAL_MATERIAL,FILE-083,2025,r343
CV-eed7cbec8bda058e,46-10,46-10,жакет,MD,,,1,1517.66,,,,,2025,MOKEEVA,partial_material_only,,PARTIAL_MATERIAL,FILE-083,2025,r344
CV-82055a12c1bcddec,46-10,46-10,юбка,MD,,,1,1517.66,,,,,2025,MOKEEVA,partial_material_only,,PARTIAL_MATERIAL,FILE-083,2025,r345
CV-d633ad8fff77956c,46-12,46-12,кейп,MD,,,1,,,,,,2025,MOKEEVA,partial_material_only,,PARTIAL_MATERIAL,FILE-083,2025,r346
CV-10ad21fde1b0d2db,46-13,46-13,платье,MD,,,1,1517.66,,,,,2025,MOKEEVA,partial_material_only,,PARTIAL_MATERIAL,FILE-083,2025,r347
CV-e777d549165ecded,46-14,46-14,платье,MD,,,1,,,,,,2025,MOKEEVA,partial_material_only,,PARTIAL_MATERIAL,FILE-083,2025,r348
CV-cb35362761348054,46-15,46-15,боди,MD,,,1,,,,,,2025,MOKEEVA,partial_material_only,,PARTIAL_MATERIAL,FILE-083,2025,r349
CV-8a04e7c834425405,46-16,46-16,платье,MD,,,1,,,,,,2025,MOKEEVA,partial_material_only,,PARTIAL_MATERIAL,FILE-083,2025,r350
CV-2d4f5a28697972d9,46-17,46-17,жакет,MD,,,1,1517.66,,,,,2025,MOKEEVA,partial_material_only,,PARTIAL_MATERIAL,FILE-083,2025,r351
CV-032fe032e5466547,46-17,46-17,юбка,MD,,,1,,,,,,2025,MOKEEVA,partial_material_only,,PARTIAL_MATERIAL,FILE-083,2025,r352
CV-0781276f5cda20b2,46-19,46-19,блуза,MD,,,1,1779.14,,,,,2025,MOKEEVA,partial_material_only,,PARTIAL_MATERIAL,FILE-083,2025,r353
CV-be149f1a40d1cbd6,46-20,46-20,пальто,MD,,,1,1779.14,,,,,2025,MOKEEVA,partial_material_only,,PARTIAL_MATERIAL,FILE-083,2025,r354
CV-bc3b2c2eabd5b324,46-21,46-21,платье,MD,,,1,,,,,,2025,MOKEEVA,partial_material_only,,PARTIAL_MATERIAL,FILE-083,2025,r355
CV-606c460261deff95,46-22,46-22,платье,MD,,,1,,,,,,2025,MOKEEVA,partial_material_only,,PARTIAL_MATERIAL,FILE-083,2025,r356
CV-251e7dbd73e10c20,46-23,46-23,платье,MD,,,1,1517.66,,,,,2025,MOKEEVA,partial_material_only,,PARTIAL_MATERIAL,FILE-083,2025,r357
CV-56c540edca6a2d79,46-24,46-24,жакет,MD,,,1,1517.36,,,,,2025,MOKEEVA,partial_material_only,,PARTIAL_MATERIAL,FILE-083,2025,r358
CV-1a2971267adbe62d,46-24,46-24,боди,MD,,,1,,,,,,2025,MOKEEVA,partial_material_only,,PARTIAL_MATERIAL,FILE-083,2025,r359
CV-4cd4c00465f00fba,46-24,46-24,юбка,MD,,,1,,,,,,2025,MOKEEVA,partial_material_only,,PARTIAL_MATERIAL,FILE-083,2025,r360
CV-3e30b129a3606e61,46-25,46-25,жакет,MD,,,1,1779.14,,,,,2025,MOKEEVA,partial_material_only,,PARTIAL_MATERIAL,FILE-083,2025,r361
CV-78e9fa410815ec71,46-26,46-26,платье,MD,,,1,1517.66,,,,,2025,MOKEEVA,partial_material_only,,PARTIAL_MATERIAL,FILE-083,2025,r362
CV-7b41ad809c340412,46-27,46-27,платье,MD,,,1,,,,,,2025,MOKEEVA,partial_material_only,,PARTIAL_MATERIAL,FILE-083,2025,r363
CV-50e52096b8a3fb9b,29-15,29-15,платье,MD,,,1,1500.0,,,,,2025,MOKEEVA,partial_material_only,,PARTIAL_MATERIAL,FILE-083,2025,r370
CV-42a6db371a41a1b1,K29-15,к 29-15,кейп,MD,,,1,,,,,,2025,MOKEEVA,partial_material_only,,PARTIAL_MATERIAL,FILE-083,2025,r371
CV-7818b490fc814788,17-17,17-17,платье,MD,,,1,1500.0,,,,,2025,MOKEEVA,partial_material_only,,PARTIAL_MATERIAL,FILE-083,2025,r372
CV-110c04c2ccbbb83b,33-24,33-24,платье,MD,,,1,1500.0,,,,,2025,MOKEEVA,partial_material_only,,PARTIAL_MATERIAL,FILE-083,2025,r373
CV-bd579d7cb478baea,ПEPEДEЛKA,переделка,юбка,MD,,,1,,,,,,2025,MOKEEVA,partial_material_only,,PARTIAL_MATERIAL,FILE-083,2025,r375
CV-0ffadcbd2a81ee7a,40-02,40-02,жакет,MD,,,1,2000.0,,,,,2025,MOKEEVA,partial_material_only,,PARTIAL_MATERIAL,FILE-083,2025,r376
CV-c3de08f8b241ef63,40-03,40-03,брюки,MD,,,1,1517.66,,,,,2025,MOKEEVA,partial_material_only,,PARTIAL_MATERIAL,FILE-083,2025,r377
CV-e2b2dad3ba92dcbb,45-11,45-11,платье,MD,,,1,1778.0,,,,,2025,MOKEEVA,partial_material_only,,PARTIAL_MATERIAL,FILE-083,2025,r378
CV-ed70b42ec93db93e,45-20,45-20,платье ежевика,MD,,,1,1800.0,,,,,2025,MOKEEVA,partial_material_only,,PARTIAL_MATERIAL,FILE-083,2025,r380
CV-239acade438e648a,45-05,45-05,юбка с хвостом,MD,,,1,1500.0,,,,,2025,MOKEEVA,partial_material_only,,PARTIAL_MATERIAL,FILE-083,2025,r381
CV-bc1194e16a64024a,45-30,45-30,платье,MD,,,1,1200.0,,,,,2025,MOKEEVA,partial_material_only,,PARTIAL_MATERIAL,FILE-083,2025,r382
CV-c33d44a6b5fa430a,0-1302,0-1302,блузон,MD,,,1,1517.66,,,,,2025,MOKEEVA,partial_material_only,,PARTIAL_MATERIAL,FILE-083,2025,r383
CV-2f621e833c2e8f36,0-3113,0-3113,жакет выш черн,MD,,,1,300.0,,,,,2025,MOKEEVA,partial_material_only,,PARTIAL_MATERIAL,FILE-083,2025,r385
CV-c0729cc8e620b623,0-3114,0-3114,брюки выш,MD,,,1,300.0,,,,,2025,MOKEEVA,partial_material_only,,PARTIAL_MATERIAL,FILE-083,2025,r386
CV-51a89a77504c80e8,33-04,33-04,платье,MD,,,1,1770.0,,,,,2025,MOKEEVA,partial_material_only,,PARTIAL_MATERIAL,FILE-083,2025,r387
CV-651ab6591ee764c5,0-3143,0-3143,френч,MD,,,1,,,,,,2025,MOKEEVA,partial_material_only,,PARTIAL_MATERIAL,FILE-083,2025,r389
CV-47a249104175ab2f,0-3159,0-3159,юбка,MD,,,1,1517.66,,,,,2025,MOKEEVA,partial_material_only,,PARTIAL_MATERIAL,FILE-083,2025,r390
CV-bdea8e84f8430572,45-01,45-01,жакет н/п,MD,,,1,1500.0,,,,,2025,MOKEEVA,partial_material_only,,PARTIAL_MATERIAL,FILE-083,2025,r391
CV-ed741b8a52cea85c,45-01,45-01,юбка н/п,MD,,,1,1500.0,,,,,2025,MOKEEVA,partial_material_only,,PARTIAL_MATERIAL,FILE-083,2025,r392
CV-b1ed7bb2bc28a448,0-3083,0-3083,кейп перья с барх завяз,MD,,,1,1517.66,,,,,2025,MOKEEVA,partial_material_only,,PARTIAL_MATERIAL,FILE-083,2025,r395
CV-cf220d1b981bc3d3,0-3026,0-3026,брюки,MD,,,1,,,,,,2025,MOKEEVA,partial_material_only,,PARTIAL_MATERIAL,FILE-083,2025,r401
CV-7bf8d43c4778fa49,0-3025,0-3025,жакет,MD,,,1,,,,,,2025,MOKEEVA,partial_material_only,,PARTIAL_MATERIAL,FILE-083,2025,r402
CV-77a1d6236378a718,46-14,46-14,платье,MD,,,1,,,,,,2025,MOKEEVA,partial_material_only,,PARTIAL_MATERIAL,FILE-083,2025,r403
CV-41525b362c735e1f,46-14,46-14,платье,MD,,,1,,,,,,2025,MOKEEVA,partial_material_only,,PARTIAL_MATERIAL,FILE-083,2025,r404
CV-111ac7e67b00269f,29-35,29-35,юбка дюшес,MD,,,1,1517.66,,,,,2025,MOKEEVA,partial_material_only,,PARTIAL_MATERIAL,FILE-083,2025,r406
CV-8065abb98c8961f1,43-25,43-25,жакет кейп,MD,,,1,1517.66,,,,,2025,MOKEEVA,partial_material_only,,PARTIAL_MATERIAL,FILE-083,2025,r408
CV-f25cb05e03312069,36-05,36-05,жакет камешки,MD,,,1,2000.0,,,,,2025,MOKEEVA,partial_material_only,,PARTIAL_MATERIAL,FILE-083,2025,r411
CV-474c738830f80a43,36-05,36-05,юбка камешки,MD,,,1,2000.0,,,,,2025,MOKEEVA,partial_material_only,,PARTIAL_MATERIAL,FILE-083,2025,r412
CV-c9a806acad9be643,36-12,36-12,жакет барс,MD,,,1,1500.0,,,,,2025,MOKEEVA,partial_material_only,,PARTIAL_MATERIAL,FILE-083,2025,r413
CV-13793472379382b2,0-3111,0-3111,жакет с выш на спине,MD,,,1,187.0,,,,,2025,MOKEEVA,partial_material_only,,PARTIAL_MATERIAL,FILE-083,2025,r414
CV-14d0ce164a06053e,0-3172,0-3172,юбка,MD,,,1,187.0,,,,,2025,MOKEEVA,partial_material_only,,PARTIAL_MATERIAL,FILE-083,2025,r415
CV-65420ffc7ccc25ec,0-3116,0-3116,жакет,MD,,,1,191.0,,,,,2025,MOKEEVA,partial_material_only,,PARTIAL_MATERIAL,FILE-083,2025,r416
CV-205b7bdffe2afd53,46-01,46-01,жакет,MD,,,1,1517.66,,,,,2025,MOKEEVA,partial_material_only,,PARTIAL_MATERIAL,FILE-083,2025,r418
CV-6b9d2a4b0801480d,46-01,46-01,юбка,MD,,,1,1517.66,,,,,2025,MOKEEVA,partial_material_only,,PARTIAL_MATERIAL,FILE-083,2025,r419
CV-d0ae39ca93f4503b,46-14,46-14,платье,MD,,,1,1517.66,,,,,2025,MOKEEVA,partial_material_only,,PARTIAL_MATERIAL,FILE-083,2025,r420
CV-959fbed6256b8f1b,46-06,46-06,боди,MD,,,1,,,,,,2025,MOKEEVA,partial_material_only,,PARTIAL_MATERIAL,FILE-083,2025,r421
CV-df4dbe5c4994779a,46-14,46-14,платье,MD,,,1,1517.66,,,,,2025,MOKEEVA,partial_material_only,,PARTIAL_MATERIAL,FILE-083,2025,r424
CV-04fd4013f8f93557,0-3271,0-3271,жакет н/п,MD,,,1,1500.0,,,,,2025,MOKEEVA,partial_material_only,,PARTIAL_MATERIAL,FILE-083,2025,r426
CV-035f9eb282bbc386,0-3272,0-3272,юбка н/п,MD,,,1,1500.0,,,,,2025,MOKEEVA,partial_material_only,,PARTIAL_MATERIAL,FILE-083,2025,r427
CV-c41a5ec5cb63a2a5,0-3194,0-3194,палантин,MD,,,1,,,,,,2025,MOKEEVA,partial_material_only,,PARTIAL_MATERIAL,FILE-083,2025,r428
CV-15cfd3ef81b1bdfe,0-3198,0-3198,пальто,MD,,,1,3800.0,,,,,2025,MOKEEVA,partial_material_only,,PARTIAL_MATERIAL,FILE-083,2025,r429
CV-6b7787338c5ad052,0-3198,0-3198,пальто длин,MD,,,1,2900.0,,,,,2025,MOKEEVA,partial_material_only,,PARTIAL_MATERIAL,FILE-083,2025,r430
CV-389c6036d4f2f66d,0-3211,0-3211,пальто,MD,,,1,1800.0,,,,,2025,MOKEEVA,partial_material_only,,PARTIAL_MATERIAL,FILE-083,2025,r431
CV-c3f793a129a2aa8f,0-3224,0-3224,жакет,MD,,,1,,,,,,2025,MOKEEVA,partial_material_only,,PARTIAL_MATERIAL,FILE-083,2025,r432
CV-3e7e75dfc0ef81f0,0-3225,0-3225,брюки,MD,,,1,,,,,,2025,MOKEEVA,partial_material_only,,PARTIAL_MATERIAL,FILE-083,2025,r433
CV-94008fd35597cd77,0-3192,0-3192,мех,MD,,,1,1517.66,,,,,2025,MOKEEVA,partial_material_only,,PARTIAL_MATERIAL,FILE-083,2025,r434
CV-a0ad5dc68287e2f5,0-3203,0-3203,куртка кожа,MD,,,1,,,,,,2025,MOKEEVA,partial_material_only,,PARTIAL_MATERIAL,FILE-083,2025,r435
CV-6a691c071de560e4,0-3277A,0-3277а,платье,MD,,,1,,,,,,2025,MOKEEVA,partial_material_only,,PARTIAL_MATERIAL,FILE-083,2025,r436
CV-770126333a8b41b2,0-3277,0-3277,платье,MD,,,1,1517.66,,,,,2025,MOKEEVA,partial_material_only,,PARTIAL_MATERIAL,FILE-083,2025,r437
CV-92b0b8267e18af96,0-3270A,0-3270а,платье,MD,,,1,,,,,,2025,MOKEEVA,partial_material_only,,PARTIAL_MATERIAL,FILE-083,2025,r438
CV-478813d4d81f5688,0-3270,0-3270,платье,MD,,,1,1517.66,,,,,2025,MOKEEVA,partial_material_only,,PARTIAL_MATERIAL,FILE-083,2025,r439
CV-93f65c9d8bce50be,44-05,44-05,жакет,MD,,,1,1500.0,,,,,2025,MOKEEVA,partial_material_only,,PARTIAL_MATERIAL,FILE-083,2025,r444
CV-1cd44a0310641171,0-3198,0-3198,пальто,MD,,,1,3800.0,,,,,2025,MOKEEVA,partial_material_only,,PARTIAL_MATERIAL,FILE-083,2025,r445
CV-7d349aed40b53fb1,43-09,43-09,жакет,MD,,,1,3800.0,,,,,2025,MOKEEVA,partial_material_only,,PARTIAL_MATERIAL,FILE-083,2025,r446
CV-401eab7061d8bb62,44-22,44-22,платье подсолнух,MD,,,1,1517.66,,,,,2025,MOKEEVA,partial_material_only,,PARTIAL_MATERIAL,FILE-083,2025,r447
CV-87aec2ea2a40ee02,0-3271,0-3271,жакет,MD,,,1,1500.0,,,,,2025,MOKEEVA,partial_material_only,,PARTIAL_MATERIAL,FILE-083,2025,r448
CV-6013263de81e2972,0-3272,0-3272,юбка,MD,,,1,1500.0,,,,,2025,MOKEEVA,partial_material_only,,PARTIAL_MATERIAL,FILE-083,2025,r449
CV-73fa64ef705f9d47,46-01,46-01,жакет черн,MD,,,1,1517.66,,,,,2025,MOKEEVA,partial_material_only,,PARTIAL_MATERIAL,FILE-083,2025,r450
CV-003624e6d7dafc8e,46-22,46-22,платье с арабеск,MD,,,1,1517.66,,,,,2025,MOKEEVA,partial_material_only,,PARTIAL_MATERIAL,FILE-083,2025,r451
CV-65310b69169bdd29,46-25,46-25,платье,MD,,,1,1100.0,,,,,2025,MOKEEVA,partial_material_only,,PARTIAL_MATERIAL,FILE-083,2025,r452
CV-b1f5e832ae28e7a8,0-2754,0-2754,платье,MD,,,1,,,,,,2025,MOKEEVA,partial_material_only,,PARTIAL_MATERIAL,FILE-083,2025,r455
CV-47783a63925cf277,0-3265,0-3265,шейн платок,MD,,,1,,,,,,2025,MOKEEVA,partial_material_only,,PARTIAL_MATERIAL,FILE-083,2025,r456
CV-255fc8551fc85c0d,0-3265A,0-3265а,шейн платок,MD,,,1,,,,,,2025,MOKEEVA,partial_material_only,,PARTIAL_MATERIAL,FILE-083,2025,r457
CV-4bf9a8ebe52d4f69,0-3261,0-3261,накидка горжетка,MD,,,1,1517.66,,,,,2025,MOKEEVA,partial_material_only,,PARTIAL_MATERIAL,FILE-083,2025,r458
CV-ff2cec519c07d640,0-3264,0-3264,манжеты,MD,,,1,1517.66,,,,,2025,MOKEEVA,partial_material_only,,PARTIAL_MATERIAL,FILE-083,2025,r459
CV-f27f1cc3023e0974,0-0118M,0-0118 М,рукава,MD,,,1,,,,,,2025,MOKEEVA,partial_material_only,,PARTIAL_MATERIAL,FILE-083,2025,r460
CV-10be85e484f8f532,0-0118M,0-0118 М,рукава,MD,,,1,,,,,,2025,MOKEEVA,partial_material_only,,PARTIAL_MATERIAL,FILE-083,2025,r461
CV-157cf5f883a4a3e8,0-3265,0-3265,платок,MD,,,1,,,,,,2025,MOKEEVA,partial_material_only,,PARTIAL_MATERIAL,FILE-083,2025,r462
CV-eef8b9fabf11438a,43-02,43-02,юбка,MD,,,1,1500.0,,,,,2025,MOKEEVA,partial_material_only,,PARTIAL_MATERIAL,FILE-083,2025,r463
CV-4d465188765ffcb2,46-04,46-04,блуза,MD,,,1,1517.66,,,,,2025,MOKEEVA,partial_material_only,,PARTIAL_MATERIAL,FILE-083,2025,r464
CV-db5670b2bf0a3d73,0-3265,0-3265,платок,MD,,,1,,,,,,2025,MOKEEVA,partial_material_only,,PARTIAL_MATERIAL,FILE-083,2025,r465
CV-aea16ce201dce2d4,46-24,46-24,платье,MD,,,1,1517.66,,,,,2025,MOKEEVA,partial_material_only,,PARTIAL_MATERIAL,FILE-083,2025,r466
CV-ab45d6be380b2705,K46-01,к 46-01,юбка,MD,,,1,1517.66,,,,,2025,MOKEEVA,partial_material_only,,PARTIAL_MATERIAL,FILE-083,2025,r467
CV-bce4453614f1238b,46-01,46-01,жакет черн,MD,,,1,1517.66,,,,,2025,MOKEEVA,partial_material_only,,PARTIAL_MATERIAL,FILE-083,2025,r468
CV-2396c98d32d4c909,0-2781,0-2781,юбка,MD,,,1,1517.66,,,,,2025,MOKEEVA,partial_material_only,,PARTIAL_MATERIAL,FILE-083,2025,r469
CV-ecca131bb7f2c295,0-3266,0-3266,шарф,MD,,,1,,,,,,2025,MOKEEVA,partial_material_only,,PARTIAL_MATERIAL,FILE-083,2025,r470
CV-dec4c9e1a151f5a2,T-2754A,Т-2754а,платье комбин,MD,,,1,,,,,,2025,MOKEEVA,partial_material_only,,PARTIAL_MATERIAL,FILE-083,2025,r473
CV-11f9925fa92077f5,ПO0-2352,по 0-2352,пальто  S,MD,,,1,1517.66,,,,,2025,MOKEEVA,partial_material_only,,PARTIAL_MATERIAL,FILE-083,2025,r474
CV-45a03c1ce9880eb0,ПO0-2352,по 0-2352,пальто L,MD,,,1,1517.66,,,,,2025,MOKEEVA,partial_material_only,,PARTIAL_MATERIAL,FILE-083,2025,r475
CV-f22823896c691250,ПO0-2352,по 0-2352,пальто  S,MD,,,1,1517.66,,,,,2025,MOKEEVA,partial_material_only,,PARTIAL_MATERIAL,FILE-083,2025,r476
CV-54aecb0b9c3abe21,ПO0-2352,по 0-2352,пальто L,MD,,,1,1517.66,,,,,2025,MOKEEVA,partial_material_only,,PARTIAL_MATERIAL,FILE-083,2025,r477
CV-e371e3f130e2f99b,K0-3225,к 0-3225,топ М,MD,,,1,,,,,,2025,MOKEEVA,partial_material_only,,PARTIAL_MATERIAL,FILE-083,2025,r478
CV-c1443124d41dfbca,0-3225,0-3225,брюки М,MD,,,1,,,,,,2025,MOKEEVA,partial_material_only,,PARTIAL_MATERIAL,FILE-083,2025,r479
CV-e4c7c41de1c9650b,0-3200,0-3200,пальто,MD,,,1,2900.0,,,,,2025,MOKEEVA,partial_material_only,,PARTIAL_MATERIAL,FILE-083,2025,r480
CV-487b87118828f18c,0-3198,0-3198,пальто,MD,,,1,3800.0,,,,,2025,MOKEEVA,partial_material_only,,PARTIAL_MATERIAL,FILE-083,2025,r481
CV-c47fded99438ba4f,46-14,46-14,платье,MD,,,1,,,,,,2025,MOKEEVA,partial_material_only,,PARTIAL_MATERIAL,FILE-083,2025,r486
CV-5de5a5fe8b0eaf20,0-3298,0-3298,платье М,MD,,,1,,,,,,2025,MOKEEVA,partial_material_only,,PARTIAL_MATERIAL,FILE-083,2025,r490
CV-7b8d8e0bf0f09338,0-3299,0-3299,платье S,MD,,,1,,,,,,2025,MOKEEVA,partial_material_only,,PARTIAL_MATERIAL,FILE-083,2025,r491
CV-b94cb47bc8f9a5c1,0-3299,0-3299,платье М,MD,,,1,,,,,,2025,MOKEEVA,partial_material_only,,PARTIAL_MATERIAL,FILE-083,2025,r492
CV-8aef190bff7e3671,0-3308,0-3308,платье S,MD,,,1,1465.0,,,,,2025,MOKEEVA,partial_material_only,,PARTIAL_MATERIAL,FILE-083,2025,r493
CV-ab408e7ab9a8d31a,0-3308,0-3308,платье L,MD,,,1,1500.0,,,,,2025,MOKEEVA,partial_material_only,,PARTIAL_MATERIAL,FILE-083,2025,r494
CV-1c13c4d4e826257b,0-3295A,0-3295a,платье с драпиров L,MD,,,1,,,,,,2025,MOKEEVA,partial_material_only,,PARTIAL_MATERIAL,FILE-083,2025,r495
CV-b3adc82dabfceff5,0-3295B,0-3295в,платье с драпиров L,MD,,,1,,,,,,2025,MOKEEVA,partial_material_only,,PARTIAL_MATERIAL,FILE-083,2025,r496
CV-75f51124d1219a82,0-3295A,0-3295a,платье с драпиров S,MD,,,1,,,,,,2025,MOKEEVA,partial_material_only,,PARTIAL_MATERIAL,FILE-083,2025,r497
CV-73d5567f568eb476,0-3295B,0-3295в,платье с драпиров S,MD,,,1,,,,,,2025,MOKEEVA,partial_material_only,,PARTIAL_MATERIAL,FILE-083,2025,r498
CV-4390167329e4e1ea,0-3295,0-3295,платье с драпиров S,MD,,,1,,,,,,2025,MOKEEVA,partial_material_only,,PARTIAL_MATERIAL,FILE-083,2025,r499
CV-61c33dae7ce8cd68,0-3297,0-3297,платье,MD,,,1,1500.0,,,,,2025,MOKEEVA,partial_material_only,,PARTIAL_MATERIAL,FILE-083,2025,r500
CV-15f44adee364487e,0-3302B,0-3302В,платье-кейп,MD,,,1,,,,,,2025,MOKEEVA,partial_material_only,,PARTIAL_MATERIAL,FILE-083,2025,r501
CV-0442f5952cf2c6be,0-3302A,0-3302А,платье-кейп,MD,,,1,,,,,,2025,MOKEEVA,partial_material_only,,PARTIAL_MATERIAL,FILE-083,2025,r502
CV-7f876b0187d1a1be,0-3302,0-3302,платье-кейп,MD,,,1,,,,,,2025,MOKEEVA,partial_material_only,,PARTIAL_MATERIAL,FILE-083,2025,r503
CV-f3291abb7697a0f7,0-3265,0-3265,шейн платок,MD,,,1,,,,,,2025,MOKEEVA,partial_material_only,,PARTIAL_MATERIAL,FILE-083,2025,r505
CV-011b32b049c04330,0-3258,0-3258,юбка н/п,MD,,,1,1450.0,,,,,2025,MOKEEVA,partial_material_only,,PARTIAL_MATERIAL,FILE-083,2025,r506
CV-aa7d0834bf5320a9,44-05,44-05,юбка,MD,,,1,1500.0,,,,,2025,MOKEEVA,partial_material_only,,PARTIAL_MATERIAL,FILE-083,2025,r507
CV-7bd8f51ad1701824,0-3265A,0-3265а,платок,MD,,,1,,,,,,2025,MOKEEVA,partial_material_only,,PARTIAL_MATERIAL,FILE-083,2025,r508
CV-09c33e44bf8bd544,0-3265,0-3265,платок,MD,,,1,,,,,,2025,MOKEEVA,partial_material_only,,PARTIAL_MATERIAL,FILE-083,2025,r509
CV-4973cf674b3fbb04,0-3196,0-3196,бомбер,MD,,,1,1500.0,,,,,2025,MOKEEVA,partial_material_only,,PARTIAL_MATERIAL,FILE-083,2025,r510
CV-1252de729dc32250,0-3265,0-3265,платок,MD,,,1,,,,,,2025,MOKEEVA,partial_material_only,,PARTIAL_MATERIAL,FILE-083,2025,r511
CV-5f729cd567f9baaf,0-3275,0-3275,брюки,MD,,,1,2715.0,,,,,2025,MOKEEVA,partial_material_only,,PARTIAL_MATERIAL,FILE-083,2025,r512
CV-ce85a3b3dbabaf18,0-3274,0-3274,жакет,MD,,,1,2900.0,,,,,2025,MOKEEVA,partial_material_only,,PARTIAL_MATERIAL,FILE-083,2025,r513
CV-52d98bdfc861eff3,0-3189,0-3189,дубленка,MD,,,1,,,,,,2025,MOKEEVA,partial_material_only,,PARTIAL_MATERIAL,FILE-083,2025,r514
CV-704470b9244497e6,0-1283,0-1283,брюки н/п,MD,,,1,1500.0,,,,,2025,MOKEEVA,partial_material_only,,PARTIAL_MATERIAL,FILE-083,2025,r515
CV-806a6afbd9168391,0-3191,0-3191,блузон н/п,MD,,,1,1500.0,,,,,2025,MOKEEVA,partial_material_only,,PARTIAL_MATERIAL,FILE-083,2025,r516
CV-4d4fd1b4ec26f971,0-3225,0-3225,брюки н/п,MD,,,1,1775.0,,,,,2025,MOKEEVA,partial_material_only,,PARTIAL_MATERIAL,FILE-083,2025,r517
CV-920655d175f655c4,0-2604,0-2604,юбка,MD,,,1,,,,,,2025,MOKEEVA,partial_material_only,,PARTIAL_MATERIAL,FILE-083,2025,r518
CV-0b01d68faf62fe02,0-3260,0-3260,топ,MD,,,1,,,,,,2025,MOKEEVA,partial_material_only,,PARTIAL_MATERIAL,FILE-083,2025,r519
CV-38d1bdf3665962ad,0-3265,0-3265,шейн платок,MD,,,1,,,,,,2025,MOKEEVA,partial_material_only,,PARTIAL_MATERIAL,FILE-083,2025,r520
CV-eedbc6fa67eb40da,0-3279,0-3279,манжеты,MD,,,1,,,,,,2025,MOKEEVA,partial_material_only,,PARTIAL_MATERIAL,FILE-083,2025,r521
CV-89711d6a9d18e79d,ПO0-2352,по 0-2352,пальто  S,MD,,,1,1450.0,,,,,2025,MOKEEVA,partial_material_only,,PARTIAL_MATERIAL,FILE-083,2025,r522
CV-19b47563f7573394,ПO0-2352,по 0-2352,пальто L,MD,,,1,1450.0,,,,,2025,MOKEEVA,partial_material_only,,PARTIAL_MATERIAL,FILE-083,2025,r523
CV-72965c119de33829,0-3234,0-3234,платье М,MD,,,1,400.0,,,,,2025,MOKEEVA,partial_material_only,,PARTIAL_MATERIAL,FILE-083,2025,r524
CV-ffb27c4993987bf1,0-3234,0-3234,платье М,MD,,,1,400.0,,,,,2025,MOKEEVA,partial_material_only,,PARTIAL_MATERIAL,FILE-083,2025,r525
CV-27f2682f0ce6efff,0-2604,0-2604,юбка,MD,,,1,,,,,,2025,MOKEEVA,partial_material_only,,PARTIAL_MATERIAL,FILE-083,2025,r527
CV-a6354a52d6a30ca6,0-2604,0-2604,юбка,MD,,,1,,,,,,2025,MOKEEVA,partial_material_only,,PARTIAL_MATERIAL,FILE-083,2025,r528
CV-4f00ba057b5720bc,46-01,46-01,юбка,MD,,,1,1500.0,,,,,2025,MOKEEVA,partial_material_only,,PARTIAL_MATERIAL,FILE-083,2025,r529
CV-e17b8ca7bb1ae52c,0-3064A,0-3064а,платье комб,MD,,,1,,,,,,2025,MOKEEVA,partial_material_only,,PARTIAL_MATERIAL,FILE-083,2025,r530
CV-7bc43189d3c32654,46-03,46-03,брюки н/п,MD,,,1,3022.0,,,,,2025,MOKEEVA,partial_material_only,,PARTIAL_MATERIAL,FILE-083,2025,r532
CV-b5ebdc7b68bd0df5,0-3265,0-3265,шейн платок,MD,,,1,,,,,,2025,MOKEEVA,partial_material_only,,PARTIAL_MATERIAL,FILE-083,2025,r533
CV-74e056068e172489,46-14,46-14,платье,MD,,,1,1500.0,,,,,2025,MOKEEVA,partial_material_only,,PARTIAL_MATERIAL,FILE-083,2025,r534
CV-23f139f415fa1722,46-16,46-16,платье,MD,,,1,1544.0,,,,,2025,MOKEEVA,partial_material_only,,PARTIAL_MATERIAL,FILE-083,2025,r535
CV-743f7e38e440690d,0-3267B,0-3267В,палантин,MD,,,1,3022.0,,,,,2025,MOKEEVA,partial_material_only,,PARTIAL_MATERIAL,FILE-083,2025,r539
CV-eca5e23c15efd518,0-3231,0-3231,жакет н/п,MD,,,1,1500.0,,,,,2025,MOKEEVA,partial_material_only,,PARTIAL_MATERIAL,FILE-083,2025,r540
CV-ac010601a7eab565,0-3265,0-3265,шейн платок,MD,,,1,,,,,,2025,MOKEEVA,partial_material_only,,PARTIAL_MATERIAL,FILE-083,2025,r541
CV-225a51388b882403,0-3265,0-3265,шейн платок,MD,,,1,,,,,,2025,MOKEEVA,partial_material_only,,PARTIAL_MATERIAL,FILE-083,2025,r542
CV-014d12856de5347b,0-3265A,0-3265а,шейн платок,MD,,,1,,,,,,2025,MOKEEVA,partial_material_only,,PARTIAL_MATERIAL,FILE-083,2025,r543
CV-2983b4867cb66b57,0-3265A,0-3265а,шейн платок,MD,,,1,,,,,,2025,MOKEEVA,partial_material_only,,PARTIAL_MATERIAL,FILE-083,2025,r544
CV-62f576c4e7d939d4,0-3265,0-3265,шейн платок,MD,,,1,,,,,,2025,MOKEEVA,partial_material_only,,PARTIAL_MATERIAL,FILE-083,2025,r545
CV-fc1ecb886417154b,0-3265A,0-3265а,шейн платок,MD,,,1,,,,,,2025,MOKEEVA,partial_material_only,,PARTIAL_MATERIAL,FILE-083,2025,r546
CV-73f91cc0ce4fdace,0-3198,0-3198,пальто,MD,,,1,3800.0,,,,,2025,MOKEEVA,partial_material_only,,PARTIAL_MATERIAL,FILE-083,2025,r547
CV-4623931975933c31,0-3266,0-3266,шарф,MD,,,1,1500.0,,,,,2025,MOKEEVA,partial_material_only,,PARTIAL_MATERIAL,FILE-083,2025,r548
CV-4e7ecc8e2fe55fa4,0-3264A,0-3264а,манжеты,MD,,,1,,,,,,2025,MOKEEVA,partial_material_only,,PARTIAL_MATERIAL,FILE-083,2025,r549
CV-e37a24dacf98eba8,0-0118,0-0118,рукава,MD,,,1,,,,,,2025,MOKEEVA,partial_material_only,,PARTIAL_MATERIAL,FILE-083,2025,r550
CV-b0962a6f7614a0cb,46-04,46-04,блуза,MD,,,1,1775.0,,,,,2025,MOKEEVA,partial_material_only,,PARTIAL_MATERIAL,FILE-083,2025,r551
CV-74ae02fe812cdbf0,43-02,43-02,жакет,MD,,,1,1500.0,,,,,2025,MOKEEVA,partial_material_only,,PARTIAL_MATERIAL,FILE-083,2025,r552
CV-140f98bfe739090d,46-04,46-04,брюки н/п,MD,,,1,3022.0,,,,,2025,MOKEEVA,partial_material_only,,PARTIAL_MATERIAL,FILE-083,2025,r553
CV-aa9bb620b19fdb71,46-04,46-04,баска,MD,,,1,3022.0,,,,,2025,MOKEEVA,partial_material_only,,PARTIAL_MATERIAL,FILE-083,2025,r554
CV-08a51d4bb296f1a5,46-04,46-04,блуза,MD,,,1,1775.0,,,,,2025,MOKEEVA,partial_material_only,,PARTIAL_MATERIAL,FILE-083,2025,r556
CV-ed244f47ccf4ed62,46-04,46-04,баска,MD,,,1,3022.0,,,,,2025,MOKEEVA,partial_material_only,,PARTIAL_MATERIAL,FILE-083,2025,r557
CV-7b3476eb1d2c1a03,46-04,46-04,брюки,MD,,,1,3022.0,,,,,2025,MOKEEVA,partial_material_only,,PARTIAL_MATERIAL,FILE-083,2025,r558
CV-7eba9cc91fb0996f,46-08,46-08,платье,MD,,,1,1500.0,,,,,2025,MOKEEVA,partial_material_only,,PARTIAL_MATERIAL,FILE-083,2025,r559
CV-386c4ca6c68f92e9,0-3274,0-3274,жакет,MD,,,1,2900.0,,,,,2025,MOKEEVA,partial_material_only,,PARTIAL_MATERIAL,FILE-083,2025,r560
CV-38c8a696967919eb,0-3275,0-3275,брюки,MD,,,1,2900.0,,,,,2025,MOKEEVA,partial_material_only,,PARTIAL_MATERIAL,FILE-083,2025,r561
CV-e3143cce21268c03,0-3273,0-3273,платье,MD,,,1,1500.0,,,,,2025,MOKEEVA,partial_material_only,,PARTIAL_MATERIAL,FILE-083,2025,r562
CV-7477883abdff5630,0-3206,0-3206,жакет,MD,,,1,1500.0,,,,,2025,MOKEEVA,partial_material_only,,PARTIAL_MATERIAL,FILE-083,2025,r563
CV-31d99105e7bed32a,0-3276,0-3276,блузон,MD,,,1,1544.0,,,,,2025,MOKEEVA,partial_material_only,,PARTIAL_MATERIAL,FILE-083,2025,r564
CV-cf58644f9395f1f6,0-3258,0-3258,юбка,MD,,,1,1544.0,,,,,2025,MOKEEVA,partial_material_only,,PARTIAL_MATERIAL,FILE-083,2025,r565
CV-0b4b799502a37ed9,0-3196,0-3196,бомбер,MD,,,1,1500.0,,,,,2025,MOKEEVA,partial_material_only,,PARTIAL_MATERIAL,FILE-083,2025,r566
CV-f70be323fabc7d76,0-3197,0-3197,юбка,MD,,,1,1500.0,,,,,2025,MOKEEVA,partial_material_only,,PARTIAL_MATERIAL,FILE-083,2025,r567
CV-b2fdccc2ac0f2266,0-3202,0-3202,куртка парка,MD,,,1,3800.0,,,,,2025,MOKEEVA,partial_material_only,,PARTIAL_MATERIAL,FILE-083,2025,r568
CV-b31475130316cd0f,0-3257C,0-3257с,юбка,MD,,,1,1550.0,,,,,2025,MOKEEVA,partial_material_only,,PARTIAL_MATERIAL,FILE-083,2025,r569
CV-92a35bff393cfaa3,36-01,36-01,жакет,MD,,,1,1500.0,,,,,2025,MOKEEVA,partial_material_only,,PARTIAL_MATERIAL,FILE-083,2025,r570
CV-b1c146d2223bcebf,0-3273,0-3273,платье,MD,,,1,1500.0,,,,,2025,MOKEEVA,partial_material_only,,PARTIAL_MATERIAL,FILE-083,2025,r571
CV-f14b876bc2a00042,46-01,46-01,юбка,MD,,,1,1500.0,,,,,2025,MOKEEVA,partial_material_only,,PARTIAL_MATERIAL,FILE-083,2025,r573
CV-47b74c4b0acd65d3,0-3225,0-3225,брюки н/п,MD,,,1,1775.0,,,,,2025,MOKEEVA,partial_material_only,,PARTIAL_MATERIAL,FILE-083,2025,r575
CV-a5f808b547ab448b,0-3276,0-3276,блузон,MD,,,1,1500.0,,,,,2025,MOKEEVA,partial_material_only,,PARTIAL_MATERIAL,FILE-083,2025,r576
CV-5844b672e2442e58,0-3258,0-3258,юбка,MD,,,1,1500.0,,,,,2025,MOKEEVA,partial_material_only,,PARTIAL_MATERIAL,FILE-083,2025,r577
CV-a01b81348285768a,0-3226,0-3226,юбка,MD,,,1,1500.0,,,,,2025,MOKEEVA,partial_material_only,,PARTIAL_MATERIAL,FILE-083,2025,r578
CV-37fd116a812f903b,ПEPEДEЛKA,переделка,платье,MD,,,1,,,,,,2025,MOKEEVA,partial_material_only,,PARTIAL_MATERIAL,FILE-083,2025,r581
CV-5002b8d47a240a31,0-3202,0-3202,куртка-парка,MD,,,1,3800.0,,,,,2025,MOKEEVA,partial_material_only,,PARTIAL_MATERIAL,FILE-083,2025,r582
CV-e4fc3479387ab3aa,0-3205,0-3205,куртка-парка + переделка,MD,,,1,2000.0,,,,,2025,MOKEEVA,partial_material_only,,PARTIAL_MATERIAL,FILE-083,2025,r584
CV-a8d57b53f63b6731,0-3196,0-3196,бомбер,MD,,,1,1500.0,,,,,2025,MOKEEVA,partial_material_only,,PARTIAL_MATERIAL,FILE-083,2025,r585
CV-dafdf7b519ae2444,0-3231,0-3231,накидка на синтепоне,MD,,,1,1500.0,,,,,2025,MOKEEVA,partial_material_only,,PARTIAL_MATERIAL,FILE-083,2025,r587
CV-f2c8774a4cdd2747,0-1283,0-1283,брюки,MD,,,1,1500.0,,,,,2025,MOKEEVA,partial_material_only,,PARTIAL_MATERIAL,FILE-083,2025,r588
CV-708a8dd15669b8a8,0-3196,0-3196,бомбер,MD,,,1,1500.0,,,,,2025,MOKEEVA,partial_material_only,,PARTIAL_MATERIAL,FILE-083,2025,r589
CV-dea6405897a40044,0-2604,0-2604,юбка,MD,,,1,,,,,,2025,MOKEEVA,partial_material_only,,PARTIAL_MATERIAL,FILE-083,2025,r590
CV-d25ef168affed592,0-3276,0-3276,блузон с выш,MD,,,1,1450.0,,,,,2025,MOKEEVA,partial_material_only,,PARTIAL_MATERIAL,FILE-083,2025,r591
CV-3935ef035bd72c4c,0-3198A,0-3198А,пальто с выш,MD,,,1,2000.0,,,,,2025,MOKEEVA,partial_material_only,,PARTIAL_MATERIAL,FILE-083,2025,r592
CV-a038053bd56569bc,0-3278,0-3278,блузон с выш,MD,,,1,1500.0,,,,,2025,MOKEEVA,partial_material_only,,PARTIAL_MATERIAL,FILE-083,2025,r593
CV-97d62bbe7d34c58b,ПEPEДEЛKAБEЛЖAKET,переделка бел жакет,жакет,MD,,,1,,,,,,2025,MOKEEVA,partial_material_only,,PARTIAL_MATERIAL,FILE-083,2025,r594
CV-478d48cfa50fe7aa,0-3261,0-3261,,MD,,,1,1500.0,,,,,2025,MOKEEVA,partial_material_only,,PARTIAL_MATERIAL,FILE-083,2025,r595
CV-dcbaa704077cc544,0-3200,0-3200,пальто с выш,MD,,,1,2000.0,,,,,2025,MOKEEVA,partial_material_only,,PARTIAL_MATERIAL,FILE-083,2025,r598
CV-40c08a59139203da,46-03,46-03,жакет с выш,MD,,,1,3022.0,,,,,2025,MOKEEVA,partial_material_only,,PARTIAL_MATERIAL,FILE-083,2025,r600
CV-ae6261266cf94340,ПO29-15,по 29-15,платье,MD,,,1,1500.0,,,,,2025,MOKEEVA,partial_material_only,,PARTIAL_MATERIAL,FILE-083,2025,r602
CV-1b86abaddaa312e1,46-02,46-02,пальто,MD,,,1,1779.14,,,,,2025,MOKEEVA,partial_material_only,,PARTIAL_MATERIAL,FILE-083,2025,r603
CV-730cf7327729ba79,0-3205,0-3205,куртка парка с выш,MD,,,1,2000.0,,,,,2025,MOKEEVA,partial_material_only,,PARTIAL_MATERIAL,FILE-083,2025,r604
CV-241560c35e53a27f,0-3233,0-3233,юбка выш шамп,MD,,,1,1465.0,,,,,2025,MOKEEVA,partial_material_only,,PARTIAL_MATERIAL,FILE-083,2025,r606
CV-481c84bf2076207f,0-2604,0-2604,юбка,MD,,,1,,,,,,2025,MOKEEVA,partial_material_only,,PARTIAL_MATERIAL,FILE-083,2025,r607
CV-5be2fde8abdd70f7,0-3212,0-3212,"платье ""сер.колье""",MD,,,1,,,,,,2025,MOKEEVA,partial_material_only,,PARTIAL_MATERIAL,FILE-083,2025,r608
CV-9bff98d35d9f1e9a,46-01,46-01,жакет с выш,MD,,,1,3022.0,,,,,2025,MOKEEVA,partial_material_only,,PARTIAL_MATERIAL,FILE-083,2025,r609
CV-28216412f70ccc15,46-01,46-01,юбка с выш,MD,,,1,3022.0,,,,,2025,MOKEEVA,partial_material_only,,PARTIAL_MATERIAL,FILE-083,2025,r610
CV-60c8167abb07b784,0-3276,0-3276,блузон + переделка,MD,,,1,1465.0,,,,,2025,MOKEEVA,partial_material_only,,PARTIAL_MATERIAL,FILE-083,2025,r611
CV-d89ae8421b8a8ffd,0-3258,0-3258,юбка,MD,,,1,1465.0,,,,,2025,MOKEEVA,partial_material_only,,PARTIAL_MATERIAL,FILE-083,2025,r612
CV-8f594ed46a5b220c,ПO0-3278,по 0-3278,платье корот,MD,,,1,1500.0,,,,,2025,MOKEEVA,partial_material_only,,PARTIAL_MATERIAL,FILE-083,2025,r613
CV-8b16cdb52b88eda4,0-3212,0-3212,"платье ""сер.колье""",MD,,,1,,,,,,2025,MOKEEVA,partial_material_only,,PARTIAL_MATERIAL,FILE-083,2025,r614
CV-af1bd8274c744305,ПEPEДEЛKAHИЗA,переделка низа,платье,MD,,,1,,,,,,2025,MOKEEVA,partial_material_only,,PARTIAL_MATERIAL,FILE-083,2025,r618
CV-d177d6ea18af5f7e,0-3266,0-3266,шарф,MD,,,1,1500.0,,,,,2025,MOKEEVA,partial_material_only,,PARTIAL_MATERIAL,FILE-083,2025,r619
CV-42fe891058bb3855,0-3276,0-3276,блузон с выш,MD,,,1,1465.0,,,,,2025,MOKEEVA,partial_material_only,,PARTIAL_MATERIAL,FILE-083,2025,r620
CV-a992361a06322194,0-3258,0-3258,юбка с выш,MD,,,1,1465.0,,,,,2025,MOKEEVA,partial_material_only,,PARTIAL_MATERIAL,FILE-083,2025,r621
CV-9e59fa412d19dd13,0-3191,0-3191,блузон с выш,MD,,,1,1500.0,,,,,2025,MOKEEVA,partial_material_only,,PARTIAL_MATERIAL,FILE-083,2025,r622
CV-f8c50b978c3320d5,0-3212,0-3212,"платье ""сер.колье""",MD,,,1,,,,,,2025,MOKEEVA,partial_material_only,,PARTIAL_MATERIAL,FILE-083,2025,r623
CV-ef51b725075eb21a,0-3206,0-3206,жакет с выш,MD,,,1,1500.0,,,,,2025,MOKEEVA,partial_material_only,,PARTIAL_MATERIAL,FILE-083,2025,r624
CV-3a9f0b1a530d841f,0-3233,0-3233,юбка,MD,,,1,3022.0,,,,,2025,MOKEEVA,partial_material_only,,PARTIAL_MATERIAL,FILE-083,2025,r625
CV-d96acb004d0bcc74,0-3232,0-3232,блузон,MD,,,1,3022.0,,,,,2025,MOKEEVA,partial_material_only,,PARTIAL_MATERIAL,FILE-083,2025,r626
CV-4517cbf7e228372d,0-3202,0-3202,куртка-парка,MD,,,1,3800.0,,,,,2025,MOKEEVA,partial_material_only,,PARTIAL_MATERIAL,FILE-083,2025,r627
CV-b9293063b3e88db5,0-3273,0-3273,платье,MD,,,1,1500.0,,,,,2025,MOKEEVA,partial_material_only,,PARTIAL_MATERIAL,FILE-083,2025,r628
CV-fa512363c0d5b56c,0-0118,0-0118,рукава,MD,,,1,,,,,,2025,MOKEEVA,partial_material_only,,PARTIAL_MATERIAL,FILE-083,2025,r634
CV-d1de29b120bd7a76,0-3265,0-3265,шейн платок,MD,,,1,,,,,,2025,MOKEEVA,partial_material_only,,PARTIAL_MATERIAL,FILE-083,2025,r635
CV-d800d447318ff533,0-3265,0-3265,шейн платок,MD,,,1,,,,,,2025,MOKEEVA,partial_material_only,,PARTIAL_MATERIAL,FILE-083,2025,r636
CV-8dd4ec47b1f470f1,0-3265,0-3265,шейн платок,MD,,,1,,,,,,2025,MOKEEVA,partial_material_only,,PARTIAL_MATERIAL,FILE-083,2025,r637
CV-8522d42c07db297e,0-3265,0-3265,шейн платок,MD,,,1,,,,,,2025,MOKEEVA,partial_material_only,,PARTIAL_MATERIAL,FILE-083,2025,r638
CV-210cbd0fb8910f69,0-1283,0-1283,брюки,MD,,,1,1500.0,,,,,2025,MOKEEVA,partial_material_only,,PARTIAL_MATERIAL,FILE-083,2025,r642
CV-9d791e42c9789c33,0-3195,0-3195,рубашка с пояс/карман,MD,,,1,1500.0,,,,,2025,MOKEEVA,partial_material_only,,PARTIAL_MATERIAL,FILE-083,2025,r643
CV-98e73d0f1c515658,0-3225,0-3225,брюки,MD,,,1,1775.0,,,,,2025,MOKEEVA,partial_material_only,,PARTIAL_MATERIAL,FILE-083,2025,r644
CV-43032e5219fa3633,0-3250,0-3250,ПЕРЕДЕЛКА юбка,MD,,,1,,,,,,2025,MOKEEVA,partial_material_only,,PARTIAL_MATERIAL,FILE-083,2025,r645
CV-382fb034da4eac6a,0-3189,0-3189,дубленка,MD,,,1,,,,,,2025,MOKEEVA,partial_material_only,,PARTIAL_MATERIAL,FILE-083,2025,r647
CV-4d4a1d84b0c5bb5b,0-3232,0-3232,блузон с сереб выш,MD,,,1,1500.0,,,,,2025,MOKEEVA,partial_material_only,,PARTIAL_MATERIAL,FILE-083,2025,r648
CV-d0d2d47f3c8c5ba1,0-3233,0-3233,"юбка, БЕЗ ВЫШ",MD,,,1,1533.0,,,,,2025,MOKEEVA,partial_material_only,,PARTIAL_MATERIAL,FILE-083,2025,r649
CV-1ca073e6aef392f1,0-3286,0-3286,юбка-брюки,MD,,,1,,,,,,2025,MOKEEVA,partial_material_only,,PARTIAL_MATERIAL,FILE-083,2025,r650
CV-1e3591fd7ca3163b,0-3277A,0-3277А,ПЕРЕДЕЛКА платье,MD,,,1,,,,,,2025,MOKEEVA,partial_material_only,,PARTIAL_MATERIAL,FILE-083,2025,r651
CV-e72fd84cedac8831,0-3309,0-3309,ПЕРЕДЕЛКА платье,MD,,,1,,,,,,2025,MOKEEVA,partial_material_only,,PARTIAL_MATERIAL,FILE-083,2025,r652
CV-0d6f118a9f6015a8,0-3310,0-3310,ПЕРЕДЕЛКА топа,MD,,,1,,,,,,2025,MOKEEVA,partial_material_only,,PARTIAL_MATERIAL,FILE-083,2025,r653
CV-143378bde3aaed2e,0-3311,0-3311,ПЕРЕДЕЛКА брюк,MD,,,1,,,,,,2025,MOKEEVA,partial_material_only,,PARTIAL_MATERIAL,FILE-083,2025,r654
CV-66d549537df5b1cc,0-3310,0-3310,топ со стойкой,MD,,,1,1533.0,,,,,2025,MOKEEVA,partial_material_only,,PARTIAL_MATERIAL,FILE-083,2025,r655
CV-ad508f556992d44b,0-3311,0-3311,брюки,MD,,,1,1533.0,,,,,2025,MOKEEVA,partial_material_only,,PARTIAL_MATERIAL,FILE-083,2025,r656
CV-500100e7f04d293a,0-3286,0-3286,юбка-брюки,MD,,,1,,,,,,2025,MOKEEVA,partial_material_only,,PARTIAL_MATERIAL,FILE-083,2025,r657
CV-2b2d293d72309ed5,0-3262,0-3262,бант-стойка,MD,,,1,,,,,,2025,MOKEEVA,partial_material_only,,PARTIAL_MATERIAL,FILE-083,2025,r658
CV-061aa8a292731a8e,0-3263,0-3263,бант-стойка,MD,,,1,,,,,,2025,MOKEEVA,partial_material_only,,PARTIAL_MATERIAL,FILE-083,2025,r659
CV-df878ea1b9022183,0-3264,0-3264,манжеты с выш,MD,,,1,,,,,,2025,MOKEEVA,partial_material_only,,PARTIAL_MATERIAL,FILE-083,2025,r660
CV-77c2b5434b2f221d,0-3264,0-3264,манжеты с выш,MD,,,1,,,,,,2025,MOKEEVA,partial_material_only,,PARTIAL_MATERIAL,FILE-083,2025,r661
CV-02b3656c1a26d241,ПEPEДEЛKA,переделка,платье,MD,,,1,,,,,,2025,MOKEEVA,partial_material_only,,PARTIAL_MATERIAL,FILE-083,2025,r662
CV-7c4317a6ffdcdbe2,30-15,30-15,жакет,MD,,,1,1730.0,,,,,2025,MOKEEVA,partial_material_only,,PARTIAL_MATERIAL,FILE-083,2025,r663
CV-37db7029ccf87173,30-16,30-16,юбка,MD,,,1,500.0,,,,,2025,MOKEEVA,partial_material_only,,PARTIAL_MATERIAL,FILE-083,2025,r664
CV-d094f3d73e634a4d,30-17,30-17,юбка,MD,,,1,,,,,,2025,MOKEEVA,partial_material_only,,PARTIAL_MATERIAL,FILE-083,2025,r665
CV-1028d60ce7f039cc,0-3258,0-3258,юбка,MD,,,1,1450.0,,,,,2025,MOKEEVA,partial_material_only,,PARTIAL_MATERIAL,FILE-083,2025,r668
CV-94a1c682308929fd,0-3276,0-3276,блузон с ереб выш,MD,,,1,1450.0,,,,,2025,MOKEEVA,partial_material_only,,PARTIAL_MATERIAL,FILE-083,2025,r669
CV-45d6ab923c1ede9d,0-3274,0-3274,жакет,MD,,,1,2900.0,,,,,2025,MOKEEVA,partial_material_only,,PARTIAL_MATERIAL,FILE-083,2025,r670
CV-e7a4585caeeabfce,0-3275,0-3275,брюки,MD,,,1,1500.0,,,,,2025,MOKEEVA,partial_material_only,,PARTIAL_MATERIAL,FILE-083,2025,r671
CV-80fe68e4c178d50a,0-3286,0-3286,юбка-брюки,MD,,,1,,,,,,2025,MOKEEVA,partial_material_only,,PARTIAL_MATERIAL,FILE-083,2025,r672
CV-2ae08104061f77ad,46-21,46-21,жакет,MD,,,1,1100.0,,,,,2025,MOKEEVA,partial_material_only,,PARTIAL_MATERIAL,FILE-083,2025,r673
CV-a1d9d18c8dff018c,46-21,46-21,юбка,MD,,,1,1533.0,,,,,2025,MOKEEVA,partial_material_only,,PARTIAL_MATERIAL,FILE-083,2025,r674
CV-333b0c25ce8bc85d,34-09,34-09,брюки,MD,,,1,1533.0,,,,,2025,MOKEEVA,partial_material_only,,PARTIAL_MATERIAL,FILE-083,2025,r675
CV-f5811573032ce5c4,46-21,46-21,юбка+ переделка,MD,,,1,1533.0,,,,,2025,MOKEEVA,partial_material_only,,PARTIAL_MATERIAL,FILE-083,2025,r676
CV-7f862125525de941,0-3233,0-3233,юбка,MD,,,1,1500.0,,,,,2025,MOKEEVA,partial_material_only,,PARTIAL_MATERIAL,FILE-083,2025,r677
CV-80b817cf52b84ac7,46-16,46-16,платье,MD,,,1,1500.0,,,,,2025,MOKEEVA,partial_material_only,,PARTIAL_MATERIAL,FILE-083,2025,r679
CV-45a493e343200504,0-3297,0-3297,платье капли,MD,,,1,1533.0,,,,,2025,MOKEEVA,partial_material_only,,PARTIAL_MATERIAL,FILE-083,2025,r681
CV-2dcde516787e0999,0-3307A,0-3307А,платье,MD,,,1,1533.0,,,,,2025,MOKEEVA,partial_material_only,,PARTIAL_MATERIAL,FILE-083,2025,r682
CV-aea666fa5714352c,0-3286,0-3286,юбка-брюки,MD,,,1,,,,,,2025,MOKEEVA,partial_material_only,,PARTIAL_MATERIAL,FILE-083,2025,r683
CV-e2de00f96780ed0d,0-3286,0-3286,юбка брюки,MD,,,1,,,,,,2025,MOKEEVA,partial_material_only,,PARTIAL_MATERIAL,FILE-083,2025,r685
CV-f97c37ff7519b3e4,0-3296,0-3296,платье,MD,,,1,,,,,,2025,MOKEEVA,partial_material_only,,PARTIAL_MATERIAL,FILE-083,2025,r686
CV-8c0b00c2e3b307ae,0-3230,0-3230,брюки + переделка,MD,,,1,1533.0,,,,,2025,MOKEEVA,partial_material_only,,PARTIAL_MATERIAL,FILE-083,2025,r688
CV-194bbe5c1adcddf3,0-3232,0-3232,блуза + переделка,MD,,,1,1500.0,,,,,2025,MOKEEVA,partial_material_only,,PARTIAL_MATERIAL,FILE-083,2025,r690
CV-ca42f9c011f3f691,0-3192,0-3192,накидка,MD,,,1,1533.0,,,,,2025,MOKEEVA,partial_material_only,,PARTIAL_MATERIAL,FILE-083,2025,r691
CV-a27d81476c0de5cf,43-24,43-24,платье,MD,,,1,1533.0,,,,,2025,MOKEEVA,partial_material_only,,PARTIAL_MATERIAL,FILE-083,2025,r692
CV-b7765e389f8fe463,0-3286,0-3286,юбка-брюки,MD,,,1,,,,,,2025,MOKEEVA,partial_material_only,,PARTIAL_MATERIAL,FILE-083,2025,r693
CV-95d87937ba69ce57,46-21,46-21,жакет с выш,MD,,,1,1100.0,,,,,2025,MOKEEVA,partial_material_only,,PARTIAL_MATERIAL,FILE-083,2025,r695
CV-7c3d9206758ba783,46-03,46-03,брюки н/п + переделка,MD,,,1,1533.0,,,,,2025,MOKEEVA,partial_material_only,,PARTIAL_MATERIAL,FILE-083,2025,r696
CV-7c4e3bd4cf4c37f1,0-3069A,0-3069А,топ,MD,,,1,,,,,,2025,MOKEEVA,partial_material_only,,PARTIAL_MATERIAL,FILE-083,2025,r697
CV-44571cc6177b32d0,0-1380,0-1380,"блуза ""сереб листья""",MD,,,1,1110.0,,,,,2025,MOKEEVA,partial_material_only,,PARTIAL_MATERIAL,FILE-083,2025,r698
CV-8947f867b12a1b50,43-25,43-25,жакет-кейп,MD,,,1,1533.0,,,,,2025,MOKEEVA,partial_material_only,,PARTIAL_MATERIAL,FILE-083,2025,r700
CV-f4fd4ca46edbfa7e,K43-25,к 43-25,юбка н/п,MD,,,1,1533.0,,,,,2025,MOKEEVA,partial_material_only,,PARTIAL_MATERIAL,FILE-083,2025,r702
CV-489961cdb7340348,46-02,46-02,пальто,MD,,,1,1779.14,,,,,2025,MOKEEVA,partial_material_only,,PARTIAL_MATERIAL,FILE-083,2025,r704
CV-06bc61eb0b2563ca,0-3231,0-3231,накидка,MD,,,1,1500.0,,,,,2025,MOKEEVA,partial_material_only,,PARTIAL_MATERIAL,FILE-083,2025,r705
CV-4fc3431dd1b558c4,0-3229,0-3229,жакет с выш,MD,,,1,1533.0,,,,,2025,MOKEEVA,partial_material_only,,PARTIAL_MATERIAL,FILE-083,2025,r706
CV-a3f835fa6938680b,0-3232,0-3232,блузон н/п,MD,,,1,1500.0,,,,,2025,MOKEEVA,partial_material_only,,PARTIAL_MATERIAL,FILE-083,2025,r707
CV-8bfdb6f51f1260f0,0-3233,0-3233,юбка н/п без выш,MD,,,1,1533.0,,,,,2025,MOKEEVA,partial_material_only,,PARTIAL_MATERIAL,FILE-083,2025,r708
CV-a1a62344a5e601b1,0-3229,0-3229,жакет с выш,MD,,,1,1533.0,,,,,2025,MOKEEVA,partial_material_only,,PARTIAL_MATERIAL,FILE-083,2025,r709
CV-24f5819c2bea17ed,0-3310,0-3310,топ н/п,MD,,,1,1533.0,,,,,2025,MOKEEVA,partial_material_only,,PARTIAL_MATERIAL,FILE-083,2025,r710
CV-d67e2a2cd14cd604,0-3230,0-3230,брюки н/п + переделка,MD,,,1,1533.0,,,,,2025,MOKEEVA,partial_material_only,,PARTIAL_MATERIAL,FILE-083,2025,r711
CV-e750e6a8edc929c2,0-3230,0-3230,брюки н/п+ переделка,MD,,,1,1533.0,,,,,2025,MOKEEVA,partial_material_only,,PARTIAL_MATERIAL,FILE-083,2025,r712
CV-ae77482c6ef25871,0-3286,0-3286,юбка-брюки,MD,,,1,,,,,,2025,MOKEEVA,partial_material_only,,PARTIAL_MATERIAL,FILE-083,2025,r713
CV-1b3575f1668e4a0d,0-3300,0-3300,блуза,MD,,,1,,,,,,2025,MOKEEVA,partial_material_only,,PARTIAL_MATERIAL,FILE-083,2025,r714
CV-18036c5339b374af,0-2779,0-2779,кейп,MD,,,1,1533.0,,,,,2025,MOKEEVA,partial_material_only,,PARTIAL_MATERIAL,FILE-083,2025,r715
CV-fc97a2dfa2bd69b0,0-2779,0-2779,кейп,MD,,,1,1533.0,,,,,2025,MOKEEVA,partial_material_only,,PARTIAL_MATERIAL,FILE-083,2025,r716
CV-c928e34343167b40,0-3296,0-3296,платье,MD,,,1,,,,,,2025,MOKEEVA,partial_material_only,,PARTIAL_MATERIAL,FILE-083,2025,r717
CV-15e9d5fb305e327c,0-3296,0-3296,платье,MD,,,1,,,,,,2025,MOKEEVA,partial_material_only,,PARTIAL_MATERIAL,FILE-083,2025,r718
CV-8fff55e02ba990af,47-01,47-01,платье,MD,,,1,,,,,,2025,MOKEEVA,partial_material_only,,PARTIAL_MATERIAL,FILE-083,2025,r725
CV-0176088503c6947a,47-02,47-02,боди,MD,,,1,1533.0,,,,,2025,MOKEEVA,partial_material_only,,PARTIAL_MATERIAL,FILE-083,2025,r726
CV-7550ca81a33460ae,47-03,47-03,блузон,MD,,,1,,,,,,2025,MOKEEVA,partial_material_only,,PARTIAL_MATERIAL,FILE-083,2025,r727
CV-d845c345cbef09a3,47-03,47-03,брюки,MD,,,1,1775.0,,,,,2025,MOKEEVA,partial_material_only,,PARTIAL_MATERIAL,FILE-083,2025,r728
CV-e32e30ea9fcb1863,47-04,47-04,платье,MD,,,1,1533.0,,,,,2025,MOKEEVA,partial_material_only,,PARTIAL_MATERIAL,FILE-083,2025,r729
CV-b0b53e611dc6c6f8,47-05,47-05,боди,MD,,,1,,,,,,2025,MOKEEVA,partial_material_only,,PARTIAL_MATERIAL,FILE-083,2025,r730
CV-4208b9428c203fcc,47-05,47-05,брюки,MD,,,1,1775.0,,,,,2025,MOKEEVA,partial_material_only,,PARTIAL_MATERIAL,FILE-083,2025,r731
CV-da6b64b8192371ed,47-06,47-06,платье,MD,,,1,1533.0,,,,,2025,MOKEEVA,partial_material_only,,PARTIAL_MATERIAL,FILE-083,2025,r732
CV-7e9608785ab10b84,47-07,47-07,жакет,MD,,,1,,,,,,2025,MOKEEVA,partial_material_only,,PARTIAL_MATERIAL,FILE-083,2025,r733
CV-1084d618ea81235b,47-07,47-07,шорты,MD,,,1,,,,,,2025,MOKEEVA,partial_material_only,,PARTIAL_MATERIAL,FILE-083,2025,r734
CV-f9bd8323a9ea1499,47-08,47-08,жакет,MD,,,1,1775.0,,,,,2025,MOKEEVA,partial_material_only,,PARTIAL_MATERIAL,FILE-083,2025,r735
CV-86cbcc86ec2b1a03,47-08,47-08,юбка,MD,,,1,1533.0,,,,,2025,MOKEEVA,partial_material_only,,PARTIAL_MATERIAL,FILE-083,2025,r736
CV-57103f48f2e7ed4c,47-09,47-09,кимоно,MD,,,1,,,,,,2025,MOKEEVA,partial_material_only,,PARTIAL_MATERIAL,FILE-083,2025,r737
CV-e6f78277a7ac20f2,47-09,47-09,топ,MD,,,1,,,,,,2025,MOKEEVA,partial_material_only,,PARTIAL_MATERIAL,FILE-083,2025,r738
CV-2da50271f4cef003,47-09,47-09,брюки,MD,,,1,,,,,,2025,MOKEEVA,partial_material_only,,PARTIAL_MATERIAL,FILE-083,2025,r739
CV-674df59a9d86e441,47-10,47-10,жакет,MD,,,1,1500.0,,,,,2025,MOKEEVA,partial_material_only,,PARTIAL_MATERIAL,FILE-083,2025,r740
CV-dbe13bc7b6a4de79,47-10,47-10,юбка,MD,,,1,,,,,,2025,MOKEEVA,partial_material_only,,PARTIAL_MATERIAL,FILE-083,2025,r741
CV-20a997a5178765d1,47-10,47-10,брюки,MD,,,1,,,,,,2025,MOKEEVA,partial_material_only,,PARTIAL_MATERIAL,FILE-083,2025,r742
CV-2bff6a52a1056f6d,47-11,47-11,платье,MD,,,1,1533.0,,,,,2025,MOKEEVA,partial_material_only,,PARTIAL_MATERIAL,FILE-083,2025,r743
CV-a3636d7ab95a1483,K47-11,к 47-11,манишка,MD,,,1,,,,,,2025,MOKEEVA,partial_material_only,,PARTIAL_MATERIAL,FILE-083,2025,r744
CV-46375164161e3528,47-12,47-12,платье,MD,,,1,,,,,,2025,MOKEEVA,partial_material_only,,PARTIAL_MATERIAL,FILE-083,2025,r745
CV-5cc875b15c89e8f5,47-12,47-12,комбинез 1,MD,,,1,,,,,,2025,MOKEEVA,partial_material_only,,PARTIAL_MATERIAL,FILE-083,2025,r746
CV-717e2113692c0326,47-12,47-12,комбинез 2,MD,,,1,,,,,,2025,MOKEEVA,partial_material_only,,PARTIAL_MATERIAL,FILE-083,2025,r747
CV-04092ab614564eff,47-13,47-13,платье,MD,,,1,,,,,,2025,MOKEEVA,partial_material_only,,PARTIAL_MATERIAL,FILE-083,2025,r748
CV-94d358136866d2e3,47-14,47-14,платье,MD,,,1,,,,,,2025,MOKEEVA,partial_material_only,,PARTIAL_MATERIAL,FILE-083,2025,r749
CV-5e733382090de434,47-15,47-15,боди,MD,,,1,1533.0,,,,,2025,MOKEEVA,partial_material_only,,PARTIAL_MATERIAL,FILE-083,2025,r750
CV-74ef2acf1c06f068,47-16,47-16,платье,MD,,,1,1533.0,,,,,2025,MOKEEVA,partial_material_only,,PARTIAL_MATERIAL,FILE-083,2025,r751
CV-206c7b5dbfd717e0,47-17,47-17,платье корсет,MD,,,1,,,,,,2025,MOKEEVA,partial_material_only,,PARTIAL_MATERIAL,FILE-083,2025,r752
CV-690df0f33551d294,47-17,47-17,ниж.юбка,MD,,,1,,,,,,2025,MOKEEVA,partial_material_only,,PARTIAL_MATERIAL,FILE-083,2025,r753
CV-cc10b162c1aa22c7,47-18,47-18,жакет,MD,,,1,,,,,,2025,MOKEEVA,partial_material_only,,PARTIAL_MATERIAL,FILE-083,2025,r754
CV-5a705b39e9dc158c,47-18,47-18,юбка,MD,,,1,1500.0,,,,,2025,MOKEEVA,partial_material_only,,PARTIAL_MATERIAL,FILE-083,2025,r755
CV-3e686447a7f93e09,47-18,47-18,ниж. юбка,MD,,,1,,,,,,2025,MOKEEVA,partial_material_only,,PARTIAL_MATERIAL,FILE-083,2025,r756
CV-06e1f1e20a3dac0f,47-19,47-19,боди,MD,,,1,1533.0,,,,,2025,MOKEEVA,partial_material_only,,PARTIAL_MATERIAL,FILE-083,2025,r757
CV-b9421abe06c6ff1a,47-19,47-19,кейп,MD,,,1,1533.0,,,,,2025,MOKEEVA,partial_material_only,,PARTIAL_MATERIAL,FILE-083,2025,r758
CV-b60f03bd26e5d211,47-20,47-20,платье,MD,,,1,,,,,,2025,MOKEEVA,partial_material_only,,PARTIAL_MATERIAL,FILE-083,2025,r759
CV-db5987eedf21fc2c,47-21,47-21,жакет,MD,,,1,,,,,,2025,MOKEEVA,partial_material_only,,PARTIAL_MATERIAL,FILE-083,2025,r760
CV-647ef8fdca30c7c3,47-21,47-21,платье,MD,,,1,1533.0,,,,,2025,MOKEEVA,partial_material_only,,PARTIAL_MATERIAL,FILE-083,2025,r761
CV-ab4093faa0aade2a,47-21,47-21,ниж юбка,MD,,,1,,,,,,2025,MOKEEVA,partial_material_only,,PARTIAL_MATERIAL,FILE-083,2025,r762
CV-5e774862a8aca577,47-22,47-22,жакет,MD,,,1,1533.0,,,,,2025,MOKEEVA,partial_material_only,,PARTIAL_MATERIAL,FILE-083,2025,r763
CV-5686d9c8048a1074,47-22,47-22,ниж. юбка,MD,,,1,,,,,,2025,MOKEEVA,partial_material_only,,PARTIAL_MATERIAL,FILE-083,2025,r764
CV-1048034072a2b2ea,47-23,47-23,платье,MD,,,1,1500.0,,,,,2025,MOKEEVA,partial_material_only,,PARTIAL_MATERIAL,FILE-083,2025,r765
CV-d5db5d8d7c0f6a94,47-24,47-24,платье с пелериной,MD,,,1,,,,,,2025,MOKEEVA,partial_material_only,,PARTIAL_MATERIAL,FILE-083,2025,r766
CV-b5a93755534de854,47-25,47-25,корсет,MD,,,1,1533.0,,,,,2025,MOKEEVA,partial_material_only,,PARTIAL_MATERIAL,FILE-083,2025,r767
CV-cc2b0e6597e18af9,47-25,47-25,юбка,MD,,,1,1533.0,,,,,2025,MOKEEVA,partial_material_only,,PARTIAL_MATERIAL,FILE-083,2025,r768
CV-5da38b9440c1d4c2,47-26,47-26,платье,MD,,,1,,,,,,2025,MOKEEVA,partial_material_only,,PARTIAL_MATERIAL,FILE-083,2025,r769
CV-d3608152c4ed4c84,47-27,47-27,платье,MD,,,1,,,,,,2025,MOKEEVA,partial_material_only,,PARTIAL_MATERIAL,FILE-083,2025,r770
CV-cd99d7221f678ae1,47-28,47-28,боди,MD,,,1,,,,,,2025,MOKEEVA,partial_material_only,,PARTIAL_MATERIAL,FILE-083,2025,r771
CV-40e1e4cbf36e1550,47-28,47-28,юбка,MD,,,1,,,,,,2025,MOKEEVA,partial_material_only,,PARTIAL_MATERIAL,FILE-083,2025,r772
CV-19842870535881ee,47-29,47-29,платье,MD,,,1,,,,,,2025,MOKEEVA,partial_material_only,,PARTIAL_MATERIAL,FILE-083,2025,r773
CV-9eb6a66731ae7d83,47-30,47-30,жакет,MD,,,1,,,,,,2025,MOKEEVA,partial_material_only,,PARTIAL_MATERIAL,FILE-083,2025,r774
CV-d455f2df5e2e64fd,47-30,47-30,юбка,MD,,,1,,,,,,2025,MOKEEVA,partial_material_only,,PARTIAL_MATERIAL,FILE-083,2025,r775
CV-37f2fc058876c0ab,47-31,47-31,платье,MD,,,1,,,,,,2025,MOKEEVA,partial_material_only,,PARTIAL_MATERIAL,FILE-083,2025,r776
CV-ad45c45d1d9878ff,47-31,47-31,фата,MD,,,1,,,,,,2025,MOKEEVA,partial_material_only,,PARTIAL_MATERIAL,FILE-083,2025,r777
CV-2a711aa6d8380b99,47-32,47-32,юбка,MD,,,1,,,,,,2025,MOKEEVA,partial_material_only,,PARTIAL_MATERIAL,FILE-083,2025,r778
CV-c84d993306d0e900,47-,47-,манишка,MD,,,1,,,,,,2025,MOKEEVA,partial_material_only,,PARTIAL_MATERIAL,FILE-083,2025,r779
