decision_id,object_type,object_id,issue,evidence,recommended_decision,owner,priority,analysis_unlocked,source_ref,decision,comment,status,due_date,source_stage,priority_score,wave
DEC-00001,SKU alias,MAP-0001,T-3001 ↔ 0-3001,Совпадает номер и вариант после дефиса; отличается префикс,Подтвердить/отклонить и указать canonical_sku + период,Продуктовый блок + коммерция,Высокий,Маржа SKU/коллекции; производство; склад; продажи,результат НГ 2024.xlsx / прайс / строка 524; результат капсула 2024.xlsx / прайс / строка 151,,,Не рассмотрено,,17,3,Wave 2 (31–60 дней)
DEC-00002,SKU alias,MAP-0002,T-3001 ↔ 0-3001,Совпадает номер и вариант после дефиса; отличается префикс,Подтвердить/отклонить и указать canonical_sku + период,Продуктовый блок + коммерция,Высокий,Маржа SKU/коллекции; производство; склад; продажи,Себестоимость Жукова.xlsx / 2024 / строка 706 / 35881.00,,,Не рассмотрено,,17,3,Wave 2 (31–60 дней)
DEC-00003,SKU alias,MAP-0003,T-2865A ↔ 0-2865A,Совпадает номер и вариант после дефиса; отличается префикс,Подтвердить/отклонить и указать canonical_sku + период,Продуктовый блок + коммерция,Высокий,Маржа SKU/коллекции; производство; склад; продажи,результат круиз 22.04.24.xlsx / прайс / строка 323; результат круиз 22.04.24.xlsx / прайс / строка 336,,,Не рассмотрено,,17,3,Wave 2 (31–60 дней)
DEC-00004,SKU alias,MAP-0004,T-2754 ↔ 0-2754,Совпадает номер и вариант после дефиса; отличается префикс,Подтвердить/отклонить и указать canonical_sku + период,Продуктовый блок + коммерция,Высокий,Маржа SKU/коллекции; производство; склад; продажи,себестоимость Мокеева 2025.xlsx / себестоимость 2025 / строка 283 / 24000.00; себестоимость Мокеева 2025.xlsx / себестоимость 2025 / строка 455 / 34470.00,,,Не рассмотрено,,17,3,Wave 2 (31–60 дней)
DEC-00005,SKU alias,MAP-0005,T-2540 ↔ 0-2540,Совпадает номер и вариант после дефиса; отличается префикс,Подтвердить/отклонить и указать canonical_sku + период,Продуктовый блок + коммерция,Высокий,Маржа SKU/коллекции; производство; склад; продажи,Себестоимость Жукова.xlsx / 2025 / строка 713 / 20491.00; Себестоимость Жукова.xlsx / 2026 / строка 1757 / 2750.00,,,Не рассмотрено,,17,3,Wave 2 (31–60 дней)
DEC-00006,SKU alias,MAP-0006,T-3140 ↔ 0-3140,Совпадает номер и вариант после дефиса; отличается префикс,Подтвердить/отклонить и указать canonical_sku + период,Продуктовый блок + коммерция,Высокий,Маржа SKU/коллекции; производство; склад; продажи,результат круиз 09.04.25.xlsx / прайс / строка 525,,,Не рассмотрено,,17,3,Wave 2 (31–60 дней)
DEC-00007,SKU alias,MAP-0007,T-3140 ↔ 0-3140,Совпадает номер и вариант после дефиса; отличается префикс,Подтвердить/отклонить и указать canonical_sku + период,Продуктовый блок + коммерция,Высокий,Маржа SKU/коллекции; производство; склад; продажи,Себестоимость Жукова.xlsx / 2025 / строка 1997 / 46015.00; Себестоимость Жукова.xlsx / 2025 / строка 2053 / 44152.50; Себестоимость Жукова.xlsx / 2025 / строка 676 / 55390.00; себестоимость Мокеева 2025.xlsx / себестоимость 2025 / строка 225 / 44620.20; себестоимость Мокеева 2025.xlsx / себестоимость 2025 / строка 245 / 37488.20; себестоимость Мокеева 2025.xlsx / себестоимость 2025 / строка 262 / 19585.00,,,Не рассмотрено,,17,3,Wave 2 (31–60 дней)
DEC-00008,SKU alias,MAP-0008,T-3140A ↔ 0-3140A,Совпадает номер и вариант после дефиса; отличается префикс,Подтвердить/отклонить и указать canonical_sku + период,Продуктовый блок + коммерция,Высокий,Маржа SKU/коллекции; производство; склад; продажи,результат круиз 09.04.25.xlsx / прайс / строка 533,,,Не рассмотрено,,17,3,Wave 2 (31–60 дней)
DEC-00009,SKU alias,MAP-0009,T-3140A ↔ 0-3140A,Совпадает номер и вариант после дефиса; отличается префикс,Подтвердить/отклонить и указать canonical_sku + период,Продуктовый блок + коммерция,Высокий,Маржа SKU/коллекции; производство; склад; продажи,Себестоимость Жукова.xlsx / 2025 / строка 1213 / 2100.00; Себестоимость Жукова.xlsx / 2025 / строка 1255 / 41115.00; Себестоимость Меркушина.xlsx / Капсульные коллекции  / строка 39 / 33098.25; Себестоимость Меркушина.xlsx / Капсульные коллекции  / строка 46 / 33098.25; себестоимость Мокеева 2025.xlsx / себестоимость 2025 / строка 305 / 36549.88; себестоимость Мокеева 2025.xlsx / себестоимость 2025 / строка 321 / 43566.91; себестоимость Мокеева 2025.xlsx / себестоимость 2025 / строка 326 / 50392.91; себестоимость Мокеева 2025.xlsx / себестоимость 2025 / строка 330 / 51747.95,,,Не рассмотрено,,17,3,Wave 2 (31–60 дней)
DEC-00010,SKU alias,MAP-0010,T-2702 ↔ 0-2702,Совпадает номер и вариант после дефиса; отличается префикс,Подтвердить/отклонить и указать canonical_sku + период,Продуктовый блок + коммерция,Высокий,Маржа SKU/коллекции; производство; склад; продажи,Себестоимость Жукова.xlsx / 2025 / строка 152 / 18790.00,,,Не рассмотрено,,17,3,Wave 2 (31–60 дней)
DEC-00011,SKU alias,MAP-0011,T-3092A ↔ 0-3092A,Совпадает номер и вариант после дефиса; отличается префикс,Подтвердить/отклонить и указать canonical_sku + период,Продуктовый блок + коммерция,Высокий,Маржа SKU/коллекции; производство; склад; продажи,результат НГ 2024.xlsx / прайс / строка 200; результат НГ 2024.xlsx / прайс / строка 208,,,Не рассмотрено,,17,3,Wave 2 (31–60 дней)
DEC-00012,SKU alias,MAP-0012,T-3092A ↔ 0-3092A,Совпадает номер и вариант после дефиса; отличается префикс,Подтвердить/отклонить и указать canonical_sku + период,Продуктовый блок + коммерция,Высокий,Маржа SKU/коллекции; производство; склад; продажи,Себестоимость Жукова.xlsx / 2024 / строка 328 / 40872.00; Себестоимость Жукова.xlsx / 2024 / строка 638 / 33312.00,,,Не рассмотрено,,17,3,Wave 2 (31–60 дней)
DEC-00013,SKU alias,MAP-0013,T-2872 ↔ 0-2872,Совпадает номер и вариант после дефиса; отличается префикс,Подтвердить/отклонить и указать canonical_sku + период,Продуктовый блок + коммерция,Высокий,Маржа SKU/коллекции; производство; склад; продажи,результат круиз 09.04.25.xlsx / прайс / строка 1306; результат круиз 14.04.26.xlsx / прайс / строка 42; результат круиз 22.04.24.xlsx / прайс / строка 399,,,Не рассмотрено,,17,3,Wave 2 (31–60 дней)
DEC-00014,SKU alias,MAP-0014,T-2703 ↔ 0-2703,Совпадает номер и вариант после дефиса; отличается префикс,Подтвердить/отклонить и указать canonical_sku + период,Продуктовый блок + коммерция,Высокий,Маржа SKU/коллекции; производство; склад; продажи,Себестоимость Жукова.xlsx / 2025 / строка 1333 / 14975.00,,,Не рассмотрено,,17,3,Wave 2 (31–60 дней)
DEC-00015,SKU alias,MAP-0015,T-2974A ↔ 0-2974A,Совпадает номер и вариант после дефиса; отличается префикс,Подтвердить/отклонить и указать canonical_sku + период,Продуктовый блок + коммерция,Высокий,Маржа SKU/коллекции; производство; склад; продажи,результат круиз 09.04.25.xlsx / прайс / строка 1347; результат круиз 22.04.24.xlsx / прайс / строка 912,,,Не рассмотрено,,17,3,Wave 2 (31–60 дней)
DEC-00016,SKU alias,MAP-0016,T-2754A ↔ 0-2754A,Совпадает номер и вариант после дефиса; отличается префикс,Подтвердить/отклонить и указать canonical_sku + период,Продуктовый блок + коммерция,Высокий,Маржа SKU/коллекции; производство; склад; продажи,результат круиз 09.04.25.xlsx / прайс / строка 1533,,,Не рассмотрено,,17,3,Wave 2 (31–60 дней)
DEC-00017,SKU alias,MAP-0017,T-2754A ↔ 0-2754A,Совпадает номер и вариант после дефиса; отличается префикс,Подтвердить/отклонить и указать canonical_sku + период,Продуктовый блок + коммерция,Высокий,Маржа SKU/коллекции; производство; склад; продажи,себестоимость Мокеева 2025.xlsx / себестоимость 2025 / строка 201 / 21551.00; себестоимость Мокеева 2025.xlsx / себестоимость 2025 / строка 202 / 21551.00; себестоимость Мокеева 2025.xlsx / себестоимость 2025 / строка 203 / 21271.00; себестоимость Мокеева 2025.xlsx / себестоимость 2025 / строка 208 / 22960.00; себестоимость Мокеева 2025.xlsx / себестоимость 2025 / строка 209 / 22960.00,,,Не рассмотрено,,17,3,Wave 2 (31–60 дней)
DEC-00018,SKU alias,MAP-0018,T-3023 ↔ 0-3023,Совпадает номер и вариант после дефиса; отличается префикс,Подтвердить/отклонить и указать canonical_sku + период,Продуктовый блок + коммерция,Высокий,Маржа SKU/коллекции; производство; склад; продажи,результат НГ 2024.xlsx / прайс / строка 662; результат капсула 2024.xlsx / прайс / строка 347,,,Не рассмотрено,,17,3,Wave 2 (31–60 дней)
DEC-00019,SKU alias,MAP-0019,T-2792 ↔ 0-2792,Совпадает номер и вариант после дефиса; отличается префикс,Подтвердить/отклонить и указать canonical_sku + период,Продуктовый блок + коммерция,Высокий,Маржа SKU/коллекции; производство; склад; продажи,результат круиз 22.04.24.xlsx / прайс / строка 76,,,Не рассмотрено,,17,3,Wave 2 (31–60 дней)
DEC-00020,SKU alias,MAP-0020,T-2984 ↔ 0-2984,Совпадает номер и вариант после дефиса; отличается префикс,Подтвердить/отклонить и указать canonical_sku + период,Продуктовый блок + коммерция,Высокий,Маржа SKU/коллекции; производство; склад; продажи,результат НГ 2024.xlsx / прайс / строка 393; результат капсула 2024.xlsx / прайс / строка 10,,,Не рассмотрено,,17,3,Wave 2 (31–60 дней)
DEC-00021,SKU alias,MAP-0021,T-3090 ↔ 0-3090,Совпадает номер и вариант после дефиса; отличается префикс,Подтвердить/отклонить и указать canonical_sku + период,Продуктовый блок + коммерция,Высокий,Маржа SKU/коллекции; производство; склад; продажи,результат НГ 2024.xlsx / прайс / строка 152,,,Не рассмотрено,,17,3,Wave 2 (31–60 дней)
DEC-00022,SKU alias,MAP-0022,T-3090 ↔ 0-3090,Совпадает номер и вариант после дефиса; отличается префикс,Подтвердить/отклонить и указать canonical_sku + период,Продуктовый блок + коммерция,Высокий,Маржа SKU/коллекции; производство; склад; продажи,Себестоимость Жукова.xlsx / 2024 / строка 308 / 42027.00,,,Не рассмотрено,,17,3,Wave 2 (31–60 дней)
DEC-00023,SKU alias,MAP-0023,T-2873 ↔ 0-2873,Совпадает номер и вариант после дефиса; отличается префикс,Подтвердить/отклонить и указать canonical_sku + период,Продуктовый блок + коммерция,Высокий,Маржа SKU/коллекции; производство; склад; продажи,результат круиз 09.04.25.xlsx / прайс / строка 1310; результат круиз 14.04.26.xlsx / прайс / строка 52; результат круиз 22.04.24.xlsx / прайс / строка 409,,,Не рассмотрено,,17,3,Wave 2 (31–60 дней)
DEC-00024,SKU alias,MAP-0024,T-2873 ↔ 0-2873,Совпадает номер и вариант после дефиса; отличается префикс,Подтвердить/отклонить и указать canonical_sku + период,Продуктовый блок + коммерция,Высокий,Маржа SKU/коллекции; производство; склад; продажи,Себестоимость Жукова.xlsx / 2025 / строка 2501 / 10003.00; себестоимость Мокеева 2025.xlsx / себестоимость 2025 / строка 172 / 43471.00,,,Не рассмотрено,,17,3,Wave 2 (31–60 дней)
DEC-00025,SKU alias,MAP-0025,T-2541 ↔ 0-2541,Совпадает номер и вариант после дефиса; отличается префикс,Подтвердить/отклонить и указать canonical_sku + период,Продуктовый блок + коммерция,Высокий,Маржа SKU/коллекции; производство; склад; продажи,Себестоимость Жукова.xlsx / 2025 / строка 717 / 10338.00; Себестоимость Жукова.xlsx / 2026 / строка 1767 / 2200.00,,,Не рассмотрено,,17,3,Wave 2 (31–60 дней)
DEC-00026,SKU alias,MAP-0026,T-2985 ↔ 0-2985,Совпадает номер и вариант после дефиса; отличается префикс,Подтвердить/отклонить и указать canonical_sku + период,Продуктовый блок + коммерция,Высокий,Маржа SKU/коллекции; производство; склад; продажи,результат НГ 2024.xlsx / прайс / строка 401; результат капсула 2024.xlsx / прайс / строка 18,,,Не рассмотрено,,17,3,Wave 2 (31–60 дней)
DEC-00027,SKU alias,MAP-0027,T-2985 ↔ 0-2985,Совпадает номер и вариант после дефиса; отличается префикс,Подтвердить/отклонить и указать canonical_sku + период,Продуктовый блок + коммерция,Высокий,Маржа SKU/коллекции; производство; склад; продажи,Себестоимость Жукова.xlsx / 2026 / строка 1087 / 28510.00,,,Не рассмотрено,,17,3,Wave 2 (31–60 дней)
DEC-00028,SKU alias,MAP-0028,T-2862 ↔ 0-2862,Совпадает номер и вариант после дефиса; отличается префикс,Подтвердить/отклонить и указать canonical_sku + период,Продуктовый блок + коммерция,Высокий,Маржа SKU/коллекции; производство; склад; продажи,результат круиз 09.04.25.xlsx / прайс / строка 1298; результат круиз 22.04.24.xlsx / прайс / строка 281,,,Не рассмотрено,,17,3,Wave 2 (31–60 дней)
DEC-00029,SKU alias,MAP-0029,T-2546 ↔ 0-2546,Совпадает номер и вариант после дефиса; отличается префикс,Подтвердить/отклонить и указать canonical_sku + период,Продуктовый блок + коммерция,Высокий,Маржа SKU/коллекции; производство; склад; продажи,результат круиз 09.04.25.xlsx / прайс / строка 1234,,,Не рассмотрено,,17,3,Wave 2 (31–60 дней)
DEC-00030,SKU alias,MAP-0030,T-2546 ↔ 0-2546,Совпадает номер и вариант после дефиса; отличается префикс,Подтвердить/отклонить и указать canonical_sku + период,Продуктовый блок + коммерция,Высокий,Маржа SKU/коллекции; производство; склад; продажи,Себестоимость Жукова.xlsx / 2025 / строка 306 / 20196.67,,,Не рассмотрено,,17,3,Wave 2 (31–60 дней)
DEC-00031,SKU alias,MAP-0031,T-2804 ↔ 0-2804,Совпадает номер и вариант после дефиса; отличается префикс,Подтвердить/отклонить и указать canonical_sku + период,Продуктовый блок + коммерция,Высокий,Маржа SKU/коллекции; производство; склад; продажи,результат круиз 22.04.24.xlsx / прайс / строка 92,,,Не рассмотрено,,17,3,Wave 2 (31–60 дней)
DEC-00032,SKU alias,MAP-0032,T-1418 ↔ 0-1418,Совпадает номер и вариант после дефиса; отличается префикс,Подтвердить/отклонить и указать canonical_sku + период,Продуктовый блок + коммерция,Высокий,Маржа SKU/коллекции; производство; склад; продажи,Себестоимость Жукова.xlsx / 2024 / строка 15 / 6986.00; Себестоимость Жукова.xlsx / 2024 / строка 474 / 9332.00; Себестоимость Жукова.xlsx / 2025 / строка 1893 / 8837.00; Себестоимость Жукова.xlsx / 2025 / строка 316 / 9607.00,,,Не рассмотрено,,17,3,Wave 2 (31–60 дней)
DEC-00033,SKU alias,MAP-0033,T-2788 ↔ 0-2788,Совпадает номер и вариант после дефиса; отличается префикс,Подтвердить/отклонить и указать canonical_sku + период,Продуктовый блок + коммерция,Высокий,Маржа SKU/коллекции; производство; склад; продажи,результат круиз 22.04.24.xlsx / прайс / строка 43,,,Не рассмотрено,,17,3,Wave 2 (31–60 дней)
DEC-00034,SKU alias,MAP-0034,T-2788 ↔ 0-2788,Совпадает номер и вариант после дефиса; отличается префикс,Подтвердить/отклонить и указать canonical_sku + период,Продуктовый блок + коммерция,Высокий,Маржа SKU/коллекции; производство; склад; продажи,Себестоимость Жукова.xlsx / 2025 / строка 272 / 1200.00,,,Не рассмотрено,,17,3,Wave 2 (31–60 дней)
DEC-00035,SKU alias,MAP-0035,T-3079 ↔ 0-3079,Совпадает номер и вариант после дефиса; отличается префикс,Подтвердить/отклонить и указать canonical_sku + период,Продуктовый блок + коммерция,Высокий,Маржа SKU/коллекции; производство; склад; продажи,результат НГ 2024.xlsx / прайс / строка 10; результат НГ 2024.xlsx / прайс / строка 2,,,Не рассмотрено,,17,3,Wave 2 (31–60 дней)
DEC-00036,SKU alias,MAP-0036,T-3079 ↔ 0-3079,Совпадает номер и вариант после дефиса; отличается префикс,Подтвердить/отклонить и указать canonical_sku + период,Продуктовый блок + коммерция,Высокий,Маржа SKU/коллекции; производство; склад; продажи,Себестоимость Жукова.xlsx / 2024 / строка 360 / 17922.00; Себестоимость Жукова.xlsx / 2024 / строка 604 / 11647.00,,,Не рассмотрено,,17,3,Wave 2 (31–60 дней)
DEC-00037,SKU alias,MAP-0037,T-3122 ↔ 0-3122,Совпадает номер и вариант после дефиса; отличается префикс,Подтвердить/отклонить и указать canonical_sku + период,Продуктовый блок + коммерция,Высокий,Маржа SKU/коллекции; производство; склад; продажи,результат круиз 09.04.25.xlsx / прайс / строка 221,,,Не рассмотрено,,17,3,Wave 2 (31–60 дней)
DEC-00038,SKU alias,MAP-0038,T-3122 ↔ 0-3122,Совпадает номер и вариант после дефиса; отличается префикс,Подтвердить/отклонить и указать canonical_sku + период,Продуктовый блок + коммерция,Высокий,Маржа SKU/коллекции; производство; склад; продажи,Себестоимость Жукова.xlsx / 2025 / строка 404 / 19639.00; Себестоимость Жукова.xlsx / 2025 / строка 583 / 1300.00,,,Не рассмотрено,,17,3,Wave 2 (31–60 дней)
DEC-00039,SKU alias,MAP-0039,T-2472 ↔ 0-2472,Совпадает номер и вариант после дефиса; отличается префикс,Подтвердить/отклонить и указать canonical_sku + период,Продуктовый блок + коммерция,Высокий,Маржа SKU/коллекции; производство; склад; продажи,Себестоимость Жукова.xlsx / 2024 / строка 47 / 7441.00,,,Не рассмотрено,,17,3,Wave 2 (31–60 дней)
DEC-00040,SKU alias,MAP-0040,T-2988 ↔ 0-2988,Совпадает номер и вариант после дефиса; отличается префикс,Подтвердить/отклонить и указать canonical_sku + период,Продуктовый блок + коммерция,Высокий,Маржа SKU/коллекции; производство; склад; продажи,результат НГ 2024.xlsx / прайс / строка 425; результат капсула 2024.xlsx / прайс / строка 42,,,Не рассмотрено,,17,3,Wave 2 (31–60 дней)
DEC-00041,SKU alias,MAP-0041,T-3014A ↔ 0-3014A,Совпадает номер и вариант после дефиса; отличается префикс,Подтвердить/отклонить и указать canonical_sku + период,Продуктовый блок + коммерция,Высокий,Маржа SKU/коллекции; производство; склад; продажи,результат НГ 2024.xlsx / прайс / строка 613; результат капсула 2024.xlsx / прайс / строка 264,,,Не рассмотрено,,17,3,Wave 2 (31–60 дней)
DEC-00042,SKU alias,MAP-0042,T-1960 ↔ 0-1960,Совпадает номер и вариант после дефиса; отличается префикс,Подтвердить/отклонить и указать canonical_sku + период,Продуктовый блок + коммерция,Высокий,Маржа SKU/коллекции; производство; склад; продажи,Себестоимость Жукова.xlsx / 2024 / строка 458 / 8656.00,,,Не рассмотрено,,17,3,Wave 2 (31–60 дней)
DEC-00043,SKU alias,MAP-0043,T-3118A ↔ 0-3118A,Совпадает номер и вариант после дефиса; отличается префикс,Подтвердить/отклонить и указать canonical_sku + период,Продуктовый блок + коммерция,Высокий,Маржа SKU/коллекции; производство; склад; продажи,результат круиз 09.04.25.xlsx / прайс / строка 156,,,Не рассмотрено,,17,3,Wave 2 (31–60 дней)
DEC-00044,SKU alias,MAP-0044,T-3049 ↔ 0-3049,Совпадает номер и вариант после дефиса; отличается префикс,Подтвердить/отклонить и указать canonical_sku + период,Продуктовый блок + коммерция,Высокий,Маржа SKU/коллекции; производство; склад; продажи,Себестоимость Жукова.xlsx / 2025 / строка 120 / 22401.00; Себестоимость Жукова.xlsx / 2025 / строка 664 / 3080.00,,,Не рассмотрено,,17,3,Wave 2 (31–60 дней)
DEC-00045,SKU alias,MAP-0045,T-3118A ↔ 0-3118A,Совпадает номер и вариант после дефиса; отличается префикс,Подтвердить/отклонить и указать canonical_sku + период,Продуктовый блок + коммерция,Высокий,Маржа SKU/коллекции; производство; склад; продажи,Себестоимость Жукова.xlsx / 2025 / строка 460 / 23090.00,,,Не рассмотрено,,17,3,Wave 2 (31–60 дней)
DEC-00046,SKU alias,MAP-0046,T-3088 ↔ 0-3088,Совпадает номер и вариант после дефиса; отличается префикс,Подтвердить/отклонить и указать canonical_sku + период,Продуктовый блок + коммерция,Высокий,Маржа SKU/коллекции; производство; склад; продажи,результат НГ 2024.xlsx / прайс / строка 136,,,Не рассмотрено,,17,3,Wave 2 (31–60 дней)
DEC-00047,SKU alias,MAP-0047,T-3088 ↔ 0-3088,Совпадает номер и вариант после дефиса; отличается префикс,Подтвердить/отклонить и указать canonical_sku + период,Продуктовый блок + коммерция,Высокий,Маржа SKU/коллекции; производство; склад; продажи,Себестоимость Жукова.xlsx / 2024 / строка 320 / 83856.00,,,Не рассмотрено,,17,3,Wave 2 (31–60 дней)
DEC-00048,SKU alias,MAP-0048,T-2470 ↔ 0-2470,Совпадает номер и вариант после дефиса; отличается префикс,Подтвердить/отклонить и указать canonical_sku + период,Продуктовый блок + коммерция,Высокий,Маржа SKU/коллекции; производство; склад; продажи,Себестоимость Жукова.xlsx / 2024 / строка 43 / 7178.00; Себестоимость Жукова.xlsx / 2024 / строка 694 / 6623.00; Себестоимость Жукова.xlsx / 2025 / строка 224 / 8673.00; Себестоимость Жукова.xlsx / 2025 / строка 517 / 8673.00; Себестоимость Жукова.xlsx / 2025 / строка 61 / 10023.00,,,Не рассмотрено,,17,3,Wave 2 (31–60 дней)
DEC-00049,SKU alias,MAP-0049,T-2359A ↔ 0-2359A,Совпадает номер и вариант после дефиса; отличается префикс,Подтвердить/отклонить и указать canonical_sku + период,Продуктовый блок + коммерция,Высокий,Маржа SKU/коллекции; производство; склад; продажи,Себестоимость Жукова.xlsx / 2024 / строка 698 / 9247.00; Себестоимость Жукова.xlsx / 2025 / строка 216 / 11497.00,,,Не рассмотрено,,17,3,Wave 2 (31–60 дней)
DEC-00050,SKU alias,MAP-0050,T-2806 ↔ 0-2806,Совпадает номер и вариант после дефиса; отличается префикс,Подтвердить/отклонить и указать canonical_sku + период,Продуктовый блок + коммерция,Высокий,Маржа SKU/коллекции; производство; склад; продажи,результат круиз 22.04.24.xlsx / прайс / строка 115,,,Не рассмотрено,,17,3,Wave 2 (31–60 дней)
DEC-00051,SKU alias,MAP-0051,T-3109B ↔ 0-3109B,Совпадает номер и вариант после дефиса; отличается префикс,Подтвердить/отклонить и указать canonical_sku + период,Продуктовый блок + коммерция,Высокий,Маржа SKU/коллекции; производство; склад; продажи,результат круиз 09.04.25.xlsx / прайс / строка 36,,,Не рассмотрено,,17,3,Wave 2 (31–60 дней)
DEC-00052,SKU alias,MAP-0052,T-3109B ↔ 0-3109B,Совпадает номер и вариант после дефиса; отличается префикс,Подтвердить/отклонить и указать canonical_sku + период,Продуктовый блок + коммерция,Высокий,Маржа SKU/коллекции; производство; склад; продажи,себестоимость Мокеева 2025.xlsx / себестоимость 2025 / строка 292 / 33621.00,,,Не рассмотрено,,17,3,Wave 2 (31–60 дней)
DEC-00053,SKU alias,MAP-0053,T-2604 ↔ 0-2604,Совпадает номер и вариант после дефиса; отличается префикс,Подтвердить/отклонить и указать canonical_sku + период,Продуктовый блок + коммерция,Высокий,Маржа SKU/коллекции; производство; склад; продажи,результат капсула 2025.xlsx / прайс / строка 2,,,Не рассмотрено,,17,3,Wave 2 (31–60 дней)
DEC-00054,SKU alias,MAP-0054,T-2604 ↔ M-2604,Совпадает номер и вариант после дефиса; отличается префикс,Подтвердить/отклонить и указать canonical_sku + период,Продуктовый блок + коммерция,Высокий,Маржа SKU/коллекции; производство; склад; продажи,результат капсула 2024.xlsx / прайс / строка 2,,,Не рассмотрено,,17,3,Wave 2 (31–60 дней)
DEC-00055,SKU alias,MAP-0055,T-2604 ↔ 0-2604,Совпадает номер и вариант после дефиса; отличается префикс,Подтвердить/отклонить и указать canonical_sku + период,Продуктовый блок + коммерция,Высокий,Маржа SKU/коллекции; производство; склад; продажи,Себестоимость Жукова.xlsx / 2024 / строка 168 / 5530.00; Себестоимость Жукова.xlsx / 2024 / строка 592 / 5705.00; Себестоимость Жукова.xlsx / 2024 / строка 758 / 2705.00; Себестоимость Жукова.xlsx / 2025 / строка 284 / 5391.00; себестоимость Мокеева 2025.xlsx / себестоимость 2025 / строка 518 / 37562.00; себестоимость Мокеева 2025.xlsx / себестоимость 2025 / строка 527 / 37557.00; себестоимость Мокеева 2025.xlsx / себестоимость 2025 / строка 528 / 41393.00; себестоимость Мокеева 2025.xlsx / себестоимость 2025 / строка 590 / 43019.00; себестоимость Мокеева 2025.xlsx / себестоимость 2025 / строка 607 / 21395.00,,,Не рассмотрено,,17,3,Wave 2 (31–60 дней)
DEC-00056,SKU alias,MAP-0056,T-1416 ↔ 0-1416,Совпадает номер и вариант после дефиса; отличается префикс,Подтвердить/отклонить и указать canonical_sku + период,Продуктовый блок + коммерция,Высокий,Маржа SKU/коллекции; производство; склад; продажи,Себестоимость Жукова.xlsx / 2025 / строка 1753 / 6894.00; Себестоимость Жукова.xlsx / 2025 / строка 1885 / 6219.00; Себестоимость Жукова.xlsx / 2025 / строка 2397 / 6894.00; Себестоимость Жукова.xlsx / 2025 / строка 312 / 7344.00; Себестоимость Жукова.xlsx / 2025 / строка 859 / 6894.00; Себестоимость Меркушина.xlsx / Площадки / строка 294 / 5571.46,,,Не рассмотрено,,17,3,Wave 2 (31–60 дней)
DEC-00057,SKU alias,MAP-0057,T-2911 ↔ 0-2911,Совпадает номер и вариант после дефиса; отличается префикс,Подтвердить/отклонить и указать canonical_sku + период,Продуктовый блок + коммерция,Высокий,Маржа SKU/коллекции; производство; склад; продажи,результат круиз 22.04.24.xlsx / прайс / строка 724,,,Не рассмотрено,,17,3,Wave 2 (31–60 дней)
DEC-00058,SKU alias,MAP-0058,T-2924 ↔ 0-2924,Совпадает номер и вариант после дефиса; отличается префикс,Подтвердить/отклонить и указать canonical_sku + период,Продуктовый блок + коммерция,Высокий,Маржа SKU/коллекции; производство; склад; продажи,результат круиз 22.04.24.xlsx / прайс / строка 851,,,Не рассмотрено,,17,3,Wave 2 (31–60 дней)
DEC-00059,SKU alias,MAP-0059,T-2805 ↔ 0-2805,Совпадает номер и вариант после дефиса; отличается префикс,Подтвердить/отклонить и указать canonical_sku + период,Продуктовый блок + коммерция,Высокий,Маржа SKU/коллекции; производство; склад; продажи,результат круиз 22.04.24.xlsx / прайс / строка 102,,,Не рассмотрено,,17,3,Wave 2 (31–60 дней)
DEC-00060,SKU alias,MAP-0060,T-2805 ↔ POT-2805,Совпадает номер и вариант после дефиса; отличается префикс,Подтвердить/отклонить и указать canonical_sku + период,Продуктовый блок + коммерция,Высокий,Маржа SKU/коллекции; производство; склад; продажи,себестоимость Мокеева 2026.xlsx / 2026 / строка 340 / 23002.95,,,Не рассмотрено,,17,3,Wave 2 (31–60 дней)
DEC-00061,SKU alias,MAP-0061,T-2928 ↔ 0-2928,Совпадает номер и вариант после дефиса; отличается префикс,Подтвердить/отклонить и указать canonical_sku + период,Продуктовый блок + коммерция,Высокий,Маржа SKU/коллекции; производство; склад; продажи,результат круиз 22.04.24.xlsx / прайс / строка 861,,,Не рассмотрено,,17,3,Wave 2 (31–60 дней)
DEC-00062,SKU alias,MAP-0062,0-2673 ↔ T-2673,Совпадает номер и вариант после дефиса; отличается префикс,Подтвердить/отклонить и указать canonical_sku + период,Продуктовый блок + коммерция,Высокий,Маржа SKU/коллекции; производство; склад; продажи,Себестоимость Меркушина.xlsx / ИМ / строка 117 / 16435.89,,,Не рассмотрено,,17,3,Wave 2 (31–60 дней)
DEC-00063,SKU alias,MAP-0063,T-3014B ↔ 0-3014B,Совпадает номер и вариант после дефиса; отличается префикс,Подтвердить/отклонить и указать canonical_sku + период,Продуктовый блок + коммерция,Высокий,Маржа SKU/коллекции; производство; склад; продажи,результат капсула 2024.xlsx / прайс / строка 274,,,Не рассмотрено,,17,3,Wave 2 (31–60 дней)
DEC-00064,SKU alias,MAP-0064,T-2973 ↔ 0-2973,Совпадает номер и вариант после дефиса; отличается префикс,Подтвердить/отклонить и указать canonical_sku + период,Продуктовый блок + коммерция,Высокий,Маржа SKU/коллекции; производство; склад; продажи,результат круиз 22.04.24.xlsx / прайс / строка 896,,,Не рассмотрено,,17,3,Wave 2 (31–60 дней)
DEC-00065,SKU alias,MAP-0065,T-3168 ↔ 0-3168,Совпадает номер и вариант после дефиса; отличается префикс,Подтвердить/отклонить и указать canonical_sku + период,Продуктовый блок + коммерция,Высокий,Маржа SKU/коллекции; производство; склад; продажи,результат круиз 09.04.25.xlsx / прайс / строка 963,,,Не рассмотрено,,17,3,Wave 2 (31–60 дней)
DEC-00066,SKU alias,MAP-0066,T-3168 ↔ 0-3168,Совпадает номер и вариант после дефиса; отличается префикс,Подтвердить/отклонить и указать canonical_sku + период,Продуктовый блок + коммерция,Высокий,Маржа SKU/коллекции; производство; склад; продажи,Себестоимость Жукова.xlsx / 2025 / строка 1123 / 8944.00; Себестоимость Жукова.xlsx / 2025 / строка 1459 / 8944.00; Себестоимость Жукова.xlsx / 2025 / строка 2229 / 5500.00; Себестоимость Жукова.xlsx / 2025 / строка 2261 / 5500.00,,,Не рассмотрено,,17,3,Wave 2 (31–60 дней)
DEC-00067,SKU alias,MAP-0067,T-2987 ↔ 0-2987,Совпадает номер и вариант после дефиса; отличается префикс,Подтвердить/отклонить и указать canonical_sku + период,Продуктовый блок + коммерция,Высокий,Маржа SKU/коллекции; производство; склад; продажи,результат НГ 2024.xlsx / прайс / строка 417; результат капсула 2024.xlsx / прайс / строка 34,,,Не рассмотрено,,17,3,Wave 2 (31–60 дней)
DEC-00068,SKU alias,MAP-0068,T-2910 ↔ 0-2910,Совпадает номер и вариант после дефиса; отличается префикс,Подтвердить/отклонить и указать canonical_sku + период,Продуктовый блок + коммерция,Высокий,Маржа SKU/коллекции; производство; склад; продажи,результат круиз 22.04.24.xlsx / прайс / строка 708,,,Не рассмотрено,,17,3,Wave 2 (31–60 дней)
DEC-00069,SKU alias,MAP-0069,T-2923 ↔ 0-2923,Совпадает номер и вариант после дефиса; отличается префикс,Подтвердить/отклонить и указать canonical_sku + период,Продуктовый блок + коммерция,Высокий,Маржа SKU/коллекции; производство; склад; продажи,результат круиз 22.04.24.xlsx / прайс / строка 843,,,Не рассмотрено,,17,3,Wave 2 (31–60 дней)
DEC-00070,SKU alias,MAP-0070,T-1984P ↔ 0-1984P,Совпадает номер и вариант после дефиса; отличается префикс,Подтвердить/отклонить и указать canonical_sku + период,Продуктовый блок + коммерция,Высокий,Маржа SKU/коллекции; производство; склад; продажи,Себестоимость Жукова.xlsx / 2025 / строка 232 / 7752.00,,,Не рассмотрено,,17,3,Wave 2 (31–60 дней)
DEC-00071,SKU alias,MAP-0071,T-3137A ↔ 0-3137A,Совпадает номер и вариант после дефиса; отличается префикс,Подтвердить/отклонить и указать canonical_sku + период,Продуктовый блок + коммерция,Высокий,Маржа SKU/коллекции; производство; склад; продажи,результат круиз 09.04.25.xlsx / прайс / строка 501,,,Не рассмотрено,,17,3,Wave 2 (31–60 дней)
DEC-00072,SKU alias,MAP-0072,T-3137A ↔ 0-3137A,Совпадает номер и вариант после дефиса; отличается префикс,Подтвердить/отклонить и указать canonical_sku + период,Продуктовый блок + коммерция,Высокий,Маржа SKU/коллекции; производство; склад; продажи,Себестоимость Жукова.xlsx / 2025 / строка 1609 / 21441.00; Себестоимость Жукова.xlsx / 2025 / строка 2021 / 23541.00,,,Не рассмотрено,,17,3,Wave 2 (31–60 дней)
DEC-00073,SKU alias,MAP-0073,T-2893 ↔ 0-2893,Совпадает номер и вариант после дефиса; отличается префикс,Подтвердить/отклонить и указать canonical_sku + период,Продуктовый блок + коммерция,Высокий,Маржа SKU/коллекции; производство; склад; продажи,результат круиз 22.04.24.xlsx / прайс / строка 565,,,Не рассмотрено,,17,3,Wave 2 (31–60 дней)
DEC-00074,SKU alias,MAP-0074,T-3110B ↔ 0-3110B,Совпадает номер и вариант после дефиса; отличается префикс,Подтвердить/отклонить и указать canonical_sku + период,Продуктовый блок + коммерция,Высокий,Маржа SKU/коллекции; производство; склад; продажи,результат круиз 09.04.25.xlsx / прайс / строка 60,,,Не рассмотрено,,17,3,Wave 2 (31–60 дней)
DEC-00075,SKU alias,MAP-0075,T-3110B ↔ 0-3110B,Совпадает номер и вариант после дефиса; отличается префикс,Подтвердить/отклонить и указать canonical_sku + период,Продуктовый блок + коммерция,Высокий,Маржа SKU/коллекции; производство; склад; продажи,Себестоимость Жукова.xlsx / 2025 / строка 2349 / 11428.00; себестоимость Мокеева 2025.xlsx / себестоимость 2025 / строка 293 / 30863.00,,,Не рассмотрено,,17,3,Wave 2 (31–60 дней)
DEC-00076,SKU alias,MAP-0076,T-2892 ↔ 0-2892,Совпадает номер и вариант после дефиса; отличается префикс,Подтвердить/отклонить и указать canonical_sku + период,Продуктовый блок + коммерция,Высокий,Маржа SKU/коллекции; производство; склад; продажи,результат круиз 22.04.24.xlsx / прайс / строка 557,,,Не рассмотрено,,17,3,Wave 2 (31–60 дней)
DEC-00077,SKU alias,MAP-0077,T-2892 ↔ 0-2892,Совпадает номер и вариант после дефиса; отличается префикс,Подтвердить/отклонить и указать canonical_sku + период,Продуктовый блок + коммерция,Высокий,Маржа SKU/коллекции; производство; склад; продажи,Себестоимость Жукова.xlsx / 2025 / строка 280 / 1200.00,,,Не рассмотрено,,17,3,Wave 2 (31–60 дней)
DEC-00078,SKU alias,MAP-0078,T-3110 ↔ 0-3110,Совпадает номер и вариант после дефиса; отличается префикс,Подтвердить/отклонить и указать canonical_sku + период,Продуктовый блок + коммерция,Высокий,Маржа SKU/коллекции; производство; склад; продажи,результат круиз 09.04.25.xlsx / прайс / строка 44,,,Не рассмотрено,,17,3,Wave 2 (31–60 дней)
DEC-00079,SKU alias,MAP-0079,T-3136A ↔ 0-3136A,Совпадает номер и вариант после дефиса; отличается префикс,Подтвердить/отклонить и указать canonical_sku + период,Продуктовый блок + коммерция,Высокий,Маржа SKU/коллекции; производство; склад; продажи,результат круиз 09.04.25.xlsx / прайс / строка 485,,,Не рассмотрено,,17,3,Wave 2 (31–60 дней)
DEC-00080,SKU alias,MAP-0080,T-3110 ↔ 0-3110,Совпадает номер и вариант после дефиса; отличается префикс,Подтвердить/отклонить и указать canonical_sku + период,Продуктовый блок + коммерция,Высокий,Маржа SKU/коллекции; производство; склад; продажи,Себестоимость Жукова.xlsx / 2025 / строка 579 / 1000.00; себестоимость Мокеева 2025.xlsx / себестоимость 2025 / строка 242 / 22340.00,,,Не рассмотрено,,17,3,Wave 2 (31–60 дней)
DEC-00081,SKU alias,MAP-0081,T-3136A ↔ 0-3136A,Совпадает номер и вариант после дефиса; отличается префикс,Подтвердить/отклонить и указать canonical_sku + период,Продуктовый блок + коммерция,Высокий,Маржа SKU/коллекции; производство; склад; продажи,Себестоимость Жукова.xlsx / 2025 / строка 615 / 6775.00,,,Не рассмотрено,,17,3,Wave 2 (31–60 дней)
DEC-00082,SKU alias,MAP-0082,T-3062 ↔ 0-3062,Совпадает номер и вариант после дефиса; отличается префикс,Подтвердить/отклонить и указать canonical_sku + период,Продуктовый блок + коммерция,Высокий,Маржа SKU/коллекции; производство; склад; продажи,Себестоимость Жукова.xlsx / 2025 / строка 1177 / 800.00; Себестоимость Жукова.xlsx / 2025 / строка 3829 / 8527.00,,,Не рассмотрено,,17,3,Wave 2 (31–60 дней)
DEC-00083,SKU alias,MAP-0083,T-2865 ↔ 0-2865,Совпадает номер и вариант после дефиса; отличается префикс,Подтвердить/отклонить и указать canonical_sku + период,Продуктовый блок + коммерция,Высокий,Маржа SKU/коллекции; производство; склад; продажи,результат круиз 22.04.24.xlsx / прайс / строка 315,,,Не рассмотрено,,17,3,Wave 2 (31–60 дней)
DEC-00084,SKU alias,MAP-0084,T-2871 ↔ 0-2871,Совпадает номер и вариант после дефиса; отличается префикс,Подтвердить/отклонить и указать canonical_sku + период,Продуктовый блок + коммерция,Высокий,Маржа SKU/коллекции; производство; склад; продажи,результат круиз 22.04.24.xlsx / прайс / строка 391,,,Не рассмотрено,,17,3,Wave 2 (31–60 дней)
DEC-00085,SKU alias,MAP-0085,T-2861 ↔ 0-2861,Совпадает номер и вариант после дефиса; отличается префикс,Подтвердить/отклонить и указать canonical_sku + период,Продуктовый блок + коммерция,Высокий,Маржа SKU/коллекции; производство; склад; продажи,результат круиз 09.04.25.xlsx / прайс / строка 1290; результат круиз 22.04.24.xlsx / прайс / строка 253,,,Не рассмотрено,,17,3,Wave 2 (31–60 дней)
DEC-00086,SKU alias,MAP-0086,T-3069A ↔ 0-3069A,Совпадает номер и вариант после дефиса; отличается префикс,Подтвердить/отклонить и указать canonical_sku + период,Продуктовый блок + коммерция,Высокий,Маржа SKU/коллекции; производство; склад; продажи,себестоимость Мокеева 2025.xlsx / себестоимость 2025 / строка 697 / 31816.70,,,Не рассмотрено,,17,3,Wave 2 (31–60 дней)
DEC-00087,SKU alias,MAP-0087,T-3152A ↔ 0-3152A,Совпадает номер и вариант после дефиса; отличается префикс,Подтвердить/отклонить и указать canonical_sku + период,Продуктовый блок + коммерция,Высокий,Маржа SKU/коллекции; производство; склад; продажи,результат круиз 09.04.25.xlsx / прайс / строка 696,,,Не рассмотрено,,17,3,Wave 2 (31–60 дней)
DEC-00088,SKU alias,MAP-0088,T-3152A ↔ 0-3152A,Совпадает номер и вариант после дефиса; отличается префикс,Подтвердить/отклонить и указать canonical_sku + период,Продуктовый блок + коммерция,Высокий,Маржа SKU/коллекции; производство; склад; продажи,Себестоимость Жукова.xlsx / 2025 / строка 1423 / 10419.00,,,Не рассмотрено,,17,3,Wave 2 (31–60 дней)
DEC-00089,SKU alias,MAP-0089,T-3168A ↔ 0-3168A,Совпадает номер и вариант после дефиса; отличается префикс,Подтвердить/отклонить и указать canonical_sku + период,Продуктовый блок + коммерция,Высокий,Маржа SKU/коллекции; производство; склад; продажи,результат круиз 09.04.25.xlsx / прайс / строка 976,,,Не рассмотрено,,17,3,Wave 2 (31–60 дней)
DEC-00090,SKU alias,MAP-0090,T-3168B ↔ 0-3168B,Совпадает номер и вариант после дефиса; отличается префикс,Подтвердить/отклонить и указать canonical_sku + период,Продуктовый блок + коммерция,Высокий,Маржа SKU/коллекции; производство; склад; продажи,результат круиз 09.04.25.xlsx / прайс / строка 985,,,Не рассмотрено,,17,3,Wave 2 (31–60 дней)
DEC-00091,SKU alias,MAP-0091,T-3168A ↔ 0-3168A,Совпадает номер и вариант после дефиса; отличается префикс,Подтвердить/отклонить и указать canonical_sku + период,Продуктовый блок + коммерция,Высокий,Маржа SKU/коллекции; производство; склад; продажи,Себестоимость Жукова.xlsx / 2025 / строка 1129 / 8944.00; Себестоимость Жукова.xlsx / 2025 / строка 1465 / 8944.00,,,Не рассмотрено,,17,3,Wave 2 (31–60 дней)
DEC-00092,SKU alias,MAP-0092,T-3168B ↔ 0-3168B,Совпадает номер и вариант после дефиса; отличается префикс,Подтвердить/отклонить и указать canonical_sku + период,Продуктовый блок + коммерция,Высокий,Маржа SKU/коллекции; производство; склад; продажи,Себестоимость Жукова.xlsx / 2025 / строка 1135 / 8944.00; Себестоимость Жукова.xlsx / 2025 / строка 1471 / 8944.00; себестоимость Мокеева 2025.xlsx / себестоимость 2025 / строка 298 / 15184.00,,,Не рассмотрено,,17,3,Wave 2 (31–60 дней)
DEC-00093,SKU alias,MAP-0093,T-3152 ↔ 0-3152,Совпадает номер и вариант после дефиса; отличается префикс,Подтвердить/отклонить и указать canonical_sku + период,Продуктовый блок + коммерция,Высокий,Маржа SKU/коллекции; производство; склад; продажи,результат круиз 09.04.25.xlsx / прайс / строка 688,,,Не рассмотрено,,17,3,Wave 2 (31–60 дней)
DEC-00094,SKU alias,MAP-0094,T-3152 ↔ 0-3152,Совпадает номер и вариант после дефиса; отличается префикс,Подтвердить/отклонить и указать canonical_sku + период,Продуктовый блок + коммерция,Высокий,Маржа SKU/коллекции; производство; склад; продажи,Себестоимость Жукова.xlsx / 2025 / строка 1069 / 1000.00; Себестоимость Жукова.xlsx / 2025 / строка 1417 / 10611.00; Себестоимость Жукова.xlsx / 2025 / строка 2045 / 11544.00; Себестоимость Жукова.xlsx / 2025 / строка 2341 / 1400.00; Себестоимость Жукова.xlsx / 2025 / строка 3437 / 9486.00; Себестоимость Жукова.xlsx / 2025 / строка 753 / 11069.33,,,Не рассмотрено,,17,3,Wave 2 (31–60 дней)
DEC-00095,SKU alias,MAP-0095,T-3152B ↔ 0-3152B,Совпадает номер и вариант после дефиса; отличается префикс,Подтвердить/отклонить и указать canonical_sku + период,Продуктовый блок + коммерция,Высокий,Маржа SKU/коллекции; производство; склад; продажи,результат круиз 09.04.25.xlsx / прайс / строка 704,,,Не рассмотрено,,17,3,Wave 2 (31–60 дней)
DEC-00096,SKU alias,MAP-0096,T-3152B ↔ 0-3152B,Совпадает номер и вариант после дефиса; отличается префикс,Подтвердить/отклонить и указать canonical_sku + период,Продуктовый блок + коммерция,Высокий,Маржа SKU/коллекции; производство; склад; продажи,Себестоимость Жукова.xlsx / 2025 / строка 1829 / 11962.00; Себестоимость Жукова.xlsx / 2025 / строка 781 / 11186.00; Себестоимость Меркушина.xlsx / Капсульные коллекции  / строка 32 / 11499.29,,,Не рассмотрено,,17,3,Wave 2 (31–60 дней)
DEC-00097,SKU alias,MAP-0097,T-2921 ↔ 0-2921,Совпадает номер и вариант после дефиса; отличается префикс,Подтвердить/отклонить и указать canonical_sku + период,Продуктовый блок + коммерция,Высокий,Маржа SKU/коллекции; производство; склад; продажи,результат круиз 22.04.24.xlsx / прайс / строка 826,,,Не рассмотрено,,17,3,Wave 2 (31–60 дней)
DEC-00098,SKU alias,MAP-0098,T-3014C ↔ 0-3014C,Совпадает номер и вариант после дефиса; отличается префикс,Подтвердить/отклонить и указать canonical_sku + период,Продуктовый блок + коммерция,Высокий,Маржа SKU/коллекции; производство; склад; продажи,результат НГ 2024.xlsx / прайс / строка 622; результат капсула 2024.xlsx / прайс / строка 282,,,Не рассмотрено,,17,3,Wave 2 (31–60 дней)
DEC-00099,SKU alias,MAP-0099,T-2756B ↔ 0-2756B,Совпадает номер и вариант после дефиса; отличается префикс,Подтвердить/отклонить и указать canonical_sku + период,Продуктовый блок + коммерция,Высокий,Маржа SKU/коллекции; производство; склад; продажи,результат капсула 2024.xlsx / прайс / строка 290,,,Не рассмотрено,,17,3,Wave 2 (31–60 дней)
DEC-00100,SKU alias,MAP-0100,T-3156D ↔ 0-3156D,Совпадает номер и вариант после дефиса; отличается префикс,Подтвердить/отклонить и указать canonical_sku + период,Продуктовый блок + коммерция,Высокий,Маржа SKU/коллекции; производство; склад; продажи,результат круиз 09.04.25.xlsx / прайс / строка 833,,,Не рассмотрено,,17,3,Wave 2 (31–60 дней)
DEC-00101,SKU alias,MAP-0101,T-3091D ↔ 0-3091D,Совпадает номер и вариант после дефиса; отличается префикс,Подтвердить/отклонить и указать canonical_sku + период,Продуктовый блок + коммерция,Высокий,Маржа SKU/коллекции; производство; склад; продажи,результат НГ 2024.xlsx / прайс / строка 184,,,Не рассмотрено,,17,3,Wave 2 (31–60 дней)
DEC-00102,SKU alias,MAP-0102,T-3109 ↔ 0-3109,Совпадает номер и вариант после дефиса; отличается префикс,Подтвердить/отклонить и указать canonical_sku + период,Продуктовый блок + коммерция,Высокий,Маржа SKU/коллекции; производство; склад; продажи,результат круиз 09.04.25.xlsx / прайс / строка 20,,,Не рассмотрено,,17,3,Wave 2 (31–60 дней)
DEC-00103,SKU alias,MAP-0103,T-3109 ↔ 0-3109,Совпадает номер и вариант после дефиса; отличается префикс,Подтвердить/отклонить и указать canonical_sku + период,Продуктовый блок + коммерция,Высокий,Маржа SKU/коллекции; производство; склад; продажи,Себестоимость Жукова.xlsx / 2025 / строка 575 / 1000.00; себестоимость Мокеева 2025.xlsx / себестоимость 2025 / строка 241 / 21030.00,,,Не рассмотрено,,17,3,Wave 2 (31–60 дней)
DEC-00104,SKU alias,MAP-0104,T-2885 ↔ 0-2885,Совпадает номер и вариант после дефиса; отличается префикс,Подтвердить/отклонить и указать canonical_sku + период,Продуктовый блок + коммерция,Высокий,Маржа SKU/коллекции; производство; склад; продажи,результат круиз 14.04.26.xlsx / прайс / строка 100; результат круиз 22.04.24.xlsx / прайс / строка 499,,,Не рассмотрено,,17,3,Wave 2 (31–60 дней)
DEC-00105,SKU alias,MAP-0105,T-2885 ↔ 0-2885,Совпадает номер и вариант после дефиса; отличается префикс,Подтвердить/отклонить и указать canonical_sku + период,Продуктовый блок + коммерция,Высокий,Маржа SKU/коллекции; производство; склад; продажи,Себестоимость Жукова.xlsx / 2025 / строка 3541 / 10200.00; себестоимость Мокеева 2026.xlsx / 2026 / строка 224 / 22710.60,,,Не рассмотрено,,17,3,Wave 2 (31–60 дней)
DEC-00106,SKU alias,MAP-0106,T-3133A ↔ 0-3133A,Совпадает номер и вариант после дефиса; отличается префикс,Подтвердить/отклонить и указать canonical_sku + период,Продуктовый блок + коммерция,Высокий,Маржа SKU/коллекции; производство; склад; продажи,результат круиз 09.04.25.xlsx / прайс / строка 405,,,Не рассмотрено,,17,3,Wave 2 (31–60 дней)
DEC-00107,SKU alias,MAP-0107,T-3133A ↔ 0-3133A,Совпадает номер и вариант после дефиса; отличается префикс,Подтвердить/отклонить и указать canonical_sku + период,Продуктовый блок + коммерция,Высокий,Маржа SKU/коллекции; производство; склад; продажи,Себестоимость Жукова.xlsx / 2025 / строка 1741 / 10757.00; Себестоимость Жукова.xlsx / 2025 / строка 2101 / 10757.00,,,Не рассмотрено,,17,3,Wave 2 (31–60 дней)
DEC-00108,SKU alias,MAP-0108,T-3120A ↔ 0-3120A,Совпадает номер и вариант после дефиса; отличается префикс,Подтвердить/отклонить и указать canonical_sku + период,Продуктовый блок + коммерция,Высокий,Маржа SKU/коллекции; производство; склад; продажи,результат круиз 09.04.25.xlsx / прайс / строка 188,,,Не рассмотрено,,17,3,Wave 2 (31–60 дней)
DEC-00109,SKU alias,MAP-0109,T-3179A ↔ 0-3179A,Совпадает номер и вариант после дефиса; отличается префикс,Подтвердить/отклонить и указать canonical_sku + период,Продуктовый блок + коммерция,Высокий,Маржа SKU/коллекции; производство; склад; продажи,результат круиз 09.04.25.xlsx / прайс / строка 1065,,,Не рассмотрено,,17,3,Wave 2 (31–60 дней)
DEC-00110,SKU alias,MAP-0110,T-3179A ↔ 0-3179A,Совпадает номер и вариант после дефиса; отличается префикс,Подтвердить/отклонить и указать canonical_sku + период,Продуктовый блок + коммерция,Высокий,Маржа SKU/коллекции; производство; склад; продажи,Себестоимость Жукова.xlsx / 2025 / строка 1573 / 900.00,,,Не рассмотрено,,17,3,Wave 2 (31–60 дней)
DEC-00111,SKU alias,MAP-0111,T-3179 ↔ 0-3179,Совпадает номер и вариант после дефиса; отличается префикс,Подтвердить/отклонить и указать canonical_sku + период,Продуктовый блок + коммерция,Высокий,Маржа SKU/коллекции; производство; склад; продажи,результат круиз 09.04.25.xlsx / прайс / строка 1057,,,Не рассмотрено,,17,3,Wave 2 (31–60 дней)
DEC-00112,SKU alias,MAP-0112,T-3179 ↔ 0-3179,Совпадает номер и вариант после дефиса; отличается префикс,Подтвердить/отклонить и указать canonical_sku + период,Продуктовый блок + коммерция,Высокий,Маржа SKU/коллекции; производство; склад; продажи,Себестоимость Жукова.xlsx / 2025 / строка 1243 / 825.00; Себестоимость Жукова.xlsx / 2025 / строка 1603 / 1320.00; Себестоимость Жукова.xlsx / 2025 / строка 2165 / 1304.00,,,Не рассмотрено,,17,3,Wave 2 (31–60 дней)
DEC-00113,SKU alias,MAP-0113,T-2750A ↔ 0-2750A,Совпадает номер и вариант после дефиса; отличается префикс,Подтвердить/отклонить и указать canonical_sku + период,Продуктовый блок + коммерция,Высокий,Маржа SKU/коллекции; производство; склад; продажи,себестоимость Мокеева 2025.xlsx / себестоимость 2025 / строка 284 / 15959.14; себестоимость Мокеева 2025.xlsx / себестоимость 2025 / строка 285 / 15959.14,,,Не рассмотрено,,17,3,Wave 2 (31–60 дней)
DEC-00114,SKU alias,MAP-0114,0-2604 ↔ M-2604,Совпадает номер и вариант после дефиса; отличается префикс,Подтвердить/отклонить и указать canonical_sku + период,Продуктовый блок + коммерция,Высокий,Маржа SKU/коллекции; производство; склад; продажи,результат капсула 2024.xlsx / прайс / строка 2,,,Не рассмотрено,,17,3,Wave 2 (31–60 дней)
DEC-00115,SKU alias,MAP-0115,0-2604 ↔ T-2604,Совпадает номер и вариант после дефиса; отличается префикс,Подтвердить/отклонить и указать canonical_sku + период,Продуктовый блок + коммерция,Высокий,Маржа SKU/коллекции; производство; склад; продажи,Себестоимость Меркушина.xlsx / ИМ / строка 224 / 5744.82; Себестоимость Меркушина.xlsx / Площадки / строка 358 / 5744.82,,,Не рассмотрено,,17,3,Wave 2 (31–60 дней)
DEC-00116,SKU alias,MAP-0116,T-3178 ↔ 0-3178,Совпадает номер и вариант после дефиса; отличается префикс,Подтвердить/отклонить и указать canonical_sku + период,Продуктовый блок + коммерция,Высокий,Маржа SKU/коллекции; производство; склад; продажи,результат круиз 09.04.25.xlsx / прайс / строка 1030,,,Не рассмотрено,,17,3,Wave 2 (31–60 дней)
DEC-00117,SKU alias,MAP-0117,T-3178 ↔ 0-3178,Совпадает номер и вариант после дефиса; отличается префикс,Подтвердить/отклонить и указать canonical_sku + период,Продуктовый блок + коммерция,Высокий,Маржа SKU/коллекции; производство; склад; продажи,Себестоимость Жукова.xlsx / 2025 / строка 1279 / 160.00; Себестоимость Жукова.xlsx / 2025 / строка 1441 / 330.00; Себестоимость Жукова.xlsx / 2025 / строка 1447 / 13355.00; Себестоимость Жукова.xlsx / 2025 / строка 1901 / 1079.00,,,Не рассмотрено,,17,3,Wave 2 (31–60 дней)
DEC-00118,SKU alias,MAP-0118,T-2861A ↔ 0-2861A,Совпадает номер и вариант после дефиса; отличается префикс,Подтвердить/отклонить и указать canonical_sku + период,Продуктовый блок + коммерция,Высокий,Маржа SKU/коллекции; производство; склад; продажи,результат круиз 22.04.24.xlsx / прайс / строка 267,,,Не рассмотрено,,17,3,Wave 2 (31–60 дней)
DEC-00119,SKU alias,MAP-0119,T-2909 ↔ 0-2909,Совпадает номер и вариант после дефиса; отличается префикс,Подтвердить/отклонить и указать canonical_sku + период,Продуктовый блок + коммерция,Высокий,Маржа SKU/коллекции; производство; склад; продажи,результат круиз 22.04.24.xlsx / прайс / строка 697,,,Не рассмотрено,,17,3,Wave 2 (31–60 дней)
DEC-00120,SKU alias,MAP-0120,0-2600 ↔ PO0-2600,Совпадает номер и вариант после дефиса; отличается префикс,Подтвердить/отклонить и указать canonical_sku + период,Продуктовый блок + коммерция,Высокий,Маржа SKU/коллекции; производство; склад; продажи,себестоимость Мокеева 2025.xlsx / себестоимость 2025 / строка 329 / 18688.72,,,Не рассмотрено,,17,3,Wave 2 (31–60 дней)
DEC-00121,SKU alias,MAP-0121,T-3156 ↔ 0-3156,Совпадает номер и вариант после дефиса; отличается префикс,Подтвердить/отклонить и указать canonical_sku + период,Продуктовый блок + коммерция,Высокий,Маржа SKU/коллекции; производство; склад; продажи,результат круиз 09.04.25.xlsx / прайс / строка 800,,,Не рассмотрено,,17,3,Wave 2 (31–60 дней)
DEC-00122,SKU alias,MAP-0122,T-3156 ↔ 0-3156,Совпадает номер и вариант после дефиса; отличается префикс,Подтвердить/отклонить и указать canonical_sku + период,Продуктовый блок + коммерция,Высокий,Маржа SKU/коллекции; производство; склад; продажи,Себестоимость Жукова.xlsx / 2025 / строка 1219 / 1100.00; Себестоимость Жукова.xlsx / 2025 / строка 1717 / 6435.00; Себестоимость Жукова.xlsx / 2025 / строка 1747 / 7660.00; Себестоимость Жукова.xlsx / 2025 / строка 1797 / 6572.50; Себестоимость Жукова.xlsx / 2025 / строка 2093 / 7335.00; Себестоимость Жукова.xlsx / 2025 / строка 777 / 6785.00; себестоимость Мокеева 2025.xlsx / себестоимость 2025 / строка 323 / 18070.00,,,Не рассмотрено,,17,3,Wave 2 (31–60 дней)
DEC-00123,SKU alias,MAP-0123,T-2894 ↔ 0-2894,Совпадает номер и вариант после дефиса; отличается префикс,Подтвердить/отклонить и указать canonical_sku + период,Продуктовый блок + коммерция,Высокий,Маржа SKU/коллекции; производство; склад; продажи,результат круиз 14.04.26.xlsx / прайс / строка 62; результат круиз 22.04.24.xlsx / прайс / строка 573,,,Не рассмотрено,,17,3,Wave 2 (31–60 дней)
DEC-00124,SKU alias,MAP-0124,T-2894 ↔ 0-2894,Совпадает номер и вариант после дефиса; отличается префикс,Подтвердить/отклонить и указать canonical_sku + период,Продуктовый блок + коммерция,Высокий,Маржа SKU/коллекции; производство; склад; продажи,Себестоимость Жукова.xlsx / 2025 / строка 3533 / 21799.00,,,Не рассмотрено,,17,3,Wave 2 (31–60 дней)
DEC-00125,Cost version,0-1043,Нет точной полной себестоимости,Значение отсутствует,Найти калькуляцию или подтвердить отсутствие,Финансы + производство,Критический,Маржа SKU/коллекции/заказа,,,,Не рассмотрено,,17,4,Wave 1 (0–30 дней)
DEC-00126,Cost version,0-1187D,Нет точной полной себестоимости,Значение отсутствует,Найти калькуляцию или подтвердить отсутствие,Финансы + производство,Критический,Маржа SKU/коллекции/заказа,,,,Не рассмотрено,,17,4,Wave 1 (0–30 дней)
DEC-00127,Cost version,0-1672A,Нет точной полной себестоимости,Значение отсутствует,Найти калькуляцию или подтвердить отсутствие,Финансы + производство,Критический,Маржа SKU/коллекции/заказа,,,,Не рассмотрено,,17,4,Wave 1 (0–30 дней)
DEC-00128,Cost version,0-2125,Нет точной полной себестоимости,Значение отсутствует,Найти калькуляцию или подтвердить отсутствие,Финансы + производство,Критический,Маржа SKU/коллекции/заказа,,,,Не рассмотрено,,17,4,Wave 1 (0–30 дней)
DEC-00129,Cost version,0-2246B,Нет точной полной себестоимости,Значение отсутствует,Найти калькуляцию или подтвердить отсутствие,Финансы + производство,Критический,Маржа SKU/коллекции/заказа,,,,Не рассмотрено,,17,4,Wave 1 (0–30 дней)
DEC-00130,Cost version,0-2320A,Нет точной полной себестоимости,Значение отсутствует,Найти калькуляцию или подтвердить отсутствие,Финансы + производство,Критический,Маржа SKU/коллекции/заказа,,,,Не рассмотрено,,17,4,Wave 1 (0–30 дней)
DEC-00131,Cost version,0-2397,Нет точной полной себестоимости,Значение отсутствует,Найти калькуляцию или подтвердить отсутствие,Финансы + производство,Критический,Маржа SKU/коллекции/заказа,,,,Не рассмотрено,,17,4,Wave 1 (0–30 дней)
DEC-00132,Cost version,0-2397B,Нет точной полной себестоимости,Значение отсутствует,Найти калькуляцию или подтвердить отсутствие,Финансы + производство,Критический,Маржа SKU/коллекции/заказа,,,,Не рассмотрено,,17,4,Wave 1 (0–30 дней)
DEC-00133,Cost version,0-2415,Нет точной полной себестоимости,Значение отсутствует,Найти калькуляцию или подтвердить отсутствие,Финансы + производство,Критический,Маржа SKU/коллекции/заказа,,,,Не рассмотрено,,17,4,Wave 1 (0–30 дней)
DEC-00134,Cost version,0-2455,Нет точной полной себестоимости,Значение отсутствует,Найти калькуляцию или подтвердить отсутствие,Финансы + производство,Критический,Маржа SKU/коллекции/заказа,,,,Не рассмотрено,,17,4,Wave 1 (0–30 дней)
DEC-00135,Cost version,0-2456A,Нет точной полной себестоимости,Значение отсутствует,Найти калькуляцию или подтвердить отсутствие,Финансы + производство,Критический,Маржа SKU/коллекции/заказа,,,,Не рассмотрено,,17,4,Wave 1 (0–30 дней)
DEC-00136,Cost version,0-2458,Нет точной полной себестоимости,Значение отсутствует,Найти калькуляцию или подтвердить отсутствие,Финансы + производство,Критический,Маржа SKU/коллекции/заказа,,,,Не рассмотрено,,17,4,Wave 1 (0–30 дней)
DEC-00137,Cost version,0-2461,Нет точной полной себестоимости,Значение отсутствует,Найти калькуляцию или подтвердить отсутствие,Финансы + производство,Критический,Маржа SKU/коллекции/заказа,,,,Не рассмотрено,,17,4,Wave 1 (0–30 дней)
DEC-00138,Cost version,0-2462A,Нет точной полной себестоимости,Значение отсутствует,Найти калькуляцию или подтвердить отсутствие,Финансы + производство,Критический,Маржа SKU/коллекции/заказа,,,,Не рассмотрено,,17,4,Wave 1 (0–30 дней)
DEC-00139,Cost version,0-2464,Нет точной полной себестоимости,Значение отсутствует,Найти калькуляцию или подтвердить отсутствие,Финансы + производство,Критический,Маржа SKU/коллекции/заказа,,,,Не рассмотрено,,17,4,Wave 1 (0–30 дней)
DEC-00140,Cost version,0-2468A,Нет точной полной себестоимости,Значение отсутствует,Найти калькуляцию или подтвердить отсутствие,Финансы + производство,Критический,Маржа SKU/коллекции/заказа,,,,Не рассмотрено,,17,4,Wave 1 (0–30 дней)
DEC-00141,Cost version,0-2469A,Нет точной полной себестоимости,Значение отсутствует,Найти калькуляцию или подтвердить отсутствие,Финансы + производство,Критический,Маржа SKU/коллекции/заказа,,,,Не рассмотрено,,17,4,Wave 1 (0–30 дней)
DEC-00142,Cost version,0-2475B,Нет точной полной себестоимости,Значение отсутствует,Найти калькуляцию или подтвердить отсутствие,Финансы + производство,Критический,Маржа SKU/коллекции/заказа,,,,Не рассмотрено,,17,4,Wave 1 (0–30 дней)
DEC-00143,Cost version,0-2475C,Нет точной полной себестоимости,Значение отсутствует,Найти калькуляцию или подтвердить отсутствие,Финансы + производство,Критический,Маржа SKU/коллекции/заказа,,,,Не рассмотрено,,17,4,Wave 1 (0–30 дней)
DEC-00144,Cost version,0-2477A,Нет точной полной себестоимости,Значение отсутствует,Найти калькуляцию или подтвердить отсутствие,Финансы + производство,Критический,Маржа SKU/коллекции/заказа,,,,Не рассмотрено,,17,4,Wave 1 (0–30 дней)
DEC-00145,Cost version,0-2478,Нет точной полной себестоимости,Значение отсутствует,Найти калькуляцию или подтвердить отсутствие,Финансы + производство,Критический,Маржа SKU/коллекции/заказа,,,,Не рассмотрено,,17,4,Wave 1 (0–30 дней)
DEC-00146,Cost version,0-2479A,Нет точной полной себестоимости,Значение отсутствует,Найти калькуляцию или подтвердить отсутствие,Финансы + производство,Критический,Маржа SKU/коллекции/заказа,,,,Не рассмотрено,,17,4,Wave 1 (0–30 дней)
DEC-00147,Cost version,0-2480A,Нет точной полной себестоимости,Значение отсутствует,Найти калькуляцию или подтвердить отсутствие,Финансы + производство,Критический,Маржа SKU/коллекции/заказа,,,,Не рассмотрено,,17,4,Wave 1 (0–30 дней)
DEC-00148,Cost version,0-2481A,Нет точной полной себестоимости,Значение отсутствует,Найти калькуляцию или подтвердить отсутствие,Финансы + производство,Критический,Маржа SKU/коллекции/заказа,,,,Не рассмотрено,,17,4,Wave 1 (0–30 дней)
DEC-00149,Cost version,0-2481D,Нет точной полной себестоимости,Значение отсутствует,Найти калькуляцию или подтвердить отсутствие,Финансы + производство,Критический,Маржа SKU/коллекции/заказа,,,,Не рассмотрено,,17,4,Wave 1 (0–30 дней)
DEC-00150,Cost version,0-2482A,Нет точной полной себестоимости,Значение отсутствует,Найти калькуляцию или подтвердить отсутствие,Финансы + производство,Критический,Маржа SKU/коллекции/заказа,,,,Не рассмотрено,,17,4,Wave 1 (0–30 дней)
DEC-00151,Cost version,0-2487A,Нет точной полной себестоимости,Значение отсутствует,Найти калькуляцию или подтвердить отсутствие,Финансы + производство,Критический,Маржа SKU/коллекции/заказа,,,,Не рассмотрено,,17,4,Wave 1 (0–30 дней)
DEC-00152,Cost version,0-2487B,Нет точной полной себестоимости,Значение отсутствует,Найти калькуляцию или подтвердить отсутствие,Финансы + производство,Критический,Маржа SKU/коллекции/заказа,,,,Не рассмотрено,,17,4,Wave 1 (0–30 дней)
DEC-00153,Cost version,0-2490,Нет точной полной себестоимости,Значение отсутствует,Найти калькуляцию или подтвердить отсутствие,Финансы + производство,Критический,Маржа SKU/коллекции/заказа,,,,Не рассмотрено,,17,4,Wave 1 (0–30 дней)
DEC-00154,Cost version,0-2491,Нет точной полной себестоимости,Значение отсутствует,Найти калькуляцию или подтвердить отсутствие,Финансы + производство,Критический,Маржа SKU/коллекции/заказа,,,,Не рассмотрено,,17,4,Wave 1 (0–30 дней)
DEC-00155,Cost version,0-2492,Нет точной полной себестоимости,Значение отсутствует,Найти калькуляцию или подтвердить отсутствие,Финансы + производство,Критический,Маржа SKU/коллекции/заказа,,,,Не рассмотрено,,17,4,Wave 1 (0–30 дней)
DEC-00156,Cost version,0-2499,Нет точной полной себестоимости,Значение отсутствует,Найти калькуляцию или подтвердить отсутствие,Финансы + производство,Критический,Маржа SKU/коллекции/заказа,,,,Не рассмотрено,,17,4,Wave 1 (0–30 дней)
DEC-00157,Cost version,0-2590,Нет точной полной себестоимости,Значение отсутствует,Найти калькуляцию или подтвердить отсутствие,Финансы + производство,Критический,Маржа SKU/коллекции/заказа,,,,Не рассмотрено,,17,4,Wave 1 (0–30 дней)
DEC-00158,Cost version,0-2592/1,Нет точной полной себестоимости,Значение отсутствует,Найти калькуляцию или подтвердить отсутствие,Финансы + производство,Критический,Маржа SKU/коллекции/заказа,,,,Не рассмотрено,,17,4,Wave 1 (0–30 дней)
DEC-00159,Cost version,0-2592/4,Нет точной полной себестоимости,Значение отсутствует,Найти калькуляцию или подтвердить отсутствие,Финансы + производство,Критический,Маржа SKU/коллекции/заказа,,,,Не рассмотрено,,17,4,Wave 1 (0–30 дней)
DEC-00160,Cost version,0-2593/2,Нет точной полной себестоимости,Значение отсутствует,Найти калькуляцию или подтвердить отсутствие,Финансы + производство,Критический,Маржа SKU/коллекции/заказа,,,,Не рассмотрено,,17,4,Wave 1 (0–30 дней)
DEC-00161,Cost version,0-2594,Нет точной полной себестоимости,Значение отсутствует,Найти калькуляцию или подтвердить отсутствие,Финансы + производство,Критический,Маржа SKU/коллекции/заказа,,,,Не рассмотрено,,17,4,Wave 1 (0–30 дней)
DEC-00162,Cost version,0-2595,Нет точной полной себестоимости,Значение отсутствует,Найти калькуляцию или подтвердить отсутствие,Финансы + производство,Критический,Маржа SKU/коллекции/заказа,,,,Не рассмотрено,,17,4,Wave 1 (0–30 дней)
DEC-00163,Cost version,0-2596,Нет точной полной себестоимости,Значение отсутствует,Найти калькуляцию или подтвердить отсутствие,Финансы + производство,Критический,Маржа SKU/коллекции/заказа,,,,Не рассмотрено,,17,4,Wave 1 (0–30 дней)
DEC-00164,Cost version,0-2597,Нет точной полной себестоимости,Значение отсутствует,Найти калькуляцию или подтвердить отсутствие,Финансы + производство,Критический,Маржа SKU/коллекции/заказа,,,,Не рассмотрено,,17,4,Wave 1 (0–30 дней)
DEC-00165,Cost version,0-2598,Нет точной полной себестоимости,Значение отсутствует,Найти калькуляцию или подтвердить отсутствие,Финансы + производство,Критический,Маржа SKU/коллекции/заказа,,,,Не рассмотрено,,17,4,Wave 1 (0–30 дней)
DEC-00166,Cost version,0-2599,Нет точной полной себестоимости,Значение отсутствует,Найти калькуляцию или подтвердить отсутствие,Финансы + производство,Критический,Маржа SKU/коллекции/заказа,,,,Не рассмотрено,,17,4,Wave 1 (0–30 дней)
DEC-00167,Cost version,0-2600,Неоднозначно: несколько значений,4220.00; 4834.73; 5832.00; 5932.00; 6332.00,Выбрать правильную версию после проверки модели/партии/периода,Финансы + производство,Высокий,Маржа SKU/коллекции/заказа,Себестоимость Меркушина.xlsx / ИМ / строка 167 / 4220.00 / ; Себестоимость Меркушина.xlsx / ИМ / строка 677 / 4834.73 / ; Себестоимость Жукова.xlsx / 2025 / строка 124 / 6332.00 / ИМ ЗАКАЗ; Себестоимость Жукова.xlsx / 2025 / строка 741 / 5932.00 / ИМ ЗАКАЗ; Себестоимость Жукова.xlsx / 2024 / строка 588 / 5832.00 / ИМ ЗАКАЗ; Себестоимость Жукова.xlsx / 2024 / строка 596 / 5832.00 / ИМ ЗАКАЗ,,,Не рассмотрено,,17,3,Wave 2 (31–60 дней)
DEC-00168,Cost version,0-2604,Неоднозначно: несколько значений,2705.00; 5391.00; 5530.00; 5705.00; 21395.00; 37557.00; 37562.00; 41393.00; 43019.00,Выбрать правильную версию после проверки модели/партии/периода,Финансы + производство,Высокий,Маржа SKU/коллекции/заказа,Себестоимость Жукова.xlsx / 2025 / строка 284 / 5391.00 / ИМ ТИРАЖ; Себестоимость Жукова.xlsx / 2024 / строка 168 / 5530.00 / ИМ ЗАКАЗ; Себестоимость Жукова.xlsx / 2024 / строка 592 / 5705.00 / ИМ ЗАКАЗ; Себестоимость Жукова.xlsx / 2024 / строка 758 / 2705.00 / ИМ ЗАКАЗ; себестоимость Мокеева 2025.xlsx / себестоимость 2025 / строка 518 / 37562.00 / барх стр черн 6-030; себестоимость Мокеева 2025.xlsx / себестоимость 2025 / строка 527 / 37557.00 / стр черн барх 6-030; себестоимость Мокеева 2025.xlsx / себестоимость 2025 / строка 528 / 41393.00 / стр черн барх 6-030; себестоимость Мокеева 2025.xlsx / себестоимость 2025 / строка 590 / 43019.00 / стр черн барх 6-030; себестоимость Мокеева 2025.xlsx / себестоимость 2025 / строка 607 / 21395.00 / стр черн барх 6-030,,,Не рассмотрено,,17,3,Wave 2 (31–60 дней)
DEC-00169,Cost version,0-2658,Нет точной полной себестоимости,Значение отсутствует,Найти калькуляцию или подтвердить отсутствие,Финансы + производство,Критический,Маржа SKU/коллекции/заказа,,,,Не рассмотрено,,17,4,Wave 1 (0–30 дней)
DEC-00170,Cost version,0-2658A,Нет точной полной себестоимости,Значение отсутствует,Найти калькуляцию или подтвердить отсутствие,Финансы + производство,Критический,Маржа SKU/коллекции/заказа,,,,Не рассмотрено,,17,4,Wave 1 (0–30 дней)
DEC-00171,Cost version,0-2661,Нет точной полной себестоимости,Значение отсутствует,Найти калькуляцию или подтвердить отсутствие,Финансы + производство,Критический,Маржа SKU/коллекции/заказа,,,,Не рассмотрено,,17,4,Wave 1 (0–30 дней)
DEC-00172,Cost version,0-2665,Нет точной полной себестоимости,Значение отсутствует,Найти калькуляцию или подтвердить отсутствие,Финансы + производство,Критический,Маржа SKU/коллекции/заказа,,,,Не рассмотрено,,17,4,Wave 1 (0–30 дней)
DEC-00173,Cost version,0-2666,Нет точной полной себестоимости,Значение отсутствует,Найти калькуляцию или подтвердить отсутствие,Финансы + производство,Критический,Маржа SKU/коллекции/заказа,,,,Не рассмотрено,,17,4,Wave 1 (0–30 дней)
DEC-00174,Cost version,0-2668,Нет точной полной себестоимости,Значение отсутствует,Найти калькуляцию или подтвердить отсутствие,Финансы + производство,Критический,Маржа SKU/коллекции/заказа,,,,Не рассмотрено,,17,4,Wave 1 (0–30 дней)
DEC-00175,Cost version,0-2669A,Нет точной полной себестоимости,Значение отсутствует,Найти калькуляцию или подтвердить отсутствие,Финансы + производство,Критический,Маржа SKU/коллекции/заказа,,,,Не рассмотрено,,17,4,Wave 1 (0–30 дней)
DEC-00176,Cost version,0-2671,Нет точной полной себестоимости,Значение отсутствует,Найти калькуляцию или подтвердить отсутствие,Финансы + производство,Критический,Маржа SKU/коллекции/заказа,,,,Не рассмотрено,,17,4,Wave 1 (0–30 дней)
DEC-00177,Cost version,0-2672,Нет точной полной себестоимости,Значение отсутствует,Найти калькуляцию или подтвердить отсутствие,Финансы + производство,Критический,Маржа SKU/коллекции/заказа,,,,Не рассмотрено,,17,4,Wave 1 (0–30 дней)
DEC-00178,Cost version,0-2673,Неоднозначно: несколько значений,16500.39; 18508.00,Выбрать правильную версию после проверки модели/партии/периода,Финансы + производство,Высокий,Маржа SKU/коллекции/заказа,Себестоимость Меркушина.xlsx / ИМ / строка 635 / 16500.39 / ; Себестоимость Жукова.xlsx / 2024 / строка 470 / 18508.00 / ИМ,,,Не рассмотрено,,17,3,Wave 2 (31–60 дней)
DEC-00179,Cost version,0-2674,Нет точной полной себестоимости,Значение отсутствует,Найти калькуляцию или подтвердить отсутствие,Финансы + производство,Критический,Маржа SKU/коллекции/заказа,,,,Не рассмотрено,,17,4,Wave 1 (0–30 дней)
DEC-00180,Cost version,0-2675,Нет точной полной себестоимости,Значение отсутствует,Найти калькуляцию или подтвердить отсутствие,Финансы + производство,Критический,Маржа SKU/коллекции/заказа,,,,Не рассмотрено,,17,4,Wave 1 (0–30 дней)
DEC-00181,Cost version,0-2676,Нет точной полной себестоимости,Значение отсутствует,Найти калькуляцию или подтвердить отсутствие,Финансы + производство,Критический,Маржа SKU/коллекции/заказа,,,,Не рассмотрено,,17,4,Wave 1 (0–30 дней)
DEC-00182,Cost version,0-2683,Нет точной полной себестоимости,Значение отсутствует,Найти калькуляцию или подтвердить отсутствие,Финансы + производство,Критический,Маржа SKU/коллекции/заказа,,,,Не рассмотрено,,17,4,Wave 1 (0–30 дней)
DEC-00183,Cost version,0-2689,Нет точной полной себестоимости,Значение отсутствует,Найти калькуляцию или подтвердить отсутствие,Финансы + производство,Критический,Маржа SKU/коллекции/заказа,,,,Не рассмотрено,,17,4,Wave 1 (0–30 дней)
DEC-00184,Cost version,0-2690,Нет точной полной себестоимости,Значение отсутствует,Найти калькуляцию или подтвердить отсутствие,Финансы + производство,Критический,Маржа SKU/коллекции/заказа,,,,Не рассмотрено,,17,4,Wave 1 (0–30 дней)
DEC-00185,Cost version,0-2691,Нет точной полной себестоимости,Значение отсутствует,Найти калькуляцию или подтвердить отсутствие,Финансы + производство,Критический,Маржа SKU/коллекции/заказа,,,,Не рассмотрено,,17,4,Wave 1 (0–30 дней)
DEC-00186,Cost version,0-2721,Нет точной полной себестоимости,Значение отсутствует,Найти калькуляцию или подтвердить отсутствие,Финансы + производство,Критический,Маржа SKU/коллекции/заказа,,,,Не рассмотрено,,17,4,Wave 1 (0–30 дней)
DEC-00187,Cost version,0-2814,Нет точной полной себестоимости,Значение отсутствует,Найти калькуляцию или подтвердить отсутствие,Финансы + производство,Критический,Маржа SKU/коллекции/заказа,,,,Не рассмотрено,,17,4,Wave 1 (0–30 дней)
DEC-00188,Cost version,0-2815,Нет точной полной себестоимости,Значение отсутствует,Найти калькуляцию или подтвердить отсутствие,Финансы + производство,Критический,Маржа SKU/коллекции/заказа,,,,Не рассмотрено,,17,4,Wave 1 (0–30 дней)
DEC-00189,Cost version,0-2816,Нет точной полной себестоимости,Значение отсутствует,Найти калькуляцию или подтвердить отсутствие,Финансы + производство,Критический,Маржа SKU/коллекции/заказа,,,,Не рассмотрено,,17,4,Wave 1 (0–30 дней)
DEC-00190,Cost version,0-2817,Нет точной полной себестоимости,Значение отсутствует,Найти калькуляцию или подтвердить отсутствие,Финансы + производство,Критический,Маржа SKU/коллекции/заказа,,,,Не рассмотрено,,17,4,Wave 1 (0–30 дней)
DEC-00191,Cost version,0-3073C,Нет точной полной себестоимости,Значение отсутствует,Найти калькуляцию или подтвердить отсутствие,Финансы + производство,Критический,Маржа SKU/коллекции/заказа,,,,Не рассмотрено,,17,4,Wave 1 (0–30 дней)
DEC-00192,Cost version,T-1418,Неоднозначно: несколько значений,6444.00; 6445.52,Выбрать правильную версию после проверки модели/партии/периода,Финансы + производство,Высокий,Маржа SKU/коллекции/заказа,Себестоимость Меркушина.xlsx / Площадки / строка 5 / 6445.52 / SS 25 Джерси ЦУМ; Себестоимость Меркушина.xlsx / Площадки / строка 429 / 6444.00 / Допзаказ трикотаж 25  ЦУМ; Себестоимость Меркушина.xlsx / ИМ / строка 153 / 6445.52 / ; Себестоимость Меркушина.xlsx / ИМ / строка 345 / 6444.00 / Трикотаж август 2025 ИМ,,,Не рассмотрено,,17,3,Wave 2 (31–60 дней)
DEC-00193,Cost version,T-1879B,Нет точной полной себестоимости,Значение отсутствует,Найти калькуляцию или подтвердить отсутствие,Финансы + производство,Критический,Маржа SKU/коллекции/заказа,,,,Не рассмотрено,,17,4,Wave 1 (0–30 дней)
DEC-00194,Cost version,T-1960,Нет точной полной себестоимости,Значение отсутствует,Найти калькуляцию или подтвердить отсутствие,Финансы + производство,Критический,Маржа SKU/коллекции/заказа,,,,Не рассмотрено,,17,4,Wave 1 (0–30 дней)
DEC-00195,Cost version,T-2032C/3,Нет точной полной себестоимости,Значение отсутствует,Найти калькуляцию или подтвердить отсутствие,Финансы + производство,Критический,Маржа SKU/коллекции/заказа,,,,Не рассмотрено,,17,4,Wave 1 (0–30 дней)
DEC-00196,Cost version,T-2037C/3,Нет точной полной себестоимости,Значение отсутствует,Найти калькуляцию или подтвердить отсутствие,Финансы + производство,Критический,Маржа SKU/коллекции/заказа,,,,Не рассмотрено,,17,4,Wave 1 (0–30 дней)
DEC-00197,Cost version,T-2037D,Нет точной полной себестоимости,Значение отсутствует,Найти калькуляцию или подтвердить отсутствие,Финансы + производство,Критический,Маржа SKU/коллекции/заказа,,,,Не рассмотрено,,17,4,Wave 1 (0–30 дней)
DEC-00198,Cost version,T-2050B/3,Нет точной полной себестоимости,Значение отсутствует,Найти калькуляцию или подтвердить отсутствие,Финансы + производство,Критический,Маржа SKU/коллекции/заказа,,,,Не рассмотрено,,17,4,Wave 1 (0–30 дней)
DEC-00199,Cost version,T-2251A,Нет точной полной себестоимости,Значение отсутствует,Найти калькуляцию или подтвердить отсутствие,Финансы + производство,Критический,Маржа SKU/коллекции/заказа,,,,Не рассмотрено,,17,4,Wave 1 (0–30 дней)
DEC-00200,Cost version,T-2251A/1,Нет точной полной себестоимости,Значение отсутствует,Найти калькуляцию или подтвердить отсутствие,Финансы + производство,Критический,Маржа SKU/коллекции/заказа,,,,Не рассмотрено,,17,4,Wave 1 (0–30 дней)
DEC-00201,Cost version,T-2359,Неоднозначно: несколько значений,5109.10; 6005.70,Выбрать правильную версию после проверки модели/партии/периода,Финансы + производство,Высокий,Маржа SKU/коллекции/заказа,Себестоимость Меркушина.xlsx / Площадки / строка 7 / 5109.10 / SS 25 Джерси ЦУМ; Себестоимость Меркушина.xlsx / Площадки / строка 436 / 6005.70 / Допзаказ трикотаж 25  ЦУМ; Себестоимость Меркушина.xlsx / ИМ / строка 352 / 6005.70 / Трикотаж август 2025 ИМ,,,Не рассмотрено,,17,3,Wave 2 (31–60 дней)
DEC-00202,Cost version,T-2359A,Неоднозначно: несколько значений,7030.28; 7465.47,Выбрать правильную версию после проверки модели/партии/периода,Финансы + производство,Высокий,Маржа SKU/коллекции/заказа,Себестоимость Меркушина.xlsx / Площадки / строка 8 / 7465.47 / SS 25 Джерси ЦУМ; Себестоимость Меркушина.xlsx / Площадки / строка 443 / 7030.28 / Допзаказ трикотаж 25  ЦУМ; Себестоимость Меркушина.xlsx / ИМ / строка 359 / 7030.28 / Трикотаж август 2025 ИМ,,,Не рассмотрено,,17,3,Wave 2 (31–60 дней)
DEC-00203,Cost version,T-2381,Неоднозначно: несколько значений,5370.07; 18954.26,Выбрать правильную версию после проверки модели/партии/периода,Финансы + производство,Высокий,Маржа SKU/коллекции/заказа,Себестоимость Меркушина.xlsx / Площадки / строка 400 / 5370.07 /  FW 25  ЦУМ; себестоимость Мокеева 2025.xlsx / себестоимость 2025 / строка 316 / 18954.26 / шелк роз 16-023,,,Не рассмотрено,,17,3,Wave 2 (31–60 дней)
DEC-00204,Cost version,T-2401B/3,Нет точной полной себестоимости,Значение отсутствует,Найти калькуляцию или подтвердить отсутствие,Финансы + производство,Критический,Маржа SKU/коллекции/заказа,,,,Не рассмотрено,,17,4,Wave 1 (0–30 дней)
DEC-00205,Cost version,T-2401B/6,Нет точной полной себестоимости,Значение отсутствует,Найти калькуляцию или подтвердить отсутствие,Финансы + производство,Критический,Маржа SKU/коллекции/заказа,,,,Не рассмотрено,,17,4,Wave 1 (0–30 дней)
DEC-00206,Cost version,T-2401B/7,Нет точной полной себестоимости,Значение отсутствует,Найти калькуляцию или подтвердить отсутствие,Финансы + производство,Критический,Маржа SKU/коллекции/заказа,,,,Не рассмотрено,,17,4,Wave 1 (0–30 дней)
DEC-00207,Cost version,T-2420A/1,Нет точной полной себестоимости,Значение отсутствует,Найти калькуляцию или подтвердить отсутствие,Финансы + производство,Критический,Маржа SKU/коллекции/заказа,,,,Не рассмотрено,,17,4,Wave 1 (0–30 дней)
DEC-00208,Cost version,T-2420A/7,Нет точной полной себестоимости,Значение отсутствует,Найти калькуляцию или подтвердить отсутствие,Финансы + производство,Критический,Маржа SKU/коллекции/заказа,,,,Не рассмотрено,,17,4,Wave 1 (0–30 дней)
DEC-00209,Cost version,T-2470,Неоднозначно: несколько значений,4541.82; 7329.38,Выбрать правильную версию после проверки модели/партии/периода,Финансы + производство,Высокий,Маржа SKU/коллекции/заказа,Себестоимость Меркушина.xlsx / Площадки / строка 4 / 4541.82 / SS 25 Джерси ЦУМ; Себестоимость Меркушина.xlsx / Площадки / строка 415 / 7329.38 / Допзаказ трикотаж 25  ЦУМ; Себестоимость Меркушина.xlsx / ИМ / строка 331 / 7329.38 / Трикотаж август 2025 ИМ,,,Не рассмотрено,,17,3,Wave 2 (31–60 дней)
DEC-00210,Cost version,T-2472,Неоднозначно: несколько значений,4768.41; 7061.38; 7185.63,Выбрать правильную версию после проверки модели/партии/периода,Финансы + производство,Высокий,Маржа SKU/коллекции/заказа,Себестоимость Меркушина.xlsx / Площадки / строка 10 / 4768.41 / SS 25 Джерси ЦУМ; Себестоимость Меркушина.xlsx / Площадки / строка 422 / 7185.63 / Допзаказ трикотаж 25  ЦУМ; Себестоимость Меркушина.xlsx / Площадки / строка 557 / 7061.38 / Дошив FW  ЦУМ 2025; Себестоимость Меркушина.xlsx / ИМ / строка 338 / 7185.63 / Трикотаж август 2025 ИМ,,,Не рассмотрено,,17,3,Wave 2 (31–60 дней)
DEC-00211,Cost version,T-2475B/1,Нет точной полной себестоимости,Значение отсутствует,Найти калькуляцию или подтвердить отсутствие,Финансы + производство,Критический,Маржа SKU/коллекции/заказа,,,,Не рассмотрено,,17,4,Wave 1 (0–30 дней)
DEC-00212,Cost version,T-2475B/2,Нет точной полной себестоимости,Значение отсутствует,Найти калькуляцию или подтвердить отсутствие,Финансы + производство,Критический,Маржа SKU/коллекции/заказа,,,,Не рассмотрено,,17,4,Wave 1 (0–30 дней)
DEC-00213,Cost version,T-2475B/3,Нет точной полной себестоимости,Значение отсутствует,Найти калькуляцию или подтвердить отсутствие,Финансы + производство,Критический,Маржа SKU/коллекции/заказа,,,,Не рассмотрено,,17,4,Wave 1 (0–30 дней)
DEC-00214,Cost version,T-2495A,Нет точной полной себестоимости,Значение отсутствует,Найти калькуляцию или подтвердить отсутствие,Финансы + производство,Критический,Маржа SKU/коллекции/заказа,,,,Не рассмотрено,,17,4,Wave 1 (0–30 дней)
DEC-00215,Cost version,T-2495B,Нет точной полной себестоимости,Значение отсутствует,Найти калькуляцию или подтвердить отсутствие,Финансы + производство,Критический,Маржа SKU/коллекции/заказа,,,,Не рассмотрено,,17,4,Wave 1 (0–30 дней)
DEC-00216,Cost version,T-2540,Нет точной полной себестоимости,Значение отсутствует,Найти калькуляцию или подтвердить отсутствие,Финансы + производство,Критический,Маржа SKU/коллекции/заказа,,,,Не рассмотрено,,17,4,Wave 1 (0–30 дней)
DEC-00217,Cost version,T-2540/2,Нет точной полной себестоимости,Значение отсутствует,Найти калькуляцию или подтвердить отсутствие,Финансы + производство,Критический,Маржа SKU/коллекции/заказа,,,,Не рассмотрено,,17,4,Wave 1 (0–30 дней)
DEC-00218,Cost version,T-2541/2,Нет точной полной себестоимости,Значение отсутствует,Найти калькуляцию или подтвердить отсутствие,Финансы + производство,Критический,Маржа SKU/коллекции/заказа,,,,Не рассмотрено,,17,4,Wave 1 (0–30 дней)
DEC-00219,Cost version,T-2546,Нет точной полной себестоимости,Значение отсутствует,Найти калькуляцию или подтвердить отсутствие,Финансы + производство,Критический,Маржа SKU/коллекции/заказа,,,,Не рассмотрено,,17,4,Wave 1 (0–30 дней)
DEC-00220,Cost version,T-2546/1,Нет точной полной себестоимости,Значение отсутствует,Найти калькуляцию или подтвердить отсутствие,Финансы + производство,Критический,Маржа SKU/коллекции/заказа,,,,Не рассмотрено,,17,4,Wave 1 (0–30 дней)
DEC-00221,Cost version,T-2547,Нет точной полной себестоимости,Значение отсутствует,Найти калькуляцию или подтвердить отсутствие,Финансы + производство,Критический,Маржа SKU/коллекции/заказа,,,,Не рассмотрено,,17,4,Wave 1 (0–30 дней)
DEC-00222,Cost version,T-2547/1,Нет точной полной себестоимости,Значение отсутствует,Найти калькуляцию или подтвердить отсутствие,Финансы + производство,Критический,Маржа SKU/коллекции/заказа,,,,Не рассмотрено,,17,4,Wave 1 (0–30 дней)
DEC-00223,Cost version,T-2556B,Нет точной полной себестоимости,Значение отсутствует,Найти калькуляцию или подтвердить отсутствие,Финансы + производство,Критический,Маржа SKU/коллекции/заказа,,,,Не рассмотрено,,17,4,Wave 1 (0–30 дней)
DEC-00224,Cost version,T-2560A/1,Нет точной полной себестоимости,Значение отсутствует,Найти калькуляцию или подтвердить отсутствие,Финансы + производство,Критический,Маржа SKU/коллекции/заказа,,,,Не рассмотрено,,17,4,Wave 1 (0–30 дней)
DEC-00225,Cost version,T-2560B/3,Нет точной полной себестоимости,Значение отсутствует,Найти калькуляцию или подтвердить отсутствие,Финансы + производство,Критический,Маржа SKU/коллекции/заказа,,,,Не рассмотрено,,17,4,Wave 1 (0–30 дней)
DEC-00226,Cost version,T-2572/1,Нет точной полной себестоимости,Значение отсутствует,Найти калькуляцию или подтвердить отсутствие,Финансы + производство,Критический,Маржа SKU/коллекции/заказа,,,,Не рассмотрено,,17,4,Wave 1 (0–30 дней)
DEC-00227,Cost version,T-2573/1,Нет точной полной себестоимости,Значение отсутствует,Найти калькуляцию или подтвердить отсутствие,Финансы + производство,Критический,Маржа SKU/коллекции/заказа,,,,Не рассмотрено,,17,4,Wave 1 (0–30 дней)
DEC-00228,Cost version,T-2573A/1,Нет точной полной себестоимости,Значение отсутствует,Найти калькуляцию или подтвердить отсутствие,Финансы + производство,Критический,Маржа SKU/коллекции/заказа,,,,Не рассмотрено,,17,4,Wave 1 (0–30 дней)
DEC-00229,Cost version,T-2699,Нет точной полной себестоимости,Значение отсутствует,Найти калькуляцию или подтвердить отсутствие,Финансы + производство,Критический,Маржа SKU/коллекции/заказа,,,,Не рассмотрено,,17,4,Wave 1 (0–30 дней)
DEC-00230,Cost version,T-2701,Нет точной полной себестоимости,Значение отсутствует,Найти калькуляцию или подтвердить отсутствие,Финансы + производство,Критический,Маржа SKU/коллекции/заказа,,,,Не рассмотрено,,17,4,Wave 1 (0–30 дней)
DEC-00231,Cost version,T-2702,Нет точной полной себестоимости,Значение отсутствует,Найти калькуляцию или подтвердить отсутствие,Финансы + производство,Критический,Маржа SKU/коллекции/заказа,,,,Не рассмотрено,,17,4,Wave 1 (0–30 дней)
DEC-00232,Cost version,T-2703,Неоднозначно: несколько значений,20126.50; 20726.50; 22134.83,Выбрать правильную версию после проверки модели/партии/периода,Финансы + производство,Высокий,Маржа SKU/коллекции/заказа,Себестоимость Меркушина.xlsx / Площадки / строка 450 / 22134.83 / Допзаказ трикотаж 25  ЦУМ; Себестоимость Меркушина.xlsx / ИМ / строка 110 / 20726.50 / ; Себестоимость Меркушина.xlsx / ИМ / строка 366 / 22134.83 / Трикотаж август 2025 ИМ; Себестоимость Меркушина.xlsx / ИМ / строка 628 / 20126.50 / ,,,Не рассмотрено,,17,3,Wave 2 (31–60 дней)
DEC-00233,Cost version,T-2704,Нет точной полной себестоимости,Значение отсутствует,Найти калькуляцию или подтвердить отсутствие,Финансы + производство,Критический,Маржа SKU/коллекции/заказа,,,,Не рассмотрено,,17,4,Wave 1 (0–30 дней)
DEC-00234,Cost version,T-2705,Нет точной полной себестоимости,Значение отсутствует,Найти калькуляцию или подтвердить отсутствие,Финансы + производство,Критический,Маржа SKU/коллекции/заказа,,,,Не рассмотрено,,17,4,Wave 1 (0–30 дней)
DEC-00235,Cost version,T-2707,Нет точной полной себестоимости,Значение отсутствует,Найти калькуляцию или подтвердить отсутствие,Финансы + производство,Критический,Маржа SKU/коллекции/заказа,,,,Не рассмотрено,,17,4,Wave 1 (0–30 дней)
DEC-00236,Cost version,T-2708,Нет точной полной себестоимости,Значение отсутствует,Найти калькуляцию или подтвердить отсутствие,Финансы + производство,Критический,Маржа SKU/коллекции/заказа,,,,Не рассмотрено,,17,4,Wave 1 (0–30 дней)
DEC-00237,Cost version,T-2719,Нет точной полной себестоимости,Значение отсутствует,Найти калькуляцию или подтвердить отсутствие,Финансы + производство,Критический,Маржа SKU/коллекции/заказа,,,,Не рассмотрено,,17,4,Wave 1 (0–30 дней)
DEC-00238,Cost version,T-2720,Нет точной полной себестоимости,Значение отсутствует,Найти калькуляцию или подтвердить отсутствие,Финансы + производство,Критический,Маржа SKU/коллекции/заказа,,,,Не рассмотрено,,17,4,Wave 1 (0–30 дней)
DEC-00239,Cost version,T-2750A,Нет точной полной себестоимости,Значение отсутствует,Найти калькуляцию или подтвердить отсутствие,Финансы + производство,Критический,Маржа SKU/коллекции/заказа,,,,Не рассмотрено,,17,4,Wave 1 (0–30 дней)
DEC-00240,Cost version,T-2750B,Нет точной полной себестоимости,Значение отсутствует,Найти калькуляцию или подтвердить отсутствие,Финансы + производство,Критический,Маржа SKU/коллекции/заказа,,,,Не рассмотрено,,17,4,Wave 1 (0–30 дней)
DEC-00241,Cost version,T-2751,Нет точной полной себестоимости,Значение отсутствует,Найти калькуляцию или подтвердить отсутствие,Финансы + производство,Критический,Маржа SKU/коллекции/заказа,,,,Не рассмотрено,,17,4,Wave 1 (0–30 дней)
DEC-00242,Cost version,T-2752,Нет точной полной себестоимости,Значение отсутствует,Найти калькуляцию или подтвердить отсутствие,Финансы + производство,Критический,Маржа SKU/коллекции/заказа,,,,Не рассмотрено,,17,4,Wave 1 (0–30 дней)
DEC-00243,Cost version,T-2753,Нет точной полной себестоимости,Значение отсутствует,Найти калькуляцию или подтвердить отсутствие,Финансы + производство,Критический,Маржа SKU/коллекции/заказа,,,,Не рассмотрено,,17,4,Wave 1 (0–30 дней)
DEC-00244,Cost version,T-2754,Неоднозначно: несколько значений,12427.00; 15639.00,Выбрать правильную версию после проверки модели/партии/периода,Финансы + производство,Высокий,Маржа SKU/коллекции/заказа,"Себестоимость Меркушина.xlsx / Капсульные коллекции  / строка 53 / 12427.00 / Круиз 2
июнь 2025; Себестоимость Меркушина.xlsx / Капсульные коллекции  / строка 60 / 12427.00 / Круиз 2
июнь 2025; Себестоимость Меркушина.xlsx / Капсульные коллекции  / строка 67 / 12427.00 / Круиз 2
июнь 2025; Себестоимость Меркушина.xlsx / Капсульные коллекции  / строка 74 / 12427.00 / Круиз 2
июнь 2025; Себестоимость Жукова.xlsx / 2025 / строка 128 / 15639.00 / ИМ ЗАКАЗ",,,Не рассмотрено,,17,3,Wave 2 (31–60 дней)
DEC-00245,Cost version,T-2754A,Неоднозначно: несколько значений,13974.42; 49030.00; 71010.25,Выбрать правильную версию после проверки модели/партии/периода,Финансы + производство,Высокий,Маржа SKU/коллекции/заказа,Себестоимость Меркушина.xlsx / ИМ / строка 103 / 13974.42 / ; себестоимость Мокеева 2025.xlsx / себестоимость 2025 / строка 255 / 49030.00 / шелк како 16-010; себестоимость Мокеева 2025.xlsx / себестоимость 2025 / строка 473 / 71010.25 / шелк 16-001,,,Не рассмотрено,,17,3,Wave 2 (31–60 дней)
DEC-00246,Cost version,T-2756/1,Нет точной полной себестоимости,Значение отсутствует,Найти калькуляцию или подтвердить отсутствие,Финансы + производство,Критический,Маржа SKU/коллекции/заказа,,,,Не рассмотрено,,17,4,Wave 1 (0–30 дней)
DEC-00247,Cost version,T-2756A,Нет точной полной себестоимости,Значение отсутствует,Найти калькуляцию или подтвердить отсутствие,Финансы + производство,Критический,Маржа SKU/коллекции/заказа,,,,Не рассмотрено,,17,4,Wave 1 (0–30 дней)
DEC-00248,Cost version,T-2756B,Нет точной полной себестоимости,Значение отсутствует,Найти калькуляцию или подтвердить отсутствие,Финансы + производство,Критический,Маржа SKU/коллекции/заказа,,,,Не рассмотрено,,17,4,Wave 1 (0–30 дней)
DEC-00249,Cost version,T-2756C,Нет точной полной себестоимости,Значение отсутствует,Найти калькуляцию или подтвердить отсутствие,Финансы + производство,Критический,Маржа SKU/коллекции/заказа,,,,Не рассмотрено,,17,4,Wave 1 (0–30 дней)
DEC-00250,Cost version,T-2756D,Нет точной полной себестоимости,Значение отсутствует,Найти калькуляцию или подтвердить отсутствие,Финансы + производство,Критический,Маржа SKU/коллекции/заказа,,,,Не рассмотрено,,17,4,Wave 1 (0–30 дней)
DEC-00251,Cost version,T-2757,Нет точной полной себестоимости,Значение отсутствует,Найти калькуляцию или подтвердить отсутствие,Финансы + производство,Критический,Маржа SKU/коллекции/заказа,,,,Не рассмотрено,,17,4,Wave 1 (0–30 дней)
DEC-00252,Cost version,T-2758,Нет точной полной себестоимости,Значение отсутствует,Найти калькуляцию или подтвердить отсутствие,Финансы + производство,Критический,Маржа SKU/коллекции/заказа,,,,Не рассмотрено,,17,4,Wave 1 (0–30 дней)
DEC-00253,Cost version,T-2759,Нет точной полной себестоимости,Значение отсутствует,Найти калькуляцию или подтвердить отсутствие,Финансы + производство,Критический,Маржа SKU/коллекции/заказа,,,,Не рассмотрено,,17,4,Wave 1 (0–30 дней)
DEC-00254,Cost version,T-2760,Нет точной полной себестоимости,Значение отсутствует,Найти калькуляцию или подтвердить отсутствие,Финансы + производство,Критический,Маржа SKU/коллекции/заказа,,,,Не рассмотрено,,17,4,Wave 1 (0–30 дней)
DEC-00255,Cost version,T-2846/1,Нет точной полной себестоимости,Значение отсутствует,Найти калькуляцию или подтвердить отсутствие,Финансы + производство,Критический,Маржа SKU/коллекции/заказа,,,,Не рассмотрено,,17,4,Wave 1 (0–30 дней)
DEC-00256,Cost version,T-2847,Нет точной полной себестоимости,Значение отсутствует,Найти калькуляцию или подтвердить отсутствие,Финансы + производство,Критический,Маржа SKU/коллекции/заказа,,,,Не рассмотрено,,17,4,Wave 1 (0–30 дней)
DEC-00257,Cost version,T-2865A,Неоднозначно: несколько значений,3000.00; 35609.58,Выбрать правильную версию после проверки модели/партии/периода,Финансы + производство,Высокий,Маржа SKU/коллекции/заказа,Себестоимость Меркушина.xlsx / Площадки / строка 34 / 35609.58 / SS25 Круиз ЦУМ; Себестоимость Меркушина.xlsx / ИМ / строка 11 / 35609.58 / SS25 Круиз ЦУМ; Себестоимость Меркушина.xlsx / ИМ / строка 1110 / 3000.00 / SS25 Круиз ЦУМ,,,Не рассмотрено,,17,3,Wave 2 (31–60 дней)
DEC-00258,Cost version,T-2873,Неоднозначно: несколько значений,10538.73; 11138.73,Выбрать правильную версию после проверки модели/партии/периода,Финансы + производство,Высокий,Маржа SKU/коллекции/заказа,Себестоимость Меркушина.xlsx / Площадки / строка 118 / 11138.73 / SS25 Круиз ЦУМ; Себестоимость Меркушина.xlsx / ИМ / строка 202 / 10538.73 / SS25 Круиз ЦУМ,,,Не рассмотрено,,17,3,Wave 2 (31–60 дней)
DEC-00259,Cost version,T-2933,Нет точной полной себестоимости,Значение отсутствует,Найти калькуляцию или подтвердить отсутствие,Финансы + производство,Критический,Маржа SKU/коллекции/заказа,,,,Не рассмотрено,,17,4,Wave 1 (0–30 дней)
DEC-00260,Cost version,T-2938,Нет точной полной себестоимости,Значение отсутствует,Найти калькуляцию или подтвердить отсутствие,Финансы + производство,Критический,Маржа SKU/коллекции/заказа,,,,Не рассмотрено,,17,4,Wave 1 (0–30 дней)
DEC-00261,Cost version,T-2940/1,Нет точной полной себестоимости,Значение отсутствует,Найти калькуляцию или подтвердить отсутствие,Финансы + производство,Критический,Маржа SKU/коллекции/заказа,,,,Не рассмотрено,,17,4,Wave 1 (0–30 дней)
DEC-00262,Cost version,T-2941,Нет точной полной себестоимости,Значение отсутствует,Найти калькуляцию или подтвердить отсутствие,Финансы + производство,Критический,Маржа SKU/коллекции/заказа,,,,Не рассмотрено,,17,4,Wave 1 (0–30 дней)
DEC-00263,Cost version,T-2945,Нет точной полной себестоимости,Значение отсутствует,Найти калькуляцию или подтвердить отсутствие,Финансы + производство,Критический,Маржа SKU/коллекции/заказа,,,,Не рассмотрено,,17,4,Wave 1 (0–30 дней)
DEC-00264,Cost version,T-2956,Нет точной полной себестоимости,Значение отсутствует,Найти калькуляцию или подтвердить отсутствие,Финансы + производство,Критический,Маржа SKU/коллекции/заказа,,,,Не рассмотрено,,17,4,Wave 1 (0–30 дней)
DEC-00265,Cost version,T-2960,Нет точной полной себестоимости,Значение отсутствует,Найти калькуляцию или подтвердить отсутствие,Финансы + производство,Критический,Маржа SKU/коллекции/заказа,,,,Не рассмотрено,,17,4,Wave 1 (0–30 дней)
DEC-00266,Cost version,T-2963,Нет точной полной себестоимости,Значение отсутствует,Найти калькуляцию или подтвердить отсутствие,Финансы + производство,Критический,Маржа SKU/коллекции/заказа,,,,Не рассмотрено,,17,4,Wave 1 (0–30 дней)
DEC-00267,Cost version,T-2964,Нет точной полной себестоимости,Значение отсутствует,Найти калькуляцию или подтвердить отсутствие,Финансы + производство,Критический,Маржа SKU/коллекции/заказа,,,,Не рассмотрено,,17,4,Wave 1 (0–30 дней)
DEC-00268,Cost version,T-2966A,Нет точной полной себестоимости,Значение отсутствует,Найти калькуляцию или подтвердить отсутствие,Финансы + производство,Критический,Маржа SKU/коллекции/заказа,,,,Не рассмотрено,,17,4,Wave 1 (0–30 дней)
DEC-00269,Cost version,T-2967,Нет точной полной себестоимости,Значение отсутствует,Найти калькуляцию или подтвердить отсутствие,Финансы + производство,Критический,Маржа SKU/коллекции/заказа,,,,Не рассмотрено,,17,4,Wave 1 (0–30 дней)
DEC-00270,Cost version,T-2973,Неоднозначно: несколько значений,5919.43; 7499.25,Выбрать правильную версию после проверки модели/партии/периода,Финансы + производство,Высокий,Маржа SKU/коллекции/заказа,Себестоимость Меркушина.xlsx / Площадки / строка 62 / 5919.43 / SS25 Круиз ЦУМ; Себестоимость Меркушина.xlsx / ИМ / строка 642 / 7499.25 / ,,,Не рассмотрено,,17,3,Wave 2 (31–60 дней)
DEC-00271,Cost version,T-2973A,Неоднозначно: несколько значений,5977.62; 7601.50; 7609.20,Выбрать правильную версию после проверки модели/партии/периода,Финансы + производство,Высокий,Маржа SKU/коллекции/заказа,Себестоимость Меркушина.xlsx / Площадки / строка 69 / 5977.62 / SS25 Круиз ЦУМ; Себестоимость Меркушина.xlsx / ИМ / строка 18 / 5977.62 / SS25 Круиз ЦУМ; Себестоимость Меркушина.xlsx / ИМ / строка 564 / 7609.20 / SS25 Круиз ЦУМ; Себестоимость Меркушина.xlsx / ИМ / строка 649 / 7601.50 / ,,,Не рассмотрено,,17,3,Wave 2 (31–60 дней)
DEC-00272,Cost version,T-2985,Неоднозначно: несколько значений,22087.13; 25327.38,Выбрать правильную версию после проверки модели/партии/периода,Финансы + производство,Высокий,Маржа SKU/коллекции/заказа,Себестоимость Меркушина.xlsx / Площадки / строка 316 / 22087.13 /  FW 25  ЦУМ; Себестоимость Меркушина.xlsx / Площадки / строка 543 / 25327.38 / Дошив FW  ЦУМ 2025,,,Не рассмотрено,,17,3,Wave 2 (31–60 дней)
DEC-00273,Cost version,T-2988,Неоднозначно: несколько значений,8907.99; 11084.48; 15850.28,Выбрать правильную версию после проверки модели/партии/периода,Финансы + производство,Высокий,Маржа SKU/коллекции/заказа,Себестоимость Меркушина.xlsx / Площадки / строка 386 / 15850.28 /  FW 25  ЦУМ; Себестоимость Меркушина.xlsx / Площадки / строка 578 / 8907.99 / Дошив FW  ЦУМ 2025; Себестоимость Меркушина.xlsx / ИМ / строка 217 / 15850.28 / FW 25 ЦУМ; Себестоимость Меркушина.xlsx / ИМ / строка 571 / 11084.48 / FW25 Круиз ЦУМ,,,Не рассмотрено,,17,3,Wave 2 (31–60 дней)
DEC-00274,Cost version,T-3001,Неоднозначно: несколько значений,41482.60; 45012.68; 46130.81,Выбрать правильную версию после проверки модели/партии/периода,Финансы + производство,Высокий,Маржа SKU/коллекции/заказа,Себестоимость Меркушина.xlsx / Площадки / строка 351 / 41482.60 /  FW 25  ЦУМ; Себестоимость Меркушина.xlsx / Площадки / строка 564 / 45012.68 / Дошив FW  ЦУМ 2025; Себестоимость Меркушина.xlsx / ИМ / строка 231 / 41482.60 / FW 25 ЦУМ; Себестоимость Меркушина.xlsx / ИМ / строка 742 / 46130.81 / FW 26-27 Осень-зима ЦУМ,,,Не рассмотрено,,17,3,Wave 2 (31–60 дней)
DEC-00275,Cost version,T-3014B,Неоднозначно: несколько значений,27393.67; 56550.00,Выбрать правильную версию после проверки модели/партии/периода,Финансы + производство,Высокий,Маржа SKU/коллекции/заказа,Себестоимость Меркушина.xlsx / Площадки / строка 330 / 27393.67 /  FW 25  ЦУМ; Себестоимость Меркушина.xlsx / Площадки / строка 571 / 56550.00 / Дошив FW  ЦУМ 2025,,,Не рассмотрено,,17,3,Wave 2 (31–60 дней)
DEC-00276,Cost version,T-3152A,Неоднозначно: несколько значений,10268.44; 10439.33,Выбрать правильную версию после проверки модели/партии/периода,Финансы + производство,Высокий,Маржа SKU/коллекции/заказа,Себестоимость Меркушина.xlsx / Площадки / строка 614 / 10439.33 / SS 26  Круиз ЦУМ; Себестоимость Меркушина.xlsx / ИМ / строка 409 / 10439.33 / SS 26  Круиз ; Себестоимость Меркушина.xlsx / ИМ / строка 416 / 10268.44 / SS 26  Круиз ,,,Не рассмотрено,,17,3,Wave 2 (31–60 дней)
DEC-00277,Production order,PO-DRAFT-0001,model_code; canonical_sku; qty; production_status; actual_completion_date; production_order_owner,"02-06-26/1 |  | платье длин, с выш ""бело-серебристые колосья"", шифон бел","Подтвердить модель/SKU, количество, сроки и статус",Производство,Критический,Lead time; WIP; order cost,План сдач row 4,,,Не рассмотрено,,17,4,Wave 1 (0–30 дней)
DEC-00278,Production order,PO-DRAFT-0002,model_code; canonical_sku; qty; production_status; actual_completion_date; production_order_owner,"02-06-26/2 |  | головной убор ""бело-серебристые колосья""","Подтвердить модель/SKU, количество, сроки и статус",Производство,Критический,Lead time; WIP; order cost,План сдач row 5,,,Не рассмотрено,,17,4,Wave 1 (0–30 дней)
DEC-00279,Production order,PO-DRAFT-0003,canonical_sku; qty; production_status; actual_completion_date; production_order_owner,"09-05-26/1 | 0-3414 | блуза с колье, хлопок мятн","Подтвердить модель/SKU, количество, сроки и статус",Производство,Критический,Lead time; WIP; order cost,План сдач row 8,,,Не рассмотрено,,17,4,Wave 1 (0–30 дней)
DEC-00280,Production order,PO-DRAFT-0004,model_code; canonical_sku; qty; production_status; actual_completion_date; production_order_owner,"09-05-26/2 |  | юбка ""рыбка"" длин, без шлейфа, бархат стр черн","Подтвердить модель/SKU, количество, сроки и статус",Производство,Критический,Lead time; WIP; order cost,План сдач row 9,,,Не рассмотрено,,17,4,Wave 1 (0–30 дней)
DEC-00281,Production order,PO-DRAFT-0005,canonical_sku; qty; production_status; actual_completion_date; production_order_owner,"11-04-26/1 | 0-3232 | блузон с ЧЕРН вышивкой, креп дабл черн","Подтвердить модель/SKU, количество, сроки и статус",Производство,Критический,Lead time; WIP; order cost,План сдач row 12,,,Не рассмотрено,,17,4,Wave 1 (0–30 дней)
DEC-00282,Production order,PO-DRAFT-0006,canonical_sku; qty; production_status; actual_completion_date; production_order_owner,"11-04-26/2 | 0-3233 | юбка-карандаш без вышивки, креп дабл черн","Подтвердить модель/SKU, количество, сроки и статус",Производство,Критический,Lead time; WIP; order cost,План сдач row 13,,,Не рассмотрено,,17,4,Wave 1 (0–30 дней)
DEC-00283,Production order,PO-DRAFT-0007,due_date; canonical_sku; qty; production_status; actual_completion_date; production_order_owner,"11-04-26/3 | 0-3407 | платье ПО ЭСКИЗУ, с сереб вышивкой, темно-син шифон по обр","Подтвердить модель/SKU, количество, сроки и статус",Производство,Критический,Lead time; WIP; order cost,План сдач row 14,,,Не рассмотрено,,17,4,Wave 1 (0–30 дней)
DEC-00284,Production order,PO-DRAFT-0008,canonical_sku; qty; production_status; actual_completion_date; production_order_owner,"22-02-26 | 47-20 | платье ""золот колосья"", корот, бел дюшес, к примерке МАКЕТ","Подтвердить модель/SKU, количество, сроки и статус",Производство,Критический,Lead time; WIP; order cost,План сдач row 17,,,Не рассмотрено,,17,4,Wave 1 (0–30 дней)
DEC-00285,Production order,PO-DRAFT-0009,valid order date; canonical_sku; qty; production_status; actual_completion_date; production_order_owner,"31-02-26/1 | 41-08 | жакет, бел креп, вышивка - белые колосья на рукавах","Подтвердить модель/SKU, количество, сроки и статус",Производство,Критический,Lead time; WIP; order cost,План сдач row 18,,,Не рассмотрено,,17,4,Wave 1 (0–30 дней)
DEC-00286,Production order,PO-DRAFT-0010,valid order date; canonical_sku; qty; production_status; actual_completion_date; production_order_owner,"31-02-26/2 | 47-12 | брюки с поясом и карманами, бел креп БЕЗ ВЫШИВКИ","Подтвердить модель/SKU, количество, сроки и статус",Производство,Критический,Lead time; WIP; order cost,План сдач row 19,,,Не рассмотрено,,17,4,Wave 1 (0–30 дней)
DEC-00287,Production order,PO-DRAFT-0011,valid order date; canonical_sku; qty; production_status; actual_completion_date; production_order_owner,"30-02-26/1 | 47-12 | боди с вышивкой, бархат стр черн","Подтвердить модель/SKU, количество, сроки и статус",Производство,Критический,Lead time; WIP; order cost,План сдач row 22,,,Не рассмотрено,,17,4,Wave 1 (0–30 дней)
DEC-00288,Production order,PO-DRAFT-0012,valid order date; canonical_sku; qty; production_status; actual_completion_date; production_order_owner,"30-02-26/2 | 47-12 | брюки с вышивкой, с поясом, с карманами, креп бел","Подтвердить модель/SKU, количество, сроки и статус",Производство,Критический,Lead time; WIP; order cost,План сдач row 23,,,Не рассмотрено,,17,4,Wave 1 (0–30 дней)
DEC-00289,Production order,PO-DRAFT-0013,canonical_sku; qty; production_status; actual_completion_date; production_order_owner,"18-04-26/1 | 0-3370В | топ, шелк бел + кружево бел","Подтвердить модель/SKU, количество, сроки и статус",Производство,Критический,Lead time; WIP; order cost,План сдач row 24,,,Не рассмотрено,,17,4,Wave 1 (0–30 дней)
DEC-00290,Production order,PO-DRAFT-0014,canonical_sku; qty; production_status; actual_completion_date; production_order_owner,"18-04-26/2 | 0-3373С | шорты, батист голуб с принтом вишни - добавить длину","Подтвердить модель/SKU, количество, сроки и статус",Производство,Критический,Lead time; WIP; order cost,План сдач row 25,,,Не рассмотрено,,17,4,Wave 1 (0–30 дней)
DEC-00291,Production order,PO-DRAFT-0015,canonical_sku; qty; production_status; actual_completion_date; production_order_owner,"18-04-26/3 | 0-3371С | рубашка, батист голуб с принтом вишни","Подтвердить модель/SKU, количество, сроки и статус",Производство,Критический,Lead time; WIP; order cost,План сдач row 26,,,Не рассмотрено,,17,4,Wave 1 (0–30 дней)
DEC-00292,Production order,PO-DRAFT-0016,canonical_sku; qty; production_status; actual_completion_date; production_order_owner,"18-04-26/4 | 0-3367 | шорты-юбка, хлопок бел с принтом кораблики","Подтвердить модель/SKU, количество, сроки и статус",Производство,Критический,Lead time; WIP; order cost,План сдач row 27,,,Не рассмотрено,,17,4,Wave 1 (0–30 дней)
DEC-00293,Production order,PO-DRAFT-0017,canonical_sku; qty; production_status; actual_completion_date; production_order_owner,"18-04-26/5 | 0-3372С | брюки, батист голуб с принтом вишни","Подтвердить модель/SKU, количество, сроки и статус",Производство,Критический,Lead time; WIP; order cost,План сдач row 28,,,Не рассмотрено,,17,4,Wave 1 (0–30 дней)
DEC-00294,Production order,PO-DRAFT-0018,canonical_sku; qty; production_status; actual_completion_date; production_order_owner,"04-06-26/1 | 0-3368В | блузон, шелк роз лошадки","Подтвердить модель/SKU, количество, сроки и статус",Производство,Критический,Lead time; WIP; order cost,План сдач row 29,,,Не рассмотрено,,17,4,Wave 1 (0–30 дней)
DEC-00295,Production order,PO-DRAFT-0019,canonical_sku; qty; production_status; actual_completion_date; production_order_owner,"04-06-26/2 | 0-3369В | брюки, шелк роз лошадки","Подтвердить модель/SKU, количество, сроки и статус",Производство,Критический,Lead time; WIP; order cost,План сдач row 30,,,Не рассмотрено,,17,4,Wave 1 (0–30 дней)
DEC-00296,Production order,PO-DRAFT-0020,canonical_sku; qty; production_status; actual_completion_date; production_order_owner,"23-02-26/1 | 47-14 | платье с сереб выш, длин, креп черн","Подтвердить модель/SKU, количество, сроки и статус",Производство,Критический,Lead time; WIP; order cost,План сдач row 33,,,Не рассмотрено,,17,4,Wave 1 (0–30 дней)
DEC-00297,Production order,PO-DRAFT-0021,canonical_sku; qty; production_status; actual_completion_date; production_order_owner,"23-02-26/2 | 47-12 | боди с выш, бархат стр черн","Подтвердить модель/SKU, количество, сроки и статус",Производство,Критический,Lead time; WIP; order cost,План сдач row 34,,,Не рассмотрено,,17,4,Wave 1 (0–30 дней)
DEC-00298,Production order,PO-DRAFT-0022,canonical_sku; qty; production_status; actual_completion_date; production_order_owner,"23-02-26/3 | 47-12 | брюки с выш, креп бел","Подтвердить модель/SKU, количество, сроки и статус",Производство,Критический,Lead time; WIP; order cost,План сдач row 35,,,Не рассмотрено,,17,4,Wave 1 (0–30 дней)
DEC-00299,Production order,PO-DRAFT-0023,canonical_sku; qty; production_status; actual_completion_date; production_order_owner,"23-02-26/4 | 47-11 | юбка в пол, без шлейфа, бархат стр черн","Подтвердить модель/SKU, количество, сроки и статус",Производство,Критический,Lead time; WIP; order cost,План сдач row 36,,,Не рассмотрено,,17,4,Wave 1 (0–30 дней)
DEC-00300,Production order,PO-DRAFT-0024,canonical_sku; qty; production_status; actual_completion_date; production_order_owner,"23-02-26/5 | 47-13 | браслет ""ярусы"", жемчуг с переходом сер","Подтвердить модель/SKU, количество, сроки и статус",Производство,Критический,Lead time; WIP; order cost,План сдач row 37,,,Не рассмотрено,,17,4,Wave 1 (0–30 дней)
DEC-00301,Production order,PO-DRAFT-0025,canonical_sku; qty; production_status; actual_completion_date; production_order_owner,"15-04-26/1 | 0-3371 | рубашка, батист бел с принтом вишни","Подтвердить модель/SKU, количество, сроки и статус",Производство,Критический,Lead time; WIP; order cost,План сдач row 38,,,Не рассмотрено,,17,4,Wave 1 (0–30 дней)
DEC-00302,Production order,PO-DRAFT-0026,canonical_sku; qty; production_status; actual_completion_date; production_order_owner,"15-04-26/2 | 0-3373 | шорты, батист бел с принтом вишни","Подтвердить модель/SKU, количество, сроки и статус",Производство,Критический,Lead time; WIP; order cost,План сдач row 39,,,Не рассмотрено,,17,4,Wave 1 (0–30 дней)
DEC-00303,Production order,PO-DRAFT-0027,canonical_sku; qty; production_status; actual_completion_date; production_order_owner,"15-04-26/3 | 0-3396 | платье корот, хлопок беж + рафия беж","Подтвердить модель/SKU, количество, сроки и статус",Производство,Критический,Lead time; WIP; order cost,План сдач row 40,,,Не рассмотрено,,17,4,Wave 1 (0–30 дней)
DEC-00304,Production order,PO-DRAFT-0028,canonical_sku; qty; production_status; actual_completion_date; production_order_owner,"15-04-26/4 | 0-3368А | блузон, шелк феи ч/б","Подтвердить модель/SKU, количество, сроки и статус",Производство,Критический,Lead time; WIP; order cost,План сдач row 41,,,Не рассмотрено,,17,4,Wave 1 (0–30 дней)
DEC-00305,Production order,PO-DRAFT-0029,canonical_sku; qty; production_status; actual_completion_date; production_order_owner,"15-04-26/5 | 0-3369А | брюки, шелк феи ч/б","Подтвердить модель/SKU, количество, сроки и статус",Производство,Критический,Lead time; WIP; order cost,План сдач row 42,,,Не рассмотрено,,17,4,Wave 1 (0–30 дней)
DEC-00306,Production order,PO-DRAFT-0030,canonical_sku; qty; production_status; actual_completion_date; production_order_owner,"15-04-26/6 | 0-3370 | топ, шелк черн + кружево черн","Подтвердить модель/SKU, количество, сроки и статус",Производство,Критический,Lead time; WIP; order cost,План сдач row 43,,,Не рассмотрено,,17,4,Wave 1 (0–30 дней)
DEC-00307,Production order,PO-DRAFT-0031,canonical_sku; qty; production_status; actual_completion_date; production_order_owner,"15-04-26/7 | 0-3370А | топ, шелк бел + кружево черн","Подтвердить модель/SKU, количество, сроки и статус",Производство,Критический,Lead time; WIP; order cost,План сдач row 44,,,Не рассмотрено,,17,4,Wave 1 (0–30 дней)
DEC-00308,Production order,PO-DRAFT-0032,qty; production_status; actual_completion_date; production_order_owner,"15-04-26/8 | 0-2885 | пальто-кимоно, батист бел с принтом вишни","Подтвердить модель/SKU, количество, сроки и статус",Производство,Высокий,Lead time; WIP; order cost,План сдач row 45,,,Не рассмотрено,,17,3,Wave 2 (31–60 дней)
DEC-00309,Production order,PO-DRAFT-0033,canonical_sku; qty; production_status; actual_completion_date; production_order_owner,"01-06-26/1 | 0-3365 | рубашка, хлопок караблики, бел","Подтвердить модель/SKU, количество, сроки и статус",Производство,Критический,Lead time; WIP; order cost,План сдач row 46,,,Не рассмотрено,,17,4,Wave 1 (0–30 дней)
DEC-00310,Production order,PO-DRAFT-0034,canonical_sku; qty; production_status; actual_completion_date; production_order_owner,"01-06-26/2 | 0-3366 | топ, хлопок караблики, бел","Подтвердить модель/SKU, количество, сроки и статус",Производство,Критический,Lead time; WIP; order cost,План сдач row 47,,,Не рассмотрено,,17,4,Wave 1 (0–30 дней)
DEC-00311,Production order,PO-DRAFT-0035,canonical_sku; qty; production_status; actual_completion_date; production_order_owner,"01-06-26/3 | 0-3367 | шорты, хлопок караблики, бел","Подтвердить модель/SKU, количество, сроки и статус",Производство,Критический,Lead time; WIP; order cost,План сдач row 48,,,Не рассмотрено,,17,4,Wave 1 (0–30 дней)
DEC-00312,Production order,PO-DRAFT-0036,canonical_sku; qty; production_status; actual_completion_date; production_order_owner,"01-06-26/4 | 0-3387 | блуза с бантом, шелк красн","Подтвердить модель/SKU, количество, сроки и статус",Производство,Критический,Lead time; WIP; order cost,План сдач row 49,,,Не рассмотрено,,17,4,Wave 1 (0–30 дней)
DEC-00313,Production order,PO-DRAFT-0037,canonical_sku; qty; production_status; actual_completion_date; production_order_owner,"01-06-26/5 | 0-3387А | блуза с бантом, шелк какао","Подтвердить модель/SKU, количество, сроки и статус",Производство,Критический,Lead time; WIP; order cost,План сдач row 50,,,Не рассмотрено,,17,4,Wave 1 (0–30 дней)
DEC-00314,Production order,PO-DRAFT-0038,canonical_sku; qty; production_status; actual_completion_date; production_order_owner,"01-06-26/6 | 0-3388 | брюки широкие, с карманами, шелк красн ПЕРЕДЕЛКА","Подтвердить модель/SKU, количество, сроки и статус",Производство,Критический,Lead time; WIP; order cost,План сдач row 51,,,Не рассмотрено,,17,4,Wave 1 (0–30 дней)
DEC-00315,Production order,PO-DRAFT-0039,canonical_sku; qty; production_status; actual_completion_date; production_order_owner,"13-04-26/1 | 0-3385 | блуза, хлопок беж + рафия беж","Подтвердить модель/SKU, количество, сроки и статус",Производство,Критический,Lead time; WIP; order cost,План сдач row 54,,,Не рассмотрено,,17,4,Wave 1 (0–30 дней)
DEC-00316,Production order,PO-DRAFT-0040,canonical_sku; qty; production_status; actual_completion_date; production_order_owner,"13-04-26/2 | 0-3354 | юбка с карманами, хлопок беж","Подтвердить модель/SKU, количество, сроки и статус",Производство,Критический,Lead time; WIP; order cost,План сдач row 55,,,Не рассмотрено,,17,4,Wave 1 (0–30 дней)
DEC-00317,Production order,PO-DRAFT-0041,canonical_sku; qty; production_status; actual_completion_date; production_order_owner,"13-04-26/3 | 0-3414 | блуза с колье, хлопок розов","Подтвердить модель/SKU, количество, сроки и статус",Производство,Критический,Lead time; WIP; order cost,План сдач row 56,,,Не рассмотрено,,17,4,Wave 1 (0–30 дней)
DEC-00318,Production order,PO-DRAFT-0042,canonical_sku; qty; production_status; actual_completion_date; production_order_owner,"13-04-26/4 | 0-3378 | блуза-поло, хлопок желт","Подтвердить модель/SKU, количество, сроки и статус",Производство,Критический,Lead time; WIP; order cost,План сдач row 57,,,Не рассмотрено,,17,4,Wave 1 (0–30 дней)
DEC-00319,Production order,PO-DRAFT-0043,canonical_sku; qty; production_status; actual_completion_date; production_order_owner,"13-04-26/5 | 0-3354 | юбка с выш, хлопок черн","Подтвердить модель/SKU, количество, сроки и статус",Производство,Критический,Lead time; WIP; order cost,План сдач row 58,,,Не рассмотрено,,17,4,Wave 1 (0–30 дней)
DEC-00320,Production order,PO-DRAFT-0044,canonical_sku; qty; production_status; actual_completion_date; production_order_owner,"13-04-26/6 | 0-3380 | платье ПО ЭСКИЗУ, с карманами, хлопок черн","Подтвердить модель/SKU, количество, сроки и статус",Производство,Критический,Lead time; WIP; order cost,План сдач row 59,,,Не рассмотрено,,17,4,Wave 1 (0–30 дней)
DEC-00321,Production order,PO-DRAFT-0045,canonical_sku; qty; production_status; actual_completion_date; production_order_owner,"06-05-26/1 | 0-3371С | рубашка, батист голуб ""вишни""","Подтвердить модель/SKU, количество, сроки и статус",Производство,Критический,Lead time; WIP; order cost,План сдач row 60,,,Не рассмотрено,,17,4,Wave 1 (0–30 дней)
DEC-00322,Production order,PO-DRAFT-0046,canonical_sku; qty; production_status; actual_completion_date; production_order_owner,"06-05-26/2 | 0-3372С | брюки, батист голуб ""вишни""","Подтвердить модель/SKU, количество, сроки и статус",Производство,Критический,Lead time; WIP; order cost,План сдач row 61,,,Не рассмотрено,,17,4,Wave 1 (0–30 дней)
DEC-00323,Production order,PO-DRAFT-0047,model_code; canonical_sku; qty; production_status; actual_completion_date; production_order_owner,"06-05-26/3 |  | парео на талию на завязках, батист голуб ""вишни""","Подтвердить модель/SKU, количество, сроки и статус",Производство,Критический,Lead time; WIP; order cost,План сдач row 62,,,Не рассмотрено,,17,4,Wave 1 (0–30 дней)
DEC-00324,Production order,PO-DRAFT-0048,model_code; due_date; canonical_sku; qty; production_status; actual_completion_date; production_order_owner,"15-11-24 |  | корсет, кожа черная тонкая мягкая","Подтвердить модель/SKU, количество, сроки и статус",Производство,Критический,Lead time; WIP; order cost,План сдач row 65,,,Не рассмотрено,,17,4,Wave 1 (0–30 дней)
DEC-00325,Production order,PO-DRAFT-0049,canonical_sku; qty; production_status; actual_completion_date; production_order_owner,"01-04-26/1 | 47-20 | платье корот со съемн кейпом, бел дюшес, выш - бел тюльпаны","Подтвердить модель/SKU, количество, сроки и статус",Производство,Критический,Lead time; WIP; order cost,План сдач row 68,,,Не рассмотрено,,17,4,Wave 1 (0–30 дней)
DEC-00326,Production order,PO-DRAFT-0050,model_code; canonical_sku; qty; production_status; actual_completion_date; production_order_owner,"01-04-26/2 |  | юбка нижняя, длин, шифон бел","Подтвердить модель/SKU, количество, сроки и статус",Производство,Критический,Lead time; WIP; order cost,План сдач row 69,,,Не рассмотрено,,17,4,Wave 1 (0–30 дней)
DEC-00327,Production order,PO-DRAFT-0051,model_code; canonical_sku; qty; production_status; actual_completion_date; production_order_owner,"01-04-26/3 |  | кейп длин, с капюшоном, шифон бел","Подтвердить модель/SKU, количество, сроки и статус",Производство,Критический,Lead time; WIP; order cost,План сдач row 70,,,Не рассмотрено,,17,4,Wave 1 (0–30 дней)
DEC-00328,Production order,PO-DRAFT-0052,model_code; canonical_sku; qty; production_status; actual_completion_date; production_order_owner,01-04-26/4 |  | головной убор,"Подтвердить модель/SKU, количество, сроки и статус",Производство,Критический,Lead time; WIP; order cost,План сдач row 71,,,Не рассмотрено,,17,4,Wave 1 (0–30 дней)
DEC-00329,Production order,PO-DRAFT-0053,valid order date; canonical_sku; qty; production_status; actual_completion_date; production_order_owner,"17 04 26 | 0-3400 | платье с выш рукавами, батист олив + золот цепочка на талию","Подтвердить модель/SKU, количество, сроки и статус",Производство,Критический,Lead time; WIP; order cost,План сдач row 72,,,Не рассмотрено,,17,4,Wave 1 (0–30 дней)
DEC-00330,Production order,PO-DRAFT-0054,canonical_sku; qty; production_status; actual_completion_date; production_order_owner,"25-04-26/1 | 0-3368В | блузон, шелк розов лошадки, размер S","Подтвердить модель/SKU, количество, сроки и статус",Производство,Критический,Lead time; WIP; order cost,План сдач row 75,,,Не рассмотрено,,17,4,Wave 1 (0–30 дней)
DEC-00331,Production order,PO-DRAFT-0055,canonical_sku; qty; production_status; actual_completion_date; production_order_owner,"25-04-26/2 | 0-3369В | брюки, шелк розов лошадки - по меркам","Подтвердить модель/SKU, количество, сроки и статус",Производство,Критический,Lead time; WIP; order cost,План сдач row 76,,,Не рассмотрено,,17,4,Wave 1 (0–30 дней)
DEC-00332,Production order,PO-DRAFT-0056,due_date; canonical_sku; qty; production_status; actual_completion_date; production_order_owner,"21-04-26/2 | 47-11 | жакет ""камелия"", креп бел дабл + еще одна съемная деталь вышивки","Подтвердить модель/SKU, количество, сроки и статус",Производство,Критический,Lead time; WIP; order cost,План сдач row 79,,,Не рассмотрено,,17,4,Wave 1 (0–30 дней)
DEC-00333,Production order,PO-DRAFT-0057,due_date; canonical_sku; qty; production_status; actual_completion_date; production_order_owner,"21-04-26/3 | 47-11 | юбка длин, бархат стр черн","Подтвердить модель/SKU, количество, сроки и статус",Производство,Критический,Lead time; WIP; order cost,План сдач row 80,,,Не рассмотрено,,17,4,Wave 1 (0–30 дней)
DEC-00334,Production order,PO-DRAFT-0058,canonical_sku; qty; production_status; actual_completion_date; production_order_owner,"04-11-25/1 | 46-21 | блузон ""бел арабески"", основу полностью дублировать телесн трикот","Подтвердить модель/SKU, количество, сроки и статус",Производство,Критический,Lead time; WIP; order cost,План сдач row 83,,,Не рассмотрено,,17,4,Wave 1 (0–30 дней)
DEC-00335,Production order,PO-DRAFT-0059,canonical_sku; qty; production_status; actual_completion_date; production_order_owner,"04-11-25/2 | 46-21 | юбка длин, бархат х/б черн","Подтвердить модель/SKU, количество, сроки и статус",Производство,Критический,Lead time; WIP; order cost,План сдач row 84,,,Не рассмотрено,,17,4,Wave 1 (0–30 дней)
DEC-00336,Production order,PO-DRAFT-0060,canonical_sku; qty; production_status; actual_completion_date; production_order_owner,"04-11-25/3 | 43-25 | юбка с драп, шелк черн","Подтвердить модель/SKU, количество, сроки и статус",Производство,Критический,Lead time; WIP; order cost,План сдач row 85,,,Не рассмотрено,,17,4,Wave 1 (0–30 дней)
DEC-00337,Production order,PO-DRAFT-0061,canonical_sku; qty; production_status; actual_completion_date; production_order_owner,"07-05-26 | 0-3392 | платье корот, с одним рук, шифон 18-004 баклажан + золот пайет","Подтвердить модель/SKU, количество, сроки и статус",Производство,Критический,Lead time; WIP; order cost,План сдач row 88,,,Не рассмотрено,,17,4,Wave 1 (0–30 дней)
DEC-00338,Production order,PO-DRAFT-0062,canonical_sku; qty; production_status; actual_completion_date; production_order_owner,"10-06-26 | 0-3380 | платье корот, хлопок черн","Подтвердить модель/SKU, количество, сроки и статус",Производство,Критический,Lead time; WIP; order cost,План сдач row 89,,,Не рассмотрено,,17,4,Wave 1 (0–30 дней)
DEC-00339,Production order,PO-DRAFT-0063,canonical_sku; qty; production_status; actual_completion_date; production_order_owner,"07-03-26 | 47-07 | митенки с выш, кожа натур черн - ПАРА","Подтвердить модель/SKU, количество, сроки и статус",Производство,Критический,Lead time; WIP; order cost,План сдач row 92,,,Не рассмотрено,,17,4,Wave 1 (0–30 дней)
DEC-00340,Production order,PO-DRAFT-0064,canonical_sku; qty; production_status; actual_completion_date; production_order_owner,"02-05-26 | 0-3113 | жакет с выш рукавами, хлопок джинсов стр черн","Подтвердить модель/SKU, количество, сроки и статус",Производство,Критический,Lead time; WIP; order cost,План сдач row 95,,,Не рассмотрено,,17,4,Wave 1 (0–30 дней)
DEC-00341,Production order,PO-DRAFT-0065,canonical_sku; qty; production_status; actual_completion_date; production_order_owner,"25-02-26/1 | 44-28 | блузон ""клематис"", дюшес черн, основа 0-3191","Подтвердить модель/SKU, количество, сроки и статус",Производство,Критический,Lead time; WIP; order cost,План сдач row 98,,,Не рассмотрено,,17,4,Wave 1 (0–30 дней)
DEC-00342,Production order,PO-DRAFT-0066,model_code; canonical_sku; qty; production_status; actual_completion_date; production_order_owner,"06-06-26/1 |  | рукава с застежкой под грудью, телесн сетка","Подтвердить модель/SKU, количество, сроки и статус",Производство,Критический,Lead time; WIP; order cost,План сдач row 101,,,Не рассмотрено,,17,4,Wave 1 (0–30 дней)
DEC-00343,Production order,PO-DRAFT-0067,model_code; canonical_sku; qty; production_status; actual_completion_date; production_order_owner,"06-06-26/2 |  | рукава с застежкой под грудью, черн сетка","Подтвердить модель/SKU, количество, сроки и статус",Производство,Критический,Lead time; WIP; order cost,План сдач row 102,,,Не рассмотрено,,17,4,Wave 1 (0–30 дней)
DEC-00344,Production order,PO-DRAFT-0068,canonical_sku; qty; production_status; actual_completion_date; production_order_owner,"06-06-26/3 | 0-2560В | пальто с рукавом 7/8, длина от колена +10 см, шифон черн","Подтвердить модель/SKU, количество, сроки и статус",Производство,Критический,Lead time; WIP; order cost,План сдач row 103,,,Не рассмотрено,,17,4,Wave 1 (0–30 дней)
DEC-00345,Production order,PO-DRAFT-0069,canonical_sku; qty; production_status; actual_completion_date; production_order_owner,"06-06-26/4 | 0-2560В | пальто с рукавом 7/8, длина от колена +10 см, шифон сер 18-022","Подтвердить модель/SKU, количество, сроки и статус",Производство,Критический,Lead time; WIP; order cost,План сдач row 104,,,Не рассмотрено,,17,4,Wave 1 (0–30 дней)
DEC-00346,Production order,PO-DRAFT-0070,canonical_sku; qty; production_status; actual_completion_date; production_order_owner,"07-06-26 | 47-17 | платье ""бел ромашки""(с рукавами), черн дюшес, шлейф короче","Подтвердить модель/SKU, количество, сроки и статус",Производство,Критический,Lead time; WIP; order cost,План сдач row 105,,,Не рассмотрено,,17,4,Wave 1 (0–30 дней)
DEC-00347,Production order,PO-DRAFT-0071,due_date; canonical_sku; qty; production_status; actual_completion_date; production_order_owner,"12-06-26/1 | 47-16 | жакет с вышивкой, изменен конструкции, графит чесуча","Подтвердить модель/SKU, количество, сроки и статус",Производство,Критический,Lead time; WIP; order cost,План сдач row 106,,,Не рассмотрено,,17,4,Wave 1 (0–30 дней)
DEC-00348,Production order,PO-DRAFT-0072,model_code; due_date; canonical_sku; qty; production_status; actual_completion_date; production_order_owner,"12-06-26/2 |  | юбка длин, графит чесуча","Подтвердить модель/SKU, количество, сроки и статус",Производство,Критический,Lead time; WIP; order cost,План сдач row 107,,,Не рассмотрено,,17,4,Wave 1 (0–30 дней)
DEC-00349,Production order,PO-DRAFT-0073,canonical_sku; qty; production_status; actual_completion_date; production_order_owner,"11-03-26/1 | 33-31 | платье длин, с драп лифом, с перьями, шифон мятн","Подтвердить модель/SKU, количество, сроки и статус",Производство,Критический,Lead time; WIP; order cost,План сдач row 110,,,Не рассмотрено,,17,4,Wave 1 (0–30 дней)
DEC-00350,Production order,PO-DRAFT-0074,canonical_sku; qty; production_status; actual_completion_date; production_order_owner,"11-03-26/2 | 44-01 | платье корсетн, шелк гортензии","Подтвердить модель/SKU, количество, сроки и статус",Производство,Критический,Lead time; WIP; order cost,План сдач row 111,,,Не рассмотрено,,17,4,Wave 1 (0–30 дней)
DEC-00351,Production order,PO-DRAFT-0075,canonical_sku; qty; production_status; actual_completion_date; production_order_owner,"11-03-26/3 | 47-27 | топ с выш, изменен конструкции","Подтвердить модель/SKU, количество, сроки и статус",Производство,Критический,Lead time; WIP; order cost,План сдач row 112,,,Не рассмотрено,,17,4,Wave 1 (0–30 дней)
DEC-00352,Production order,PO-DRAFT-0076,canonical_sku; qty; production_status; actual_completion_date; production_order_owner,"11-03-26/4 | 47-27 | пальто-кимоно, шифон беж","Подтвердить модель/SKU, количество, сроки и статус",Производство,Критический,Lead time; WIP; order cost,План сдач row 113,,,Не рассмотрено,,17,4,Wave 1 (0–30 дней)
DEC-00353,Production order,PO-DRAFT-0077,canonical_sku; qty; production_status; actual_completion_date; production_order_owner,"11-03-26/5 | 47-27 | брюки на манжете, шифон беж","Подтвердить модель/SKU, количество, сроки и статус",Производство,Критический,Lead time; WIP; order cost,План сдач row 114,,,Не рассмотрено,,17,4,Wave 1 (0–30 дней)
DEC-00354,Production order,PO-DRAFT-0078,due_date; canonical_sku; qty; production_status; actual_completion_date; production_order_owner,"13-03-26 | 29-14 | платье длин, с выш, графит бахрома","Подтвердить модель/SKU, количество, сроки и статус",Производство,Критический,Lead time; WIP; order cost,План сдач row 115,,,Не рассмотрено,,17,4,Wave 1 (0–30 дней)
DEC-00355,Production order,PO-DRAFT-0079,canonical_sku; qty; production_status; actual_completion_date; production_order_owner,"04-02-26/2 | 47-11 | жакет с цветком, креп бел по мод","Подтвердить модель/SKU, количество, сроки и статус",Производство,Критический,Lead time; WIP; order cost,План сдач row 120,,,Не рассмотрено,,17,4,Wave 1 (0–30 дней)
DEC-00356,Production order,PO-DRAFT-0080,canonical_sku; qty; production_status; actual_completion_date; production_order_owner,"04-02-26/3 | 47-11 | юбка длин, бархат стр черн","Подтвердить модель/SKU, количество, сроки и статус",Производство,Критический,Lead time; WIP; order cost,План сдач row 121,,,Не рассмотрено,,17,4,Wave 1 (0–30 дней)
DEC-00357,Production order,PO-DRAFT-0081,canonical_sku; qty; production_status; actual_completion_date; production_order_owner,"04-02-26/6 | 47-22 | платье ""черные звезды""","Подтвердить модель/SKU, количество, сроки и статус",Производство,Критический,Lead time; WIP; order cost,План сдач row 122,,,Не рассмотрено,,17,4,Wave 1 (0–30 дней)
DEC-00358,Production order,PO-DRAFT-0082,canonical_sku; qty; production_status; actual_completion_date; production_order_owner,"23-04-26/1 | 0-3393 | рубашка ""вишн цвет"", хлопок голуб в полоску","Подтвердить модель/SKU, количество, сроки и статус",Производство,Критический,Lead time; WIP; order cost,План сдач row 123,,,Не рассмотрено,,17,4,Wave 1 (0–30 дней)
DEC-00359,Production order,PO-DRAFT-0083,canonical_sku; qty; production_status; actual_completion_date; production_order_owner,"23-04-26/2 | 0-3394 | юбка-шорты ""вишн цвет"", хлопок голуб в полоску","Подтвердить модель/SKU, количество, сроки и статус",Производство,Критический,Lead time; WIP; order cost,План сдач row 124,,,Не рассмотрено,,17,4,Wave 1 (0–30 дней)
DEC-00360,Production order,PO-DRAFT-0084,canonical_sku; qty; production_status; actual_completion_date; production_order_owner,"23-04-26/3 | 0-3385 | блузон, хлопок беж + рафия беж","Подтвердить модель/SKU, количество, сроки и статус",Производство,Критический,Lead time; WIP; order cost,План сдач row 125,,,Не рассмотрено,,17,4,Wave 1 (0–30 дней)
DEC-00361,Production order,PO-DRAFT-0085,canonical_sku; qty; production_status; actual_completion_date; production_order_owner,"23-04-26/4 | 0-3416 | брюки с карм, хлопок беж","Подтвердить модель/SKU, количество, сроки и статус",Производство,Критический,Lead time; WIP; order cost,План сдач row 126,,,Не рассмотрено,,17,4,Wave 1 (0–30 дней)
DEC-00362,Production order,PO-DRAFT-0086,canonical_sku; qty; production_status; actual_completion_date; production_order_owner,"23-04-26/5 | 0-3414А | блуза с колье, хлопок розов","Подтвердить модель/SKU, количество, сроки и статус",Производство,Критический,Lead time; WIP; order cost,План сдач row 127,,,Не рассмотрено,,17,4,Wave 1 (0–30 дней)
DEC-00363,Production order,PO-DRAFT-0087,canonical_sku; qty; production_status; actual_completion_date; production_order_owner,"23-04-26/6 | 0-3414 | блуза с колье, хлопок мятн","Подтвердить модель/SKU, количество, сроки и статус",Производство,Критический,Lead time; WIP; order cost,План сдач row 128,,,Не рассмотрено,,17,4,Wave 1 (0–30 дней)
DEC-00364,Production order,PO-DRAFT-0088,canonical_sku; qty; production_status; actual_completion_date; production_order_owner,"23-04-26/7 | 0-3386 | брюки с карм, хлопок бел","Подтвердить модель/SKU, количество, сроки и статус",Производство,Критический,Lead time; WIP; order cost,План сдач row 129,,,Не рассмотрено,,17,4,Wave 1 (0–30 дней)
DEC-00365,Production order,PO-DRAFT-0089,canonical_sku; qty; production_status; actual_completion_date; production_order_owner,"23-04-26/8 | 0-3378 | блуза, хлопок желт","Подтвердить модель/SKU, количество, сроки и статус",Производство,Критический,Lead time; WIP; order cost,План сдач row 130,,,Не рассмотрено,,17,4,Wave 1 (0–30 дней)
DEC-00366,Production order,PO-DRAFT-0090,canonical_sku; qty; production_status; actual_completion_date; production_order_owner,"23-04-26/9 | 0-3354 | юбка с выш, хлопок джинсов черн","Подтвердить модель/SKU, количество, сроки и статус",Производство,Критический,Lead time; WIP; order cost,План сдач row 131,,,Не рассмотрено,,17,4,Wave 1 (0–30 дней)
DEC-00367,Production order,PO-DRAFT-0091,canonical_sku; qty; production_status; actual_completion_date; production_order_owner,"23-04-26/10 | 0-3368А | блузон, шелк ч/б феи","Подтвердить модель/SKU, количество, сроки и статус",Производство,Критический,Lead time; WIP; order cost,План сдач row 132,,,Не рассмотрено,,17,4,Wave 1 (0–30 дней)
DEC-00368,Production order,PO-DRAFT-0092,canonical_sku; qty; production_status; actual_completion_date; production_order_owner,"23-04-26/11 | 0-3369А | брюки, шелк ч/б феи","Подтвердить модель/SKU, количество, сроки и статус",Производство,Критический,Lead time; WIP; order cost,План сдач row 133,,,Не рассмотрено,,17,4,Wave 1 (0–30 дней)
DEC-00369,Production order,PO-DRAFT-0093,canonical_sku; qty; production_status; actual_completion_date; production_order_owner,"23-04-26/12 | 0-3370А | топ, шелк бел + кружево черн","Подтвердить модель/SKU, количество, сроки и статус",Производство,Критический,Lead time; WIP; order cost,План сдач row 134,,,Не рассмотрено,,17,4,Wave 1 (0–30 дней)
DEC-00370,Production order,PO-DRAFT-0094,canonical_sku; qty; production_status; actual_completion_date; production_order_owner,"23-04-26/13 | 0-3426 | платье с голуб шарфом, шифон беж в горох","Подтвердить модель/SKU, количество, сроки и статус",Производство,Критический,Lead time; WIP; order cost,План сдач row 135,,,Не рассмотрено,,17,4,Wave 1 (0–30 дней)
DEC-00371,Production order,PO-DRAFT-0095,canonical_sku; qty; production_status; actual_completion_date; production_order_owner,"23-04-26/14 | 0-3405А | сарафан ""капли"", шифон электрик","Подтвердить модель/SKU, количество, сроки и статус",Производство,Критический,Lead time; WIP; order cost,План сдач row 136,,,Не рассмотрено,,17,4,Wave 1 (0–30 дней)
DEC-00372,Production order,PO-DRAFT-0096,canonical_sku; qty; production_status; actual_completion_date; production_order_owner,"08-06-26 | 33-30 | платье длин, с вышивкой, с изменен, с кейпом, без рук, шифон 18-031","Подтвердить модель/SKU, количество, сроки и статус",Производство,Критический,Lead time; WIP; order cost,План сдач row 137,,,Не рассмотрено,,17,4,Wave 1 (0–30 дней)
DEC-00373,Production order,PO-DRAFT-0097,canonical_sku; qty; production_status; actual_completion_date; production_order_owner,"09-06-26 | НАСТЯ | платье длин, с вышивкой, шифон 18-031","Подтвердить модель/SKU, количество, сроки и статус",Производство,Критический,Lead time; WIP; order cost,План сдач row 138,,,Не рассмотрено,,17,4,Wave 1 (0–30 дней)
DEC-00374,Production order,PO-DRAFT-0098,model_code; canonical_sku; qty; production_status; actual_completion_date; production_order_owner,"13-02-22 |  | платье ""Юлия""-ассиметрия, с воланами + цветок, розовый шифон","Подтвердить модель/SKU, количество, сроки и статус",Производство,Критический,Lead time; WIP; order cost,План сдач row 141,,,Не рассмотрено,,17,4,Wave 1 (0–30 дней)
DEC-00375,Production order,PO-DRAFT-0099,model_code; due_date; canonical_sku; qty; production_status; actual_completion_date; production_order_owner,"03-05-21 |  | платье свадебное ""звезды"", бел дюшес + бел вуаль","Подтвердить модель/SKU, количество, сроки и статус",Производство,Критический,Lead time; WIP; order cost,План сдач row 144,,,Не рассмотрено,,17,4,Wave 1 (0–30 дней)
DEC-00376,Production order,PO-DRAFT-0100,valid order date; due_date; canonical_sku; qty; production_status; actual_completion_date; production_order_owner,"06-11 | 0-1390 | платье с выш, черн кожа + черн стр барх ЗАКАЗ ПЕРЕДЕЛКА","Подтвердить модель/SKU, количество, сроки и статус",Производство,Критический,Lead time; WIP; order cost,План сдач row 153,,,Не рассмотрено,,17,4,Wave 1 (0–30 дней)
DEC-00377,Production order,PO-DRAFT-0101,valid order date; due_date; canonical_sku; qty; production_status; actual_completion_date; production_order_owner,"05-02 | 0-1544 | водолазка, черн трикотаж","Подтвердить модель/SKU, количество, сроки и статус",Производство,Критический,Lead time; WIP; order cost,План сдач row 158,,,Не рассмотрено,,17,4,Wave 1 (0–30 дней)
DEC-00378,Production order,PO-DRAFT-0102,due_date; canonical_sku; qty; production_status; actual_completion_date; production_order_owner,"03-12-23/1 | 0-2781 | юбка, черн стр барх","Подтвердить модель/SKU, количество, сроки и статус",Производство,Критический,Lead time; WIP; order cost,План сдач row 161,,,Не рассмотрено,,17,4,Wave 1 (0–30 дней)
DEC-00379,Production order,PO-DRAFT-0103,due_date; canonical_sku; qty; production_status; actual_completion_date; production_order_owner,"03-12-23/2 | 0-2781А | юбка, черн шелк","Подтвердить модель/SKU, количество, сроки и статус",Производство,Критический,Lead time; WIP; order cost,План сдач row 162,,,Не рассмотрено,,17,4,Wave 1 (0–30 дней)
DEC-00380,Production order,PO-DRAFT-0104,canonical_sku; qty; production_status; actual_completion_date; production_order_owner,"03-12-25 | 23-11 | платье ""ягоды"" длин, дюшес акварель 5-011","Подтвердить модель/SKU, количество, сроки и статус",Производство,Критический,Lead time; WIP; order cost,План сдач row 165,,,Не рассмотрено,,17,4,Wave 1 (0–30 дней)
DEC-00381,Production order,PO-DRAFT-0105,due_date; canonical_sku; qty; production_status; actual_completion_date; production_order_owner,"12-02-26 | 47-28 | платье ""золот колосья"", длин, чесуча золот","Подтвердить модель/SKU, количество, сроки и статус",Производство,Критический,Lead time; WIP; order cost,План сдач row 166,,,Не рассмотрено,,17,4,Wave 1 (0–30 дней)
DEC-00382,Production order,PO-DRAFT-0106,canonical_sku; qty; production_status; actual_completion_date; production_order_owner,"22-04-26/1 | 47-20 | платье ""золот колосья"", корот, бархат х/б черн + шифон черн","Подтвердить модель/SKU, количество, сроки и статус",Производство,Критический,Lead time; WIP; order cost,План сдач row 169,,,Не рассмотрено,,17,4,Wave 1 (0–30 дней)
DEC-00383,Production order,PO-DRAFT-0107,canonical_sku; qty; production_status; actual_completion_date; production_order_owner,"22-04-26/2 | 0-3395 | платье корот, с вышит кокеткой, рафия беж","Подтвердить модель/SKU, количество, сроки и статус",Производство,Критический,Lead time; WIP; order cost,План сдач row 170,,,Не рассмотрено,,17,4,Wave 1 (0–30 дней)
DEC-00384,Production order,PO-DRAFT-0108,canonical_sku; qty; production_status; actual_completion_date; production_order_owner,"07-09-25/8 | 0-3273 | платье с выш кружево, твид","Подтвердить модель/SKU, количество, сроки и статус",Производство,Критический,Lead time; WIP; order cost,План сдач row 173,,,Не рассмотрено,,17,4,Wave 1 (0–30 дней)
DEC-00385,Production order,PO-DRAFT-0109,canonical_sku; qty; production_status; actual_completion_date; production_order_owner,"05-01-26 | 0-3286 | юбка-брюки, черн иск креп","Подтвердить модель/SKU, количество, сроки и статус",Производство,Критический,Lead time; WIP; order cost,План сдач row 174,,,Не рассмотрено,,17,4,Wave 1 (0–30 дней)
DEC-00386,Production order,PO-DRAFT-0110,canonical_sku; qty; production_status; actual_completion_date; production_order_owner,"03-03-26/1 | 47-19 | жакет ""белые ромашки"", телесн сетка","Подтвердить модель/SKU, количество, сроки и статус",Производство,Критический,Lead time; WIP; order cost,План сдач row 177,,,Не рассмотрено,,17,4,Wave 1 (0–30 дней)
DEC-00387,Production order,PO-DRAFT-0111,canonical_sku; qty; production_status; actual_completion_date; production_order_owner,"03-03-26/2 | эскиз | брюки, шифон беж на шелк подкладке 16-011","Подтвердить модель/SKU, количество, сроки и статус",Производство,Критический,Lead time; WIP; order cost,План сдач row 178,,,Не рассмотрено,,17,4,Wave 1 (0–30 дней)
DEC-00388,Production order,PO-DRAFT-0112,model_code; canonical_sku; qty; production_status; actual_completion_date; production_order_owner,"05-06-26 |  | платье длин, с выш камнями кокеткой, темно-син бахрома","Подтвердить модель/SKU, количество, сроки и статус",Производство,Критический,Lead time; WIP; order cost,План сдач row 181,,,Не рассмотрено,,17,4,Wave 1 (0–30 дней)
DEC-00389,Production order,PO-DRAFT-0113,canonical_sku; qty; production_status; actual_completion_date; production_order_owner,"03-06-26/1 | 47-30 | жакет с выш графит рафия на графит сетке, подкладка телесн","Подтвердить модель/SKU, количество, сроки и статус",Производство,Критический,Lead time; WIP; order cost,План сдач row 184,,,Не рассмотрено,,17,4,Wave 1 (0–30 дней)
DEC-00390,Production order,PO-DRAFT-0114,model_code; canonical_sku; qty; production_status; actual_completion_date; production_order_owner,"03-06-26/2 |  | юбка (по эскизу), длинная, чесуча графит","Подтвердить модель/SKU, количество, сроки и статус",Производство,Критический,Lead time; WIP; order cost,План сдач row 185,,,Не рассмотрено,,17,4,Wave 1 (0–30 дней)
DEC-00391,Production order,PO-DRAFT-0115,model_code; canonical_sku; qty; production_status; actual_completion_date; production_order_owner,"03-06-26/3 |  | шлейф (по эскизу), шифон графит","Подтвердить модель/SKU, количество, сроки и статус",Производство,Критический,Lead time; WIP; order cost,План сдач row 186,,,Не рассмотрено,,17,4,Wave 1 (0–30 дней)
DEC-00392,Production order,PO-DRAFT-0116,canonical_sku; qty; production_status; actual_completion_date; production_order_owner,03-06-26/4 | ???? | головной убор - капюшон ???,"Подтвердить модель/SKU, количество, сроки и статус",Производство,Критический,Lead time; WIP; order cost,План сдач row 187,,,Не рассмотрено,,17,4,Wave 1 (0–30 дней)
DEC-00393,Production order,PO-DRAFT-0117,model_code; due_date; canonical_sku; qty; production_status; actual_completion_date; production_order_owner,"05-09-25 |  | брюки, чесуча бел","Подтвердить модель/SKU, количество, сроки и статус",Производство,Критический,Lead time; WIP; order cost,План сдач row 193,,,Не рассмотрено,,17,4,Wave 1 (0–30 дней)
DEC-00394,Production order,PO-DRAFT-0118,canonical_sku; qty; production_status; actual_completion_date; production_order_owner,"14-02-26/1 | 47-17 | платье ""бел цветы"" на черном дюшесе","Подтвердить модель/SKU, количество, сроки и статус",Производство,Критический,Lead time; WIP; order cost,План сдач row 194,,,Не рассмотрено,,17,4,Wave 1 (0–30 дней)
DEC-00395,Production order,PO-DRAFT-0119,canonical_sku; qty; production_status; actual_completion_date; production_order_owner,"14-02-26/2 | 47-16 | жакет ""сер колосья"", сер чесуча","Подтвердить модель/SKU, количество, сроки и статус",Производство,Критический,Lead time; WIP; order cost,План сдач row 195,,,Не рассмотрено,,17,4,Wave 1 (0–30 дней)
DEC-00396,Production order,PO-DRAFT-0120,canonical_sku; qty; production_status; actual_completion_date; production_order_owner,"14-02-26/3 | 47-16 | брючки + юбка, шифон сер","Подтвердить модель/SKU, количество, сроки и статус",Производство,Критический,Lead time; WIP; order cost,План сдач row 196,,,Не рассмотрено,,17,4,Wave 1 (0–30 дней)
DEC-00397,Production order,PO-DRAFT-0121,canonical_sku; qty; production_status; actual_completion_date; production_order_owner,"14-02-26/4 | эскиз | брючки, сер чесуча","Подтвердить модель/SKU, количество, сроки и статус",Производство,Критический,Lead time; WIP; order cost,План сдач row 197,,,Не рассмотрено,,17,4,Wave 1 (0–30 дней)
DEC-00398,Production order,PO-DRAFT-0122,model_code; canonical_sku; qty; production_status; actual_completion_date; production_order_owner,"26-04-26 |  | платье по эскизу, вышивка по 0-3407, шифон ягодн 18-037","Подтвердить модель/SKU, количество, сроки и статус",Производство,Критический,Lead time; WIP; order cost,План сдач row 200,,,Не рассмотрено,,17,4,Wave 1 (0–30 дней)
DEC-00399,Production order,PO-DRAFT-0123,canonical_sku; qty; production_status; actual_completion_date; production_order_owner,"14-04-26/1 | 0-3399 | платье с декором из цветов, хлопок ""цветы"" крупный яркий принт","Подтвердить модель/SKU, количество, сроки и статус",Производство,Критический,Lead time; WIP; order cost,План сдач row 203,,,Не рассмотрено,,17,4,Wave 1 (0–30 дней)
DEC-00400,Production order,PO-DRAFT-0124,model_code; canonical_sku; qty; production_status; actual_completion_date; production_order_owner,"10-05-26 |  | платье""черн дракон""длин,по основе 47-10,на беж сетке черн аппл","Подтвердить модель/SKU, количество, сроки и статус",Производство,Критический,Lead time; WIP; order cost,План сдач row 206,,,Не рассмотрено,,17,4,Wave 1 (0–30 дней)
DEC-00401,Production order,PO-DRAFT-0125,canonical_sku; qty; production_status; actual_completion_date; production_order_owner,"09-09-26/5 | 47-19 | жакет, бел цветы на телесн сетке","Подтвердить модель/SKU, количество, сроки и статус",Производство,Критический,Lead time; WIP; order cost,План сдач row 209,,,Не рассмотрено,,17,4,Wave 1 (0–30 дней)
DEC-00402,Production order,PO-DRAFT-0126,model_code; canonical_sku; qty; production_status; actual_completion_date; production_order_owner,"09-09-26/6 |  | брюки прямые, с карманами, креп иск бел","Подтвердить модель/SKU, количество, сроки и статус",Производство,Критический,Lead time; WIP; order cost,План сдач row 210,,,Не рассмотрено,,17,4,Wave 1 (0–30 дней)
DEC-00403,Production order,PO-DRAFT-0127,canonical_sku; qty; production_status; actual_completion_date; production_order_owner,"16-04-26/1 | 0-3365А | рубашка, хлопок бел ""собачки""","Подтвердить модель/SKU, количество, сроки и статус",Производство,Критический,Lead time; WIP; order cost,План сдач row 211,,,Не рассмотрено,,17,4,Wave 1 (0–30 дней)
DEC-00404,Production order,PO-DRAFT-0128,canonical_sku; qty; production_status; actual_completion_date; production_order_owner,"16-04-26/2 | 0-3378В | блуза, хлопок голуб","Подтвердить модель/SKU, количество, сроки и статус",Производство,Критический,Lead time; WIP; order cost,План сдач row 212,,,Не рассмотрено,,17,4,Wave 1 (0–30 дней)
DEC-00405,Production order,PO-DRAFT-0129,canonical_sku; qty; production_status; actual_completion_date; production_order_owner,"16-04-26/3 | 0-3354 | юбка с выш, хлопок черн","Подтвердить модель/SKU, количество, сроки и статус",Производство,Критический,Lead time; WIP; order cost,План сдач row 213,,,Не рассмотрено,,17,4,Wave 1 (0–30 дней)
DEC-00406,Production order,PO-DRAFT-0130,canonical_sku; qty; production_status; actual_completion_date; production_order_owner,"27-02-26/1 | 47-30 | жакет ""сер рафия"" по мод","Подтвердить модель/SKU, количество, сроки и статус",Производство,Критический,Lead time; WIP; order cost,План сдач row 219,,,Не рассмотрено,,17,4,Wave 1 (0–30 дней)
DEC-00407,Production order,PO-DRAFT-0131,canonical_sku; qty; production_status; actual_completion_date; production_order_owner,"27-02-26/2 | 47-30 | платье по юбке, сер чесуча, наполнение - сетка, без каркаса","Подтвердить модель/SKU, количество, сроки и статус",Производство,Критический,Lead time; WIP; order cost,План сдач row 220,,,Не рассмотрено,,17,4,Wave 1 (0–30 дней)
DEC-00408,Production order,PO-DRAFT-0132,canonical_sku; qty; production_status; actual_completion_date; production_order_owner,"27-02-26/3 | 47-30 | браслеты ""ярусы"", жемчуг с переходом серого, пара","Подтвердить модель/SKU, количество, сроки и статус",Производство,Критический,Lead time; WIP; order cost,План сдач row 221,,,Не рассмотрено,,17,4,Wave 1 (0–30 дней)
DEC-00409,Production order,PO-DRAFT-0133,canonical_sku; qty; production_status; actual_completion_date; production_order_owner,"28-02-26 | 47-21 | платье ""золот колосья"", бархат черн, дина по кост, меньше вырез","Подтвердить модель/SKU, количество, сроки и статус",Производство,Критический,Lead time; WIP; order cost,План сдач row 222,,,Не рассмотрено,,17,4,Wave 1 (0–30 дней)
DEC-00410,Production order,PO-DRAFT-0134,canonical_sku; qty; production_status; actual_completion_date; production_order_owner,"09-04-26/1 | 0-3370 | топ, шелк черн + кружево черн","Подтвердить модель/SKU, количество, сроки и статус",Производство,Критический,Lead time; WIP; order cost,План сдач row 223,,,Не рассмотрено,,17,4,Wave 1 (0–30 дней)
DEC-00411,Production order,PO-DRAFT-0135,canonical_sku; qty; production_status; actual_completion_date; production_order_owner,"09-04-26/2 | 0-3400 | платье с вышит рукавами, батист олив (С ИЗМЕНЕН)","Подтвердить модель/SKU, количество, сроки и статус",Производство,Критический,Lead time; WIP; order cost,План сдач row 224,,,Не рассмотрено,,17,4,Wave 1 (0–30 дней)
DEC-00412,Production order,PO-DRAFT-0136,canonical_sku; qty; production_status; actual_completion_date; production_order_owner,"01-05-26/1 | 45 | тюрбан с узлом, бархат стр черн","Подтвердить модель/SKU, количество, сроки и статус",Производство,Критический,Lead time; WIP; order cost,План сдач row 225,,,Не рассмотрено,,17,4,Wave 1 (0–30 дней)
DEC-00413,Production order,PO-DRAFT-0137,canonical_sku; qty; production_status; actual_completion_date; production_order_owner,"01-05-26/2 | 45 | тюрбан с узлом, чесуча сер","Подтвердить модель/SKU, количество, сроки и статус",Производство,Критический,Lead time; WIP; order cost,План сдач row 226,,,Не рассмотрено,,17,4,Wave 1 (0–30 дней)
DEC-00414,Production order,PO-DRAFT-0138,canonical_sku; qty; production_status; actual_completion_date; production_order_owner,"12-03-26/1 | 47-05 | платье с вышит пелериной, темно-син стр бархат","Подтвердить модель/SKU, количество, сроки и статус",Производство,Критический,Lead time; WIP; order cost,План сдач row 229,,,Не рассмотрено,,17,4,Wave 1 (0–30 дней)
DEC-00415,Production order,PO-DRAFT-0139,canonical_sku; qty; production_status; actual_completion_date; production_order_owner,"12-03-26/5 | 13-28 | платье длин, черн ленты на черн сетке","Подтвердить модель/SKU, количество, сроки и статус",Производство,Критический,Lead time; WIP; order cost,План сдач row 230,,,Не рассмотрено,,17,4,Wave 1 (0–30 дней)
DEC-00416,Production order,PO-DRAFT-0140,model_code; canonical_sku; qty; production_status; actual_completion_date; production_order_owner,"12-03-26/6 |  | пояс-бусы, жемчуг","Подтвердить модель/SKU, количество, сроки и статус",Производство,Критический,Lead time; WIP; order cost,План сдач row 231,,,Не рассмотрено,,17,4,Wave 1 (0–30 дней)
DEC-00417,Production order,PO-DRAFT-0141,due_date; canonical_sku; qty; production_status; actual_completion_date; production_order_owner,"10-03-26 | 47-14 | платье с измен длины, выш меньше - черная, креп черн","Подтвердить модель/SKU, количество, сроки и статус",Производство,Критический,Lead time; WIP; order cost,План сдач row 234,,,Не рассмотрено,,17,4,Wave 1 (0–30 дней)
DEC-00418,Production order,PO-DRAFT-0142,canonical_sku; qty; production_status; actual_completion_date; production_order_owner,"03-05-26/1 | 0-3368А | блузон, шелк феи ч/б","Подтвердить модель/SKU, количество, сроки и статус",Производство,Критический,Lead time; WIP; order cost,План сдач row 237,,,Не рассмотрено,,17,4,Wave 1 (0–30 дней)
DEC-00419,Production order,PO-DRAFT-0143,canonical_sku; qty; production_status; actual_completion_date; production_order_owner,"03-05-26/2 | 0-3369А | брюки, шелк феи ч/б","Подтвердить модель/SKU, количество, сроки и статус",Производство,Критический,Lead time; WIP; order cost,План сдач row 238,,,Не рассмотрено,,17,4,Wave 1 (0–30 дней)
DEC-00420,Production order,PO-DRAFT-0144,canonical_sku; qty; production_status; actual_completion_date; production_order_owner,"03-05-26/3 | 0-3370 | топ, шелк черн + кружево черн","Подтвердить модель/SKU, количество, сроки и статус",Производство,Критический,Lead time; WIP; order cost,План сдач row 239,,,Не рассмотрено,,17,4,Wave 1 (0–30 дней)
DEC-00421,Production order,PO-DRAFT-0145,due_date; canonical_sku; qty; production_status; actual_completion_date; production_order_owner,"13-06-26 | 47-20 | корсет ""золот колосья"" с изменен, с пелериной, бархат черн х/б+шифон","Подтвердить модель/SKU, количество, сроки и статус",Производство,Критический,Lead time; WIP; order cost,План сдач row 242,,,Не рассмотрено,,17,4,Wave 1 (0–30 дней)
DEC-00422,Production order,PO-DRAFT-0146,qty; production_status; actual_completion_date; production_order_owner,"27-04-26/1 | 0-2894 | платье со съемными рук, хлопок зелен микс","Подтвердить модель/SKU, количество, сроки и статус",Производство,Высокий,Lead time; WIP; order cost,План сдач row 245,,,Не рассмотрено,,17,3,Wave 2 (31–60 дней)
DEC-00423,Production order,PO-DRAFT-0147,canonical_sku; qty; production_status; actual_completion_date; production_order_owner,"08-04-26/1 | 0-1141 | платье-трапеция, корот, с рукав-крыльями и бахромой, кружево коралл","Подтвердить модель/SKU, количество, сроки и статус",Производство,Критический,Lead time; WIP; order cost,План сдач row 248,,,Не рассмотрено,,17,4,Wave 1 (0–30 дней)
DEC-00424,Production order,PO-DRAFT-0148,qty; production_status; actual_completion_date; production_order_owner,"08-04-26/2 | 0-2540 | блузон с выш на рук, шелк черн ""цветн капли"" 17А-032","Подтвердить модель/SKU, количество, сроки и статус",Производство,Высокий,Lead time; WIP; order cost,План сдач row 249,,,Не рассмотрено,,17,3,Wave 2 (31–60 дней)
DEC-00425,Production order,PO-DRAFT-0149,qty; production_status; actual_completion_date; production_order_owner,"08-04-26/3 | 0-2541 | брюки, шелк черн ""цветн капли"" 17А-033","Подтвердить модель/SKU, количество, сроки и статус",Производство,Высокий,Lead time; WIP; order cost,План сдач row 250,,,Не рассмотрено,,17,3,Wave 2 (31–60 дней)
DEC-00426,Production order,PO-DRAFT-0150,canonical_sku; qty; production_status; actual_completion_date; production_order_owner,"08-04-26/4 | 0-3371А | рубашка, батист вишни черн","Подтвердить модель/SKU, количество, сроки и статус",Производство,Критический,Lead time; WIP; order cost,План сдач row 251,,,Не рассмотрено,,17,4,Wave 1 (0–30 дней)
DEC-00427,Production order,PO-DRAFT-0151,canonical_sku; qty; production_status; actual_completion_date; production_order_owner,"08-04-26/5 | 0-3372А | брюки, батист вишни черн","Подтвердить модель/SKU, количество, сроки и статус",Производство,Критический,Lead time; WIP; order cost,План сдач row 252,,,Не рассмотрено,,17,4,Wave 1 (0–30 дней)
DEC-00428,Production order,PO-DRAFT-0152,canonical_sku; qty; production_status; actual_completion_date; production_order_owner,"08-04-26/6 | 0-3373А | шорты, батист вишни черн","Подтвердить модель/SKU, количество, сроки и статус",Производство,Критический,Lead time; WIP; order cost,План сдач row 253,,,Не рассмотрено,,17,4,Wave 1 (0–30 дней)
DEC-00429,Production order,PO-DRAFT-0153,model_code; canonical_sku; qty; production_status; actual_completion_date; production_order_owner,"08-04-26/7 |  | платок-парео, шифон черн","Подтвердить модель/SKU, количество, сроки и статус",Производство,Критический,Lead time; WIP; order cost,План сдач row 254,,,Не рассмотрено,,17,4,Wave 1 (0–30 дней)
DEC-00430,Production order,PO-DRAFT-0154,canonical_sku; qty; production_status; actual_completion_date; production_order_owner,"11-06-26 | 0-3400 | платье с выш рукавами, батист олив (добавить длину по полочке)","Подтвердить модель/SKU, количество, сроки и статус",Производство,Критический,Lead time; WIP; order cost,План сдач row 255,,,Не рассмотрено,,17,4,Wave 1 (0–30 дней)
DEC-00431,Production order,PO-DRAFT-0155,canonical_sku; qty; production_status; actual_completion_date; production_order_owner,"07-04-26/1 | 0-3400 | платье с вышит рукавами, батист олив (С ИЗМЕНЕН)","Подтвердить модель/SKU, количество, сроки и статус",Производство,Критический,Lead time; WIP; order cost,План сдач row 258,,,Не рассмотрено,,17,4,Wave 1 (0–30 дней)
DEC-00432,Production order,PO-DRAFT-0156,due_date; canonical_sku; qty; production_status; actual_completion_date; production_order_owner,"07-04-26/2 | 0-2352 | пальто с бахромой и вышит рук, Шанель табачно-золот 8-028","Подтвердить модель/SKU, количество, сроки и статус",Производство,Критический,Lead time; WIP; order cost,План сдач row 259,,,Не рассмотрено,,17,4,Wave 1 (0–30 дней)
DEC-00433,Production order,PO-DRAFT-0157,canonical_sku; qty; production_status; actual_completion_date; production_order_owner,"05-05-26 | 0-3384 | кафтан, с изменениями, хлопок беж + рафия беж","Подтвердить модель/SKU, количество, сроки и статус",Производство,Критический,Lead time; WIP; order cost,План сдач row 260,,,Не рассмотрено,,17,4,Wave 1 (0–30 дней)
DEC-00434,Production order,PO-DRAFT-0158,canonical_sku; qty; production_status; actual_completion_date; production_order_owner,"01-02-26/1 | 44-22 | платье, зелен шифон, вышивка по 40-18 красные цветы","Подтвердить модель/SKU, количество, сроки и статус",Производство,Критический,Lead time; WIP; order cost,План сдач row 263,,,Не рассмотрено,,17,4,Wave 1 (0–30 дней)
DEC-00435,Production order,PO-DRAFT-0159,canonical_sku; qty; production_status; actual_completion_date; production_order_owner,"01-02-26/2 | эскиз | брюки, зелен шифон, подкладка - шортики, зелен шелк","Подтвердить модель/SKU, количество, сроки и статус",Производство,Критический,Lead time; WIP; order cost,План сдач row 264,,,Не рассмотрено,,17,4,Wave 1 (0–30 дней)
DEC-00436,Production order,PO-DRAFT-0160,canonical_sku; qty; production_status; actual_completion_date; production_order_owner,"08-05-26 | 0-3120 | платье с рукавами, шелк черный с принтом микс","Подтвердить модель/SKU, количество, сроки и статус",Производство,Критический,Lead time; WIP; order cost,План сдач row 265,,,Не рассмотрено,,17,4,Wave 1 (0–30 дней)
DEC-00437,Production order,PO-DRAFT-0161,due_date; canonical_sku; qty; production_status; actual_completion_date; production_order_owner,"09-07-24/1 | 21-29 | платье длин ""черн перья"" на черн сетке","Подтвердить модель/SKU, количество, сроки и статус",Производство,Критический,Lead time; WIP; order cost,План сдач row 268,,,Не рассмотрено,,17,4,Wave 1 (0–30 дней)
DEC-00438,Production order,PO-DRAFT-0162,canonical_sku; qty; production_status; actual_completion_date; production_order_owner,"15-10-25/1 | 38-20 | платье длин, с сереб вышивкой, бархат шелков синий","Подтвердить модель/SKU, количество, сроки и статус",Производство,Критический,Lead time; WIP; order cost,План сдач row 269,,,Не рассмотрено,,17,4,Wave 1 (0–30 дней)
DEC-00439,Production order,PO-DRAFT-0163,canonical_sku; qty; production_status; actual_completion_date; production_order_owner,"02-01-26 | 28-07 | пальто с выш, бархат х/б черн, мех - норка черн","Подтвердить модель/SKU, количество, сроки и статус",Производство,Критический,Lead time; WIP; order cost,План сдач row 270,,,Не рассмотрено,,17,4,Wave 1 (0–30 дней)
DEC-00440,Operation,OP-DRAFT-00001,model_id/canonical_sku; production_order_id; operation_type_id; planned_hours; actual_hours; output_qty; defect_qty; completion_status,ЦУМ,"Назначить production_order_id, operation_type, дату и факт часов",Производство,Высокий,Загрузка; производительность; фактическая cost,Планирование C4,,,Не рассмотрено,,17,3,Wave 2 (31–60 дней)
DEC-00441,Operation,OP-DRAFT-00002,production_order_id; operation_type_id; planned_hours; actual_hours; output_qty; defect_qty; completion_status,48-30,"Назначить production_order_id, operation_type, дату и факт часов",Производство,Высокий,Загрузка; производительность; фактическая cost,Планирование O4,,,Не рассмотрено,,17,3,Wave 2 (31–60 дней)
DEC-00442,Operation,OP-DRAFT-00003,model_id/canonical_sku; production_order_id; operation_type_id; planned_hours; actual_hours; output_qty; defect_qty; completion_status,РЕМОНТ,"Назначить production_order_id, operation_type, дату и факт часов",Производство,Высокий,Загрузка; производительность; фактическая cost,Планирование R4,,,Не рассмотрено,,17,3,Wave 2 (31–60 дней)
DEC-00443,Operation,OP-DRAFT-00004,model_id/canonical_sku; production_order_id; operation_type_id; planned_hours; actual_hours; output_qty; defect_qty; completion_status,РЕМОНТ,"Назначить production_order_id, operation_type, дату и факт часов",Производство,Высокий,Загрузка; производительность; фактическая cost,Планирование S4,,,Не рассмотрено,,17,3,Wave 2 (31–60 дней)
DEC-00444,Operation,OP-DRAFT-00005,model_id/canonical_sku; production_order_id; operation_type_id; planned_hours; actual_hours; output_qty; defect_qty; completion_status,РЕМОНТ,"Назначить production_order_id, operation_type, дату и факт часов",Производство,Высокий,Загрузка; производительность; фактическая cost,Планирование V4,,,Не рассмотрено,,17,3,Wave 2 (31–60 дней)
DEC-00445,Operation,OP-DRAFT-00006,model_id/canonical_sku; production_order_id; operation_type_id; planned_hours; actual_hours; output_qty; defect_qty; completion_status,РЕМОНТ,"Назначить production_order_id, operation_type, дату и факт часов",Производство,Высокий,Загрузка; производительность; фактическая cost,Планирование W4,,,Не рассмотрено,,17,3,Wave 2 (31–60 дней)
DEC-00446,Operation,OP-DRAFT-00007,model_id/canonical_sku; production_order_id; operation_type_id; planned_hours; actual_hours; output_qty; defect_qty; completion_status,РЕМОНТ,"Назначить production_order_id, operation_type, дату и факт часов",Производство,Высокий,Загрузка; производительность; фактическая cost,Планирование X4,,,Не рассмотрено,,17,3,Wave 2 (31–60 дней)
DEC-00447,Operation,OP-DRAFT-00008,model_id/canonical_sku; production_order_id; operation_type_id; planned_hours; actual_hours; output_qty; defect_qty; completion_status,РЕМОНТ,"Назначить production_order_id, operation_type, дату и факт часов",Производство,Высокий,Загрузка; производительность; фактическая cost,Планирование Y4,,,Не рассмотрено,,17,3,Wave 2 (31–60 дней)
DEC-00448,Operation,OP-DRAFT-00009,model_id/canonical_sku; production_order_id; operation_type_id; planned_hours; actual_hours; output_qty; defect_qty; completion_status,РЕМОНТ вырезка,"Назначить production_order_id, operation_type, дату и факт часов",Производство,Высокий,Загрузка; производительность; фактическая cost,Планирование AC4,,,Не рассмотрено,,17,3,Wave 2 (31–60 дней)
DEC-00449,Operation,OP-DRAFT-00010,model_id/canonical_sku; production_order_id; operation_type_id; planned_hours; actual_hours; output_qty; defect_qty; completion_status,РЕМОНТ вырезка,"Назначить production_order_id, operation_type, дату и факт часов",Производство,Высокий,Загрузка; производительность; фактическая cost,Планирование AD4,,,Не рассмотрено,,17,3,Wave 2 (31–60 дней)
DEC-00450,Operation,OP-DRAFT-00011,model_id/canonical_sku; production_order_id; operation_type_id; planned_hours; actual_hours; output_qty; defect_qty; completion_status,РЕМОНТ вырезка,"Назначить production_order_id, operation_type, дату и факт часов",Производство,Высокий,Загрузка; производительность; фактическая cost,Планирование AE4,,,Не рассмотрено,,17,3,Wave 2 (31–60 дней)
DEC-00451,Operation,OP-DRAFT-00012,model_id/canonical_sku; production_order_id; operation_type_id; planned_hours; actual_hours; output_qty; defect_qty; completion_status,РЕМОНТ вырезка,"Назначить production_order_id, operation_type, дату и факт часов",Производство,Высокий,Загрузка; производительность; фактическая cost,Планирование AF4,,,Не рассмотрено,,17,3,Wave 2 (31–60 дней)
DEC-00452,Operation,OP-DRAFT-00013,model_id/canonical_sku; production_order_id; operation_type_id; planned_hours; actual_hours; output_qty; defect_qty; completion_status,РЕМОНТ сметка кржева,"Назначить production_order_id, operation_type, дату и факт часов",Производство,Высокий,Загрузка; производительность; фактическая cost,Планирование AG4,,,Не рассмотрено,,17,3,Wave 2 (31–60 дней)
DEC-00453,Operation,OP-DRAFT-00015,model_id/canonical_sku; production_order_id; operation_type_id; planned_hours; actual_hours; output_qty; defect_qty; completion_status,ПРИОСТАНОВЛЕНО,"Назначить production_order_id, operation_type, дату и факт часов",Производство,Высокий,Загрузка; производительность; фактическая cost,Планирование I5,,,Не рассмотрено,,17,3,Wave 2 (31–60 дней)
DEC-00454,Operation,OP-DRAFT-00017,production_order_id; operation_type_id; planned_hours; actual_hours; output_qty; defect_qty; completion_status,48-25 вырезка,"Назначить production_order_id, operation_type, дату и факт часов",Производство,Высокий,Загрузка; производительность; фактическая cost,Планирование R5,,,Не рассмотрено,,17,3,Wave 2 (31–60 дней)
DEC-00455,Operation,OP-DRAFT-00018,production_order_id; operation_type_id; planned_hours; actual_hours; output_qty; defect_qty; completion_status,48-25 белое кружево,"Назначить production_order_id, operation_type, дату и факт часов",Производство,Высокий,Загрузка; производительность; фактическая cost,Планирование S5,,,Не рассмотрено,,17,3,Wave 2 (31–60 дней)
DEC-00456,Operation,OP-DRAFT-00019,production_order_id; operation_type_id; planned_hours; actual_hours; output_qty; defect_qty; completion_status,48-02 черн кружево,"Назначить production_order_id, operation_type, дату и факт часов",Производство,Высокий,Загрузка; производительность; фактическая cost,Планирование V5,,,Не рассмотрено,,17,3,Wave 2 (31–60 дней)
DEC-00457,Operation,OP-DRAFT-00020,production_order_id; operation_type_id; planned_hours; actual_hours; output_qty; defect_qty; completion_status,48-25 бел кружево,"Назначить production_order_id, operation_type, дату и факт часов",Производство,Высокий,Загрузка; производительность; фактическая cost,Планирование X5,,,Не рассмотрено,,17,3,Wave 2 (31–60 дней)
DEC-00458,Operation,OP-DRAFT-00021,production_order_id; operation_type_id; planned_hours; actual_hours; output_qty; defect_qty; completion_status,48-25 бел кружево,"Назначить production_order_id, operation_type, дату и факт часов",Производство,Высокий,Загрузка; производительность; фактическая cost,Планирование Y5,,,Не рассмотрено,,17,3,Wave 2 (31–60 дней)
DEC-00459,Operation,OP-DRAFT-00022,production_order_id; operation_type_id; planned_hours; actual_hours; output_qty; defect_qty; completion_status,48-25 бел кружево,"Назначить production_order_id, operation_type, дату и факт часов",Производство,Высокий,Загрузка; производительность; фактическая cost,Планирование Z5,,,Не рассмотрено,,17,3,Wave 2 (31–60 дней)
DEC-00460,Operation,OP-DRAFT-00023,production_order_id; operation_type_id; planned_hours; actual_hours; output_qty; defect_qty; completion_status,48-08 веточки,"Назначить production_order_id, operation_type, дату и факт часов",Производство,Высокий,Загрузка; производительность; фактическая cost,Планирование AC5,,,Не рассмотрено,,17,3,Wave 2 (31–60 дней)
DEC-00461,Operation,OP-DRAFT-00024,production_order_id; operation_type_id; planned_hours; actual_hours; output_qty; defect_qty; completion_status,"Вырезка цветочков 48-10 и 48-09,","Назначить production_order_id, operation_type, дату и факт часов",Производство,Высокий,Загрузка; производительность; фактическая cost,Планирование AD5,,,Не рассмотрено,,17,3,Wave 2 (31–60 дней)
DEC-00462,Operation,OP-DRAFT-00025,production_order_id; operation_type_id; planned_hours; actual_hours; output_qty; defect_qty; completion_status,Кулишова 0-3400 3 элемента,"Назначить production_order_id, operation_type, дату и факт часов",Производство,Высокий,Загрузка; производительность; фактическая cost,Планирование AE5,,,Не рассмотрено,,17,3,Wave 2 (31–60 дней)
DEC-00463,Operation,OP-DRAFT-00026,production_order_id; operation_type_id; planned_hours; actual_hours; output_qty; defect_qty; completion_status,48-02 лиф,"Назначить production_order_id, operation_type, дату и факт часов",Производство,Высокий,Загрузка; производительность; фактическая cost,Планирование AG5,,,Не рассмотрено,,17,3,Wave 2 (31–60 дней)
DEC-00464,Operation,OP-DRAFT-00027,production_order_id; operation_type_id; planned_hours; actual_hours; output_qty; defect_qty; completion_status,47-15 Казьмина 75д сд 29.05,"Назначить production_order_id, operation_type, дату и факт часов",Производство,Высокий,Загрузка; производительность; фактическая cost,Планирование I6,,,Не рассмотрено,,17,3,Wave 2 (31–60 дней)
DEC-00465,Operation,OP-DRAFT-00028,production_order_id; operation_type_id; planned_hours; actual_hours; output_qty; defect_qty; completion_status,Элисо 0-3384 2д сд3.06 + 3 дет на Гонтову юбка 0-3354,"Назначить production_order_id, operation_type, дату и факт часов",Производство,Высокий,Загрузка; производительность; фактическая cost,Планирование J7,,,Не рассмотрено,,17,3,Wave 2 (31–60 дней)
DEC-00466,Operation,OP-DRAFT-00029,model_id/canonical_sku; production_order_id; operation_type_id; planned_hours; actual_hours; output_qty; defect_qty; completion_status,48 букетики розочки мулине,"Назначить production_order_id, operation_type, дату и факт часов",Производство,Высокий,Загрузка; производительность; фактическая cost,Планирование K8,,,Не рассмотрено,,17,3,Wave 2 (31–60 дней)
DEC-00467,Operation,OP-DRAFT-00031,production_order_id; operation_type_id; planned_hours; actual_hours; output_qty; defect_qty; completion_status,0-3400 Уланова и 44-28 Казьмна,"Назначить production_order_id, operation_type, дату и факт часов",Производство,Высокий,Загрузка; производительность; фактическая cost,Планирование F9,,,Не рассмотрено,,17,3,Wave 2 (31–60 дней)
DEC-00468,Operation,OP-DRAFT-00032,production_order_id; operation_type_id; planned_hours; actual_hours; output_qty; defect_qty; completion_status,47-30 Уланова сд 1.06,"Назначить production_order_id, operation_type, дату и факт часов",Производство,Высокий,Загрузка; производительность; фактическая cost,Планирование H9,,,Не рассмотрено,,17,3,Wave 2 (31–60 дней)
DEC-00469,Operation,OP-DRAFT-00034,production_order_id; operation_type_id; planned_hours; actual_hours; output_qty; defect_qty; completion_status,48-20 крылышки,"Назначить production_order_id, operation_type, дату и факт часов",Производство,Высокий,Загрузка; производительность; фактическая cost,Планирование L9,,,Не рассмотрено,,17,3,Wave 2 (31–60 дней)
DEC-00470,Operation,OP-DRAFT-00035,production_order_id; operation_type_id; planned_hours; actual_hours; output_qty; defect_qty; completion_status,48-24 (Жукова),"Назначить production_order_id, operation_type, дату и факт часов",Производство,Высокий,Загрузка; производительность; фактическая cost,Планирование P9,,,Не рассмотрено,,17,3,Wave 2 (31–60 дней)
DEC-00471,Operation,OP-DRAFT-00036,model_id/canonical_sku; production_order_id; operation_type_id; planned_hours; actual_hours; output_qty; defect_qty; completion_status,ПЕРЕДАЛА,"Назначить production_order_id, operation_type, дату и факт часов",Производство,Высокий,Загрузка; производительность; фактическая cost,Планирование Q9,,,Не рассмотрено,,17,3,Wave 2 (31–60 дней)
DEC-00472,Operation,OP-DRAFT-00037,production_order_id; operation_type_id; planned_hours; actual_hours; output_qty; defect_qty; completion_status,48-20,"Назначить production_order_id, operation_type, дату и факт часов",Производство,Высокий,Загрузка; производительность; фактическая cost,Планирование R9,,,Не рассмотрено,,17,3,Wave 2 (31–60 дней)
DEC-00473,Operation,OP-DRAFT-00038,production_order_id; operation_type_id; planned_hours; actual_hours; output_qty; defect_qty; completion_status,48-17 желт кружево,"Назначить production_order_id, operation_type, дату и факт часов",Производство,Высокий,Загрузка; производительность; фактическая cost,Планирование V9,,,Не рассмотрено,,17,3,Wave 2 (31–60 дней)
DEC-00474,Operation,OP-DRAFT-00039,production_order_id; operation_type_id; planned_hours; actual_hours; output_qty; defect_qty; completion_status,48-17 желт кружево,"Назначить production_order_id, operation_type, дату и факт часов",Производство,Высокий,Загрузка; производительность; фактическая cost,Планирование W9,,,Не рассмотрено,,17,3,Wave 2 (31–60 дней)
DEC-00475,Operation,OP-DRAFT-00040,production_order_id; operation_type_id; planned_hours; actual_hours; output_qty; defect_qty; completion_status,48-17 желт кружево,"Назначить production_order_id, operation_type, дату и факт часов",Производство,Высокий,Загрузка; производительность; фактическая cost,Планирование X9,,,Не рассмотрено,,17,3,Wave 2 (31–60 дней)
DEC-00476,Operation,OP-DRAFT-00041,production_order_id; operation_type_id; planned_hours; actual_hours; output_qty; defect_qty; completion_status,48-04 лиф комбинезона,"Назначить production_order_id, operation_type, дату и факт часов",Производство,Высокий,Загрузка; производительность; фактическая cost,Планирование Y9,,,Не рассмотрено,,17,3,Wave 2 (31–60 дней)
DEC-00477,Operation,OP-DRAFT-00042,production_order_id; operation_type_id; planned_hours; actual_hours; output_qty; defect_qty; completion_status,48-26,"Назначить production_order_id, operation_type, дату и факт часов",Производство,Высокий,Загрузка; производительность; фактическая cost,Планирование Z9,,,Не рассмотрено,,17,3,Wave 2 (31–60 дней)
DEC-00478,Operation,OP-DRAFT-00043,production_order_id; operation_type_id; planned_hours; actual_hours; output_qty; defect_qty; completion_status,48-26,"Назначить production_order_id, operation_type, дату и факт часов",Производство,Высокий,Загрузка; производительность; фактическая cost,Планирование AA9,,,Не рассмотрено,,17,3,Wave 2 (31–60 дней)
DEC-00479,Operation,OP-DRAFT-00044,production_order_id; operation_type_id; planned_hours; actual_hours; output_qty; defect_qty; completion_status,48-26 кружево на юбку,"Назначить production_order_id, operation_type, дату и факт часов",Производство,Высокий,Загрузка; производительность; фактическая cost,Планирование AC9,,,Не рассмотрено,,17,3,Wave 2 (31–60 дней)
DEC-00480,Operation,OP-DRAFT-00045,production_order_id; operation_type_id; planned_hours; actual_hours; output_qty; defect_qty; completion_status,48-26 кружево на юбку,"Назначить production_order_id, operation_type, дату и факт часов",Производство,Высокий,Загрузка; производительность; фактическая cost,Планирование AD9,,,Не рассмотрено,,17,3,Wave 2 (31–60 дней)
DEC-00481,Operation,OP-DRAFT-00046,production_order_id; operation_type_id; planned_hours; actual_hours; output_qty; defect_qty; completion_status,48-26 кружево на юбку,"Назначить production_order_id, operation_type, дату и факт часов",Производство,Высокий,Загрузка; производительность; фактическая cost,Планирование AE9,,,Не рассмотрено,,17,3,Wave 2 (31–60 дней)
DEC-00482,Operation,OP-DRAFT-00047,production_order_id; operation_type_id; planned_hours; actual_hours; output_qty; defect_qty; completion_status,48-26 кружево на юбку,"Назначить production_order_id, operation_type, дату и факт часов",Производство,Высокий,Загрузка; производительность; фактическая cost,Планирование AF9,,,Не рассмотрено,,17,3,Wave 2 (31–60 дней)
DEC-00483,Operation,OP-DRAFT-00048,production_order_id; operation_type_id; planned_hours; actual_hours; output_qty; defect_qty; completion_status,48-26 кружево на юбку,"Назначить production_order_id, operation_type, дату и факт часов",Производство,Высокий,Загрузка; производительность; фактическая cost,Планирование AG9,,,Не рассмотрено,,17,3,Wave 2 (31–60 дней)
DEC-00484,Operation,OP-DRAFT-00049,production_order_id; operation_type_id; planned_hours; actual_hours; output_qty; defect_qty; completion_status,47-30 Марианна,"Назначить production_order_id, operation_type, дату и факт часов",Производство,Высокий,Загрузка; производительность; фактическая cost,Планирование CG9,,,Не рассмотрено,,17,3,Wave 2 (31–60 дней)
DEC-00485,Operation,OP-DRAFT-00050,production_order_id; operation_type_id; planned_hours; actual_hours; output_qty; defect_qty; completion_status,47-30 Марианна,"Назначить production_order_id, operation_type, дату и факт часов",Производство,Высокий,Загрузка; производительность; фактическая cost,Планирование CH9,,,Не рассмотрено,,17,3,Wave 2 (31–60 дней)
DEC-00486,Operation,OP-DRAFT-00051,production_order_id; operation_type_id; planned_hours; actual_hours; output_qty; defect_qty; completion_status,47-30 Марианна,"Назначить production_order_id, operation_type, дату и факт часов",Производство,Высокий,Загрузка; производительность; фактическая cost,Планирование CI9,,,Не рассмотрено,,17,3,Wave 2 (31–60 дней)
DEC-00487,Operation,OP-DRAFT-00052,production_order_id; operation_type_id; planned_hours; actual_hours; output_qty; defect_qty; completion_status,47-30 Марианна,"Назначить production_order_id, operation_type, дату и факт часов",Производство,Высокий,Загрузка; производительность; фактическая cost,Планирование CJ9,,,Не рассмотрено,,17,3,Wave 2 (31–60 дней)
DEC-00488,Operation,OP-DRAFT-00053,production_order_id; operation_type_id; planned_hours; actual_hours; output_qty; defect_qty; completion_status,47-30 Марианна,"Назначить production_order_id, operation_type, дату и факт часов",Производство,Высокий,Загрузка; производительность; фактическая cost,Планирование CK9,,,Не рассмотрено,,17,3,Wave 2 (31–60 дней)
DEC-00489,Operation,OP-DRAFT-00054,production_order_id; operation_type_id; planned_hours; actual_hours; output_qty; defect_qty; completion_status,47-30 Марианна,"Назначить production_order_id, operation_type, дату и факт часов",Производство,Высокий,Загрузка; производительность; фактическая cost,Планирование CN9,,,Не рассмотрено,,17,3,Wave 2 (31–60 дней)
DEC-00490,Operation,OP-DRAFT-00055,production_order_id; operation_type_id; planned_hours; actual_hours; output_qty; defect_qty; completion_status,47-30 Марианна,"Назначить production_order_id, operation_type, дату и факт часов",Производство,Высокий,Загрузка; производительность; фактическая cost,Планирование CO9,,,Не рассмотрено,,17,3,Wave 2 (31–60 дней)
DEC-00491,Operation,OP-DRAFT-00056,production_order_id; operation_type_id; planned_hours; actual_hours; output_qty; defect_qty; completion_status,48-19,"Назначить production_order_id, operation_type, дату и факт часов",Производство,Высокий,Загрузка; производительность; фактическая cost,Планирование O10,,,Не рассмотрено,,17,3,Wave 2 (31–60 дней)
DEC-00492,Operation,OP-DRAFT-00057,production_order_id; operation_type_id; planned_hours; actual_hours; output_qty; defect_qty; completion_status,"48-26, 27, 28, 29, 31, 32","Назначить production_order_id, operation_type, дату и факт часов",Производство,Высокий,Загрузка; производительность; фактическая cost,Планирование P11,,,Не рассмотрено,,17,3,Wave 2 (31–60 дней)
DEC-00493,Operation,OP-DRAFT-00058,production_order_id; operation_type_id; planned_hours; actual_hours; output_qty; defect_qty; completion_status,"47-19 Магдалина 9д сд 28, ИЗМЕНИЛИ КОНСТРУКЦИЮ, +1д","Назначить production_order_id, operation_type, дату и факт часов",Производство,Высокий,Загрузка; производительность; фактическая cost,Планирование F13,,,Не рассмотрено,,17,3,Wave 2 (31–60 дней)
DEC-00494,Operation,OP-DRAFT-00059,production_order_id; operation_type_id; planned_hours; actual_hours; output_qty; defect_qty; completion_status,"48-13 листья, веточки, колокольчки, листья ландышей","Назначить production_order_id, operation_type, дату и факт часов",Производство,Высокий,Загрузка; производительность; фактическая cost,Планирование O13,,,Не рассмотрено,,17,3,Wave 2 (31–60 дней)
DEC-00495,Operation,OP-DRAFT-00061,model_id/canonical_sku; production_order_id; operation_type_id; planned_hours; actual_hours; output_qty; defect_qty; completion_status,"Рукава Кулишовой, Веточки?","Назначить production_order_id, operation_type, дату и факт часов",Производство,Высокий,Загрузка; производительность; фактическая cost,Планирование X13,,,Не рассмотрено,,17,3,Wave 2 (31–60 дней)
DEC-00496,Operation,OP-DRAFT-00062,production_order_id; operation_type_id; planned_hours; actual_hours; output_qty; defect_qty; completion_status,"Листья ландышей, цветы на 48-09, 48-18 васильки","Назначить production_order_id, operation_type, дату и факт часов",Производство,Высокий,Загрузка; производительность; фактическая cost,Планирование AC13,,,Не рассмотрено,,17,3,Wave 2 (31–60 дней)
DEC-00497,Operation,OP-DRAFT-00063,production_order_id; operation_type_id; planned_hours; actual_hours; output_qty; defect_qty; completion_status,0-3400 Шелудченко,"Назначить production_order_id, operation_type, дату и факт часов",Производство,Высокий,Загрузка; производительность; фактическая cost,Планирование AD13,,,Не рассмотрено,,17,3,Wave 2 (31–60 дней)
DEC-00498,Operation,OP-DRAFT-00064,production_order_id; operation_type_id; planned_hours; actual_hours; output_qty; defect_qty; completion_status,зубчики 48-24,"Назначить production_order_id, operation_type, дату и факт часов",Производство,Высокий,Загрузка; производительность; фактическая cost,Планирование AE13,,,Не рассмотрено,,17,3,Wave 2 (31–60 дней)
DEC-00499,Operation,OP-DRAFT-00065,production_order_id; operation_type_id; planned_hours; actual_hours; output_qty; defect_qty; completion_status,цветы 48-09,"Назначить production_order_id, operation_type, дату и факт часов",Производство,Высокий,Загрузка; производительность; фактическая cost,Планирование AF13,,,Не рассмотрено,,17,3,Wave 2 (31–60 дней)
DEC-00500,Operation,OP-DRAFT-00066,production_order_id; operation_type_id; planned_hours; actual_hours; output_qty; defect_qty; completion_status,47-30 Уланова 32д сд 25.05,"Назначить production_order_id, operation_type, дату и факт часов",Производство,Высокий,Загрузка; производительность; фактическая cost,Планирование C14,,,Не рассмотрено,,17,3,Wave 2 (31–60 дней)
DEC-00501,Operation,OP-DRAFT-00067,production_order_id; operation_type_id; planned_hours; actual_hours; output_qty; defect_qty; completion_status,"47-27 Кислова 22д, сд 8.06","Назначить production_order_id, operation_type, дату и факт часов",Производство,Высокий,Загрузка; производительность; фактическая cost,Планирование E14,,,Не рассмотрено,,17,3,Wave 2 (31–60 дней)
DEC-00502,Operation,OP-DRAFT-00068,model_id/canonical_sku; production_order_id; operation_type_id; planned_hours; actual_hours; output_qty; defect_qty; completion_status,ПРИОСТАНОВЛЕНО,"Назначить production_order_id, operation_type, дату и факт часов",Производство,Высокий,Загрузка; производительность; фактическая cost,Планирование I14,,,Не рассмотрено,,17,3,Wave 2 (31–60 дней)
DEC-00503,Operation,OP-DRAFT-00069,production_order_id; operation_type_id; planned_hours; actual_hours; output_qty; defect_qty; completion_status,Кислова 47-27 сд 8.06,"Назначить production_order_id, operation_type, дату и факт часов",Производство,Высокий,Загрузка; производительность; фактическая cost,Планирование O14,,,Не рассмотрено,,17,3,Wave 2 (31–60 дней)
DEC-00504,Operation,OP-DRAFT-00070,production_order_id; operation_type_id; planned_hours; actual_hours; output_qty; defect_qty; completion_status,47-14 Владимирова,"Назначить production_order_id, operation_type, дату и факт часов",Производство,Высокий,Загрузка; производительность; фактическая cost,Планирование V14,,,Не рассмотрено,,17,3,Wave 2 (31–60 дней)
DEC-00505,Operation,OP-DRAFT-00071,production_order_id; operation_type_id; planned_hours; actual_hours; output_qty; defect_qty; completion_status,47-27 Кислова,"Назначить production_order_id, operation_type, дату и факт часов",Производство,Высокий,Загрузка; производительность; фактическая cost,Планирование W14,,,Не рассмотрено,,17,3,Wave 2 (31–60 дней)
DEC-00506,Operation,OP-DRAFT-00073,production_order_id; operation_type_id; planned_hours; actual_hours; output_qty; defect_qty; completion_status,48-08 веточки,"Назначить production_order_id, operation_type, дату и факт часов",Производство,Высокий,Загрузка; производительность; фактическая cost,Планирование Y14,,,Не рассмотрено,,17,3,Wave 2 (31–60 дней)
DEC-00507,Operation,OP-DRAFT-00074,production_order_id; operation_type_id; planned_hours; actual_hours; output_qty; defect_qty; completion_status,48-08 веточки,"Назначить production_order_id, operation_type, дату и факт часов",Производство,Высокий,Загрузка; производительность; фактическая cost,Планирование AC14,,,Не рассмотрено,,17,3,Wave 2 (31–60 дней)
DEC-00508,Operation,OP-DRAFT-00075,production_order_id; operation_type_id; planned_hours; actual_hours; output_qty; defect_qty; completion_status,48-08 веточки,"Назначить production_order_id, operation_type, дату и факт часов",Производство,Высокий,Загрузка; производительность; фактическая cost,Планирование AD14,,,Не рассмотрено,,17,3,Wave 2 (31–60 дней)
DEC-00509,Operation,OP-DRAFT-00076,production_order_id; operation_type_id; planned_hours; actual_hours; output_qty; defect_qty; completion_status,48-08 веточки,"Назначить production_order_id, operation_type, дату и факт часов",Производство,Высокий,Загрузка; производительность; фактическая cost,Планирование AE14,,,Не рассмотрено,,17,3,Wave 2 (31–60 дней)
DEC-00510,Operation,OP-DRAFT-00077,production_order_id; operation_type_id; planned_hours; actual_hours; output_qty; defect_qty; completion_status,48-08 веточки,"Назначить production_order_id, operation_type, дату и факт часов",Производство,Высокий,Загрузка; производительность; фактическая cost,Планирование AF14,,,Не рассмотрено,,17,3,Wave 2 (31–60 дней)
DEC-00511,Operation,OP-DRAFT-00078,production_order_id; operation_type_id; planned_hours; actual_hours; output_qty; defect_qty; completion_status,48-27 юбка пришив,"Назначить production_order_id, operation_type, дату и факт часов",Производство,Высокий,Загрузка; производительность; фактическая cost,Планирование AG14,,,Не рассмотрено,,17,3,Wave 2 (31–60 дней)
DEC-00512,Operation,OP-DRAFT-00079,production_order_id; operation_type_id; planned_hours; actual_hours; output_qty; defect_qty; completion_status,47-15 Казьмина 75д сд 29.05,"Назначить production_order_id, operation_type, дату и факт часов",Производство,Высокий,Загрузка; производительность; фактическая cost,Планирование I15,,,Не рассмотрено,,17,3,Wave 2 (31–60 дней)
DEC-00513,Operation,OP-DRAFT-00081,model_id/canonical_sku; production_order_id; operation_type_id; planned_hours; actual_hours; output_qty; defect_qty; completion_status,Приедет,"Назначить production_order_id, operation_type, дату и факт часов",Производство,Высокий,Загрузка; производительность; фактическая cost,Планирование E16,,,Не рассмотрено,,17,3,Wave 2 (31–60 дней)
DEC-00514,Operation,OP-DRAFT-00082,production_order_id; operation_type_id; planned_hours; actual_hours; output_qty; defect_qty; completion_status,47-12 Владимирова брюки,"Назначить production_order_id, operation_type, дату и факт часов",Производство,Высокий,Загрузка; производительность; фактическая cost,Планирование L16,,,Не рассмотрено,,17,3,Wave 2 (31–60 дней)
DEC-00515,Operation,OP-DRAFT-00083,production_order_id; operation_type_id; planned_hours; actual_hours; output_qty; defect_qty; completion_status,48-09 цветочки,"Назначить production_order_id, operation_type, дату и факт часов",Производство,Высокий,Загрузка; производительность; фактическая cost,Планирование O16,,,Не рассмотрено,,17,3,Wave 2 (31–60 дней)
DEC-00516,Operation,OP-DRAFT-00084,model_id/canonical_sku; production_order_id; operation_type_id; planned_hours; actual_hours; output_qty; defect_qty; completion_status,Элисо каф,"Назначить production_order_id, operation_type, дату и факт часов",Производство,Высокий,Загрузка; производительность; фактическая cost,Планирование P16,,,Не рассмотрено,,17,3,Wave 2 (31–60 дней)
DEC-00517,Operation,OP-DRAFT-00085,production_order_id; operation_type_id; planned_hours; actual_hours; output_qty; defect_qty; completion_status,Сазонова 47-19,"Назначить production_order_id, operation_type, дату и факт часов",Производство,Высокий,Загрузка; производительность; фактическая cost,Планирование R16,,,Не рассмотрено,,17,3,Wave 2 (31–60 дней)
DEC-00518,Operation,OP-DRAFT-00086,production_order_id; operation_type_id; planned_hours; actual_hours; output_qty; defect_qty; completion_status,48-09 цветочки,"Назначить production_order_id, operation_type, дату и факт часов",Производство,Высокий,Загрузка; производительность; фактическая cost,Планирование S16,,,Не рассмотрено,,17,3,Wave 2 (31–60 дней)
DEC-00519,Operation,OP-DRAFT-00087,production_order_id; operation_type_id; planned_hours; actual_hours; output_qty; defect_qty; completion_status,"гладь на 48-09, гладь 48-17","Назначить production_order_id, operation_type, дату и факт часов",Производство,Высокий,Загрузка; производительность; фактическая cost,Планирование V16,,,Не рассмотрено,,17,3,Wave 2 (31–60 дней)
DEC-00520,Operation,OP-DRAFT-00088,production_order_id; operation_type_id; planned_hours; actual_hours; output_qty; defect_qty; completion_status,"гладь на 48-09, гладь 48-17","Назначить production_order_id, operation_type, дату и факт часов",Производство,Высокий,Загрузка; производительность; фактическая cost,Планирование AC16,,,Не рассмотрено,,17,3,Wave 2 (31–60 дней)
DEC-00521,Operation,OP-DRAFT-00089,production_order_id; operation_type_id; planned_hours; actual_hours; output_qty; defect_qty; completion_status,48-09 цветочки пай,"Назначить production_order_id, operation_type, дату и факт часов",Производство,Высокий,Загрузка; производительность; фактическая cost,Планирование AD16,,,Не рассмотрено,,17,3,Wave 2 (31–60 дней)
DEC-00522,Operation,OP-DRAFT-00090,production_order_id; operation_type_id; planned_hours; actual_hours; output_qty; defect_qty; completion_status,48-09 цветочки пай,"Назначить production_order_id, operation_type, дату и факт часов",Производство,Высокий,Загрузка; производительность; фактическая cost,Планирование AE16,,,Не рассмотрено,,17,3,Wave 2 (31–60 дней)
DEC-00523,Operation,OP-DRAFT-00091,production_order_id; operation_type_id; planned_hours; actual_hours; output_qty; defect_qty; completion_status,48-22 шорты подготовка к вышивке,"Назначить production_order_id, operation_type, дату и факт часов",Производство,Высокий,Загрузка; производительность; фактическая cost,Планирование AF16,,,Не рассмотрено,,17,3,Wave 2 (31–60 дней)
DEC-00524,Operation,OP-DRAFT-00092,production_order_id; operation_type_id; planned_hours; actual_hours; output_qty; defect_qty; completion_status,47-30 Уланова 32д сд 25.05,"Назначить production_order_id, operation_type, дату и факт часов",Производство,Высокий,Загрузка; производительность; фактическая cost,Планирование C17,,,Не рассмотрено,,17,3,Wave 2 (31–60 дней)
DEC-00525,Operation,OP-DRAFT-00093,model_id/canonical_sku; production_order_id; operation_type_id; planned_hours; actual_hours; output_qty; defect_qty; completion_status,48 букетики розочки мулине,"Назначить production_order_id, operation_type, дату и факт часов",Производство,Высокий,Загрузка; производительность; фактическая cost,Планирование K17,,,Не рассмотрено,,17,3,Wave 2 (31–60 дней)
DEC-00526,Operation,OP-DRAFT-00094,production_order_id; operation_type_id; planned_hours; actual_hours; output_qty; defect_qty; completion_status,48-09 цветочки пайетки,"Назначить production_order_id, operation_type, дату и факт часов",Производство,Высокий,Загрузка; производительность; фактическая cost,Планирование O17,,,Не рассмотрено,,17,3,Wave 2 (31–60 дней)
DEC-00527,Operation,OP-DRAFT-00096,production_order_id; operation_type_id; planned_hours; actual_hours; output_qty; defect_qty; completion_status,"48-09 цветочки пайетки, 48-02 гладь","Назначить production_order_id, operation_type, дату и факт часов",Производство,Высокий,Загрузка; производительность; фактическая cost,Планирование V17,,,Не рассмотрено,,17,3,Wave 2 (31–60 дней)
DEC-00528,Operation,OP-DRAFT-00099,production_order_id; operation_type_id; planned_hours; actual_hours; output_qty; defect_qty; completion_status,48-08,"Назначить production_order_id, operation_type, дату и факт часов",Производство,Высокий,Загрузка; производительность; фактическая cost,Планирование Y17,,,Не рассмотрено,,17,3,Wave 2 (31–60 дней)
DEC-00529,Operation,OP-DRAFT-00100,production_order_id; operation_type_id; planned_hours; actual_hours; output_qty; defect_qty; completion_status,48-08 веточки,"Назначить production_order_id, operation_type, дату и факт часов",Производство,Высокий,Загрузка; производительность; фактическая cost,Планирование Z17,,,Не рассмотрено,,17,3,Wave 2 (31–60 дней)
DEC-00530,Operation,OP-DRAFT-00101,production_order_id; operation_type_id; planned_hours; actual_hours; output_qty; defect_qty; completion_status,48-08 веточки,"Назначить production_order_id, operation_type, дату и факт часов",Производство,Высокий,Загрузка; производительность; фактическая cost,Планирование AA17,,,Не рассмотрено,,17,3,Wave 2 (31–60 дней)
DEC-00531,Operation,OP-DRAFT-00102,production_order_id; operation_type_id; planned_hours; actual_hours; output_qty; defect_qty; completion_status,48-22 кружево приметка,"Назначить production_order_id, operation_type, дату и факт часов",Производство,Высокий,Загрузка; производительность; фактическая cost,Планирование AC17,,,Не рассмотрено,,17,3,Wave 2 (31–60 дней)
DEC-00532,Operation,OP-DRAFT-00103,production_order_id; operation_type_id; planned_hours; actual_hours; output_qty; defect_qty; completion_status,48-26 колье,"Назначить production_order_id, operation_type, дату и факт часов",Производство,Высокий,Загрузка; производительность; фактическая cost,Планирование AD17,,,Не рассмотрено,,17,3,Wave 2 (31–60 дней)
DEC-00533,Operation,OP-DRAFT-00104,production_order_id; operation_type_id; planned_hours; actual_hours; output_qty; defect_qty; completion_status,Нуряева 0-3407,"Назначить production_order_id, operation_type, дату и факт часов",Производство,Высокий,Загрузка; производительность; фактическая cost,Планирование AE17,,,Не рассмотрено,,17,3,Wave 2 (31–60 дней)
DEC-00534,Operation,OP-DRAFT-00105,production_order_id; operation_type_id; planned_hours; actual_hours; output_qty; defect_qty; completion_status,48-26 колье,"Назначить production_order_id, operation_type, дату и факт часов",Производство,Высокий,Загрузка; производительность; фактическая cost,Планирование AF17,,,Не рассмотрено,,17,3,Wave 2 (31–60 дней)
DEC-00535,Operation,OP-DRAFT-00106,production_order_id; operation_type_id; planned_hours; actual_hours; output_qty; defect_qty; completion_status,48-26 колье,"Назначить production_order_id, operation_type, дату и факт часов",Производство,Высокий,Загрузка; производительность; фактическая cost,Планирование AG17,,,Не рассмотрено,,17,3,Wave 2 (31–60 дней)
DEC-00536,Operation,OP-DRAFT-00107,model_id/canonical_sku; production_order_id; operation_type_id; planned_hours; actual_hours; output_qty; defect_qty; completion_status,48 по ситации,"Назначить production_order_id, operation_type, дату и факт часов",Производство,Высокий,Загрузка; производительность; фактическая cost,Планирование AJ17,,,Не рассмотрено,,17,3,Wave 2 (31–60 дней)
DEC-00537,Operation,OP-DRAFT-00108,production_order_id; operation_type_id; planned_hours; actual_hours; output_qty; defect_qty; completion_status,47-30 Марианна,"Назначить production_order_id, operation_type, дату и факт часов",Производство,Высокий,Загрузка; производительность; фактическая cost,Планирование BE17,,,Не рассмотрено,,17,3,Wave 2 (31–60 дней)
DEC-00538,Operation,OP-DRAFT-00109,production_order_id; operation_type_id; planned_hours; actual_hours; output_qty; defect_qty; completion_status,47-30 Марианна,"Назначить production_order_id, operation_type, дату и факт часов",Производство,Высокий,Загрузка; производительность; фактическая cost,Планирование BF17,,,Не рассмотрено,,17,3,Wave 2 (31–60 дней)
DEC-00539,Operation,OP-DRAFT-00110,production_order_id; operation_type_id; planned_hours; actual_hours; output_qty; defect_qty; completion_status,47-30 Марианна,"Назначить production_order_id, operation_type, дату и факт часов",Производство,Высокий,Загрузка; производительность; фактическая cost,Планирование BG17,,,Не рассмотрено,,17,3,Wave 2 (31–60 дней)
DEC-00540,Operation,OP-DRAFT-00111,production_order_id; operation_type_id; planned_hours; actual_hours; output_qty; defect_qty; completion_status,47-30 Марианна,"Назначить production_order_id, operation_type, дату и факт часов",Производство,Высокий,Загрузка; производительность; фактическая cost,Планирование BH17,,,Не рассмотрено,,17,3,Wave 2 (31–60 дней)
DEC-00541,Operation,OP-DRAFT-00112,production_order_id; operation_type_id; planned_hours; actual_hours; output_qty; defect_qty; completion_status,47-30 Марианна,"Назначить production_order_id, operation_type, дату и факт часов",Производство,Высокий,Загрузка; производительность; фактическая cost,Планирование BI17,,,Не рассмотрено,,17,3,Wave 2 (31–60 дней)
DEC-00542,Operation,OP-DRAFT-00113,production_order_id; operation_type_id; planned_hours; actual_hours; output_qty; defect_qty; completion_status,47-30 Марианна,"Назначить production_order_id, operation_type, дату и факт часов",Производство,Высокий,Загрузка; производительность; фактическая cost,Планирование BL17,,,Не рассмотрено,,17,3,Wave 2 (31–60 дней)
DEC-00543,Operation,OP-DRAFT-00114,production_order_id; operation_type_id; planned_hours; actual_hours; output_qty; defect_qty; completion_status,47-30 Марианна,"Назначить production_order_id, operation_type, дату и факт часов",Производство,Высокий,Загрузка; производительность; фактическая cost,Планирование BM17,,,Не рассмотрено,,17,3,Wave 2 (31–60 дней)
DEC-00544,Operation,OP-DRAFT-00115,production_order_id; operation_type_id; planned_hours; actual_hours; output_qty; defect_qty; completion_status,47-30 Марианна,"Назначить production_order_id, operation_type, дату и факт часов",Производство,Высокий,Загрузка; производительность; фактическая cost,Планирование BN17,,,Не рассмотрено,,17,3,Wave 2 (31–60 дней)
DEC-00545,Operation,OP-DRAFT-00116,production_order_id; operation_type_id; planned_hours; actual_hours; output_qty; defect_qty; completion_status,47-30 Марианна,"Назначить production_order_id, operation_type, дату и факт часов",Производство,Высокий,Загрузка; производительность; фактическая cost,Планирование BO17,,,Не рассмотрено,,17,3,Wave 2 (31–60 дней)
DEC-00546,Operation,OP-DRAFT-00117,production_order_id; operation_type_id; planned_hours; actual_hours; output_qty; defect_qty; completion_status,47-30 Марианна,"Назначить production_order_id, operation_type, дату и факт часов",Производство,Высокий,Загрузка; производительность; фактическая cost,Планирование BP17,,,Не рассмотрено,,17,3,Wave 2 (31–60 дней)
DEC-00547,Operation,OP-DRAFT-00118,production_order_id; operation_type_id; planned_hours; actual_hours; output_qty; defect_qty; completion_status,47-30 Марианна,"Назначить production_order_id, operation_type, дату и факт часов",Производство,Высокий,Загрузка; производительность; фактическая cost,Планирование BS17,,,Не рассмотрено,,17,3,Wave 2 (31–60 дней)
DEC-00548,Operation,OP-DRAFT-00119,production_order_id; operation_type_id; planned_hours; actual_hours; output_qty; defect_qty; completion_status,47-30 Марианна,"Назначить production_order_id, operation_type, дату и факт часов",Производство,Высокий,Загрузка; производительность; фактическая cost,Планирование BT17,,,Не рассмотрено,,17,3,Wave 2 (31–60 дней)
DEC-00549,Operation,OP-DRAFT-00120,production_order_id; operation_type_id; planned_hours; actual_hours; output_qty; defect_qty; completion_status,47-30 Марианна,"Назначить production_order_id, operation_type, дату и факт часов",Производство,Высокий,Загрузка; производительность; фактическая cost,Планирование BU17,,,Не рассмотрено,,17,3,Wave 2 (31–60 дней)
DEC-00550,Operation,OP-DRAFT-00121,production_order_id; operation_type_id; planned_hours; actual_hours; output_qty; defect_qty; completion_status,47-30 Марианна,"Назначить production_order_id, operation_type, дату и факт часов",Производство,Высокий,Загрузка; производительность; фактическая cost,Планирование BV17,,,Не рассмотрено,,17,3,Wave 2 (31–60 дней)
DEC-00551,Operation,OP-DRAFT-00122,production_order_id; operation_type_id; planned_hours; actual_hours; output_qty; defect_qty; completion_status,47-30 Марианна,"Назначить production_order_id, operation_type, дату и факт часов",Производство,Высокий,Загрузка; производительность; фактическая cost,Планирование BW17,,,Не рассмотрено,,17,3,Wave 2 (31–60 дней)
DEC-00552,Operation,OP-DRAFT-00123,production_order_id; operation_type_id; planned_hours; actual_hours; output_qty; defect_qty; completion_status,47-30 Марианна,"Назначить production_order_id, operation_type, дату и факт часов",Производство,Высокий,Загрузка; производительность; фактическая cost,Планирование BZ17,,,Не рассмотрено,,17,3,Wave 2 (31–60 дней)
DEC-00553,Operation,OP-DRAFT-00124,production_order_id; operation_type_id; planned_hours; actual_hours; output_qty; defect_qty; completion_status,47-30 Марианна,"Назначить production_order_id, operation_type, дату и факт часов",Производство,Высокий,Загрузка; производительность; фактическая cost,Планирование CA17,,,Не рассмотрено,,17,3,Wave 2 (31–60 дней)
DEC-00554,Operation,OP-DRAFT-00125,production_order_id; operation_type_id; planned_hours; actual_hours; output_qty; defect_qty; completion_status,47-30 Марианна,"Назначить production_order_id, operation_type, дату и факт часов",Производство,Высокий,Загрузка; производительность; фактическая cost,Планирование CB17,,,Не рассмотрено,,17,3,Wave 2 (31–60 дней)
DEC-00555,Operation,OP-DRAFT-00126,production_order_id; operation_type_id; planned_hours; actual_hours; output_qty; defect_qty; completion_status,47-30 Марианна,"Назначить production_order_id, operation_type, дату и факт часов",Производство,Высокий,Загрузка; производительность; фактическая cost,Планирование CC17,,,Не рассмотрено,,17,3,Wave 2 (31–60 дней)
DEC-00556,Operation,OP-DRAFT-00127,production_order_id; operation_type_id; planned_hours; actual_hours; output_qty; defect_qty; completion_status,47-30 Марианна,"Назначить production_order_id, operation_type, дату и факт часов",Производство,Высокий,Загрузка; производительность; фактическая cost,Планирование CD17,,,Не рассмотрено,,17,3,Wave 2 (31–60 дней)
DEC-00557,Operation,OP-DRAFT-00128,production_order_id; operation_type_id; planned_hours; actual_hours; output_qty; defect_qty; completion_status,"47-20 Борисевич 21д, сд 27.05","Назначить production_order_id, operation_type, дату и факт часов",Производство,Высокий,Загрузка; производительность; фактическая cost,Планирование C18,,,Не рассмотрено,,17,3,Wave 2 (31–60 дней)
DEC-00558,Operation,OP-DRAFT-00130,production_order_id; operation_type_id; planned_hours; actual_hours; output_qty; defect_qty; completion_status,48-28,"Назначить production_order_id, operation_type, дату и факт часов",Производство,Высокий,Загрузка; производительность; фактическая cost,Планирование O18,,,Не рассмотрено,,17,3,Wave 2 (31–60 дней)
DEC-00559,Operation,OP-DRAFT-00131,production_order_id; operation_type_id; planned_hours; actual_hours; output_qty; defect_qty; completion_status,48-10,"Назначить production_order_id, operation_type, дату и факт часов",Производство,Высокий,Загрузка; производительность; фактическая cost,Планирование V18,,,Не рассмотрено,,17,3,Wave 2 (31–60 дней)
DEC-00560,Operation,OP-DRAFT-00132,production_order_id; operation_type_id; planned_hours; actual_hours; output_qty; defect_qty; completion_status,48-28,"Назначить production_order_id, operation_type, дату и факт часов",Производство,Высокий,Загрузка; производительность; фактическая cost,Планирование AC18,,,Не рассмотрено,,17,3,Wave 2 (31–60 дней)
DEC-00561,Operation,OP-DRAFT-00133,production_order_id; operation_type_id; planned_hours; actual_hours; output_qty; defect_qty; completion_status,48-28,"Назначить production_order_id, operation_type, дату и факт часов",Производство,Высокий,Загрузка; производительность; фактическая cost,Планирование AD18,,,Не рассмотрено,,17,3,Wave 2 (31–60 дней)
DEC-00562,Operation,OP-DRAFT-00134,production_order_id; operation_type_id; planned_hours; actual_hours; output_qty; defect_qty; completion_status,48-08,"Назначить production_order_id, operation_type, дату и факт часов",Производство,Высокий,Загрузка; производительность; фактическая cost,Планирование AE18,,,Не рассмотрено,,17,3,Wave 2 (31–60 дней)
DEC-00563,Operation,OP-DRAFT-00135,production_order_id; operation_type_id; planned_hours; actual_hours; output_qty; defect_qty; completion_status,48-08,"Назначить production_order_id, operation_type, дату и факт часов",Производство,Высокий,Загрузка; производительность; фактическая cost,Планирование AF18,,,Не рассмотрено,,17,3,Wave 2 (31–60 дней)
DEC-00564,Operation,OP-DRAFT-00136,production_order_id; operation_type_id; planned_hours; actual_hours; output_qty; defect_qty; completion_status,48-17 гладь/48-29,"Назначить production_order_id, operation_type, дату и факт часов",Производство,Высокий,Загрузка; производительность; фактическая cost,Планирование AG18,,,Не рассмотрено,,17,3,Wave 2 (31–60 дней)
DEC-00565,Operation,OP-DRAFT-00137,production_order_id; operation_type_id; planned_hours; actual_hours; output_qty; defect_qty; completion_status,47-30 Марианна,"Назначить production_order_id, operation_type, дату и факт часов",Производство,Высокий,Загрузка; производительность; фактическая cost,Планирование BE18,,,Не рассмотрено,,17,3,Wave 2 (31–60 дней)
DEC-00566,Operation,OP-DRAFT-00138,production_order_id; operation_type_id; planned_hours; actual_hours; output_qty; defect_qty; completion_status,47-30 Марианна,"Назначить production_order_id, operation_type, дату и факт часов",Производство,Высокий,Загрузка; производительность; фактическая cost,Планирование BF18,,,Не рассмотрено,,17,3,Wave 2 (31–60 дней)
DEC-00567,Operation,OP-DRAFT-00139,production_order_id; operation_type_id; planned_hours; actual_hours; output_qty; defect_qty; completion_status,47-30 Марианна,"Назначить production_order_id, operation_type, дату и факт часов",Производство,Высокий,Загрузка; производительность; фактическая cost,Планирование BG18,,,Не рассмотрено,,17,3,Wave 2 (31–60 дней)
DEC-00568,Operation,OP-DRAFT-00140,production_order_id; operation_type_id; planned_hours; actual_hours; output_qty; defect_qty; completion_status,47-30 Марианна,"Назначить production_order_id, operation_type, дату и факт часов",Производство,Высокий,Загрузка; производительность; фактическая cost,Планирование BH18,,,Не рассмотрено,,17,3,Wave 2 (31–60 дней)
DEC-00569,Operation,OP-DRAFT-00141,production_order_id; operation_type_id; planned_hours; actual_hours; output_qty; defect_qty; completion_status,47-30 Марианна,"Назначить production_order_id, operation_type, дату и факт часов",Производство,Высокий,Загрузка; производительность; фактическая cost,Планирование BI18,,,Не рассмотрено,,17,3,Wave 2 (31–60 дней)
DEC-00570,Operation,OP-DRAFT-00142,production_order_id; operation_type_id; planned_hours; actual_hours; output_qty; defect_qty; completion_status,47-30 Марианна,"Назначить production_order_id, operation_type, дату и факт часов",Производство,Высокий,Загрузка; производительность; фактическая cost,Планирование BL18,,,Не рассмотрено,,17,3,Wave 2 (31–60 дней)
DEC-00571,Operation,OP-DRAFT-00143,production_order_id; operation_type_id; planned_hours; actual_hours; output_qty; defect_qty; completion_status,47-30 Марианна,"Назначить production_order_id, operation_type, дату и факт часов",Производство,Высокий,Загрузка; производительность; фактическая cost,Планирование BM18,,,Не рассмотрено,,17,3,Wave 2 (31–60 дней)
DEC-00572,Operation,OP-DRAFT-00144,production_order_id; operation_type_id; planned_hours; actual_hours; output_qty; defect_qty; completion_status,47-30 Марианна,"Назначить production_order_id, operation_type, дату и факт часов",Производство,Высокий,Загрузка; производительность; фактическая cost,Планирование BN18,,,Не рассмотрено,,17,3,Wave 2 (31–60 дней)
DEC-00573,Operation,OP-DRAFT-00145,production_order_id; operation_type_id; planned_hours; actual_hours; output_qty; defect_qty; completion_status,47-30 Марианна,"Назначить production_order_id, operation_type, дату и факт часов",Производство,Высокий,Загрузка; производительность; фактическая cost,Планирование BO18,,,Не рассмотрено,,17,3,Wave 2 (31–60 дней)
DEC-00574,Operation,OP-DRAFT-00146,production_order_id; operation_type_id; planned_hours; actual_hours; output_qty; defect_qty; completion_status,47-30 Марианна,"Назначить production_order_id, operation_type, дату и факт часов",Производство,Высокий,Загрузка; производительность; фактическая cost,Планирование BP18,,,Не рассмотрено,,17,3,Wave 2 (31–60 дней)
DEC-00575,Operation,OP-DRAFT-00147,production_order_id; operation_type_id; planned_hours; actual_hours; output_qty; defect_qty; completion_status,47-30 Марианна,"Назначить production_order_id, operation_type, дату и факт часов",Производство,Высокий,Загрузка; производительность; фактическая cost,Планирование BS18,,,Не рассмотрено,,17,3,Wave 2 (31–60 дней)
DEC-00576,Operation,OP-DRAFT-00148,production_order_id; operation_type_id; planned_hours; actual_hours; output_qty; defect_qty; completion_status,47-30 Марианна,"Назначить production_order_id, operation_type, дату и факт часов",Производство,Высокий,Загрузка; производительность; фактическая cost,Планирование BT18,,,Не рассмотрено,,17,3,Wave 2 (31–60 дней)
DEC-00577,Operation,OP-DRAFT-00149,production_order_id; operation_type_id; planned_hours; actual_hours; output_qty; defect_qty; completion_status,47-30 Марианна,"Назначить production_order_id, operation_type, дату и факт часов",Производство,Высокий,Загрузка; производительность; фактическая cost,Планирование BU18,,,Не рассмотрено,,17,3,Wave 2 (31–60 дней)
DEC-00578,Operation,OP-DRAFT-00150,production_order_id; operation_type_id; planned_hours; actual_hours; output_qty; defect_qty; completion_status,47-30 Марианна,"Назначить production_order_id, operation_type, дату и факт часов",Производство,Высокий,Загрузка; производительность; фактическая cost,Планирование BV18,,,Не рассмотрено,,17,3,Wave 2 (31–60 дней)
DEC-00579,Operation,OP-DRAFT-00151,production_order_id; operation_type_id; planned_hours; actual_hours; output_qty; defect_qty; completion_status,47-30 Марианна,"Назначить production_order_id, operation_type, дату и факт часов",Производство,Высокий,Загрузка; производительность; фактическая cost,Планирование BW18,,,Не рассмотрено,,17,3,Wave 2 (31–60 дней)
DEC-00580,Operation,OP-DRAFT-00153,model_id/canonical_sku; production_order_id; operation_type_id; planned_hours; actual_hours; output_qty; defect_qty; completion_status,ПРИОСТАНОВЛЕНО,"Назначить production_order_id, operation_type, дату и факт часов",Производство,Высокий,Загрузка; производительность; фактическая cost,Планирование H19,,,Не рассмотрено,,17,3,Wave 2 (31–60 дней)
DEC-00581,Operation,OP-DRAFT-00158,production_order_id; operation_type_id; planned_hours; actual_hours; output_qty; defect_qty; completion_status,Дашкова 47-20 Тюльпаны сд 22.07,"Назначить production_order_id, operation_type, дату и факт часов",Производство,Высокий,Загрузка; производительность; фактическая cost,Планирование AJ19,,,Не рассмотрено,,17,3,Wave 2 (31–60 дней)
DEC-00582,Operation,OP-DRAFT-00185,production_order_id; operation_type_id; planned_hours; actual_hours; output_qty; defect_qty; completion_status,47-20 Дашкова 21д сд 22.07,"Назначить production_order_id, operation_type, дату и факт часов",Производство,Высокий,Загрузка; производительность; фактическая cost,Планирование O21,,,Не рассмотрено,,17,3,Wave 2 (31–60 дней)
DEC-00583,Operation,OP-DRAFT-00186,production_order_id; operation_type_id; planned_hours; actual_hours; output_qty; defect_qty; completion_status,47-16 Мустафаева 35д сд 28.05,"Назначить production_order_id, operation_type, дату и факт часов",Производство,Высокий,Загрузка; производительность; фактическая cost,Планирование C22,,,Не рассмотрено,,17,3,Wave 2 (31–60 дней)
DEC-00584,Operation,OP-DRAFT-00187,production_order_id; operation_type_id; planned_hours; actual_hours; output_qty; defect_qty; completion_status,47-15 Казьмина 75д сд 29.05,"Назначить production_order_id, operation_type, дату и факт часов",Производство,Высокий,Загрузка; производительность; фактическая cost,Планирование I22,,,Не рассмотрено,,17,3,Wave 2 (31–60 дней)
DEC-00585,Operation,OP-DRAFT-00188,production_order_id; operation_type_id; planned_hours; actual_hours; output_qty; defect_qty; completion_status,48-27 лосины,"Назначить production_order_id, operation_type, дату и факт часов",Производство,Высокий,Загрузка; производительность; фактическая cost,Планирование O22,,,Не рассмотрено,,17,3,Wave 2 (31–60 дней)
DEC-00586,Operation,OP-DRAFT-00189,production_order_id; operation_type_id; planned_hours; actual_hours; output_qty; defect_qty; completion_status,Дашкова 47-20 Тюльпаны,"Назначить production_order_id, operation_type, дату и факт часов",Производство,Высокий,Загрузка; производительность; фактическая cost,Планирование R22,,,Не рассмотрено,,17,3,Wave 2 (31–60 дней)
DEC-00587,Operation,OP-DRAFT-00190,production_order_id; operation_type_id; planned_hours; actual_hours; output_qty; defect_qty; completion_status,Дашкова 47-20 Тюльпаны сд 22.07,"Назначить production_order_id, operation_type, дату и факт часов",Производство,Высокий,Загрузка; производительность; фактическая cost,Планирование V22,,,Не рассмотрено,,17,3,Wave 2 (31–60 дней)
DEC-00588,Operation,OP-DRAFT-00191,production_order_id; operation_type_id; planned_hours; actual_hours; output_qty; defect_qty; completion_status,47-27 Кислова,"Назначить production_order_id, operation_type, дату и факт часов",Производство,Высокий,Загрузка; производительность; фактическая cost,Планирование W22,,,Не рассмотрено,,17,3,Wave 2 (31–60 дней)
DEC-00589,Operation,OP-DRAFT-00192,production_order_id; operation_type_id; planned_hours; actual_hours; output_qty; defect_qty; completion_status,48-23 настрочка кружева на юбку,"Назначить production_order_id, operation_type, дату и факт часов",Производство,Высокий,Загрузка; производительность; фактическая cost,Планирование X22,,,Не рассмотрено,,17,3,Wave 2 (31–60 дней)
DEC-00590,Operation,OP-DRAFT-00193,production_order_id; operation_type_id; planned_hours; actual_hours; output_qty; defect_qty; completion_status,48-23 настрочка кружева на юбку,"Назначить production_order_id, operation_type, дату и факт часов",Производство,Высокий,Загрузка; производительность; фактическая cost,Планирование AC22,,,Не рассмотрено,,17,3,Wave 2 (31–60 дней)
DEC-00591,Operation,OP-DRAFT-00194,production_order_id; operation_type_id; planned_hours; actual_hours; output_qty; defect_qty; completion_status,48-22 лиф настрочка кружева,"Назначить production_order_id, operation_type, дату и факт часов",Производство,Высокий,Загрузка; производительность; фактическая cost,Планирование AD22,,,Не рассмотрено,,17,3,Wave 2 (31–60 дней)
DEC-00592,Operation,OP-DRAFT-00195,production_order_id; operation_type_id; planned_hours; actual_hours; output_qty; defect_qty; completion_status,48-02 тюльпан,"Назначить production_order_id, operation_type, дату и факт часов",Производство,Высокий,Загрузка; производительность; фактическая cost,Планирование AF22,,,Не рассмотрено,,17,3,Wave 2 (31–60 дней)
DEC-00593,Operation,OP-DRAFT-00196,production_order_id; operation_type_id; planned_hours; actual_hours; output_qty; defect_qty; completion_status,48-22,"Назначить production_order_id, operation_type, дату и факт часов",Производство,Высокий,Загрузка; производительность; фактическая cost,Планирование AG22,,,Не рассмотрено,,17,3,Wave 2 (31–60 дней)
DEC-00594,Operation,OP-DRAFT-00197,production_order_id; operation_type_id; planned_hours; actual_hours; output_qty; defect_qty; completion_status,47-20 Ляззат,"Назначить production_order_id, operation_type, дату и факт часов",Производство,Высокий,Загрузка; производительность; фактическая cost,Планирование AS22,,,Не рассмотрено,,17,3,Wave 2 (31–60 дней)
DEC-00595,Operation,OP-DRAFT-00198,production_order_id; operation_type_id; planned_hours; actual_hours; output_qty; defect_qty; completion_status,47-20 Ляззат,"Назначить production_order_id, operation_type, дату и факт часов",Производство,Высокий,Загрузка; производительность; фактическая cost,Планирование AT22,,,Не рассмотрено,,17,3,Wave 2 (31–60 дней)
DEC-00596,Operation,OP-DRAFT-00199,production_order_id; operation_type_id; planned_hours; actual_hours; output_qty; defect_qty; completion_status,47-20 Ляззат,"Назначить production_order_id, operation_type, дату и факт часов",Производство,Высокий,Загрузка; производительность; фактическая cost,Планирование AU22,,,Не рассмотрено,,17,3,Wave 2 (31–60 дней)
DEC-00597,Operation,OP-DRAFT-00200,production_order_id; operation_type_id; planned_hours; actual_hours; output_qty; defect_qty; completion_status,47-20 Ляззат,"Назначить production_order_id, operation_type, дату и факт часов",Производство,Высокий,Загрузка; производительность; фактическая cost,Планирование AX22,,,Не рассмотрено,,17,3,Wave 2 (31–60 дней)
DEC-00598,Operation,OP-DRAFT-00201,production_order_id; operation_type_id; planned_hours; actual_hours; output_qty; defect_qty; completion_status,47-20 Ляззат,"Назначить production_order_id, operation_type, дату и факт часов",Производство,Высокий,Загрузка; производительность; фактическая cost,Планирование AY22,,,Не рассмотрено,,17,3,Wave 2 (31–60 дней)
DEC-00599,Operation,OP-DRAFT-00202,production_order_id; operation_type_id; planned_hours; actual_hours; output_qty; defect_qty; completion_status,47-20 Ляззат,"Назначить production_order_id, operation_type, дату и факт часов",Производство,Высокий,Загрузка; производительность; фактическая cost,Планирование AZ22,,,Не рассмотрено,,17,3,Wave 2 (31–60 дней)
DEC-00600,Operation,OP-DRAFT-00203,production_order_id; operation_type_id; planned_hours; actual_hours; output_qty; defect_qty; completion_status,47-20 Ляззат,"Назначить production_order_id, operation_type, дату и факт часов",Производство,Высокий,Загрузка; производительность; фактическая cost,Планирование BA22,,,Не рассмотрено,,17,3,Wave 2 (31–60 дней)
DEC-00601,Operation,OP-DRAFT-00204,production_order_id; operation_type_id; planned_hours; actual_hours; output_qty; defect_qty; completion_status,47-20 Ляззат,"Назначить production_order_id, operation_type, дату и факт часов",Производство,Высокий,Загрузка; производительность; фактическая cost,Планирование BB22,,,Не рассмотрено,,17,3,Wave 2 (31–60 дней)
DEC-00602,Operation,OP-DRAFT-00205,production_order_id; operation_type_id; planned_hours; actual_hours; output_qty; defect_qty; completion_status,47-20 Ляззат,"Назначить production_order_id, operation_type, дату и факт часов",Производство,Высокий,Загрузка; производительность; фактическая cost,Планирование BE22,,,Не рассмотрено,,17,3,Wave 2 (31–60 дней)
DEC-00603,Operation,OP-DRAFT-00206,production_order_id; operation_type_id; planned_hours; actual_hours; output_qty; defect_qty; completion_status,47-20 Ляззат,"Назначить production_order_id, operation_type, дату и факт часов",Производство,Высокий,Загрузка; производительность; фактическая cost,Планирование BF22,,,Не рассмотрено,,17,3,Wave 2 (31–60 дней)
DEC-00604,Operation,OP-DRAFT-00207,production_order_id; operation_type_id; planned_hours; actual_hours; output_qty; defect_qty; completion_status,47-20 Ляззат,"Назначить production_order_id, operation_type, дату и факт часов",Производство,Высокий,Загрузка; производительность; фактическая cost,Планирование BG22,,,Не рассмотрено,,17,3,Wave 2 (31–60 дней)
DEC-00605,Operation,OP-DRAFT-00208,production_order_id; operation_type_id; planned_hours; actual_hours; output_qty; defect_qty; completion_status,47-20 Ляззат,"Назначить production_order_id, operation_type, дату и факт часов",Производство,Высокий,Загрузка; производительность; фактическая cost,Планирование BH22,,,Не рассмотрено,,17,3,Wave 2 (31–60 дней)
DEC-00606,Operation,OP-DRAFT-00209,production_order_id; operation_type_id; planned_hours; actual_hours; output_qty; defect_qty; completion_status,47-20 Ляззат,"Назначить production_order_id, operation_type, дату и факт часов",Производство,Высокий,Загрузка; производительность; фактическая cost,Планирование BI22,,,Не рассмотрено,,17,3,Wave 2 (31–60 дней)
DEC-00607,Operation,OP-DRAFT-00220,production_order_id; operation_type_id; planned_hours; actual_hours; output_qty; defect_qty; completion_status,47-16 Казьмина,"Назначить production_order_id, operation_type, дату и факт часов",Производство,Высокий,Загрузка; производительность; фактическая cost,Планирование DB22,,,Не рассмотрено,,17,3,Wave 2 (31–60 дней)
DEC-00608,Operation,OP-DRAFT-00221,production_order_id; operation_type_id; planned_hours; actual_hours; output_qty; defect_qty; completion_status,47-16 Казьмина,"Назначить production_order_id, operation_type, дату и факт часов",Производство,Высокий,Загрузка; производительность; фактическая cost,Планирование DC22,,,Не рассмотрено,,17,3,Wave 2 (31–60 дней)
DEC-00609,Operation,OP-DRAFT-00222,production_order_id; operation_type_id; planned_hours; actual_hours; output_qty; defect_qty; completion_status,47-16 Казьмина,"Назначить production_order_id, operation_type, дату и факт часов",Производство,Высокий,Загрузка; производительность; фактическая cost,Планирование DD22,,,Не рассмотрено,,17,3,Wave 2 (31–60 дней)
DEC-00610,Operation,OP-DRAFT-00223,production_order_id; operation_type_id; planned_hours; actual_hours; output_qty; defect_qty; completion_status,47-16 Казьмина,"Назначить production_order_id, operation_type, дату и факт часов",Производство,Высокий,Загрузка; производительность; фактическая cost,Планирование DE22,,,Не рассмотрено,,17,3,Wave 2 (31–60 дней)
DEC-00611,Operation,OP-DRAFT-00224,production_order_id; operation_type_id; planned_hours; actual_hours; output_qty; defect_qty; completion_status,47-16 Казьмина,"Назначить production_order_id, operation_type, дату и факт часов",Производство,Высокий,Загрузка; производительность; фактическая cost,Планирование DF22,,,Не рассмотрено,,17,3,Wave 2 (31–60 дней)
DEC-00612,Operation,OP-DRAFT-00225,production_order_id; operation_type_id; planned_hours; actual_hours; output_qty; defect_qty; completion_status,47-16 Казьмина,"Назначить production_order_id, operation_type, дату и факт часов",Производство,Высокий,Загрузка; производительность; фактическая cost,Планирование DI22,,,Не рассмотрено,,17,3,Wave 2 (31–60 дней)
DEC-00613,Operation,OP-DRAFT-00226,production_order_id; operation_type_id; planned_hours; actual_hours; output_qty; defect_qty; completion_status,47-16 Казьмина,"Назначить production_order_id, operation_type, дату и факт часов",Производство,Высокий,Загрузка; производительность; фактическая cost,Планирование DJ22,,,Не рассмотрено,,17,3,Wave 2 (31–60 дней)
DEC-00614,Operation,OP-DRAFT-00227,production_order_id; operation_type_id; planned_hours; actual_hours; output_qty; defect_qty; completion_status,47-16 Казьмина,"Назначить production_order_id, operation_type, дату и факт часов",Производство,Высокий,Загрузка; производительность; фактическая cost,Планирование DK22,,,Не рассмотрено,,17,3,Wave 2 (31–60 дней)
DEC-00615,Operation,OP-DRAFT-00228,production_order_id; operation_type_id; planned_hours; actual_hours; output_qty; defect_qty; completion_status,47-16 Казьмина,"Назначить production_order_id, operation_type, дату и факт часов",Производство,Высокий,Загрузка; производительность; фактическая cost,Планирование DL22,,,Не рассмотрено,,17,3,Wave 2 (31–60 дней)
DEC-00616,Operation,OP-DRAFT-00229,production_order_id; operation_type_id; planned_hours; actual_hours; output_qty; defect_qty; completion_status,47-16 Казьмина,"Назначить production_order_id, operation_type, дату и факт часов",Производство,Высокий,Загрузка; производительность; фактическая cost,Планирование DM22,,,Не рассмотрено,,17,3,Wave 2 (31–60 дней)
DEC-00617,Operation,OP-DRAFT-00230,production_order_id; operation_type_id; planned_hours; actual_hours; output_qty; defect_qty; completion_status,47-16 Казьмина,"Назначить production_order_id, operation_type, дату и факт часов",Производство,Высокий,Загрузка; производительность; фактическая cost,Планирование DP22,,,Не рассмотрено,,17,3,Wave 2 (31–60 дней)
DEC-00618,Operation,OP-DRAFT-00231,production_order_id; operation_type_id; planned_hours; actual_hours; output_qty; defect_qty; completion_status,47-16 Казьмина,"Назначить production_order_id, operation_type, дату и факт часов",Производство,Высокий,Загрузка; производительность; фактическая cost,Планирование DQ22,,,Не рассмотрено,,17,3,Wave 2 (31–60 дней)
DEC-00619,Operation,OP-DRAFT-00232,production_order_id; operation_type_id; planned_hours; actual_hours; output_qty; defect_qty; completion_status,47-16 Казьмина,"Назначить production_order_id, operation_type, дату и факт часов",Производство,Высокий,Загрузка; производительность; фактическая cost,Планирование DR22,,,Не рассмотрено,,17,3,Wave 2 (31–60 дней)
DEC-00620,Operation,OP-DRAFT-00233,production_order_id; operation_type_id; planned_hours; actual_hours; output_qty; defect_qty; completion_status,47-16 Казьмина,"Назначить production_order_id, operation_type, дату и факт часов",Производство,Высокий,Загрузка; производительность; фактическая cost,Планирование DS22,,,Не рассмотрено,,17,3,Wave 2 (31–60 дней)
DEC-00621,Operation,OP-DRAFT-00234,production_order_id; operation_type_id; planned_hours; actual_hours; output_qty; defect_qty; completion_status,47-16 Казьмина,"Назначить production_order_id, operation_type, дату и факт часов",Производство,Высокий,Загрузка; производительность; фактическая cost,Планирование DT22,,,Не рассмотрено,,17,3,Wave 2 (31–60 дней)
DEC-00622,Operation,OP-DRAFT-00235,production_order_id; operation_type_id; planned_hours; actual_hours; output_qty; defect_qty; completion_status,47-16 Казьмина,"Назначить production_order_id, operation_type, дату и факт часов",Производство,Высокий,Загрузка; производительность; фактическая cost,Планирование DW22,,,Не рассмотрено,,17,3,Wave 2 (31–60 дней)
DEC-00623,Operation,OP-DRAFT-00236,production_order_id; operation_type_id; planned_hours; actual_hours; output_qty; defect_qty; completion_status,47-16 Казьмина,"Назначить production_order_id, operation_type, дату и факт часов",Производство,Высокий,Загрузка; производительность; фактическая cost,Планирование DX22,,,Не рассмотрено,,17,3,Wave 2 (31–60 дней)
DEC-00624,Operation,OP-DRAFT-00237,production_order_id; operation_type_id; planned_hours; actual_hours; output_qty; defect_qty; completion_status,47-16 Казьмина,"Назначить production_order_id, operation_type, дату и факт часов",Производство,Высокий,Загрузка; производительность; фактическая cost,Планирование DY22,,,Не рассмотрено,,17,3,Wave 2 (31–60 дней)
DEC-00625,Operation,OP-DRAFT-00238,production_order_id; operation_type_id; planned_hours; actual_hours; output_qty; defect_qty; completion_status,47-16 Казьмина,"Назначить production_order_id, operation_type, дату и факт часов",Производство,Высокий,Загрузка; производительность; фактическая cost,Планирование DZ22,,,Не рассмотрено,,17,3,Wave 2 (31–60 дней)
DEC-00626,Operation,OP-DRAFT-00239,production_order_id; operation_type_id; planned_hours; actual_hours; output_qty; defect_qty; completion_status,47-16 Казьмина,"Назначить production_order_id, operation_type, дату и факт часов",Производство,Высокий,Загрузка; производительность; фактическая cost,Планирование EA22,,,Не рассмотрено,,17,3,Wave 2 (31–60 дней)
DEC-00627,Operation,OP-DRAFT-00242,model_id/canonical_sku; production_order_id; operation_type_id; planned_hours; actual_hours; output_qty; defect_qty; completion_status,ПРИОСТАНОВЛЕНО,"Назначить production_order_id, operation_type, дату и факт часов",Производство,Высокий,Загрузка; производительность; фактическая cost,Планирование H23,,,Не рассмотрено,,17,3,Wave 2 (31–60 дней)
DEC-00628,Operation,OP-DRAFT-00245,model_id/canonical_sku; production_order_id; operation_type_id; planned_hours; actual_hours; output_qty; defect_qty; completion_status,привезла,"Назначить production_order_id, operation_type, дату и факт часов",Производство,Высокий,Загрузка; производительность; фактическая cost,Планирование P23,,,Не рассмотрено,,17,3,Wave 2 (31–60 дней)
DEC-00629,Operation,OP-DRAFT-00246,production_order_id; operation_type_id; planned_hours; actual_hours; output_qty; defect_qty; completion_status,47-15 Казьмина 75д сд 29.05,"Назначить production_order_id, operation_type, дату и факт часов",Производство,Высокий,Загрузка; производительность; фактическая cost,Планирование I24,,,Не рассмотрено,,17,3,Wave 2 (31–60 дней)
DEC-00630,Operation,OP-DRAFT-00247,model_id/canonical_sku; production_order_id; operation_type_id; planned_hours; actual_hours; output_qty; defect_qty; completion_status,48я синие пайетки цветы,"Назначить production_order_id, operation_type, дату и факт часов",Производство,Высокий,Загрузка; производительность; фактическая cost,Планирование J25,,,Не рассмотрено,,17,3,Wave 2 (31–60 дней)
DEC-00631,Operation,OP-DRAFT-00248,production_order_id; operation_type_id; planned_hours; actual_hours; output_qty; defect_qty; completion_status,47-30 Уланова 32д сд 25.05,"Назначить production_order_id, operation_type, дату и факт часов",Производство,Высокий,Загрузка; производительность; фактическая cost,Планирование C26,,,Не рассмотрено,,17,3,Wave 2 (31–60 дней)
DEC-00632,Operation,OP-DRAFT-00249,production_order_id; operation_type_id; planned_hours; actual_hours; output_qty; defect_qty; completion_status,47-15 Казьмина 75д сд 29.05,"Назначить production_order_id, operation_type, дату и факт часов",Производство,Высокий,Загрузка; производительность; фактическая cost,Планирование I26,,,Не рассмотрено,,17,3,Wave 2 (31–60 дней)
DEC-00633,Operation,OP-DRAFT-00250,production_order_id; operation_type_id; planned_hours; actual_hours; output_qty; defect_qty; completion_status,47-30 Уланова,"Назначить production_order_id, operation_type, дату и факт часов",Производство,Высокий,Загрузка; производительность; фактическая cost,Планирование L26,,,Не рассмотрено,,17,3,Wave 2 (31–60 дней)
DEC-00634,Operation,OP-DRAFT-00251,production_order_id; operation_type_id; planned_hours; actual_hours; output_qty; defect_qty; completion_status,48-28 маки,"Назначить production_order_id, operation_type, дату и факт часов",Производство,Высокий,Загрузка; производительность; фактическая cost,Планирование O26,,,Не рассмотрено,,17,3,Wave 2 (31–60 дней)
DEC-00635,Operation,OP-DRAFT-00253,production_order_id; operation_type_id; planned_hours; actual_hours; output_qty; defect_qty; completion_status,48-10,"Назначить production_order_id, operation_type, дату и факт часов",Производство,Высокий,Загрузка; производительность; фактическая cost,Планирование R26,,,Не рассмотрено,,17,3,Wave 2 (31–60 дней)
DEC-00636,Operation,OP-DRAFT-00254,production_order_id; operation_type_id; planned_hours; actual_hours; output_qty; defect_qty; completion_status,48-08 веточки,"Назначить production_order_id, operation_type, дату и факт часов",Производство,Высокий,Загрузка; производительность; фактическая cost,Планирование V26,,,Не рассмотрено,,17,3,Wave 2 (31–60 дней)
DEC-00637,Operation,OP-DRAFT-00255,production_order_id; operation_type_id; planned_hours; actual_hours; output_qty; defect_qty; completion_status,48-10 цветочки,"Назначить production_order_id, operation_type, дату и факт часов",Производство,Высокий,Загрузка; производительность; фактическая cost,Планирование W26,,,Не рассмотрено,,17,3,Wave 2 (31–60 дней)
DEC-00638,Operation,OP-DRAFT-00256,production_order_id; operation_type_id; planned_hours; actual_hours; output_qty; defect_qty; completion_status,48-10 цветочки,"Назначить production_order_id, operation_type, дату и факт часов",Производство,Высокий,Загрузка; производительность; фактическая cost,Планирование X26,,,Не рассмотрено,,17,3,Wave 2 (31–60 дней)
DEC-00639,Operation,OP-DRAFT-00257,production_order_id; operation_type_id; planned_hours; actual_hours; output_qty; defect_qty; completion_status,48-10 цветочки,"Назначить production_order_id, operation_type, дату и факт часов",Производство,Высокий,Загрузка; производительность; фактическая cost,Планирование Y26,,,Не рассмотрено,,17,3,Wave 2 (31–60 дней)
DEC-00640,Operation,OP-DRAFT-00258,production_order_id; operation_type_id; planned_hours; actual_hours; output_qty; defect_qty; completion_status,48-10 цветочки,"Назначить production_order_id, operation_type, дату и факт часов",Производство,Высокий,Загрузка; производительность; фактическая cost,Планирование Z26,,,Не рассмотрено,,17,3,Wave 2 (31–60 дней)
DEC-00641,Operation,OP-DRAFT-00259,production_order_id; operation_type_id; planned_hours; actual_hours; output_qty; defect_qty; completion_status,48-10 цветочки,"Назначить production_order_id, operation_type, дату и факт часов",Производство,Высокий,Загрузка; производительность; фактическая cost,Планирование AA26,,,Не рассмотрено,,17,3,Wave 2 (31–60 дней)
DEC-00642,Operation,OP-DRAFT-00260,production_order_id; operation_type_id; planned_hours; actual_hours; output_qty; defect_qty; completion_status,48-25 кружево вырезка,"Назначить production_order_id, operation_type, дату и факт часов",Производство,Высокий,Загрузка; производительность; фактическая cost,Планирование AC26,,,Не рассмотрено,,17,3,Wave 2 (31–60 дней)
DEC-00643,Operation,OP-DRAFT-00261,production_order_id; operation_type_id; planned_hours; actual_hours; output_qty; defect_qty; completion_status,48-04 расшивка,"Назначить production_order_id, operation_type, дату и факт часов",Производство,Высокий,Загрузка; производительность; фактическая cost,Планирование AD26,,,Не рассмотрено,,17,3,Wave 2 (31–60 дней)
DEC-00644,Operation,OP-DRAFT-00262,production_order_id; operation_type_id; planned_hours; actual_hours; output_qty; defect_qty; completion_status,48-08,"Назначить production_order_id, operation_type, дату и факт часов",Производство,Высокий,Загрузка; производительность; фактическая cost,Планирование AE26,,,Не рассмотрено,,17,3,Wave 2 (31–60 дней)
DEC-00645,Operation,OP-DRAFT-00263,production_order_id; operation_type_id; planned_hours; actual_hours; output_qty; defect_qty; completion_status,48-08,"Назначить production_order_id, operation_type, дату и факт часов",Производство,Высокий,Загрузка; производительность; фактическая cost,Планирование AF26,,,Не рассмотрено,,17,3,Wave 2 (31–60 дней)
DEC-00646,Operation,OP-DRAFT-00264,production_order_id; operation_type_id; planned_hours; actual_hours; output_qty; defect_qty; completion_status,48-10,"Назначить production_order_id, operation_type, дату и факт часов",Производство,Высокий,Загрузка; производительность; фактическая cost,Планирование AG26,,,Не рассмотрено,,17,3,Wave 2 (31–60 дней)
DEC-00647,Operation,OP-DRAFT-00265,production_order_id; operation_type_id; planned_hours; actual_hours; output_qty; defect_qty; completion_status,47-20 Шафикова,"Назначить production_order_id, operation_type, дату и факт часов",Производство,Высокий,Загрузка; производительность; фактическая cost,Планирование CG26,,,Не рассмотрено,,17,3,Wave 2 (31–60 дней)
DEC-00648,Operation,OP-DRAFT-00266,production_order_id; operation_type_id; planned_hours; actual_hours; output_qty; defect_qty; completion_status,47-20 Шафикова,"Назначить production_order_id, operation_type, дату и факт часов",Производство,Высокий,Загрузка; производительность; фактическая cost,Планирование CH26,,,Не рассмотрено,,17,3,Wave 2 (31–60 дней)
DEC-00649,Operation,OP-DRAFT-00267,production_order_id; operation_type_id; planned_hours; actual_hours; output_qty; defect_qty; completion_status,47-20 Шафикова,"Назначить production_order_id, operation_type, дату и факт часов",Производство,Высокий,Загрузка; производительность; фактическая cost,Планирование CI26,,,Не рассмотрено,,17,3,Wave 2 (31–60 дней)
DEC-00650,Operation,OP-DRAFT-00268,production_order_id; operation_type_id; planned_hours; actual_hours; output_qty; defect_qty; completion_status,47-20 Шафикова,"Назначить production_order_id, operation_type, дату и факт часов",Производство,Высокий,Загрузка; производительность; фактическая cost,Планирование CJ26,,,Не рассмотрено,,17,3,Wave 2 (31–60 дней)
DEC-00651,Operation,OP-DRAFT-00269,production_order_id; operation_type_id; planned_hours; actual_hours; output_qty; defect_qty; completion_status,47-20 Шафикова,"Назначить production_order_id, operation_type, дату и факт часов",Производство,Высокий,Загрузка; производительность; фактическая cost,Планирование CK26,,,Не рассмотрено,,17,3,Wave 2 (31–60 дней)
DEC-00652,Operation,OP-DRAFT-00270,production_order_id; operation_type_id; planned_hours; actual_hours; output_qty; defect_qty; completion_status,47-20 Шафикова,"Назначить production_order_id, operation_type, дату и факт часов",Производство,Высокий,Загрузка; производительность; фактическая cost,Планирование CN26,,,Не рассмотрено,,17,3,Wave 2 (31–60 дней)
DEC-00653,Operation,OP-DRAFT-00271,production_order_id; operation_type_id; planned_hours; actual_hours; output_qty; defect_qty; completion_status,47-20 Шафикова,"Назначить production_order_id, operation_type, дату и факт часов",Производство,Высокий,Загрузка; производительность; фактическая cost,Планирование CO26,,,Не рассмотрено,,17,3,Wave 2 (31–60 дней)
DEC-00654,Operation,OP-DRAFT-00272,production_order_id; operation_type_id; planned_hours; actual_hours; output_qty; defect_qty; completion_status,47-20 Шафикова,"Назначить production_order_id, operation_type, дату и факт часов",Производство,Высокий,Загрузка; производительность; фактическая cost,Планирование CP26,,,Не рассмотрено,,17,3,Wave 2 (31–60 дней)
DEC-00655,Operation,OP-DRAFT-00273,production_order_id; operation_type_id; planned_hours; actual_hours; output_qty; defect_qty; completion_status,47-20 Шафикова,"Назначить production_order_id, operation_type, дату и факт часов",Производство,Высокий,Загрузка; производительность; фактическая cost,Планирование CQ26,,,Не рассмотрено,,17,3,Wave 2 (31–60 дней)
DEC-00656,Operation,OP-DRAFT-00274,production_order_id; operation_type_id; planned_hours; actual_hours; output_qty; defect_qty; completion_status,47-20 Шафикова,"Назначить production_order_id, operation_type, дату и факт часов",Производство,Высокий,Загрузка; производительность; фактическая cost,Планирование CR26,,,Не рассмотрено,,17,3,Wave 2 (31–60 дней)
DEC-00657,Operation,OP-DRAFT-00275,production_order_id; operation_type_id; planned_hours; actual_hours; output_qty; defect_qty; completion_status,47-20 Шафикова,"Назначить production_order_id, operation_type, дату и факт часов",Производство,Высокий,Загрузка; производительность; фактическая cost,Планирование CU26,,,Не рассмотрено,,17,3,Wave 2 (31–60 дней)
DEC-00658,Operation,OP-DRAFT-00276,production_order_id; operation_type_id; planned_hours; actual_hours; output_qty; defect_qty; completion_status,47-20 Шафикова,"Назначить production_order_id, operation_type, дату и факт часов",Производство,Высокий,Загрузка; производительность; фактическая cost,Планирование CV26,,,Не рассмотрено,,17,3,Wave 2 (31–60 дней)
DEC-00659,Operation,OP-DRAFT-00277,production_order_id; operation_type_id; planned_hours; actual_hours; output_qty; defect_qty; completion_status,47-20 Шафикова,"Назначить production_order_id, operation_type, дату и факт часов",Производство,Высокий,Загрузка; производительность; фактическая cost,Планирование CW26,,,Не рассмотрено,,17,3,Wave 2 (31–60 дней)
DEC-00660,Operation,OP-DRAFT-00278,production_order_id; operation_type_id; planned_hours; actual_hours; output_qty; defect_qty; completion_status,47-20 Шафикова,"Назначить production_order_id, operation_type, дату и факт часов",Производство,Высокий,Загрузка; производительность; фактическая cost,Планирование CX26,,,Не рассмотрено,,17,3,Wave 2 (31–60 дней)
DEC-00661,Operation,OP-DRAFT-00279,production_order_id; operation_type_id; planned_hours; actual_hours; output_qty; defect_qty; completion_status,47-20 Шафикова,"Назначить production_order_id, operation_type, дату и факт часов",Производство,Высокий,Загрузка; производительность; фактическая cost,Планирование CY26,,,Не рассмотрено,,17,3,Wave 2 (31–60 дней)
DEC-00662,Operation,OP-DRAFT-00280,production_order_id; operation_type_id; planned_hours; actual_hours; output_qty; defect_qty; completion_status,47-20 Шафикова,"Назначить production_order_id, operation_type, дату и факт часов",Производство,Высокий,Загрузка; производительность; фактическая cost,Планирование DB26,,,Не рассмотрено,,17,3,Wave 2 (31–60 дней)
DEC-00663,Operation,OP-DRAFT-00281,production_order_id; operation_type_id; planned_hours; actual_hours; output_qty; defect_qty; completion_status,47-20 Шафикова,"Назначить production_order_id, operation_type, дату и факт часов",Производство,Высокий,Загрузка; производительность; фактическая cost,Планирование DC26,,,Не рассмотрено,,17,3,Wave 2 (31–60 дней)
DEC-00664,Operation,OP-DRAFT-00282,production_order_id; operation_type_id; planned_hours; actual_hours; output_qty; defect_qty; completion_status,47-20 Шафикова,"Назначить production_order_id, operation_type, дату и факт часов",Производство,Высокий,Загрузка; производительность; фактическая cost,Планирование DD26,,,Не рассмотрено,,17,3,Wave 2 (31–60 дней)
DEC-00665,Operation,OP-DRAFT-00283,production_order_id; operation_type_id; planned_hours; actual_hours; output_qty; defect_qty; completion_status,47-20 Шафикова,"Назначить production_order_id, operation_type, дату и факт часов",Производство,Высокий,Загрузка; производительность; фактическая cost,Планирование DE26,,,Не рассмотрено,,17,3,Wave 2 (31–60 дней)
DEC-00666,Operation,OP-DRAFT-00284,production_order_id; operation_type_id; planned_hours; actual_hours; output_qty; defect_qty; completion_status,47-20 Шафикова,"Назначить production_order_id, operation_type, дату и факт часов",Производство,Высокий,Загрузка; производительность; фактическая cost,Планирование DF26,,,Не рассмотрено,,17,3,Wave 2 (31–60 дней)
DEC-00667,Operation,OP-DRAFT-00285,production_order_id; operation_type_id; planned_hours; actual_hours; output_qty; defect_qty; completion_status,47-20 Шафикова,"Назначить production_order_id, operation_type, дату и факт часов",Производство,Высокий,Загрузка; производительность; фактическая cost,Планирование DI26,,,Не рассмотрено,,17,3,Wave 2 (31–60 дней)
DEC-00668,Operation,OP-DRAFT-00286,production_order_id; operation_type_id; planned_hours; actual_hours; output_qty; defect_qty; completion_status,47-20 Шафикова,"Назначить production_order_id, operation_type, дату и факт часов",Производство,Высокий,Загрузка; производительность; фактическая cost,Планирование DJ26,,,Не рассмотрено,,17,3,Wave 2 (31–60 дней)
DEC-00669,Operation,OP-DRAFT-00287,production_order_id; operation_type_id; planned_hours; actual_hours; output_qty; defect_qty; completion_status,47-20 Шафикова,"Назначить production_order_id, operation_type, дату и факт часов",Производство,Высокий,Загрузка; производительность; фактическая cost,Планирование DK26,,,Не рассмотрено,,17,3,Wave 2 (31–60 дней)
DEC-00670,Operation,OP-DRAFT-00288,production_order_id; operation_type_id; planned_hours; actual_hours; output_qty; defect_qty; completion_status,47-20 Шафикова,"Назначить production_order_id, operation_type, дату и факт часов",Производство,Высокий,Загрузка; производительность; фактическая cost,Планирование DL26,,,Не рассмотрено,,17,3,Wave 2 (31–60 дней)
DEC-00671,Operation,OP-DRAFT-00289,production_order_id; operation_type_id; planned_hours; actual_hours; output_qty; defect_qty; completion_status,47-20 Шафикова,"Назначить production_order_id, operation_type, дату и факт часов",Производство,Высокий,Загрузка; производительность; фактическая cost,Планирование DM26,,,Не рассмотрено,,17,3,Wave 2 (31–60 дней)
DEC-00672,Operation,OP-DRAFT-00290,production_order_id; operation_type_id; planned_hours; actual_hours; output_qty; defect_qty; completion_status,"47-27 Кислова 22д, сд 8.06","Назначить production_order_id, operation_type, дату и факт часов",Производство,Высокий,Загрузка; производительность; фактическая cost,Планирование C27,,,Не рассмотрено,,17,3,Wave 2 (31–60 дней)
DEC-00673,Operation,OP-DRAFT-00291,production_order_id; operation_type_id; planned_hours; actual_hours; output_qty; defect_qty; completion_status,Кислова 47-27 сд 8.06,"Назначить production_order_id, operation_type, дату и факт часов",Производство,Высокий,Загрузка; производительность; фактическая cost,Планирование O27,,,Не рассмотрено,,17,3,Wave 2 (31–60 дней)
DEC-00674,Operation,OP-DRAFT-00292,production_order_id; operation_type_id; planned_hours; actual_hours; output_qty; defect_qty; completion_status,47-27 Кислова,"Назначить production_order_id, operation_type, дату и факт часов",Производство,Высокий,Загрузка; производительность; фактическая cost,Планирование V27,,,Не рассмотрено,,17,3,Wave 2 (31–60 дней)
DEC-00675,Operation,OP-DRAFT-00293,production_order_id; operation_type_id; planned_hours; actual_hours; output_qty; defect_qty; completion_status,47-27 Кислова,"Назначить production_order_id, operation_type, дату и факт часов",Производство,Высокий,Загрузка; производительность; фактическая cost,Планирование W27,,,Не рассмотрено,,17,3,Wave 2 (31–60 дней)
DEC-00676,Operation,OP-DRAFT-00294,production_order_id; operation_type_id; planned_hours; actual_hours; output_qty; defect_qty; completion_status,48-26,"Назначить production_order_id, operation_type, дату и факт часов",Производство,Высокий,Загрузка; производительность; фактическая cost,Планирование X27,,,Не рассмотрено,,17,3,Wave 2 (31–60 дней)
DEC-00677,Operation,OP-DRAFT-00295,production_order_id; operation_type_id; planned_hours; actual_hours; output_qty; defect_qty; completion_status,48-06,"Назначить production_order_id, operation_type, дату и факт часов",Производство,Высокий,Загрузка; производительность; фактическая cost,Планирование Y27,,,Не рассмотрено,,17,3,Wave 2 (31–60 дней)
DEC-00678,Operation,OP-DRAFT-00296,production_order_id; operation_type_id; planned_hours; actual_hours; output_qty; defect_qty; completion_status,48-06,"Назначить production_order_id, operation_type, дату и факт часов",Производство,Высокий,Загрузка; производительность; фактическая cost,Планирование Z27,,,Не рассмотрено,,17,3,Wave 2 (31–60 дней)
DEC-00679,Operation,OP-DRAFT-00297,production_order_id; operation_type_id; planned_hours; actual_hours; output_qty; defect_qty; completion_status,48-06,"Назначить production_order_id, operation_type, дату и факт часов",Производство,Высокий,Загрузка; производительность; фактическая cost,Планирование AA27,,,Не рассмотрено,,17,3,Wave 2 (31–60 дней)
DEC-00680,Operation,OP-DRAFT-00298,production_order_id; operation_type_id; planned_hours; actual_hours; output_qty; defect_qty; completion_status,48-08 веточки,"Назначить production_order_id, operation_type, дату и факт часов",Производство,Высокий,Загрузка; производительность; фактическая cost,Планирование AC27,,,Не рассмотрено,,17,3,Wave 2 (31–60 дней)
DEC-00681,Operation,OP-DRAFT-00299,production_order_id; operation_type_id; planned_hours; actual_hours; output_qty; defect_qty; completion_status,48-08 веточки,"Назначить production_order_id, operation_type, дату и факт часов",Производство,Высокий,Загрузка; производительность; фактическая cost,Планирование AD27,,,Не рассмотрено,,17,3,Wave 2 (31–60 дней)
DEC-00682,Operation,OP-DRAFT-00301,production_order_id; operation_type_id; planned_hours; actual_hours; output_qty; defect_qty; completion_status,48-26,"Назначить production_order_id, operation_type, дату и факт часов",Производство,Высокий,Загрузка; производительность; фактическая cost,Планирование AF27,,,Не рассмотрено,,17,3,Wave 2 (31–60 дней)
DEC-00683,Operation,OP-DRAFT-00302,production_order_id; operation_type_id; planned_hours; actual_hours; output_qty; defect_qty; completion_status,48-29,"Назначить production_order_id, operation_type, дату и факт часов",Производство,Высокий,Загрузка; производительность; фактическая cost,Планирование AG27,,,Не рассмотрено,,17,3,Wave 2 (31–60 дней)
DEC-00684,Operation,OP-DRAFT-00303,production_order_id; operation_type_id; planned_hours; actual_hours; output_qty; defect_qty; completion_status,"47-20 Борисевич 21д, сд 26.05","Назначить production_order_id, operation_type, дату и факт часов",Производство,Высокий,Загрузка; производительность; фактическая cost,Планирование C28,,,Не рассмотрено,,17,3,Wave 2 (31–60 дней)
DEC-00685,Operation,OP-DRAFT-00305,production_order_id; operation_type_id; planned_hours; actual_hours; output_qty; defect_qty; completion_status,48-27 лосины,"Назначить production_order_id, operation_type, дату и факт часов",Производство,Высокий,Загрузка; производительность; фактическая cost,Планирование O28,,,Не рассмотрено,,17,3,Wave 2 (31–60 дней)
DEC-00686,Operation,OP-DRAFT-00306,production_order_id; operation_type_id; planned_hours; actual_hours; output_qty; defect_qty; completion_status,48-27 лосины,"Назначить production_order_id, operation_type, дату и факт часов",Производство,Высокий,Загрузка; производительность; фактическая cost,Планирование V28,,,Не рассмотрено,,17,3,Wave 2 (31–60 дней)
DEC-00687,Operation,OP-DRAFT-00307,production_order_id; operation_type_id; planned_hours; actual_hours; output_qty; defect_qty; completion_status,48-27 Лосины,"Назначить production_order_id, operation_type, дату и факт часов",Производство,Высокий,Загрузка; производительность; фактическая cost,Планирование AC28,,,Не рассмотрено,,17,3,Wave 2 (31–60 дней)
DEC-00688,Operation,OP-DRAFT-00308,production_order_id; operation_type_id; planned_hours; actual_hours; output_qty; defect_qty; completion_status,48-08 веточки,"Назначить production_order_id, operation_type, дату и факт часов",Производство,Высокий,Загрузка; производительность; фактическая cost,Планирование AD28,,,Не рассмотрено,,17,3,Wave 2 (31–60 дней)
DEC-00689,Operation,OP-DRAFT-00309,production_order_id; operation_type_id; planned_hours; actual_hours; output_qty; defect_qty; completion_status,48-27 юбка,"Назначить production_order_id, operation_type, дату и факт часов",Производство,Высокий,Загрузка; производительность; фактическая cost,Планирование AE28,,,Не рассмотрено,,17,3,Wave 2 (31–60 дней)
DEC-00690,Operation,OP-DRAFT-00310,production_order_id; operation_type_id; planned_hours; actual_hours; output_qty; defect_qty; completion_status,48-22 шорты подготовка к вышивке,"Назначить production_order_id, operation_type, дату и факт часов",Производство,Высокий,Загрузка; производительность; фактическая cost,Планирование AF28,,,Не рассмотрено,,17,3,Wave 2 (31–60 дней)
DEC-00691,Operation,OP-DRAFT-00311,production_order_id; operation_type_id; planned_hours; actual_hours; output_qty; defect_qty; completion_status,48-27 юбка,"Назначить production_order_id, operation_type, дату и факт часов",Производство,Высокий,Загрузка; производительность; фактическая cost,Планирование AG28,,,Не рассмотрено,,17,3,Wave 2 (31–60 дней)
DEC-00692,Operation,OP-DRAFT-00312,production_order_id; operation_type_id; planned_hours; actual_hours; output_qty; defect_qty; completion_status,47-20 Ляззат,"Назначить production_order_id, operation_type, дату и факт часов",Производство,Высокий,Загрузка; производительность; фактическая cost,Планирование AS28,,,Не рассмотрено,,17,3,Wave 2 (31–60 дней)
DEC-00693,Operation,OP-DRAFT-00313,production_order_id; operation_type_id; planned_hours; actual_hours; output_qty; defect_qty; completion_status,47-20 Ляззат,"Назначить production_order_id, operation_type, дату и факт часов",Производство,Высокий,Загрузка; производительность; фактическая cost,Планирование AT28,,,Не рассмотрено,,17,3,Wave 2 (31–60 дней)
DEC-00694,Operation,OP-DRAFT-00314,production_order_id; operation_type_id; planned_hours; actual_hours; output_qty; defect_qty; completion_status,47-20 Ляззат,"Назначить production_order_id, operation_type, дату и факт часов",Производство,Высокий,Загрузка; производительность; фактическая cost,Планирование AU28,,,Не рассмотрено,,17,3,Wave 2 (31–60 дней)
DEC-00695,Operation,OP-DRAFT-00315,production_order_id; operation_type_id; planned_hours; actual_hours; output_qty; defect_qty; completion_status,47-20 Ляззат,"Назначить production_order_id, operation_type, дату и факт часов",Производство,Высокий,Загрузка; производительность; фактическая cost,Планирование AX28,,,Не рассмотрено,,17,3,Wave 2 (31–60 дней)
DEC-00696,Operation,OP-DRAFT-00316,production_order_id; operation_type_id; planned_hours; actual_hours; output_qty; defect_qty; completion_status,47-20 Ляззат,"Назначить production_order_id, operation_type, дату и факт часов",Производство,Высокий,Загрузка; производительность; фактическая cost,Планирование AY28,,,Не рассмотрено,,17,3,Wave 2 (31–60 дней)
DEC-00697,Operation,OP-DRAFT-00317,production_order_id; operation_type_id; planned_hours; actual_hours; output_qty; defect_qty; completion_status,47-20 Ляззат,"Назначить production_order_id, operation_type, дату и факт часов",Производство,Высокий,Загрузка; производительность; фактическая cost,Планирование AZ28,,,Не рассмотрено,,17,3,Wave 2 (31–60 дней)
DEC-00698,Operation,OP-DRAFT-00318,production_order_id; operation_type_id; planned_hours; actual_hours; output_qty; defect_qty; completion_status,47-20 Ляззат,"Назначить production_order_id, operation_type, дату и факт часов",Производство,Высокий,Загрузка; производительность; фактическая cost,Планирование BA28,,,Не рассмотрено,,17,3,Wave 2 (31–60 дней)
DEC-00699,Operation,OP-DRAFT-00319,production_order_id; operation_type_id; planned_hours; actual_hours; output_qty; defect_qty; completion_status,47-20 Ляззат,"Назначить production_order_id, operation_type, дату и факт часов",Производство,Высокий,Загрузка; производительность; фактическая cost,Планирование BB28,,,Не рассмотрено,,17,3,Wave 2 (31–60 дней)
DEC-00700,Operation,OP-DRAFT-00320,production_order_id; operation_type_id; planned_hours; actual_hours; output_qty; defect_qty; completion_status,47-20 Ляззат,"Назначить production_order_id, operation_type, дату и факт часов",Производство,Высокий,Загрузка; производительность; фактическая cost,Планирование BE28,,,Не рассмотрено,,17,3,Wave 2 (31–60 дней)
DEC-00701,Operation,OP-DRAFT-00321,production_order_id; operation_type_id; planned_hours; actual_hours; output_qty; defect_qty; completion_status,47-20 Ляззат,"Назначить production_order_id, operation_type, дату и факт часов",Производство,Высокий,Загрузка; производительность; фактическая cost,Планирование BF28,,,Не рассмотрено,,17,3,Wave 2 (31–60 дней)
DEC-00702,Operation,OP-DRAFT-00322,production_order_id; operation_type_id; planned_hours; actual_hours; output_qty; defect_qty; completion_status,47-20 Ляззат,"Назначить production_order_id, operation_type, дату и факт часов",Производство,Высокий,Загрузка; производительность; фактическая cost,Планирование BG28,,,Не рассмотрено,,17,3,Wave 2 (31–60 дней)
DEC-00703,Operation,OP-DRAFT-00323,production_order_id; operation_type_id; planned_hours; actual_hours; output_qty; defect_qty; completion_status,47-20 Ляззат,"Назначить production_order_id, operation_type, дату и факт часов",Производство,Высокий,Загрузка; производительность; фактическая cost,Планирование BH28,,,Не рассмотрено,,17,3,Wave 2 (31–60 дней)
DEC-00704,Operation,OP-DRAFT-00324,production_order_id; operation_type_id; planned_hours; actual_hours; output_qty; defect_qty; completion_status,47-20 Ляззат,"Назначить production_order_id, operation_type, дату и факт часов",Производство,Высокий,Загрузка; производительность; фактическая cost,Планирование BI28,,,Не рассмотрено,,17,3,Wave 2 (31–60 дней)
DEC-00705,Operation,OP-DRAFT-00325,model_id/canonical_sku; production_order_id; operation_type_id; planned_hours; actual_hours; output_qty; defect_qty; completion_status,Анастасисия пояс Колосья,"Назначить production_order_id, operation_type, дату и факт часов",Производство,Высокий,Загрузка; производительность; фактическая cost,Планирование BL28,,,Не рассмотрено,,17,3,Wave 2 (31–60 дней)
DEC-00706,Operation,OP-DRAFT-00326,model_id/canonical_sku; production_order_id; operation_type_id; planned_hours; actual_hours; output_qty; defect_qty; completion_status,Анастасисия пояс Колосья,"Назначить production_order_id, operation_type, дату и факт часов",Производство,Высокий,Загрузка; производительность; фактическая cost,Планирование BM28,,,Не рассмотрено,,17,3,Wave 2 (31–60 дней)
DEC-00707,Operation,OP-DRAFT-00327,model_id/canonical_sku; production_order_id; operation_type_id; planned_hours; actual_hours; output_qty; defect_qty; completion_status,Анастасисия пояс Колосья,"Назначить production_order_id, operation_type, дату и факт часов",Производство,Высокий,Загрузка; производительность; фактическая cost,Планирование BN28,,,Не рассмотрено,,17,3,Wave 2 (31–60 дней)
DEC-00708,Operation,OP-DRAFT-00328,model_id/canonical_sku; production_order_id; operation_type_id; planned_hours; actual_hours; output_qty; defect_qty; completion_status,Анастасисия пояс Колосья,"Назначить production_order_id, operation_type, дату и факт часов",Производство,Высокий,Загрузка; производительность; фактическая cost,Планирование BO28,,,Не рассмотрено,,17,3,Wave 2 (31–60 дней)
DEC-00709,Operation,OP-DRAFT-00329,model_id/canonical_sku; production_order_id; operation_type_id; planned_hours; actual_hours; output_qty; defect_qty; completion_status,Анастасисия пояс Колосья,"Назначить production_order_id, operation_type, дату и факт часов",Производство,Высокий,Загрузка; производительность; фактическая cost,Планирование BP28,,,Не рассмотрено,,17,3,Wave 2 (31–60 дней)
DEC-00710,Operation,OP-DRAFT-00330,model_id/canonical_sku; production_order_id; operation_type_id; planned_hours; actual_hours; output_qty; defect_qty; completion_status,Анастасисия пояс Колосья,"Назначить production_order_id, operation_type, дату и факт часов",Производство,Высокий,Загрузка; производительность; фактическая cost,Планирование BS28,,,Не рассмотрено,,17,3,Wave 2 (31–60 дней)
DEC-00711,Operation,OP-DRAFT-00331,model_id/canonical_sku; production_order_id; operation_type_id; planned_hours; actual_hours; output_qty; defect_qty; completion_status,Анастасисия пояс Колосья,"Назначить production_order_id, operation_type, дату и факт часов",Производство,Высокий,Загрузка; производительность; фактическая cost,Планирование BT28,,,Не рассмотрено,,17,3,Wave 2 (31–60 дней)
DEC-00712,Operation,OP-DRAFT-00332,model_id/canonical_sku; production_order_id; operation_type_id; planned_hours; actual_hours; output_qty; defect_qty; completion_status,Анастасисия пояс Колосья,"Назначить production_order_id, operation_type, дату и факт часов",Производство,Высокий,Загрузка; производительность; фактическая cost,Планирование BU28,,,Не рассмотрено,,17,3,Wave 2 (31–60 дней)
DEC-00713,Operation,OP-DRAFT-00333,model_id/canonical_sku; production_order_id; operation_type_id; planned_hours; actual_hours; output_qty; defect_qty; completion_status,Анастасисия пояс Колосья,"Назначить production_order_id, operation_type, дату и факт часов",Производство,Высокий,Загрузка; производительность; фактическая cost,Планирование BV28,,,Не рассмотрено,,17,3,Wave 2 (31–60 дней)
DEC-00714,Operation,OP-DRAFT-00334,model_id/canonical_sku; production_order_id; operation_type_id; planned_hours; actual_hours; output_qty; defect_qty; completion_status,Анастасисия пояс Колосья,"Назначить production_order_id, operation_type, дату и факт часов",Производство,Высокий,Загрузка; производительность; фактическая cost,Планирование BW28,,,Не рассмотрено,,17,3,Wave 2 (31–60 дней)
DEC-00715,Operation,OP-DRAFT-00335,production_order_id; operation_type_id; planned_hours; actual_hours; output_qty; defect_qty; completion_status,47-16 Казьмина,"Назначить production_order_id, operation_type, дату и факт часов",Производство,Высокий,Загрузка; производительность; фактическая cost,Планирование DB28,,,Не рассмотрено,,17,3,Wave 2 (31–60 дней)
DEC-00716,Operation,OP-DRAFT-00336,production_order_id; operation_type_id; planned_hours; actual_hours; output_qty; defect_qty; completion_status,47-16 Казьмина,"Назначить production_order_id, operation_type, дату и факт часов",Производство,Высокий,Загрузка; производительность; фактическая cost,Планирование DC28,,,Не рассмотрено,,17,3,Wave 2 (31–60 дней)
DEC-00717,Operation,OP-DRAFT-00337,production_order_id; operation_type_id; planned_hours; actual_hours; output_qty; defect_qty; completion_status,47-16 Казьмина,"Назначить production_order_id, operation_type, дату и факт часов",Производство,Высокий,Загрузка; производительность; фактическая cost,Планирование DD28,,,Не рассмотрено,,17,3,Wave 2 (31–60 дней)
DEC-00718,Operation,OP-DRAFT-00338,production_order_id; operation_type_id; planned_hours; actual_hours; output_qty; defect_qty; completion_status,47-16 Казьмина,"Назначить production_order_id, operation_type, дату и факт часов",Производство,Высокий,Загрузка; производительность; фактическая cost,Планирование DE28,,,Не рассмотрено,,17,3,Wave 2 (31–60 дней)
DEC-00719,Operation,OP-DRAFT-00339,production_order_id; operation_type_id; planned_hours; actual_hours; output_qty; defect_qty; completion_status,47-16 Казьмина,"Назначить production_order_id, operation_type, дату и факт часов",Производство,Высокий,Загрузка; производительность; фактическая cost,Планирование DF28,,,Не рассмотрено,,17,3,Wave 2 (31–60 дней)
DEC-00720,Operation,OP-DRAFT-00340,production_order_id; operation_type_id; planned_hours; actual_hours; output_qty; defect_qty; completion_status,47-16 Казьмина,"Назначить production_order_id, operation_type, дату и факт часов",Производство,Высокий,Загрузка; производительность; фактическая cost,Планирование DI28,,,Не рассмотрено,,17,3,Wave 2 (31–60 дней)
DEC-00721,Operation,OP-DRAFT-00341,production_order_id; operation_type_id; planned_hours; actual_hours; output_qty; defect_qty; completion_status,47-16 Казьмина,"Назначить production_order_id, operation_type, дату и факт часов",Производство,Высокий,Загрузка; производительность; фактическая cost,Планирование DJ28,,,Не рассмотрено,,17,3,Wave 2 (31–60 дней)
DEC-00722,Operation,OP-DRAFT-00342,production_order_id; operation_type_id; planned_hours; actual_hours; output_qty; defect_qty; completion_status,47-16 Казьмина,"Назначить production_order_id, operation_type, дату и факт часов",Производство,Высокий,Загрузка; производительность; фактическая cost,Планирование DK28,,,Не рассмотрено,,17,3,Wave 2 (31–60 дней)
DEC-00723,Operation,OP-DRAFT-00343,production_order_id; operation_type_id; planned_hours; actual_hours; output_qty; defect_qty; completion_status,47-16 Казьмина,"Назначить production_order_id, operation_type, дату и факт часов",Производство,Высокий,Загрузка; производительность; фактическая cost,Планирование DL28,,,Не рассмотрено,,17,3,Wave 2 (31–60 дней)
DEC-00724,Operation,OP-DRAFT-00344,production_order_id; operation_type_id; planned_hours; actual_hours; output_qty; defect_qty; completion_status,47-16 Казьмина,"Назначить production_order_id, operation_type, дату и факт часов",Производство,Высокий,Загрузка; производительность; фактическая cost,Планирование DM28,,,Не рассмотрено,,17,3,Wave 2 (31–60 дней)
DEC-00725,Operation,OP-DRAFT-00345,production_order_id; operation_type_id; planned_hours; actual_hours; output_qty; defect_qty; completion_status,47-16 Казьмина,"Назначить production_order_id, operation_type, дату и факт часов",Производство,Высокий,Загрузка; производительность; фактическая cost,Планирование DP28,,,Не рассмотрено,,17,3,Wave 2 (31–60 дней)
DEC-00726,Operation,OP-DRAFT-00346,production_order_id; operation_type_id; planned_hours; actual_hours; output_qty; defect_qty; completion_status,47-16 Казьмина,"Назначить production_order_id, operation_type, дату и факт часов",Производство,Высокий,Загрузка; производительность; фактическая cost,Планирование DQ28,,,Не рассмотрено,,17,3,Wave 2 (31–60 дней)
DEC-00727,Operation,OP-DRAFT-00347,production_order_id; operation_type_id; planned_hours; actual_hours; output_qty; defect_qty; completion_status,47-16 Казьмина,"Назначить production_order_id, operation_type, дату и факт часов",Производство,Высокий,Загрузка; производительность; фактическая cost,Планирование DR28,,,Не рассмотрено,,17,3,Wave 2 (31–60 дней)
DEC-00728,Operation,OP-DRAFT-00348,production_order_id; operation_type_id; planned_hours; actual_hours; output_qty; defect_qty; completion_status,47-16 Казьмина,"Назначить production_order_id, operation_type, дату и факт часов",Производство,Высокий,Загрузка; производительность; фактическая cost,Планирование DS28,,,Не рассмотрено,,17,3,Wave 2 (31–60 дней)
DEC-00729,Operation,OP-DRAFT-00349,production_order_id; operation_type_id; planned_hours; actual_hours; output_qty; defect_qty; completion_status,47-16 Казьмина,"Назначить production_order_id, operation_type, дату и факт часов",Производство,Высокий,Загрузка; производительность; фактическая cost,Планирование DT28,,,Не рассмотрено,,17,3,Wave 2 (31–60 дней)
DEC-00730,Operation,OP-DRAFT-00350,production_order_id; operation_type_id; planned_hours; actual_hours; output_qty; defect_qty; completion_status,47-16 Казьмина,"Назначить production_order_id, operation_type, дату и факт часов",Производство,Высокий,Загрузка; производительность; фактическая cost,Планирование DW28,,,Не рассмотрено,,17,3,Wave 2 (31–60 дней)
DEC-00731,Operation,OP-DRAFT-00351,production_order_id; operation_type_id; planned_hours; actual_hours; output_qty; defect_qty; completion_status,47-16 Казьмина,"Назначить production_order_id, operation_type, дату и факт часов",Производство,Высокий,Загрузка; производительность; фактическая cost,Планирование DX28,,,Не рассмотрено,,17,3,Wave 2 (31–60 дней)
DEC-00732,Operation,OP-DRAFT-00352,production_order_id; operation_type_id; planned_hours; actual_hours; output_qty; defect_qty; completion_status,47-16 Казьмина,"Назначить production_order_id, operation_type, дату и факт часов",Производство,Высокий,Загрузка; производительность; фактическая cost,Планирование DY28,,,Не рассмотрено,,17,3,Wave 2 (31–60 дней)
DEC-00733,Operation,OP-DRAFT-00353,production_order_id; operation_type_id; planned_hours; actual_hours; output_qty; defect_qty; completion_status,47-16 Казьмина,"Назначить production_order_id, operation_type, дату и факт часов",Производство,Высокий,Загрузка; производительность; фактическая cost,Планирование DZ28,,,Не рассмотрено,,17,3,Wave 2 (31–60 дней)
DEC-00734,Operation,OP-DRAFT-00354,production_order_id; operation_type_id; planned_hours; actual_hours; output_qty; defect_qty; completion_status,47-16 Казьмина,"Назначить production_order_id, operation_type, дату и факт часов",Производство,Высокий,Загрузка; производительность; фактическая cost,Планирование EA28,,,Не рассмотрено,,17,3,Wave 2 (31–60 дней)
DEC-00735,Operation,OP-DRAFT-00355,production_order_id; operation_type_id; planned_hours; actual_hours; output_qty; defect_qty; completion_status,"47-19 Сазонова 9д, сд 28.05","Назначить production_order_id, operation_type, дату и факт часов",Производство,Высокий,Загрузка; производительность; фактическая cost,Планирование C29,,,Не рассмотрено,,17,3,Wave 2 (31–60 дней)
DEC-00736,Operation,OP-DRAFT-00356,production_order_id; operation_type_id; planned_hours; actual_hours; output_qty; defect_qty; completion_status,"47-19 Магдалина 9д сд 1.06, ИЗМЕНИЛИ КОНСТРУКЦИЮ, +1д","Назначить production_order_id, operation_type, дату и факт часов",Производство,Высокий,Загрузка; производительность; фактическая cost,Планирование D29,,,Не рассмотрено,,17,3,Wave 2 (31–60 дней)
DEC-00737,Operation,OP-DRAFT-00357,production_order_id; operation_type_id; planned_hours; actual_hours; output_qty; defect_qty; completion_status,48-20 крылышки,"Назначить production_order_id, operation_type, дату и факт часов",Производство,Высокий,Загрузка; производительность; фактическая cost,Планирование O29,,,Не рассмотрено,,17,3,Wave 2 (31–60 дней)
DEC-00738,Operation,OP-DRAFT-00358,production_order_id; operation_type_id; planned_hours; actual_hours; output_qty; defect_qty; completion_status,48-02 кружево,"Назначить production_order_id, operation_type, дату и факт часов",Производство,Высокий,Загрузка; производительность; фактическая cost,Планирование V29,,,Не рассмотрено,,17,3,Wave 2 (31–60 дней)
DEC-00739,Operation,OP-DRAFT-00359,production_order_id; operation_type_id; planned_hours; actual_hours; output_qty; defect_qty; completion_status,48-04 гладь,"Назначить production_order_id, operation_type, дату и факт часов",Производство,Высокий,Загрузка; производительность; фактическая cost,Планирование W29,,,Не рассмотрено,,17,3,Wave 2 (31–60 дней)
DEC-00740,Operation,OP-DRAFT-00360,production_order_id; operation_type_id; planned_hours; actual_hours; output_qty; defect_qty; completion_status,48-04 гладь,"Назначить production_order_id, operation_type, дату и факт часов",Производство,Высокий,Загрузка; производительность; фактическая cost,Планирование X29,,,Не рассмотрено,,17,3,Wave 2 (31–60 дней)
DEC-00741,Operation,OP-DRAFT-00361,production_order_id; operation_type_id; planned_hours; actual_hours; output_qty; defect_qty; completion_status,48-04 гладь,"Назначить production_order_id, operation_type, дату и факт часов",Производство,Высокий,Загрузка; производительность; фактическая cost,Планирование Y29,,,Не рассмотрено,,17,3,Wave 2 (31–60 дней)
DEC-00742,Operation,OP-DRAFT-00362,production_order_id; operation_type_id; planned_hours; actual_hours; output_qty; defect_qty; completion_status,48-04 гладь,"Назначить production_order_id, operation_type, дату и факт часов",Производство,Высокий,Загрузка; производительность; фактическая cost,Планирование Z29,,,Не рассмотрено,,17,3,Wave 2 (31–60 дней)
DEC-00743,Operation,OP-DRAFT-00363,production_order_id; operation_type_id; planned_hours; actual_hours; output_qty; defect_qty; completion_status,48-04 гладь,"Назначить production_order_id, operation_type, дату и факт часов",Производство,Высокий,Загрузка; производительность; фактическая cost,Планирование AC29,,,Не рассмотрено,,17,3,Wave 2 (31–60 дней)
DEC-00744,Operation,OP-DRAFT-00364,production_order_id; operation_type_id; planned_hours; actual_hours; output_qty; defect_qty; completion_status,48-23 юбка,"Назначить production_order_id, operation_type, дату и факт часов",Производство,Высокий,Загрузка; производительность; фактическая cost,Планирование AE29,,,Не рассмотрено,,17,3,Wave 2 (31–60 дней)
DEC-00745,Operation,OP-DRAFT-00365,production_order_id; operation_type_id; planned_hours; actual_hours; output_qty; defect_qty; completion_status,48-23 юбка,"Назначить production_order_id, operation_type, дату и факт часов",Производство,Высокий,Загрузка; производительность; фактическая cost,Планирование AF29,,,Не рассмотрено,,17,3,Wave 2 (31–60 дней)
DEC-00746,Operation,OP-DRAFT-00366,production_order_id; operation_type_id; planned_hours; actual_hours; output_qty; defect_qty; completion_status,48-23 юбка,"Назначить production_order_id, operation_type, дату и факт часов",Производство,Высокий,Загрузка; производительность; фактическая cost,Планирование AG29,,,Не рассмотрено,,17,3,Wave 2 (31–60 дней)
DEC-00747,Operation,OP-DRAFT-00367,production_order_id; operation_type_id; planned_hours; actual_hours; output_qty; defect_qty; completion_status,47-17 Казьмина,"Назначить production_order_id, operation_type, дату и факт часов",Производство,Высокий,Загрузка; производительность; фактическая cost,Планирование BE29,,,Не рассмотрено,,17,3,Wave 2 (31–60 дней)
DEC-00748,Operation,OP-DRAFT-00368,production_order_id; operation_type_id; planned_hours; actual_hours; output_qty; defect_qty; completion_status,47-17 Казьмина,"Назначить production_order_id, operation_type, дату и факт часов",Производство,Высокий,Загрузка; производительность; фактическая cost,Планирование BF29,,,Не рассмотрено,,17,3,Wave 2 (31–60 дней)
DEC-00749,Operation,OP-DRAFT-00369,production_order_id; operation_type_id; planned_hours; actual_hours; output_qty; defect_qty; completion_status,47-17 Казьмина,"Назначить production_order_id, operation_type, дату и факт часов",Производство,Высокий,Загрузка; производительность; фактическая cost,Планирование BG29,,,Не рассмотрено,,17,3,Wave 2 (31–60 дней)
DEC-00750,Operation,OP-DRAFT-00370,production_order_id; operation_type_id; planned_hours; actual_hours; output_qty; defect_qty; completion_status,47-17 Казьмина,"Назначить production_order_id, operation_type, дату и факт часов",Производство,Высокий,Загрузка; производительность; фактическая cost,Планирование BH29,,,Не рассмотрено,,17,3,Wave 2 (31–60 дней)
DEC-00751,Operation,OP-DRAFT-00371,production_order_id; operation_type_id; planned_hours; actual_hours; output_qty; defect_qty; completion_status,47-17 Казьмина,"Назначить production_order_id, operation_type, дату и факт часов",Производство,Высокий,Загрузка; производительность; фактическая cost,Планирование BI29,,,Не рассмотрено,,17,3,Wave 2 (31–60 дней)
DEC-00752,Operation,OP-DRAFT-00372,production_order_id; operation_type_id; planned_hours; actual_hours; output_qty; defect_qty; completion_status,47-17 Казьмина,"Назначить production_order_id, operation_type, дату и факт часов",Производство,Высокий,Загрузка; производительность; фактическая cost,Планирование BL29,,,Не рассмотрено,,17,3,Wave 2 (31–60 дней)
DEC-00753,Operation,OP-DRAFT-00373,production_order_id; operation_type_id; planned_hours; actual_hours; output_qty; defect_qty; completion_status,47-17 Казьмина,"Назначить production_order_id, operation_type, дату и факт часов",Производство,Высокий,Загрузка; производительность; фактическая cost,Планирование BM29,,,Не рассмотрено,,17,3,Wave 2 (31–60 дней)
DEC-00754,Operation,OP-DRAFT-00374,production_order_id; operation_type_id; planned_hours; actual_hours; output_qty; defect_qty; completion_status,47-17 Казьмина,"Назначить production_order_id, operation_type, дату и факт часов",Производство,Высокий,Загрузка; производительность; фактическая cost,Планирование BN29,,,Не рассмотрено,,17,3,Wave 2 (31–60 дней)
DEC-00755,Operation,OP-DRAFT-00375,production_order_id; operation_type_id; planned_hours; actual_hours; output_qty; defect_qty; completion_status,47-17 Казьмина,"Назначить production_order_id, operation_type, дату и факт часов",Производство,Высокий,Загрузка; производительность; фактическая cost,Планирование BO29,,,Не рассмотрено,,17,3,Wave 2 (31–60 дней)
DEC-00756,Operation,OP-DRAFT-00376,production_order_id; operation_type_id; planned_hours; actual_hours; output_qty; defect_qty; completion_status,47-17 Казьмина,"Назначить production_order_id, operation_type, дату и факт часов",Производство,Высокий,Загрузка; производительность; фактическая cost,Планирование BP29,,,Не рассмотрено,,17,3,Wave 2 (31–60 дней)
DEC-00757,Operation,OP-DRAFT-00377,production_order_id; operation_type_id; planned_hours; actual_hours; output_qty; defect_qty; completion_status,47-17 Казьмина,"Назначить production_order_id, operation_type, дату и факт часов",Производство,Высокий,Загрузка; производительность; фактическая cost,Планирование BS29,,,Не рассмотрено,,17,3,Wave 2 (31–60 дней)
DEC-00758,Operation,OP-DRAFT-00378,production_order_id; operation_type_id; planned_hours; actual_hours; output_qty; defect_qty; completion_status,47-15 Казьмина 75д сд 29.05,"Назначить production_order_id, operation_type, дату и факт часов",Производство,Высокий,Загрузка; производительность; фактическая cost,Планирование C30,,,Не рассмотрено,,17,3,Wave 2 (31–60 дней)
DEC-00759,Operation,OP-DRAFT-00379,production_order_id; operation_type_id; planned_hours; actual_hours; output_qty; defect_qty; completion_status,48-28 листья,"Назначить production_order_id, operation_type, дату и факт часов",Производство,Высокий,Загрузка; производительность; фактическая cost,Планирование O30,,,Не рассмотрено,,17,3,Wave 2 (31–60 дней)
DEC-00760,Operation,OP-DRAFT-00380,production_order_id; operation_type_id; planned_hours; actual_hours; output_qty; defect_qty; completion_status,48-20 вырезка,"Назначить production_order_id, operation_type, дату и факт часов",Производство,Высокий,Загрузка; производительность; фактическая cost,Планирование Q30,,,Не рассмотрено,,17,3,Wave 2 (31–60 дней)
DEC-00761,Operation,OP-DRAFT-00381,production_order_id; operation_type_id; planned_hours; actual_hours; output_qty; defect_qty; completion_status,48-28 листья,"Назначить production_order_id, operation_type, дату и факт часов",Производство,Высокий,Загрузка; производительность; фактическая cost,Планирование R30,,,Не рассмотрено,,17,3,Wave 2 (31–60 дней)
DEC-00762,Operation,OP-DRAFT-00384,production_order_id; operation_type_id; planned_hours; actual_hours; output_qty; defect_qty; completion_status,47-14 Владим,"Назначить production_order_id, operation_type, дату и факт часов",Производство,Высокий,Загрузка; производительность; фактическая cost,Планирование X30,,,Не рассмотрено,,17,3,Wave 2 (31–60 дней)
DEC-00763,Operation,OP-DRAFT-00385,production_order_id; operation_type_id; planned_hours; actual_hours; output_qty; defect_qty; completion_status,48-20 пришивание,"Назначить production_order_id, operation_type, дату и факт часов",Производство,Высокий,Загрузка; производительность; фактическая cost,Планирование Y30,,,Не рассмотрено,,17,3,Wave 2 (31–60 дней)
DEC-00764,Operation,OP-DRAFT-00386,production_order_id; operation_type_id; planned_hours; actual_hours; output_qty; defect_qty; completion_status,"Колос Ершова, 48-10","Назначить production_order_id, operation_type, дату и факт часов",Производство,Высокий,Загрузка; производительность; фактическая cost,Планирование Z30,,,Не рассмотрено,,17,3,Wave 2 (31–60 дней)
DEC-00765,Operation,OP-DRAFT-00387,production_order_id; operation_type_id; planned_hours; actual_hours; output_qty; defect_qty; completion_status,48-20 пришив листьев,"Назначить production_order_id, operation_type, дату и факт часов",Производство,Высокий,Загрузка; производительность; фактическая cost,Планирование AC30,,,Не рассмотрено,,17,3,Wave 2 (31–60 дней)
DEC-00766,Operation,OP-DRAFT-00388,production_order_id; operation_type_id; planned_hours; actual_hours; output_qty; defect_qty; completion_status,48-10,"Назначить production_order_id, operation_type, дату и факт часов",Производство,Высокий,Загрузка; производительность; фактическая cost,Планирование AE30,,,Не рассмотрено,,17,3,Wave 2 (31–60 дней)
DEC-00767,Operation,OP-DRAFT-00389,production_order_id; operation_type_id; planned_hours; actual_hours; output_qty; defect_qty; completion_status,48-10,"Назначить production_order_id, operation_type, дату и факт часов",Производство,Высокий,Загрузка; производительность; фактическая cost,Планирование AF30,,,Не рассмотрено,,17,3,Wave 2 (31–60 дней)
DEC-00768,Operation,OP-DRAFT-00390,production_order_id; operation_type_id; planned_hours; actual_hours; output_qty; defect_qty; completion_status,48-10,"Назначить production_order_id, operation_type, дату и факт часов",Производство,Высокий,Загрузка; производительность; фактическая cost,Планирование AG30,,,Не рассмотрено,,17,3,Wave 2 (31–60 дней)
DEC-00769,Operation,OP-DRAFT-00391,production_order_id; operation_type_id; planned_hours; actual_hours; output_qty; defect_qty; completion_status,43-05 Феникс,"Назначить production_order_id, operation_type, дату и факт часов",Производство,Высокий,Загрузка; производительность; фактическая cost,Планирование C31,,,Не рассмотрено,,17,3,Wave 2 (31–60 дней)
DEC-00770,Operation,OP-DRAFT-00392,model_id/canonical_sku; production_order_id; operation_type_id; planned_hours; actual_hours; output_qty; defect_qty; completion_status,ПРИОСТАНОВЛЕНО,"Назначить production_order_id, operation_type, дату и факт часов",Производство,Высокий,Загрузка; производительность; фактическая cost,Планирование J31,,,Не рассмотрено,,17,3,Wave 2 (31–60 дней)
DEC-00771,Operation,OP-DRAFT-00393,production_order_id; operation_type_id; planned_hours; actual_hours; output_qty; defect_qty; completion_status,Стойка Владимирова 47-14,"Назначить production_order_id, operation_type, дату и факт часов",Производство,Высокий,Загрузка; производительность; фактическая cost,Планирование Q31,,,Не рассмотрено,,17,3,Wave 2 (31–60 дней)
DEC-00772,Operation,OP-DRAFT-00394,production_order_id; operation_type_id; planned_hours; actual_hours; output_qty; defect_qty; completion_status,Стойка Владимирова 47-14,"Назначить production_order_id, operation_type, дату и факт часов",Производство,Высокий,Загрузка; производительность; фактическая cost,Планирование V31,,,Не рассмотрено,,17,3,Wave 2 (31–60 дней)
DEC-00773,Operation,OP-DRAFT-00395,model_id/canonical_sku; production_order_id; operation_type_id; planned_hours; actual_hours; output_qty; defect_qty; completion_status,"жакет ""Феникс""","Назначить production_order_id, operation_type, дату и факт часов",Производство,Высокий,Загрузка; производительность; фактическая cost,Планирование X31,,,Не рассмотрено,,17,3,Wave 2 (31–60 дней)
DEC-00774,Operation,OP-DRAFT-00396,production_order_id; operation_type_id; planned_hours; actual_hours; output_qty; defect_qty; completion_status,48-24 колье,"Назначить production_order_id, operation_type, дату и факт часов",Производство,Высокий,Загрузка; производительность; фактическая cost,Планирование AD31,,,Не рассмотрено,,17,3,Wave 2 (31–60 дней)
DEC-00775,Operation,OP-DRAFT-00397,production_order_id; operation_type_id; planned_hours; actual_hours; output_qty; defect_qty; completion_status,48-24 колье,"Назначить production_order_id, operation_type, дату и факт часов",Производство,Высокий,Загрузка; производительность; фактическая cost,Планирование AE31,,,Не рассмотрено,,17,3,Wave 2 (31–60 дней)
DEC-00776,Operation,OP-DRAFT-00398,production_order_id; operation_type_id; planned_hours; actual_hours; output_qty; defect_qty; completion_status,48-24 колье,"Назначить production_order_id, operation_type, дату и факт часов",Производство,Высокий,Загрузка; производительность; фактическая cost,Планирование AF31,,,Не рассмотрено,,17,3,Wave 2 (31–60 дней)
DEC-00777,Operation,OP-DRAFT-00399,production_order_id; operation_type_id; planned_hours; actual_hours; output_qty; defect_qty; completion_status,48-24 колье,"Назначить production_order_id, operation_type, дату и факт часов",Производство,Высокий,Загрузка; производительность; фактическая cost,Планирование AG31,,,Не рассмотрено,,17,3,Wave 2 (31–60 дней)
DEC-00778,Operation,OP-DRAFT-00400,production_order_id; operation_type_id; planned_hours; actual_hours; output_qty; defect_qty; completion_status,47-14 Владимирова 6 д сд 10,"Назначить production_order_id, operation_type, дату и факт часов",Производство,Высокий,Загрузка; производительность; фактическая cost,Планирование J32,,,Не рассмотрено,,17,3,Wave 2 (31–60 дней)
DEC-00779,Operation,OP-DRAFT-00401,production_order_id; operation_type_id; planned_hours; actual_hours; output_qty; defect_qty; completion_status,46-21,"Назначить production_order_id, operation_type, дату и факт часов",Производство,Высокий,Загрузка; производительность; фактическая cost,Планирование C33,,,Не рассмотрено,,17,3,Wave 2 (31–60 дней)
DEC-00780,Operation,OP-DRAFT-00402,production_order_id; operation_type_id; planned_hours; actual_hours; output_qty; defect_qty; completion_status,48-27 Жукова васильки,"Назначить production_order_id, operation_type, дату и факт часов",Производство,Высокий,Загрузка; производительность; фактическая cost,Планирование K33,,,Не рассмотрено,,17,3,Wave 2 (31–60 дней)
DEC-00781,Operation,OP-DRAFT-00403,production_order_id; operation_type_id; planned_hours; actual_hours; output_qty; defect_qty; completion_status,48-27 юбка васильки приедел 17.06,"Назначить production_order_id, operation_type, дату и факт часов",Производство,Высокий,Загрузка; производительность; фактическая cost,Планирование O33,,,Не рассмотрено,,17,3,Wave 2 (31–60 дней)
DEC-00782,Operation,OP-DRAFT-00404,production_order_id; operation_type_id; planned_hours; actual_hours; output_qty; defect_qty; completion_status,48-27 юбка васильки приедел 17.06,"Назначить production_order_id, operation_type, дату и факт часов",Производство,Высокий,Загрузка; производительность; фактическая cost,Планирование V33,,,Не рассмотрено,,17,3,Wave 2 (31–60 дней)
DEC-00783,Operation,OP-DRAFT-00405,model_id/canonical_sku; production_order_id; operation_type_id; planned_hours; actual_hours; output_qty; defect_qty; completion_status,ЯВКА,"Назначить production_order_id, operation_type, дату и факт часов",Производство,Высокий,Загрузка; производительность; фактическая cost,Планирование AD33,,,Не рассмотрено,,17,3,Wave 2 (31–60 дней)
DEC-00784,Operation,OP-DRAFT-00406,production_order_id; operation_type_id; planned_hours; actual_hours; output_qty; defect_qty; completion_status,46-21,"Назначить production_order_id, operation_type, дату и факт часов",Производство,Высокий,Загрузка; производительность; фактическая cost,Планирование AE33,,,Не рассмотрено,,17,3,Wave 2 (31–60 дней)
DEC-00785,Operation,OP-DRAFT-00407,production_order_id; operation_type_id; planned_hours; actual_hours; output_qty; defect_qty; completion_status,46-21,"Назначить production_order_id, operation_type, дату и факт часов",Производство,Высокий,Загрузка; производительность; фактическая cost,Планирование AF33,,,Не рассмотрено,,17,3,Wave 2 (31–60 дней)
DEC-00786,Operation,OP-DRAFT-00408,production_order_id; operation_type_id; planned_hours; actual_hours; output_qty; defect_qty; completion_status,48-13,"Назначить production_order_id, operation_type, дату и факт часов",Производство,Высокий,Загрузка; производительность; фактическая cost,Планирование C34,,,Не рассмотрено,,17,3,Wave 2 (31–60 дней)
DEC-00787,Operation,OP-DRAFT-00409,production_order_id; operation_type_id; planned_hours; actual_hours; output_qty; defect_qty; completion_status,48-13 сборка Ландышей,"Назначить production_order_id, operation_type, дату и факт часов",Производство,Высокий,Загрузка; производительность; фактическая cost,Планирование O34,,,Не рассмотрено,,17,3,Wave 2 (31–60 дней)
DEC-00788,Operation,OP-DRAFT-00410,model_id/canonical_sku; production_order_id; operation_type_id; planned_hours; actual_hours; output_qty; defect_qty; completion_status,нет,"Назначить production_order_id, operation_type, дату и факт часов",Производство,Высокий,Загрузка; производительность; фактическая cost,Планирование V34,,,Не рассмотрено,,17,3,Wave 2 (31–60 дней)
DEC-00789,Operation,OP-DRAFT-00411,production_order_id; operation_type_id; planned_hours; actual_hours; output_qty; defect_qty; completion_status,48-13,"Назначить production_order_id, operation_type, дату и факт часов",Производство,Высокий,Загрузка; производительность; фактическая cost,Планирование AC34,,,Не рассмотрено,,17,3,Wave 2 (31–60 дней)
DEC-00790,Operation,OP-DRAFT-00412,model_id/canonical_sku; production_order_id; operation_type_id; planned_hours; actual_hours; output_qty; defect_qty; completion_status,48,"Назначить production_order_id, operation_type, дату и факт часов",Производство,Высокий,Загрузка; производительность; фактическая cost,Планирование C35,,,Не рассмотрено,,17,3,Wave 2 (31–60 дней)
DEC-00791,Operation,OP-DRAFT-00413,production_order_id; operation_type_id; planned_hours; actual_hours; output_qty; defect_qty; completion_status,48-28 цветочки,"Назначить production_order_id, operation_type, дату и факт часов",Производство,Высокий,Загрузка; производительность; фактическая cost,Планирование O35,,,Не рассмотрено,,17,3,Wave 2 (31–60 дней)
DEC-00792,Operation,OP-DRAFT-00414,model_id/canonical_sku; production_order_id; operation_type_id; planned_hours; actual_hours; output_qty; defect_qty; completion_status,ландыши булькой,"Назначить production_order_id, operation_type, дату и факт часов",Производство,Высокий,Загрузка; производительность; фактическая cost,Планирование V35,,,Не рассмотрено,,17,3,Wave 2 (31–60 дней)
DEC-00793,Operation,OP-DRAFT-00415,production_order_id; operation_type_id; planned_hours; actual_hours; output_qty; defect_qty; completion_status,48-28 гладьевые объемные лепестки,"Назначить production_order_id, operation_type, дату и факт часов",Производство,Высокий,Загрузка; производительность; фактическая cost,Планирование X35,,,Не рассмотрено,,17,3,Wave 2 (31–60 дней)
DEC-00794,Operation,OP-DRAFT-00416,production_order_id; operation_type_id; planned_hours; actual_hours; output_qty; defect_qty; completion_status,48-28 гладьевые объемные лепестки,"Назначить production_order_id, operation_type, дату и факт часов",Производство,Высокий,Загрузка; производительность; фактическая cost,Планирование AC35,,,Не рассмотрено,,17,3,Wave 2 (31–60 дней)
DEC-00795,Operation,OP-DRAFT-00417,model_id/canonical_sku; production_order_id; operation_type_id; planned_hours; actual_hours; output_qty; defect_qty; completion_status,ЯВКА,"Назначить production_order_id, operation_type, дату и факт часов",Производство,Высокий,Загрузка; производительность; фактическая cost,Планирование AE35,,,Не рассмотрено,,17,3,Wave 2 (31–60 дней)
DEC-00796,Operation,OP-DRAFT-00421,model_id/canonical_sku; production_order_id; operation_type_id; planned_hours; actual_hours; output_qty; defect_qty; completion_status,кулишова звезды,"Назначить production_order_id, operation_type, дату и факт часов",Производство,Высокий,Загрузка; производительность; фактическая cost,Планирование AG36,,,Не рассмотрено,,17,3,Wave 2 (31–60 дней)
DEC-00797,Operation,OP-DRAFT-00422,production_order_id; operation_type_id; planned_hours; actual_hours; output_qty; defect_qty; completion_status,47-12 Владимирова боди сд 1,"Назначить production_order_id, operation_type, дату и факт часов",Производство,Высокий,Загрузка; производительность; фактическая cost,Планирование L37,,,Не рассмотрено,,17,3,Wave 2 (31–60 дней)
DEC-00798,Operation,OP-DRAFT-00424,production_order_id; operation_type_id; planned_hours; actual_hours; output_qty; defect_qty; completion_status,48-08 веточки,"Назначить production_order_id, operation_type, дату и факт часов",Производство,Высокий,Загрузка; производительность; фактическая cost,Планирование V37,,,Не рассмотрено,,17,3,Wave 2 (31–60 дней)
DEC-00799,Operation,OP-DRAFT-00425,production_order_id; operation_type_id; planned_hours; actual_hours; output_qty; defect_qty; completion_status,48-08,"Назначить production_order_id, operation_type, дату и факт часов",Производство,Высокий,Загрузка; производительность; фактическая cost,Планирование W37,,,Не рассмотрено,,17,3,Wave 2 (31–60 дней)
DEC-00800,Operation,OP-DRAFT-00426,production_order_id; operation_type_id; planned_hours; actual_hours; output_qty; defect_qty; completion_status,48-08,"Назначить production_order_id, operation_type, дату и факт часов",Производство,Высокий,Загрузка; производительность; фактическая cost,Планирование X37,,,Не рассмотрено,,17,3,Wave 2 (31–60 дней)
DEC-00801,Operation,OP-DRAFT-00427,production_order_id; operation_type_id; planned_hours; actual_hours; output_qty; defect_qty; completion_status,48-08,"Назначить production_order_id, operation_type, дату и факт часов",Производство,Высокий,Загрузка; производительность; фактическая cost,Планирование Y37,,,Не рассмотрено,,17,3,Wave 2 (31–60 дней)
DEC-00802,Operation,OP-DRAFT-00428,production_order_id; operation_type_id; planned_hours; actual_hours; output_qty; defect_qty; completion_status,48-08,"Назначить production_order_id, operation_type, дату и факт часов",Производство,Высокий,Загрузка; производительность; фактическая cost,Планирование Z37,,,Не рассмотрено,,17,3,Wave 2 (31–60 дней)
DEC-00803,Operation,OP-DRAFT-00429,production_order_id; operation_type_id; planned_hours; actual_hours; output_qty; defect_qty; completion_status,48-08,"Назначить production_order_id, operation_type, дату и факт часов",Производство,Высокий,Загрузка; производительность; фактическая cost,Планирование AA37,,,Не рассмотрено,,17,3,Wave 2 (31–60 дней)
DEC-00804,Operation,OP-DRAFT-00430,production_order_id; operation_type_id; planned_hours; actual_hours; output_qty; defect_qty; completion_status,48-08 веточки,"Назначить production_order_id, operation_type, дату и факт часов",Производство,Высокий,Загрузка; производительность; фактическая cost,Планирование AC37,,,Не рассмотрено,,17,3,Wave 2 (31–60 дней)
DEC-00805,Operation,OP-DRAFT-00431,production_order_id; operation_type_id; planned_hours; actual_hours; output_qty; defect_qty; completion_status,48-08 веточки,"Назначить production_order_id, operation_type, дату и факт часов",Производство,Высокий,Загрузка; производительность; фактическая cost,Планирование AD37,,,Не рассмотрено,,17,3,Wave 2 (31–60 дней)
DEC-00806,Operation,OP-DRAFT-00432,production_order_id; operation_type_id; planned_hours; actual_hours; output_qty; defect_qty; completion_status,48-08 веточки,"Назначить production_order_id, operation_type, дату и факт часов",Производство,Высокий,Загрузка; производительность; фактическая cost,Планирование AE37,,,Не рассмотрено,,17,3,Wave 2 (31–60 дней)
DEC-00807,Operation,OP-DRAFT-00433,production_order_id; operation_type_id; planned_hours; actual_hours; output_qty; defect_qty; completion_status,48-28,"Назначить production_order_id, operation_type, дату и факт часов",Производство,Высокий,Загрузка; производительность; фактическая cost,Планирование AF37,,,Не рассмотрено,,17,3,Wave 2 (31–60 дней)
DEC-00808,Operation,OP-DRAFT-00434,production_order_id; operation_type_id; planned_hours; actual_hours; output_qty; defect_qty; completion_status,48-28 лиф,"Назначить production_order_id, operation_type, дату и факт часов",Производство,Высокий,Загрузка; производительность; фактическая cost,Планирование AG37,,,Не рассмотрено,,17,3,Wave 2 (31–60 дней)
DEC-00809,Operation,OP-DRAFT-00435,production_order_id; operation_type_id; planned_hours; actual_hours; output_qty; defect_qty; completion_status,48-13 сборка Ландышей,"Назначить production_order_id, operation_type, дату и факт часов",Производство,Высокий,Загрузка; производительность; фактическая cost,Планирование O38,,,Не рассмотрено,,17,3,Wave 2 (31–60 дней)
DEC-00810,Operation,OP-DRAFT-00437,production_order_id; operation_type_id; planned_hours; actual_hours; output_qty; defect_qty; completion_status,колокольчики 48-21,"Назначить production_order_id, operation_type, дату и факт часов",Производство,Высокий,Загрузка; производительность; фактическая cost,Планирование V38,,,Не рассмотрено,,17,3,Wave 2 (31–60 дней)
DEC-00811,Operation,OP-DRAFT-00438,production_order_id; operation_type_id; planned_hours; actual_hours; output_qty; defect_qty; completion_status,0-3354 Сазонова,"Назначить production_order_id, operation_type, дату и факт часов",Производство,Высокий,Загрузка; производительность; фактическая cost,Планирование W38,,,Не рассмотрено,,17,3,Wave 2 (31–60 дней)
DEC-00812,Operation,OP-DRAFT-00439,production_order_id; operation_type_id; planned_hours; actual_hours; output_qty; defect_qty; completion_status,0-3354 Сазонова,"Назначить production_order_id, operation_type, дату и факт часов",Производство,Высокий,Загрузка; производительность; фактическая cost,Планирование X38,,,Не рассмотрено,,17,3,Wave 2 (31–60 дней)
DEC-00813,Operation,OP-DRAFT-00440,production_order_id; operation_type_id; planned_hours; actual_hours; output_qty; defect_qty; completion_status,48-13,"Назначить production_order_id, operation_type, дату и факт часов",Производство,Высокий,Загрузка; производительность; фактическая cost,Планирование Y38,,,Не рассмотрено,,17,3,Wave 2 (31–60 дней)
DEC-00814,Operation,OP-DRAFT-00441,production_order_id; operation_type_id; planned_hours; actual_hours; output_qty; defect_qty; completion_status,48-13,"Назначить production_order_id, operation_type, дату и факт часов",Производство,Высокий,Загрузка; производительность; фактическая cost,Планирование Z38,,,Не рассмотрено,,17,3,Wave 2 (31–60 дней)
DEC-00815,Operation,OP-DRAFT-00442,production_order_id; operation_type_id; planned_hours; actual_hours; output_qty; defect_qty; completion_status,48-13,"Назначить production_order_id, operation_type, дату и факт часов",Производство,Высокий,Загрузка; производительность; фактическая cost,Планирование AC38,,,Не рассмотрено,,17,3,Wave 2 (31–60 дней)
DEC-00816,Operation,OP-DRAFT-00443,production_order_id; operation_type_id; planned_hours; actual_hours; output_qty; defect_qty; completion_status,48-13,"Назначить production_order_id, operation_type, дату и факт часов",Производство,Высокий,Загрузка; производительность; фактическая cost,Планирование AD38,,,Не рассмотрено,,17,3,Wave 2 (31–60 дней)
DEC-00817,Operation,OP-DRAFT-00444,model_id/canonical_sku; production_order_id; operation_type_id; planned_hours; actual_hours; output_qty; defect_qty; completion_status,пришивать юбку гонтовой,"Назначить production_order_id, operation_type, дату и факт часов",Производство,Высокий,Загрузка; производительность; фактическая cost,Планирование AE38,,,Не рассмотрено,,17,3,Wave 2 (31–60 дней)
DEC-00818,Operation,OP-DRAFT-00445,production_order_id; operation_type_id; planned_hours; actual_hours; output_qty; defect_qty; completion_status,48-13,"Назначить production_order_id, operation_type, дату и факт часов",Производство,Высокий,Загрузка; производительность; фактическая cost,Планирование AF38,,,Не рассмотрено,,17,3,Wave 2 (31–60 дней)
DEC-00819,Operation,OP-DRAFT-00446,model_id/canonical_sku; production_order_id; operation_type_id; planned_hours; actual_hours; output_qty; defect_qty; completion_status,пришивать юбку гонтовой,"Назначить production_order_id, operation_type, дату и факт часов",Производство,Высокий,Загрузка; производительность; фактическая cost,Планирование AG38,,,Не рассмотрено,,17,3,Wave 2 (31–60 дней)
DEC-00820,Operation,OP-DRAFT-00447,production_order_id; operation_type_id; planned_hours; actual_hours; output_qty; defect_qty; completion_status,48-32 машнка,"Назначить production_order_id, operation_type, дату и факт часов",Производство,Высокий,Загрузка; производительность; фактическая cost,Планирование Q39,,,Не рассмотрено,,17,3,Wave 2 (31–60 дней)
DEC-00821,Operation,OP-DRAFT-00450,model_id/canonical_sku; production_order_id; operation_type_id; planned_hours; actual_hours; output_qty; defect_qty; completion_status,нет,"Назначить production_order_id, operation_type, дату и факт часов",Производство,Высокий,Загрузка; производительность; фактическая cost,Планирование X39,,,Не рассмотрено,,17,3,Wave 2 (31–60 дней)
DEC-00822,Operation,OP-DRAFT-00451,production_order_id; operation_type_id; planned_hours; actual_hours; output_qty; defect_qty; completion_status,48-20 пришивание,"Назначить production_order_id, operation_type, дату и факт часов",Производство,Высокий,Загрузка; производительность; фактическая cost,Планирование Y39,,,Не рассмотрено,,17,3,Wave 2 (31–60 дней)
DEC-00823,Operation,OP-DRAFT-00452,production_order_id; operation_type_id; planned_hours; actual_hours; output_qty; defect_qty; completion_status,48-10,"Назначить production_order_id, operation_type, дату и факт часов",Производство,Высокий,Загрузка; производительность; фактическая cost,Планирование Z39,,,Не рассмотрено,,17,3,Wave 2 (31–60 дней)
DEC-00824,Operation,OP-DRAFT-00453,production_order_id; operation_type_id; planned_hours; actual_hours; output_qty; defect_qty; completion_status,48-20 пришив листьев,"Назначить production_order_id, operation_type, дату и факт часов",Производство,Высокий,Загрузка; производительность; фактическая cost,Планирование AC39,,,Не рассмотрено,,17,3,Wave 2 (31–60 дней)
DEC-00825,Operation,OP-DRAFT-00454,production_order_id; operation_type_id; planned_hours; actual_hours; output_qty; defect_qty; completion_status,48-08,"Назначить production_order_id, operation_type, дату и факт часов",Производство,Высокий,Загрузка; производительность; фактическая cost,Планирование AD39,,,Не рассмотрено,,17,3,Wave 2 (31–60 дней)
DEC-00826,Operation,OP-DRAFT-00455,production_order_id; operation_type_id; planned_hours; actual_hours; output_qty; defect_qty; completion_status,48-08,"Назначить production_order_id, operation_type, дату и факт часов",Производство,Высокий,Загрузка; производительность; фактическая cost,Планирование AE39,,,Не рассмотрено,,17,3,Wave 2 (31–60 дней)
DEC-00827,Operation,OP-DRAFT-00456,production_order_id; operation_type_id; planned_hours; actual_hours; output_qty; defect_qty; completion_status,48-08,"Назначить production_order_id, operation_type, дату и факт часов",Производство,Высокий,Загрузка; производительность; фактическая cost,Планирование AF39,,,Не рассмотрено,,17,3,Wave 2 (31–60 дней)
DEC-00828,Operation,OP-DRAFT-00457,production_order_id; operation_type_id; planned_hours; actual_hours; output_qty; defect_qty; completion_status,48-08,"Назначить production_order_id, operation_type, дату и факт часов",Производство,Высокий,Загрузка; производительность; фактическая cost,Планирование AG39,,,Не рассмотрено,,17,3,Wave 2 (31–60 дней)
DEC-00829,Operation,OP-DRAFT-00458,production_order_id; operation_type_id; planned_hours; actual_hours; output_qty; defect_qty; completion_status,48-08,"Назначить production_order_id, operation_type, дату и факт часов",Производство,Высокий,Загрузка; производительность; фактическая cost,Планирование AD40,,,Не рассмотрено,,17,3,Wave 2 (31–60 дней)
DEC-00830,Operation,OP-DRAFT-00459,production_order_id; operation_type_id; planned_hours; actual_hours; output_qty; defect_qty; completion_status,48-08,"Назначить production_order_id, operation_type, дату и факт часов",Производство,Высокий,Загрузка; производительность; фактическая cost,Планирование AE40,,,Не рассмотрено,,17,3,Wave 2 (31–60 дней)
DEC-00831,Operation,OP-DRAFT-00460,production_order_id; operation_type_id; planned_hours; actual_hours; output_qty; defect_qty; completion_status,48-08,"Назначить production_order_id, operation_type, дату и факт часов",Производство,Высокий,Загрузка; производительность; фактическая cost,Планирование AF40,,,Не рассмотрено,,17,3,Wave 2 (31–60 дней)
DEC-00832,Operation,OP-DRAFT-00461,production_order_id; operation_type_id; planned_hours; actual_hours; output_qty; defect_qty; completion_status,48-08,"Назначить production_order_id, operation_type, дату и факт часов",Производство,Высокий,Загрузка; производительность; фактическая cost,Планирование AG40,,,Не рассмотрено,,17,3,Wave 2 (31–60 дней)
DEC-00833,Operation,OP-DRAFT-00462,production_order_id; operation_type_id; planned_hours; actual_hours; output_qty; defect_qty; completion_status,"Передан Жуковой жакет 48-24. Утвердили кружево на топ 48-25. Перфилова доделывает эскиз на Кулишову 47-22 ""Платье звезды"". Кислова 28-14 платье бахрома дорасшиты. Получили легинсы 48-27 и переданы в работу Хомутовской. Найдена вышивальщица, работающая на машинке - строчит крылышки на 48-32. Крылышки на 48-20 в работе. Прорабатывается ромб из кружева на блузу 48-17. Топ 47-24 Кисловой в работе. Платье Улановой 47-21 готово и передано конструктору на осноровку. Найден специалист по изготовлению цветов из шифона с использованием бульки на 48-13. Начата расшивка стойки Владимировой (сетку на стойку получили вчера 2.06). Запрошен у Корнеевой Юли и получен рисунок дракона формата А4 на платье Ремпель по 47-10. Получена программа от Владимира для вышивки рукавов жакета 0-3113 Ищеевой (запустим в автомат 4.06). Продолжаюся работы над цветами 48-09, 48-13, 48-28, 48-28, 48-30. Запрошены лекала и сетка для моделей 48-22, 48-29, 48-23, 48-26 для передачи на вышивку Жуковой Анне. Наколоты и пришиты броши на жакеты 47-19 Сазоновой и Магдалины.","Назначить production_order_id, operation_type, дату и факт часов",Производство,Высокий,Загрузка; производительность; фактическая cost,Планирование O42,,,Не рассмотрено,,17,3,Wave 2 (31–60 дней)
DEC-00834,Operation,OP-DRAFT-00463,production_order_id; operation_type_id; planned_hours; actual_hours; output_qty; defect_qty; completion_status,"1. Найдены и заказаны в Китае стразы для Меркушиной Т (Осень ЦУМ 0-3232 0-3233). 2. Коваленко Владимир выходил работать в ночь на вышивку 48-13. 3. Приступили к работе 48-25 (Белялова ОН). 4. Начата работа 48-10 (цветы из серебряных пайеток Непрынцева). 5. Согласованна передача в работу на машинную вышивку платья 47-22 Кулишовой. 6. Найден и куплен материал на 48-10 (в Москве нет, заказан в Китае). 6. Согласована дата съемки (23.06) и предоставлен список моделей для съемки. 7. Начата отрисовка вышивки на жакет 48-04. 8. Наколота вышивка платья 47-21 Улановой. 8. Утвержден рисунок вышивки платья 47-22 для Кулишовой. 9. Запрошена блуза 48-17 для запуска в работу. 10. Утверждена проба вышивки на 48-17. 11. Решение возникших вопросов, связанных с вышивкой колье на блузу 0-3414 Гонтовой и платья 33-31 Кисловой.","Назначить production_order_id, operation_type, дату и факт часов",Производство,Высокий,Загрузка; производительность; фактическая cost,Планирование O43,,,Не рассмотрено,,17,3,Wave 2 (31–60 дней)
DEC-00835,Operation,OP-DRAFT-00465,production_order_id; operation_type_id; planned_hours; actual_hours; output_qty; defect_qty; completion_status,"1. Получены от Жуковой А. шорты 48-25 для снятия эскиза вышивки и передачи в отшив. 2. Приготовлена работа для выхода Коваленко В. В ночную смену, в том числе сборка букетиков из веточек на 48-21. 3. Приступили вышвать лиф 48-02. 4. Работа с моделями клиентов: Кислова 47-27 и 33-31, Сазонова 0-3354, Владимирова 47-14. 5. Собираются дополнительне колокольчики на 48-21. 6. Отрисованы лиф на 48-08 и рукава и спинка 48-04. 7. Наколото кружево на топ 48-04.","Назначить production_order_id, operation_type, дату и факт часов",Производство,Высокий,Загрузка; производительность; фактическая cost,Планирование V45,,,Не рассмотрено,,17,3,Wave 2 (31–60 дней)
DEC-00836,Operation,OP-DRAFT-00466,production_order_id; operation_type_id; planned_hours; actual_hours; output_qty; defect_qty; completion_status,"1. Переданы колокольчики 10шт на 48-21 Жуковой А. 2. Начата машинная вышивка (гладь) на 48-04. 3. Переданы в отшив шорты 48-25. 4. Наколото, утверждено и начато настрачиваться кружево на юбку 48-23. 5. Разложено и наколото кружево на юбку платья 48-26. 6. Заказан необходимый материал для 48-28.","Назначить production_order_id, operation_type, дату и факт часов",Производство,Высокий,Загрузка; производительность; фактическая cost,Планирование V46,,,Не рассмотрено,,17,3,Wave 2 (31–60 дней)
DEC-00837,Operation,OP-DRAFT-00467,model_id/canonical_sku; production_order_id; operation_type_id; planned_hours; actual_hours; output_qty; defect_qty; completion_status,"Работа 12.06 (5тыс офис, 4тыс дом): Шведова (офис), Березкина (офис), Белялова (дом), Перфилова (офис), Гладюк (дом), Непрынцева (дом), Богдашкина (дом), Нарощенкина?","Назначить production_order_id, operation_type, дату и факт часов",Производство,Высокий,Загрузка; производительность; фактическая cost,Планирование V47,,,Не рассмотрено,,17,3,Wave 2 (31–60 дней)
DEC-00838,Operation,OP-DRAFT-00468,production_order_id; operation_type_id; planned_hours; actual_hours; output_qty; defect_qty; completion_status,"1. Работа с лифом 48-25 (накалывание, настрачивание кружева). 2. Отрисовывается юбка 48-08. 3. Начата вышивка пайетками веточек на 48-08. 4. Наколото и утверждено платье 48-20. 5. Отрисованы ажурне тонкие выходы на лифе 48-25 (белое кружево), отданы мастеру в работу. 6. Начата приметка кружева на 48-26. 7. Проработан декор на засежку жакета 48-06. 8. Начата работа с лифом комбинезона 48-22 (раскладка кружева).","Назначить production_order_id, operation_type, дату и факт часов",Производство,Высокий,Загрузка; производительность; фактическая cost,Планирование V48,,,Не рассмотрено,,17,3,Wave 2 (31–60 дней)
DEC-00839,Operation,OP-DRAFT-00469,production_order_id; operation_type_id; planned_hours; actual_hours; output_qty; defect_qty; completion_status,Начата вышивка шнуром жакета 48-06,"Назначить production_order_id, operation_type, дату и факт часов",Производство,Высокий,Загрузка; производительность; фактическая cost,Планирование V49,,,Не рассмотрено,,17,3,Wave 2 (31–60 дней)
DEC-00840,Operation,OP-DRAFT-00470,production_order_id; operation_type_id; planned_hours; actual_hours; output_qty; defect_qty; completion_status,"1. Начата вышивка лифа комбинезона 48-04. 2. Отдали блузу 48-17 в отшив. 3. Начали пришивать ""Листья"" на платье 48-20. 4. Разложили спинку, приметали полочку на 48-22. 5. Отрисована полностью полочка платья 48-08. 6. Собран новый более объемный букетик. 7. Утвержден декор на жакет 48-06. 8. Начали вышивать юбку 48-26. 9. Обновлен статус по готовности изделий 48 коллекции. 10. Обрабатываются недельные отчеты вышивальщиц и ведется рачет себестоимости. 11. Принят крой модели 0-3229 осень ЦУМ и определены сроки готовности вышивки.","Назначить production_order_id, operation_type, дату и факт часов",Производство,Высокий,Загрузка; производительность; фактическая cost,Планирование V50,,,Не рассмотрено,,17,3,Wave 2 (31–60 дней)
DEC-00841,Operation,OP-DRAFT-00471,production_order_id; operation_type_id; planned_hours; actual_hours; output_qty; defect_qty; completion_status,"1. Переданы колокольчики 10шт на 48-21 Жуковой А. 2. Начата машинная вышивка (гладь) на 48-04. 3. Переданы в отшив шорты 48-25. 4. Наколото, утверждено и начато настрачиваться кружево на юбку 48-23. 5. Разложено и наколото кружево на юбку платья 48-26.","Назначить production_order_id, operation_type, дату и факт часов",Производство,Высокий,Загрузка; производительность; фактическая cost,Планирование V51,,,Не рассмотрено,,17,3,Wave 2 (31–60 дней)
DEC-00842,Operation,OP-DRAFT-00473,production_order_id; operation_type_id; planned_hours; actual_hours; output_qty; defect_qty; completion_status,"1. Дано задание Коваленко В. Записать программу ""зубчиков"" на 48-24 и записать программы для Галицкого А. 2. Вышиты рукава платья 0-3400 Шелудченко. 3. Передано в работу колье 48-24 и колье 48-26. Отрисовано колье 48-23. 4. 48-02 отрисованы ажурные выходы. 5. 48-26 отрисованы ажурные входы. 6. Закончена вышивка и расшивка жакета 48-04. 7. 48-04 начата вышивка на комбинезоне (полочка). 8. 48-23 отрисованы ажурные выходы.","Назначить production_order_id, operation_type, дату и факт часов",Производство,Высокий,Загрузка; производительность; фактическая cost,Планирование AC52,,,Не рассмотрено,,17,3,Wave 2 (31–60 дней)
DEC-00843,Operation,OP-DRAFT-00474,production_order_id; operation_type_id; planned_hours; actual_hours; output_qty; defect_qty; completion_status,"1. Передано на вышивку Жуковой А. колье на блузу 0-3414 Баткаевой. 2. За ночь вышиты бутоны герань 2 запяла, сирень 2 запяла, мелкие листочки 1 запял.","Назначить production_order_id, operation_type, дату и факт часов",Производство,Высокий,Загрузка; производительность; фактическая cost,Планирование AC53,,,Не рассмотрено,,17,3,Wave 2 (31–60 дней)
DEC-00844,Operation,OP-DRAFT-00475,production_order_id; operation_type_id; planned_hours; actual_hours; output_qty; defect_qty; completion_status,"1. Начали собирать апликацию из кружева и накалывать на лиф 48-28. 2. Перевод на пленку, накалывание и вышивка лентами цветов на юбку 48-27. 3. Отрисовка ажурных выходов на лифе 48-31. 4. Добавлены ажурные выходы на 48-23. 5. Закончена расшивка веточек лифа и юбки (без дополнительных веточек по низу юбки) 48-08. 6. Накалывание и приметывание шифона на кальку для дальнейшей вышивки брюк 48-03 (одна нога). 7. Начата наколка кружева на лиф 48-29. 8. Выложили дополнительные ажурные вырезы на лиф 48-22. 9. На автомате вышиты васильки и колокольчики на 48-28.","Назначить production_order_id, operation_type, дату и факт часов",Производство,Высокий,Загрузка; производительность; фактическая cost,Планирование AC54,,,Не рассмотрено,,17,3,Wave 2 (31–60 дней)
DEC-00845,Material master,MAT-DRAFT-0001,Unlinked,3 строк; 9940.00 руб.; 20-006,"Подтвердить карточку, UOM, состав, цвет, поставщика и правила объединения",Закупки + склад,Средний,Material aging; BOM; procurement; actual usage,Остатки ткани 31.05.2026,,,Не рассмотрено,,17,2,Wave 3 (61–90 дней)
DEC-00846,Material master,MAT-DRAFT-0002,Unlinked,1 строк; 7134.00 руб.; 6-047,"Подтвердить карточку, UOM, состав, цвет, поставщика и правила объединения",Закупки + склад,Средний,Material aging; BOM; procurement; actual usage,Остатки ткани 31.05.2026,,,Не рассмотрено,,17,2,Wave 3 (61–90 дней)
DEC-00847,Material master,MAT-DRAFT-0004,Unlinked,1 строк; 2550.00 руб.; 6-029,"Подтвердить карточку, UOM, состав, цвет, поставщика и правила объединения",Закупки + склад,Средний,Material aging; BOM; procurement; actual usage,Остатки ткани 31.05.2026,,,Не рассмотрено,,17,2,Wave 3 (61–90 дней)
DEC-00848,Material master,MAT-DRAFT-0005,Unlinked,1 строк; 11685.00 руб.; 6-053,"Подтвердить карточку, UOM, состав, цвет, поставщика и правила объединения",Закупки + склад,Высокий,Material aging; BOM; procurement; actual usage,Остатки ткани 31.05.2026,,,Не рассмотрено,,17,3,Wave 2 (31–60 дней)
DEC-00849,Material master,MAT-DRAFT-0006,Unlinked,1 строк; 33125.00 руб.; 6-028,"Подтвердить карточку, UOM, состав, цвет, поставщика и правила объединения",Закупки + склад,Высокий,Material aging; BOM; procurement; actual usage,Остатки ткани 31.05.2026,,,Не рассмотрено,,17,3,Wave 2 (31–60 дней)
DEC-00850,Material master,MAT-DRAFT-0008,Unlinked,2 строк; 10250.00 руб.; 6-050,"Подтвердить карточку, UOM, состав, цвет, поставщика и правила объединения",Закупки + склад,Высокий,Material aging; BOM; procurement; actual usage,Остатки ткани 31.05.2026,,,Не рассмотрено,,17,3,Wave 2 (31–60 дней)
DEC-00851,Material master,MAT-DRAFT-0010,Несколько кодов; Несколько исходных наименований,2 строк; 13161.00 руб.; 6-051; 6-055,"Подтвердить карточку, UOM, состав, цвет, поставщика и правила объединения",Закупки + склад,Высокий,Material aging; BOM; procurement; actual usage,Остатки ткани 31.05.2026,,,Не рассмотрено,,17,3,Wave 2 (31–60 дней)
DEC-00852,Material master,MAT-DRAFT-0012,Unlinked,1 строк; 32187.50 руб.; 6-054,"Подтвердить карточку, UOM, состав, цвет, поставщика и правила объединения",Закупки + склад,Высокий,Material aging; BOM; procurement; actual usage,Остатки ткани 31.05.2026,,,Не рассмотрено,,17,3,Wave 2 (31–60 дней)
DEC-00853,Material master,MAT-DRAFT-0013,Unlinked,1 строк; 11715.00 руб.; 6-003,"Подтвердить карточку, UOM, состав, цвет, поставщика и правила объединения",Закупки + склад,Высокий,Material aging; BOM; procurement; actual usage,Остатки ткани 31.05.2026,,,Не рассмотрено,,17,3,Wave 2 (31–60 дней)
DEC-00854,Material master,MAT-DRAFT-0015,Unlinked,1 строк; 21450.00 руб.; 6-014,"Подтвердить карточку, UOM, состав, цвет, поставщика и правила объединения",Закупки + склад,Высокий,Material aging; BOM; procurement; actual usage,Остатки ткани 31.05.2026,,,Не рассмотрено,,17,3,Wave 2 (31–60 дней)
DEC-00855,Material master,MAT-DRAFT-0016,Unlinked,1 строк; 13860.00 руб.; 6-012,"Подтвердить карточку, UOM, состав, цвет, поставщика и правила объединения",Закупки + склад,Высокий,Material aging; BOM; procurement; actual usage,Остатки ткани 31.05.2026,,,Не рассмотрено,,17,3,Wave 2 (31–60 дней)
DEC-00856,Material master,MAT-DRAFT-0017,Unlinked,1 строк; 23100.00 руб.; 6-011,"Подтвердить карточку, UOM, состав, цвет, поставщика и правила объединения",Закупки + склад,Высокий,Material aging; BOM; procurement; actual usage,Остатки ткани 31.05.2026,,,Не рассмотрено,,17,3,Wave 2 (31–60 дней)
DEC-00857,Material master,MAT-DRAFT-0018,Unlinked,1 строк; 17160.00 руб.; 6-007,"Подтвердить карточку, UOM, состав, цвет, поставщика и правила объединения",Закупки + склад,Высокий,Material aging; BOM; procurement; actual usage,Остатки ткани 31.05.2026,,,Не рассмотрено,,17,3,Wave 2 (31–60 дней)
DEC-00858,Material master,MAT-DRAFT-0019,Unlinked,1 строк; 6930.00 руб.; 6-016,"Подтвердить карточку, UOM, состав, цвет, поставщика и правила объединения",Закупки + склад,Средний,Material aging; BOM; procurement; actual usage,Остатки ткани 31.05.2026,,,Не рассмотрено,,17,2,Wave 3 (61–90 дней)
DEC-00859,Material master,MAT-DRAFT-0020,Unlinked,2 строк; 22275.00 руб.; 6-013,"Подтвердить карточку, UOM, состав, цвет, поставщика и правила объединения",Закупки + склад,Высокий,Material aging; BOM; procurement; actual usage,Остатки ткани 31.05.2026,,,Не рассмотрено,,17,3,Wave 2 (31–60 дней)
DEC-00860,Material master,MAT-DRAFT-0021,Unlinked,2 строк; 24750.00 руб.; 6-009,"Подтвердить карточку, UOM, состав, цвет, поставщика и правила объединения",Закупки + склад,Высокий,Material aging; BOM; procurement; actual usage,Остатки ткани 31.05.2026,,,Не рассмотрено,,17,3,Wave 2 (31–60 дней)
DEC-00861,Material master,MAT-DRAFT-0022,Unlinked,1 строк; 34250.00 руб.; 6-041,"Подтвердить карточку, UOM, состав, цвет, поставщика и правила объединения",Закупки + склад,Высокий,Material aging; BOM; procurement; actual usage,Остатки ткани 31.05.2026,,,Не рассмотрено,,17,3,Wave 2 (31–60 дней)
DEC-00862,Material master,MAT-DRAFT-0023,Unlinked,1 строк; 33500.00 руб.; 6-040,"Подтвердить карточку, UOM, состав, цвет, поставщика и правила объединения",Закупки + склад,Высокий,Material aging; BOM; procurement; actual usage,Остатки ткани 31.05.2026,,,Не рассмотрено,,17,3,Wave 2 (31–60 дней)
DEC-00863,Material master,MAT-DRAFT-0024,Unlinked,1 строк; 21250.00 руб.; 6-045,"Подтвердить карточку, UOM, состав, цвет, поставщика и правила объединения",Закупки + склад,Высокий,Material aging; BOM; procurement; actual usage,Остатки ткани 31.05.2026,,,Не рассмотрено,,17,3,Wave 2 (31–60 дней)
DEC-00864,Material master,MAT-DRAFT-0025,Unlinked,1 строк; 6600.00 руб.; 6-015,"Подтвердить карточку, UOM, состав, цвет, поставщика и правила объединения",Закупки + склад,Средний,Material aging; BOM; procurement; actual usage,Остатки ткани 31.05.2026,,,Не рассмотрено,,17,2,Wave 3 (61–90 дней)
DEC-00865,Material master,MAT-DRAFT-0026,Unlinked,1 строк; 54500.00 руб.; 6-042,"Подтвердить карточку, UOM, состав, цвет, поставщика и правила объединения",Закупки + склад,Высокий,Material aging; BOM; procurement; actual usage,Остатки ткани 31.05.2026,,,Не рассмотрено,,17,3,Wave 2 (31–60 дней)
DEC-00866,Material master,MAT-DRAFT-0029,Unlinked,1 строк; 51810.00 руб.; 6-002,"Подтвердить карточку, UOM, состав, цвет, поставщика и правила объединения",Закупки + склад,Высокий,Material aging; BOM; procurement; actual usage,Остатки ткани 31.05.2026,,,Не рассмотрено,,17,3,Wave 2 (31–60 дней)
DEC-00867,Material master,MAT-DRAFT-0030,Несколько кодов; Несколько исходных наименований,2 строк; 19175.00 руб.; 6-017; 6-018,"Подтвердить карточку, UOM, состав, цвет, поставщика и правила объединения",Закупки + склад,Высокий,Material aging; BOM; procurement; actual usage,Остатки ткани 31.05.2026,,,Не рассмотрено,,17,3,Wave 2 (31–60 дней)
DEC-00868,Material master,MAT-DRAFT-0031,Unlinked,1 строк; 80600.00 руб.; 6-037,"Подтвердить карточку, UOM, состав, цвет, поставщика и правила объединения",Закупки + склад,Высокий,Material aging; BOM; procurement; actual usage,Остатки ткани 31.05.2026,,,Не рассмотрено,,17,3,Wave 2 (31–60 дней)
DEC-00869,Material master,MAT-DRAFT-0033,Unlinked,1 строк; 14300.00 руб.; 6-025,"Подтвердить карточку, UOM, состав, цвет, поставщика и правила объединения",Закупки + склад,Высокий,Material aging; BOM; procurement; actual usage,Остатки ткани 31.05.2026,,,Не рассмотрено,,17,3,Wave 2 (31–60 дней)
DEC-00870,Material master,MAT-DRAFT-0037,Unlinked,1 строк; 18460.00 руб.; 6-033,"Подтвердить карточку, UOM, состав, цвет, поставщика и правила объединения",Закупки + склад,Высокий,Material aging; BOM; procurement; actual usage,Остатки ткани 31.05.2026,,,Не рассмотрено,,17,3,Wave 2 (31–60 дней)
DEC-00871,Material master,MAT-DRAFT-0038,Unlinked,2 строк; 42640.00 руб.; 6-038,"Подтвердить карточку, UOM, состав, цвет, поставщика и правила объединения",Закупки + склад,Высокий,Material aging; BOM; procurement; actual usage,Остатки ткани 31.05.2026,,,Не рассмотрено,,17,3,Wave 2 (31–60 дней)
DEC-00872,Material master,MAT-DRAFT-0041,Несколько кодов; Несколько исходных наименований,5 строк; 40384.44 руб.; 4-023; 4-026; 4-027,"Подтвердить карточку, UOM, состав, цвет, поставщика и правила объединения",Закупки + склад,Высокий,Material aging; BOM; procurement; actual usage,Остатки ткани 31.05.2026,,,Не рассмотрено,,17,3,Wave 2 (31–60 дней)
DEC-00873,Material master,MAT-DRAFT-0042,Несколько кодов; Несколько исходных наименований,3 строк; 3705.00 руб.; 4-036; 4-049,"Подтвердить карточку, UOM, состав, цвет, поставщика и правила объединения",Закупки + склад,Средний,Material aging; BOM; procurement; actual usage,Остатки ткани 31.05.2026,,,Не рассмотрено,,17,2,Wave 3 (61–90 дней)
DEC-00874,Material master,MAT-DRAFT-0043,Unlinked,1 строк; 5110.00 руб.; 4-028,"Подтвердить карточку, UOM, состав, цвет, поставщика и правила объединения",Закупки + склад,Средний,Material aging; BOM; procurement; actual usage,Остатки ткани 31.05.2026,,,Не рассмотрено,,17,2,Wave 3 (61–90 дней)
DEC-00875,Material master,MAT-DRAFT-0045,Unlinked,1 строк; 1600.00 руб.; 4-021,"Подтвердить карточку, UOM, состав, цвет, поставщика и правила объединения",Закупки + склад,Средний,Material aging; BOM; procurement; actual usage,Остатки ткани 31.05.2026,,,Не рассмотрено,,17,2,Wave 3 (61–90 дней)
DEC-00876,Material master,MAT-DRAFT-0046,Несколько кодов; Несколько исходных наименований,6 строк; 37392.48 руб.; 4-024; 4-025; 4-046,"Подтвердить карточку, UOM, состав, цвет, поставщика и правила объединения",Закупки + склад,Высокий,Material aging; BOM; procurement; actual usage,Остатки ткани 31.05.2026,,,Не рассмотрено,,17,3,Wave 2 (31–60 дней)
DEC-00877,Material master,MAT-DRAFT-0048,Unlinked,1 строк; 3100.00 руб.; 23-011,"Подтвердить карточку, UOM, состав, цвет, поставщика и правила объединения",Закупки + склад,Средний,Material aging; BOM; procurement; actual usage,Остатки ткани 31.05.2026,,,Не рассмотрено,,17,2,Wave 3 (61–90 дней)
DEC-00878,Material master,MAT-DRAFT-0049,Unlinked,1 строк; 10980.00 руб.; 4A-096,"Подтвердить карточку, UOM, состав, цвет, поставщика и правила объединения",Закупки + склад,Высокий,Material aging; BOM; procurement; actual usage,Остатки ткани 31.05.2026,,,Не рассмотрено,,17,3,Wave 2 (31–60 дней)
DEC-00879,Material master,MAT-DRAFT-0050,Unlinked,1 строк; 1829.70 руб.; 4A-097,"Подтвердить карточку, UOM, состав, цвет, поставщика и правила объединения",Закупки + склад,Средний,Material aging; BOM; procurement; actual usage,Остатки ткани 31.05.2026,,,Не рассмотрено,,17,2,Wave 3 (61–90 дней)
DEC-00880,Material master,MAT-DRAFT-0051,Unlinked,1 строк; 1830.00 руб.; 4A-099,"Подтвердить карточку, UOM, состав, цвет, поставщика и правила объединения",Закупки + склад,Средний,Material aging; BOM; procurement; actual usage,Остатки ткани 31.05.2026,,,Не рассмотрено,,17,2,Wave 3 (61–90 дней)
DEC-00881,Material master,MAT-DRAFT-0052,Unlinked,1 строк; 7320.00 руб.; 4A-098,"Подтвердить карточку, UOM, состав, цвет, поставщика и правила объединения",Закупки + склад,Средний,Material aging; BOM; procurement; actual usage,Остатки ткани 31.05.2026,,,Не рассмотрено,,17,2,Wave 3 (61–90 дней)
DEC-00882,Material master,MAT-DRAFT-0053,Unlinked,1 строк; 1830.00 руб.; 4A-100,"Подтвердить карточку, UOM, состав, цвет, поставщика и правила объединения",Закупки + склад,Средний,Material aging; BOM; procurement; actual usage,Остатки ткани 31.05.2026,,,Не рассмотрено,,17,2,Wave 3 (61–90 дней)
DEC-00883,Material master,MAT-DRAFT-0054,Unlinked,4 строк; 18620.71 руб.; 4-007,"Подтвердить карточку, UOM, состав, цвет, поставщика и правила объединения",Закупки + склад,Высокий,Material aging; BOM; procurement; actual usage,Остатки ткани 31.05.2026,,,Не рассмотрено,,17,3,Wave 2 (31–60 дней)
DEC-00884,Material master,MAT-DRAFT-0055,Unlinked,1 строк; 2200.00 руб.; 12-012,"Подтвердить карточку, UOM, состав, цвет, поставщика и правила объединения",Закупки + склад,Средний,Material aging; BOM; procurement; actual usage,Остатки ткани 31.05.2026,,,Не рассмотрено,,17,2,Wave 3 (61–90 дней)
DEC-00885,Material master,MAT-DRAFT-0056,Unlinked,1 строк; 6160.00 руб.; 12-010,"Подтвердить карточку, UOM, состав, цвет, поставщика и правила объединения",Закупки + склад,Средний,Material aging; BOM; procurement; actual usage,Остатки ткани 31.05.2026,,,Не рассмотрено,,17,2,Wave 3 (61–90 дней)
DEC-00886,Material master,MAT-DRAFT-0057,Unlinked,1 строк; 15750.00 руб.; 12-060,"Подтвердить карточку, UOM, состав, цвет, поставщика и правила объединения",Закупки + склад,Высокий,Material aging; BOM; procurement; actual usage,Остатки ткани 31.05.2026,,,Не рассмотрено,,17,3,Wave 2 (31–60 дней)
DEC-00887,Material master,MAT-DRAFT-0058,Unlinked,1 строк; 21000.00 руб.; 12-059,"Подтвердить карточку, UOM, состав, цвет, поставщика и правила объединения",Закупки + склад,Высокий,Material aging; BOM; procurement; actual usage,Остатки ткани 31.05.2026,,,Не рассмотрено,,17,3,Wave 2 (31–60 дней)
DEC-00888,Material master,MAT-DRAFT-0060,Unlinked,2 строк; 280695.00 руб.; 12-090,"Подтвердить карточку, UOM, состав, цвет, поставщика и правила объединения",Закупки + склад,Критический,Material aging; BOM; procurement; actual usage,Остатки ткани 31.05.2026,,,Не рассмотрено,,17,4,Wave 1 (0–30 дней)
DEC-00889,Material master,MAT-DRAFT-0061,Unlinked,1 строк; 8680.00 руб.; 12-062,"Подтвердить карточку, UOM, состав, цвет, поставщика и правила объединения",Закупки + склад,Средний,Material aging; BOM; procurement; actual usage,Остатки ткани 31.05.2026,,,Не рассмотрено,,17,2,Wave 3 (61–90 дней)
DEC-00890,Material master,MAT-DRAFT-0062,Unlinked,2 строк; 8910.00 руб.; 12-053,"Подтвердить карточку, UOM, состав, цвет, поставщика и правила объединения",Закупки + склад,Средний,Material aging; BOM; procurement; actual usage,Остатки ткани 31.05.2026,,,Не рассмотрено,,17,2,Wave 3 (61–90 дней)
DEC-00891,Material master,MAT-DRAFT-0063,Unlinked,1 строк; 9000.00 руб.; 12-019,"Подтвердить карточку, UOM, состав, цвет, поставщика и правила объединения",Закупки + склад,Средний,Material aging; BOM; procurement; actual usage,Остатки ткани 31.05.2026,,,Не рассмотрено,,17,2,Wave 3 (61–90 дней)
DEC-00892,Material master,MAT-DRAFT-0064,Unlinked,1 строк; 42900.00 руб.; 12-030,"Подтвердить карточку, UOM, состав, цвет, поставщика и правила объединения",Закупки + склад,Высокий,Material aging; BOM; procurement; actual usage,Остатки ткани 31.05.2026,,,Не рассмотрено,,17,3,Wave 2 (31–60 дней)
DEC-00893,Material master,MAT-DRAFT-0065,Unlinked,1 строк; 11220.00 руб.; 12-031,"Подтвердить карточку, UOM, состав, цвет, поставщика и правила объединения",Закупки + склад,Высокий,Material aging; BOM; procurement; actual usage,Остатки ткани 31.05.2026,,,Не рассмотрено,,17,3,Wave 2 (31–60 дней)
DEC-00894,Material master,MAT-DRAFT-0066,Unlinked,1 строк; 13800.00 руб.; 12-057,"Подтвердить карточку, UOM, состав, цвет, поставщика и правила объединения",Закупки + склад,Высокий,Material aging; BOM; procurement; actual usage,Остатки ткани 31.05.2026,,,Не рассмотрено,,17,3,Wave 2 (31–60 дней)
DEC-00895,Material master,MAT-DRAFT-0067,Unlinked,1 строк; 21300.00 руб.; 12-056,"Подтвердить карточку, UOM, состав, цвет, поставщика и правила объединения",Закупки + склад,Высокий,Material aging; BOM; procurement; actual usage,Остатки ткани 31.05.2026,,,Не рассмотрено,,17,3,Wave 2 (31–60 дней)
DEC-00896,Material master,MAT-DRAFT-0068,Несколько кодов; Несколько исходных наименований,2 строк; 16920.00 руб.; 12-051; 12-055,"Подтвердить карточку, UOM, состав, цвет, поставщика и правила объединения",Закупки + склад,Высокий,Material aging; BOM; procurement; actual usage,Остатки ткани 31.05.2026,,,Не рассмотрено,,17,3,Wave 2 (31–60 дней)
DEC-00897,Material master,MAT-DRAFT-0069,Unlinked,1 строк; 19800.00 руб.; 12-054,"Подтвердить карточку, UOM, состав, цвет, поставщика и правила объединения",Закупки + склад,Высокий,Material aging; BOM; procurement; actual usage,Остатки ткани 31.05.2026,,,Не рассмотрено,,17,3,Wave 2 (31–60 дней)
DEC-00898,Material master,MAT-DRAFT-0070,Unlinked,1 строк; 38775.00 руб.; 12-036,"Подтвердить карточку, UOM, состав, цвет, поставщика и правила объединения",Закупки + склад,Высокий,Material aging; BOM; procurement; actual usage,Остатки ткани 31.05.2026,,,Не рассмотрено,,17,3,Wave 2 (31–60 дней)
DEC-00899,Material master,MAT-DRAFT-0071,Unlinked,1 строк; 5500.00 руб.; 12-003,"Подтвердить карточку, UOM, состав, цвет, поставщика и правила объединения",Закупки + склад,Средний,Material aging; BOM; procurement; actual usage,Остатки ткани 31.05.2026,,,Не рассмотрено,,17,2,Wave 3 (61–90 дней)
DEC-00900,Material master,MAT-DRAFT-0072,Unlinked,1 строк; 2150.00 руб.; 12-047,"Подтвердить карточку, UOM, состав, цвет, поставщика и правила объединения",Закупки + склад,Средний,Material aging; BOM; procurement; actual usage,Остатки ткани 31.05.2026,,,Не рассмотрено,,17,2,Wave 3 (61–90 дней)
DEC-00901,Material master,MAT-DRAFT-0073,Unlinked,1 строк; 5280.00 руб.; 12-013,"Подтвердить карточку, UOM, состав, цвет, поставщика и правила объединения",Закупки + склад,Средний,Material aging; BOM; procurement; actual usage,Остатки ткани 31.05.2026,,,Не рассмотрено,,17,2,Wave 3 (61–90 дней)
DEC-00902,Material master,MAT-DRAFT-0074,Unlinked,1 строк; 4200.00 руб.; 12-040,"Подтвердить карточку, UOM, состав, цвет, поставщика и правила объединения",Закупки + склад,Средний,Material aging; BOM; procurement; actual usage,Остатки ткани 31.05.2026,,,Не рассмотрено,,17,2,Wave 3 (61–90 дней)
DEC-00903,Material master,MAT-DRAFT-0075,Unlinked,1 строк; 118800.00 руб.; 12-034,"Подтвердить карточку, UOM, состав, цвет, поставщика и правила объединения",Закупки + склад,Критический,Material aging; BOM; procurement; actual usage,Остатки ткани 31.05.2026,,,Не рассмотрено,,17,4,Wave 1 (0–30 дней)
DEC-00904,Material master,MAT-DRAFT-0076,Unlinked,1 строк; 5760.00 руб.; 12-070,"Подтвердить карточку, UOM, состав, цвет, поставщика и правила объединения",Закупки + склад,Средний,Material aging; BOM; procurement; actual usage,Остатки ткани 31.05.2026,,,Не рассмотрено,,17,2,Wave 3 (61–90 дней)
DEC-00905,Material master,MAT-DRAFT-0077,Unlinked,1 строк; 7350.00 руб.; 12-068,"Подтвердить карточку, UOM, состав, цвет, поставщика и правила объединения",Закупки + склад,Средний,Material aging; BOM; procurement; actual usage,Остатки ткани 31.05.2026,,,Не рассмотрено,,17,2,Wave 3 (61–90 дней)
DEC-00906,Material master,MAT-DRAFT-0078,Unlinked,1 строк; 95700.00 руб.; 12-025,"Подтвердить карточку, UOM, состав, цвет, поставщика и правила объединения",Закупки + склад,Высокий,Material aging; BOM; procurement; actual usage,Остатки ткани 31.05.2026,,,Не рассмотрено,,17,3,Wave 2 (31–60 дней)
DEC-00907,Material master,MAT-DRAFT-0079,Unlinked,1 строк; 15145.00 руб.; 12-017,"Подтвердить карточку, UOM, состав, цвет, поставщика и правила объединения",Закупки + склад,Высокий,Material aging; BOM; procurement; actual usage,Остатки ткани 31.05.2026,,,Не рассмотрено,,17,3,Wave 2 (31–60 дней)
DEC-00908,Material master,MAT-DRAFT-0080,Unlinked,1 строк; 8800.00 руб.; 12-014,"Подтвердить карточку, UOM, состав, цвет, поставщика и правила объединения",Закупки + склад,Средний,Material aging; BOM; procurement; actual usage,Остатки ткани 31.05.2026,,,Не рассмотрено,,17,2,Wave 3 (61–90 дней)
DEC-00909,Material master,MAT-DRAFT-0081,Unlinked,1 строк; 4800.00 руб.; 12-052,"Подтвердить карточку, UOM, состав, цвет, поставщика и правила объединения",Закупки + склад,Средний,Material aging; BOM; procurement; actual usage,Остатки ткани 31.05.2026,,,Не рассмотрено,,17,2,Wave 3 (61–90 дней)
DEC-00910,Material master,MAT-DRAFT-0082,Unlinked,1 строк; 3000.00 руб.; 12-042,"Подтвердить карточку, UOM, состав, цвет, поставщика и правила объединения",Закупки + склад,Средний,Material aging; BOM; procurement; actual usage,Остатки ткани 31.05.2026,,,Не рассмотрено,,17,2,Wave 3 (61–90 дней)
DEC-00911,Material master,MAT-DRAFT-0083,Unlinked,1 строк; 5750.00 руб.; 12-046,"Подтвердить карточку, UOM, состав, цвет, поставщика и правила объединения",Закупки + склад,Средний,Material aging; BOM; procurement; actual usage,Остатки ткани 31.05.2026,,,Не рассмотрено,,17,2,Wave 3 (61–90 дней)
DEC-00912,Material master,MAT-DRAFT-0084,Unlinked,1 строк; 1600.00 руб.; 12-049,"Подтвердить карточку, UOM, состав, цвет, поставщика и правила объединения",Закупки + склад,Средний,Material aging; BOM; procurement; actual usage,Остатки ткани 31.05.2026,,,Не рассмотрено,,17,2,Wave 3 (61–90 дней)
DEC-00913,Material master,MAT-DRAFT-0086,Unlinked,1 строк; 172040.00 руб.; 12-089,"Подтвердить карточку, UOM, состав, цвет, поставщика и правила объединения",Закупки + склад,Критический,Material aging; BOM; procurement; actual usage,Остатки ткани 31.05.2026,,,Не рассмотрено,,17,4,Wave 1 (0–30 дней)
DEC-00914,Material master,MAT-DRAFT-0087,Unlinked,1 строк; 4130.00 руб.; 12-039,"Подтвердить карточку, UOM, состав, цвет, поставщика и правила объединения",Закупки + склад,Средний,Material aging; BOM; procurement; actual usage,Остатки ткани 31.05.2026,,,Не рассмотрено,,17,2,Wave 3 (61–90 дней)
DEC-00915,Material master,MAT-DRAFT-0088,Unlinked,1 строк; 13650.00 руб.; 12-045,"Подтвердить карточку, UOM, состав, цвет, поставщика и правила объединения",Закупки + склад,Высокий,Material aging; BOM; procurement; actual usage,Остатки ткани 31.05.2026,,,Не рассмотрено,,17,3,Wave 2 (31–60 дней)
DEC-00916,Material master,MAT-DRAFT-0090,Unlinked,1 строк; 109800.00 руб.; 12-026,"Подтвердить карточку, UOM, состав, цвет, поставщика и правила объединения",Закупки + склад,Критический,Material aging; BOM; procurement; actual usage,Остатки ткани 31.05.2026,,,Не рассмотрено,,17,4,Wave 1 (0–30 дней)
DEC-00917,Material master,MAT-DRAFT-0092,Unlinked,2 строк; 52220.00 руб.; 12-082,"Подтвердить карточку, UOM, состав, цвет, поставщика и правила объединения",Закупки + склад,Высокий,Material aging; BOM; procurement; actual usage,Остатки ткани 31.05.2026,,,Не рассмотрено,,17,3,Wave 2 (31–60 дней)
DEC-00918,Material master,MAT-DRAFT-0096,Unlinked,2 строк; 4560.00 руб.; 12-069,"Подтвердить карточку, UOM, состав, цвет, поставщика и правила объединения",Закупки + склад,Средний,Material aging; BOM; procurement; actual usage,Остатки ткани 31.05.2026,,,Не рассмотрено,,17,2,Wave 3 (61–90 дней)
DEC-00919,Material master,MAT-DRAFT-0097,Unlinked,1 строк; 27630.00 руб.; 12-050,"Подтвердить карточку, UOM, состав, цвет, поставщика и правила объединения",Закупки + склад,Высокий,Material aging; BOM; procurement; actual usage,Остатки ткани 31.05.2026,,,Не рассмотрено,,17,3,Wave 2 (31–60 дней)
DEC-00920,Material master,MAT-DRAFT-0098,Unlinked,1 строк; 12400.00 руб.; 12-064,"Подтвердить карточку, UOM, состав, цвет, поставщика и правила объединения",Закупки + склад,Высокий,Material aging; BOM; procurement; actual usage,Остатки ткани 31.05.2026,,,Не рассмотрено,,17,3,Wave 2 (31–60 дней)
DEC-00921,Material master,MAT-DRAFT-0099,Unlinked,1 строк; 4800.00 руб.; 12-072,"Подтвердить карточку, UOM, состав, цвет, поставщика и правила объединения",Закупки + склад,Средний,Material aging; BOM; procurement; actual usage,Остатки ткани 31.05.2026,,,Не рассмотрено,,17,2,Wave 3 (61–90 дней)
DEC-00922,Material master,MAT-DRAFT-0101,Unlinked,1 строк; 3840.00 руб.; 12-063,"Подтвердить карточку, UOM, состав, цвет, поставщика и правила объединения",Закупки + склад,Средний,Material aging; BOM; procurement; actual usage,Остатки ткани 31.05.2026,,,Не рассмотрено,,17,2,Wave 3 (61–90 дней)
DEC-00923,Material master,MAT-DRAFT-0106,Несколько кодов; Несколько исходных наименований,2 строк; 12900.00 руб.; 12-066; 12-078,"Подтвердить карточку, UOM, состав, цвет, поставщика и правила объединения",Закупки + склад,Высокий,Material aging; BOM; procurement; actual usage,Остатки ткани 31.05.2026,,,Не рассмотрено,,17,3,Wave 2 (31–60 дней)
DEC-00924,Material master,MAT-DRAFT-0107,Unlinked,1 строк; 21360.00 руб.; 12-058,"Подтвердить карточку, UOM, состав, цвет, поставщика и правила объединения",Закупки + склад,Высокий,Material aging; BOM; procurement; actual usage,Остатки ткани 31.05.2026,,,Не рассмотрено,,17,3,Wave 2 (31–60 дней)
DEC-00925,Material master,MAT-DRAFT-0108,Unlinked,1 строк; 231750.00 руб.; 12-091,"Подтвердить карточку, UOM, состав, цвет, поставщика и правила объединения",Закупки + склад,Критический,Material aging; BOM; procurement; actual usage,Остатки ткани 31.05.2026,,,Не рассмотрено,,17,4,Wave 1 (0–30 дней)
DEC-00926,Material master,MAT-DRAFT-0111,Unlinked,1 строк; 9900.00 руб.; 12-005,"Подтвердить карточку, UOM, состав, цвет, поставщика и правила объединения",Закупки + склад,Средний,Material aging; BOM; procurement; actual usage,Остатки ткани 31.05.2026,,,Не рассмотрено,,17,2,Wave 3 (61–90 дней)
DEC-00927,Material master,MAT-DRAFT-0112,Unlinked,1 строк; 5250.00 руб.; 12-048,"Подтвердить карточку, UOM, состав, цвет, поставщика и правила объединения",Закупки + склад,Средний,Material aging; BOM; procurement; actual usage,Остатки ткани 31.05.2026,,,Не рассмотрено,,17,2,Wave 3 (61–90 дней)
DEC-00928,Material master,MAT-DRAFT-0113,Unlinked,1 строк; 2800.00 руб.; 12-061,"Подтвердить карточку, UOM, состав, цвет, поставщика и правила объединения",Закупки + склад,Средний,Material aging; BOM; procurement; actual usage,Остатки ткани 31.05.2026,,,Не рассмотрено,,17,2,Wave 3 (61–90 дней)
DEC-00929,Material master,MAT-DRAFT-0114,Unlinked,2 строк; 10625.00 руб.; 12-018,"Подтвердить карточку, UOM, состав, цвет, поставщика и правила объединения",Закупки + склад,Высокий,Material aging; BOM; procurement; actual usage,Остатки ткани 31.05.2026,,,Не рассмотрено,,17,3,Wave 2 (31–60 дней)
DEC-00930,Material master,MAT-DRAFT-0116,Unlinked,1 строк; 46500.00 руб.; 12-093,"Подтвердить карточку, UOM, состав, цвет, поставщика и правила объединения",Закупки + склад,Высокий,Material aging; BOM; procurement; actual usage,Остатки ткани 31.05.2026,,,Не рассмотрено,,17,3,Wave 2 (31–60 дней)
DEC-00931,Material master,MAT-DRAFT-0118,Unlinked,1 строк; 21675.00 руб.; 12-016,"Подтвердить карточку, UOM, состав, цвет, поставщика и правила объединения",Закупки + склад,Высокий,Material aging; BOM; procurement; actual usage,Остатки ткани 31.05.2026,,,Не рассмотрено,,17,3,Wave 2 (31–60 дней)
DEC-00932,Material master,MAT-DRAFT-0119,Unlinked,1 строк; 4180.00 руб.; 12-001,"Подтвердить карточку, UOM, состав, цвет, поставщика и правила объединения",Закупки + склад,Средний,Material aging; BOM; procurement; actual usage,Остатки ткани 31.05.2026,,,Не рассмотрено,,17,2,Wave 3 (61–90 дней)
DEC-00933,Material master,MAT-DRAFT-0123,Unlinked,1 строк; 60490.00 руб.; 11-002,"Подтвердить карточку, UOM, состав, цвет, поставщика и правила объединения",Закупки + склад,Высокий,Material aging; BOM; procurement; actual usage,Остатки ткани 31.05.2026,,,Не рассмотрено,,17,3,Wave 2 (31–60 дней)
DEC-00934,Material master,MAT-DRAFT-0125,Несколько кодов; Несколько исходных наименований,2 строк; 113390.00 руб.; 11-014; 11-026,"Подтвердить карточку, UOM, состав, цвет, поставщика и правила объединения",Закупки + склад,Высокий,Material aging; BOM; procurement; actual usage,Остатки ткани 31.05.2026,,,Не рассмотрено,,17,3,Wave 2 (31–60 дней)
DEC-00935,Material master,MAT-DRAFT-0126,Несколько кодов; Несколько исходных наименований,2 строк; 74980.00 руб.; 11-007; 11-025,"Подтвердить карточку, UOM, состав, цвет, поставщика и правила объединения",Закупки + склад,Высокий,Material aging; BOM; procurement; actual usage,Остатки ткани 31.05.2026,,,Не рассмотрено,,17,3,Wave 2 (31–60 дней)
DEC-00936,Material master,MAT-DRAFT-0127,Unlinked,1 строк; 9200.00 руб.; 11-018,"Подтвердить карточку, UOM, состав, цвет, поставщика и правила объединения",Закупки + склад,Средний,Material aging; BOM; procurement; actual usage,Остатки ткани 31.05.2026,,,Не рассмотрено,,17,2,Wave 3 (61–90 дней)
DEC-00937,Material master,MAT-DRAFT-0128,Несколько кодов; Несколько исходных наименований,2 строк; 97060.00 руб.; 11-016; 11-024,"Подтвердить карточку, UOM, состав, цвет, поставщика и правила объединения",Закупки + склад,Высокий,Material aging; BOM; procurement; actual usage,Остатки ткани 31.05.2026,,,Не рассмотрено,,17,3,Wave 2 (31–60 дней)
DEC-00938,Material master,MAT-DRAFT-0130,Unlinked,1 строк; 21620.00 руб.; 11-008,"Подтвердить карточку, UOM, состав, цвет, поставщика и правила объединения",Закупки + склад,Высокий,Material aging; BOM; procurement; actual usage,Остатки ткани 31.05.2026,,,Не рассмотрено,,17,3,Wave 2 (31–60 дней)
DEC-00939,Material master,MAT-DRAFT-0131,Unlinked,1 строк; 52210.00 руб.; 11-013,"Подтвердить карточку, UOM, состав, цвет, поставщика и правила объединения",Закупки + склад,Высокий,Material aging; BOM; procurement; actual usage,Остатки ткани 31.05.2026,,,Не рассмотрено,,17,3,Wave 2 (31–60 дней)
DEC-00940,Material master,MAT-DRAFT-0132,Unlinked,1 строк; 30590.00 руб.; 11-019,"Подтвердить карточку, UOM, состав, цвет, поставщика и правила объединения",Закупки + склад,Высокий,Material aging; BOM; procurement; actual usage,Остатки ткани 31.05.2026,,,Не рассмотрено,,17,3,Wave 2 (31–60 дней)
DEC-00941,Material master,MAT-DRAFT-0133,Unlinked,1 строк; 28520.00 руб.; 11-023,"Подтвердить карточку, UOM, состав, цвет, поставщика и правила объединения",Закупки + склад,Высокий,Material aging; BOM; procurement; actual usage,Остатки ткани 31.05.2026,,,Не рассмотрено,,17,3,Wave 2 (31–60 дней)
DEC-00942,Material master,MAT-DRAFT-0134,Несколько кодов; Несколько исходных наименований,4 строк; 269330.00 руб.; 11-020; 11-027; 11-028,"Подтвердить карточку, UOM, состав, цвет, поставщика и правила объединения",Закупки + склад,Высокий,Material aging; BOM; procurement; actual usage,Остатки ткани 31.05.2026,,,Не рассмотрено,,17,3,Wave 2 (31–60 дней)
DEC-00943,Material master,MAT-DRAFT-0135,Unlinked,1 строк; 30245.00 руб.; 11-021,"Подтвердить карточку, UOM, состав, цвет, поставщика и правила объединения",Закупки + склад,Высокий,Material aging; BOM; procurement; actual usage,Остатки ткани 31.05.2026,,,Не рассмотрено,,17,3,Wave 2 (31–60 дней)
DEC-00944,Material master,MAT-DRAFT-0136,Несколько кодов; Несколько исходных наименований,2 строк; 119600.00 руб.; 11-004; 11-012,"Подтвердить карточку, UOM, состав, цвет, поставщика и правила объединения",Закупки + склад,Критический,Material aging; BOM; procurement; actual usage,Остатки ткани 31.05.2026,,,Не рассмотрено,,17,4,Wave 1 (0–30 дней)
DEC-00945,Material master,MAT-DRAFT-0138,Unlinked,1 строк; 23000.00 руб.; 11-006,"Подтвердить карточку, UOM, состав, цвет, поставщика и правила объединения",Закупки + склад,Высокий,Material aging; BOM; procurement; actual usage,Остатки ткани 31.05.2026,,,Не рассмотрено,,17,3,Wave 2 (31–60 дней)
DEC-00946,Material master,MAT-DRAFT-0139,Unlinked,2 строк; 45770.00 руб.; 11-017,"Подтвердить карточку, UOM, состав, цвет, поставщика и правила объединения",Закупки + склад,Высокий,Material aging; BOM; procurement; actual usage,Остатки ткани 31.05.2026,,,Не рассмотрено,,17,3,Wave 2 (31–60 дней)
DEC-00947,Material master,MAT-DRAFT-0144,Unlinked,1 строк; 16000.00 руб.; 5-009,"Подтвердить карточку, UOM, состав, цвет, поставщика и правила объединения",Закупки + склад,Высокий,Material aging; BOM; procurement; actual usage,Остатки ткани 31.05.2026,,,Не рассмотрено,,17,3,Wave 2 (31–60 дней)
DEC-00948,Material master,MAT-DRAFT-0145,Unlinked,1 строк; 53900.00 руб.; 5-013,"Подтвердить карточку, UOM, состав, цвет, поставщика и правила объединения",Закупки + склад,Высокий,Material aging; BOM; procurement; actual usage,Остатки ткани 31.05.2026,,,Не рассмотрено,,17,3,Wave 2 (31–60 дней)
DEC-00949,Material master,MAT-DRAFT-0147,Unlinked,1 строк; 47250.00 руб.; 5-014,"Подтвердить карточку, UOM, состав, цвет, поставщика и правила объединения",Закупки + склад,Высокий,Material aging; BOM; procurement; actual usage,Остатки ткани 31.05.2026,,,Не рассмотрено,,17,3,Wave 2 (31–60 дней)
DEC-00950,Material master,MAT-DRAFT-0149,Несколько кодов; Несколько исходных наименований,3 строк; 169100.00 руб.; 5-003; 5-019,"Подтвердить карточку, UOM, состав, цвет, поставщика и правила объединения",Закупки + склад,Критический,Material aging; BOM; procurement; actual usage,Остатки ткани 31.05.2026,,,Не рассмотрено,,17,4,Wave 1 (0–30 дней)
DEC-00951,Material master,MAT-DRAFT-0150,Unlinked,1 строк; 86800.00 руб.; 5-016,"Подтвердить карточку, UOM, состав, цвет, поставщика и правила объединения",Закупки + склад,Высокий,Material aging; BOM; procurement; actual usage,Остатки ткани 31.05.2026,,,Не рассмотрено,,17,3,Wave 2 (31–60 дней)
DEC-00952,Material master,MAT-DRAFT-0151,Unlinked,1 строк; 44000.00 руб.; 5-004,"Подтвердить карточку, UOM, состав, цвет, поставщика и правила объединения",Закупки + склад,Высокий,Material aging; BOM; procurement; actual usage,Остатки ткани 31.05.2026,,,Не рассмотрено,,17,3,Wave 2 (31–60 дней)
DEC-00953,Material master,MAT-DRAFT-0154,Unlinked,1 строк; 45500.00 руб.; 5-010,"Подтвердить карточку, UOM, состав, цвет, поставщика и правила объединения",Закупки + склад,Высокий,Material aging; BOM; procurement; actual usage,Остатки ткани 31.05.2026,,,Не рассмотрено,,17,3,Wave 2 (31–60 дней)
DEC-00954,Material master,MAT-DRAFT-0156,Unlinked,2 строк; 13860.00 руб.; 5-005,"Подтвердить карточку, UOM, состав, цвет, поставщика и правила объединения",Закупки + склад,Высокий,Material aging; BOM; procurement; actual usage,Остатки ткани 31.05.2026,,,Не рассмотрено,,17,3,Wave 2 (31–60 дней)
DEC-00955,Material master,MAT-DRAFT-0159,Unlinked,1 строк; 3675.00 руб.; 10A-003,"Подтвердить карточку, UOM, состав, цвет, поставщика и правила объединения",Закупки + склад,Средний,Material aging; BOM; procurement; actual usage,Остатки ткани 31.05.2026,,,Не рассмотрено,,17,2,Wave 3 (61–90 дней)
DEC-00956,Material master,MAT-DRAFT-0160,Unlinked,1 строк; 13950.00 руб.; 10A-007,"Подтвердить карточку, UOM, состав, цвет, поставщика и правила объединения",Закупки + склад,Высокий,Material aging; BOM; procurement; actual usage,Остатки ткани 31.05.2026,,,Не рассмотрено,,17,3,Wave 2 (31–60 дней)
DEC-00957,Material master,MAT-DRAFT-0161,Unlinked,1 строк; 8950.00 руб.; 10A-006,"Подтвердить карточку, UOM, состав, цвет, поставщика и правила объединения",Закупки + склад,Средний,Material aging; BOM; procurement; actual usage,Остатки ткани 31.05.2026,,,Не рассмотрено,,17,2,Wave 3 (61–90 дней)
DEC-00958,Material master,MAT-DRAFT-0162,Unlinked,1 строк; 14000.00 руб.; 10A-005,"Подтвердить карточку, UOM, состав, цвет, поставщика и правила объединения",Закупки + склад,Высокий,Material aging; BOM; procurement; actual usage,Остатки ткани 31.05.2026,,,Не рассмотрено,,17,3,Wave 2 (31–60 дней)
DEC-00959,Material master,MAT-DRAFT-0164,Unlinked,1 строк; 19200.00 руб.; 10-004,"Подтвердить карточку, UOM, состав, цвет, поставщика и правила объединения",Закупки + склад,Высокий,Material aging; BOM; procurement; actual usage,Остатки ткани 31.05.2026,,,Не рассмотрено,,17,3,Wave 2 (31–60 дней)
DEC-00960,Material master,MAT-DRAFT-0165,Unlinked,1 строк; 61400.00 руб.; 10-002,"Подтвердить карточку, UOM, состав, цвет, поставщика и правила объединения",Закупки + склад,Высокий,Material aging; BOM; procurement; actual usage,Остатки ткани 31.05.2026,,,Не рассмотрено,,17,3,Wave 2 (31–60 дней)
DEC-00961,Material master,MAT-DRAFT-0166,Unlinked,1 строк; 81000.00 руб.; 10-011,"Подтвердить карточку, UOM, состав, цвет, поставщика и правила объединения",Закупки + склад,Высокий,Material aging; BOM; procurement; actual usage,Остатки ткани 31.05.2026,,,Не рассмотрено,,17,3,Wave 2 (31–60 дней)
DEC-00962,Material master,MAT-DRAFT-0167,Unlinked,1 строк; 10800.00 руб.; 10-005,"Подтвердить карточку, UOM, состав, цвет, поставщика и правила объединения",Закупки + склад,Высокий,Material aging; BOM; procurement; actual usage,Остатки ткани 31.05.2026,,,Не рассмотрено,,17,3,Wave 2 (31–60 дней)
DEC-00963,Material master,MAT-DRAFT-0168,Unlinked,1 строк; 6000.00 руб.; 10-003,"Подтвердить карточку, UOM, состав, цвет, поставщика и правила объединения",Закупки + склад,Средний,Material aging; BOM; procurement; actual usage,Остатки ткани 31.05.2026,,,Не рассмотрено,,17,2,Wave 3 (61–90 дней)
DEC-00964,Material master,MAT-DRAFT-0169,Unlinked,1 строк; 21000.00 руб.; 0-009,"Подтвердить карточку, UOM, состав, цвет, поставщика и правила объединения",Закупки + склад,Высокий,Material aging; BOM; procurement; actual usage,Остатки ткани 31.05.2026,,,Не рассмотрено,,17,3,Wave 2 (31–60 дней)
DEC-00965,Material master,MAT-DRAFT-0170,Unlinked,1 строк; 14600.00 руб.; 10-006,"Подтвердить карточку, UOM, состав, цвет, поставщика и правила объединения",Закупки + склад,Высокий,Material aging; BOM; procurement; actual usage,Остатки ткани 31.05.2026,,,Не рассмотрено,,17,3,Wave 2 (31–60 дней)
DEC-00966,Material master,MAT-DRAFT-0171,Unlinked,1 строк; 24000.00 руб.; 10-012,"Подтвердить карточку, UOM, состав, цвет, поставщика и правила объединения",Закупки + склад,Высокий,Material aging; BOM; procurement; actual usage,Остатки ткани 31.05.2026,,,Не рассмотрено,,17,3,Wave 2 (31–60 дней)
DEC-00967,Material master,MAT-DRAFT-0173,Unlinked,1 строк; 14800.00 руб.; 10-010,"Подтвердить карточку, UOM, состав, цвет, поставщика и правила объединения",Закупки + склад,Высокий,Material aging; BOM; procurement; actual usage,Остатки ткани 31.05.2026,,,Не рассмотрено,,17,3,Wave 2 (31–60 дней)
DEC-00968,Material master,MAT-DRAFT-0174,Unlinked,2 строк; 23400.00 руб.; 10-007,"Подтвердить карточку, UOM, состав, цвет, поставщика и правила объединения",Закупки + склад,Высокий,Material aging; BOM; procurement; actual usage,Остатки ткани 31.05.2026,,,Не рассмотрено,,17,3,Wave 2 (31–60 дней)
DEC-00969,Material master,MAT-DRAFT-0176,Несколько кодов; Несколько исходных наименований,3 строк; 102036.00 руб.; 13-041; 13-058; 13-088,"Подтвердить карточку, UOM, состав, цвет, поставщика и правила объединения",Закупки + склад,Высокий,Material aging; BOM; procurement; actual usage,Остатки ткани 31.05.2026,,,Не рассмотрено,,17,3,Wave 2 (31–60 дней)
DEC-00970,Material master,MAT-DRAFT-0178,Несколько кодов; Несколько исходных наименований,5 строк; 58602.50 руб.; 13-003; 13-061; 13-097,"Подтвердить карточку, UOM, состав, цвет, поставщика и правила объединения",Закупки + склад,Высокий,Material aging; BOM; procurement; actual usage,Остатки ткани 31.05.2026,,,Не рассмотрено,,17,3,Wave 2 (31–60 дней)
DEC-00971,Material master,MAT-DRAFT-0179,Несколько кодов; Несколько исходных наименований,2 строк; 18970.00 руб.; 13-005; 13-095,"Подтвердить карточку, UOM, состав, цвет, поставщика и правила объединения",Закупки + склад,Высокий,Material aging; BOM; procurement; actual usage,Остатки ткани 31.05.2026,,,Не рассмотрено,,17,3,Wave 2 (31–60 дней)
DEC-00972,Material master,MAT-DRAFT-0180,Unlinked,1 строк; 1980.00 руб.; 13-002,"Подтвердить карточку, UOM, состав, цвет, поставщика и правила объединения",Закупки + склад,Средний,Material aging; BOM; procurement; actual usage,Остатки ткани 31.05.2026,,,Не рассмотрено,,17,2,Wave 3 (61–90 дней)
DEC-00973,Material master,MAT-DRAFT-0181,Unlinked,1 строк; 3135.00 руб.; 13-010,"Подтвердить карточку, UOM, состав, цвет, поставщика и правила объединения",Закупки + склад,Средний,Material aging; BOM; procurement; actual usage,Остатки ткани 31.05.2026,,,Не рассмотрено,,17,2,Wave 3 (61–90 дней)
DEC-00974,Material master,MAT-DRAFT-0182,Несколько кодов; Несколько исходных наименований,2 строк; 9405.00 руб.; 13-024; 13-032,"Подтвердить карточку, UOM, состав, цвет, поставщика и правила объединения",Закупки + склад,Средний,Material aging; BOM; procurement; actual usage,Остатки ткани 31.05.2026,,,Не рассмотрено,,17,2,Wave 3 (61–90 дней)
DEC-00975,Material master,MAT-DRAFT-0183,Unlinked,1 строк; 11880.00 руб.; 13-020,"Подтвердить карточку, UOM, состав, цвет, поставщика и правила объединения",Закупки + склад,Высокий,Material aging; BOM; procurement; actual usage,Остатки ткани 31.05.2026,,,Не рассмотрено,,17,3,Wave 2 (31–60 дней)
DEC-00976,Material master,MAT-DRAFT-0184,Несколько кодов; Несколько исходных наименований,2 строк; 35008.00 руб.; 13-069; 13-080,"Подтвердить карточку, UOM, состав, цвет, поставщика и правила объединения",Закупки + склад,Высокий,Material aging; BOM; procurement; actual usage,Остатки ткани 31.05.2026,,,Не рассмотрено,,17,3,Wave 2 (31–60 дней)
DEC-00977,Material master,MAT-DRAFT-0185,Unlinked,1 строк; 6270.00 руб.; 13-008,"Подтвердить карточку, UOM, состав, цвет, поставщика и правила объединения",Закупки + склад,Средний,Material aging; BOM; procurement; actual usage,Остатки ткани 31.05.2026,,,Не рассмотрено,,17,2,Wave 3 (61–90 дней)
DEC-00978,Material master,MAT-DRAFT-0186,Несколько кодов; Несколько исходных наименований,2 строк; 13607.00 руб.; 13-007; 13-087,"Подтвердить карточку, UOM, состав, цвет, поставщика и правила объединения",Закупки + склад,Высокий,Material aging; BOM; procurement; actual usage,Остатки ткани 31.05.2026,,,Не рассмотрено,,17,3,Wave 2 (31–60 дней)
DEC-00979,Material master,MAT-DRAFT-0187,Unlinked,1 строк; 39424.00 руб.; 13-089,"Подтвердить карточку, UOM, состав, цвет, поставщика и правила объединения",Закупки + склад,Высокий,Material aging; BOM; procurement; actual usage,Остатки ткани 31.05.2026,,,Не рассмотрено,,17,3,Wave 2 (31–60 дней)
DEC-00980,Material master,MAT-DRAFT-0188,Несколько кодов; Несколько исходных наименований,6 строк; 119561.00 руб.; 13-011; 13-030; 13-052; 13-053; 13-067; 13-082,"Подтвердить карточку, UOM, состав, цвет, поставщика и правила объединения",Закупки + склад,Критический,Material aging; BOM; procurement; actual usage,Остатки ткани 31.05.2026,,,Не рассмотрено,,17,4,Wave 1 (0–30 дней)
DEC-00981,Material master,MAT-DRAFT-0189,Несколько кодов; Несколько исходных наименований,2 строк; 9652.50 руб.; 13-013; 13-014,"Подтвердить карточку, UOM, состав, цвет, поставщика и правила объединения",Закупки + склад,Средний,Material aging; BOM; procurement; actual usage,Остатки ткани 31.05.2026,,,Не рассмотрено,,17,2,Wave 3 (61–90 дней)
DEC-00982,Material master,MAT-DRAFT-0190,Unlinked,1 строк; 6600.00 руб.; 13-017,"Подтвердить карточку, UOM, состав, цвет, поставщика и правила объединения",Закупки + склад,Средний,Material aging; BOM; procurement; actual usage,Остатки ткани 31.05.2026,,,Не рассмотрено,,17,2,Wave 3 (61–90 дней)
DEC-00983,Material master,MAT-DRAFT-0192,Несколько кодов; Несколько исходных наименований,2 строк; 33440.00 руб.; 13-055; 13-085,"Подтвердить карточку, UOM, состав, цвет, поставщика и правила объединения",Закупки + склад,Высокий,Material aging; BOM; procurement; actual usage,Остатки ткани 31.05.2026,,,Не рассмотрено,,17,3,Wave 2 (31–60 дней)
DEC-00984,Material master,MAT-DRAFT-0193,Unlinked,1 строк; 4620.00 руб.; 13-012,"Подтвердить карточку, UOM, состав, цвет, поставщика и правила объединения",Закупки + склад,Средний,Material aging; BOM; procurement; actual usage,Остатки ткани 31.05.2026,,,Не рассмотрено,,17,2,Wave 3 (61–90 дней)
DEC-00985,Material master,MAT-DRAFT-0194,Несколько кодов; Несколько исходных наименований,3 строк; 61280.00 руб.; 13-054; 13-070; 13-084,"Подтвердить карточку, UOM, состав, цвет, поставщика и правила объединения",Закупки + склад,Высокий,Material aging; BOM; procurement; actual usage,Остатки ткани 31.05.2026,,,Не рассмотрено,,17,3,Wave 2 (31–60 дней)
DEC-00986,Material master,MAT-DRAFT-0195,Несколько кодов; Несколько исходных наименований,3 строк; 47370.00 руб.; 13-001; 13-045; 13-076,"Подтвердить карточку, UOM, состав, цвет, поставщика и правила объединения",Закупки + склад,Высокий,Material aging; BOM; procurement; actual usage,Остатки ткани 31.05.2026,,,Не рассмотрено,,17,3,Wave 2 (31–60 дней)
DEC-00987,Material master,MAT-DRAFT-0196,Несколько кодов; Несколько исходных наименований,2 строк; 23520.00 руб.; 13-068; 13-081,"Подтвердить карточку, UOM, состав, цвет, поставщика и правила объединения",Закупки + склад,Высокий,Material aging; BOM; procurement; actual usage,Остатки ткани 31.05.2026,,,Не рассмотрено,,17,3,Wave 2 (31–60 дней)
DEC-00988,Material master,MAT-DRAFT-0197,Несколько кодов; Несколько исходных наименований,3 строк; 46255.00 руб.; 13-015; 13-056; 13-086,"Подтвердить карточку, UOM, состав, цвет, поставщика и правила объединения",Закупки + склад,Высокий,Material aging; BOM; procurement; actual usage,Остатки ткани 31.05.2026,,,Не рассмотрено,,17,3,Wave 2 (31–60 дней)
DEC-00989,Material master,MAT-DRAFT-0199,Unlinked,1 строк; 13530.00 руб.; 13-016,"Подтвердить карточку, UOM, состав, цвет, поставщика и правила объединения",Закупки + склад,Высокий,Material aging; BOM; procurement; actual usage,Остатки ткани 31.05.2026,,,Не рассмотрено,,17,3,Wave 2 (31–60 дней)
DEC-00990,Material master,MAT-DRAFT-0200,Unlinked,1 строк; 10000.00 руб.; 13-021,"Подтвердить карточку, UOM, состав, цвет, поставщика и правила объединения",Закупки + склад,Высокий,Material aging; BOM; procurement; actual usage,Остатки ткани 31.05.2026,,,Не рассмотрено,,17,3,Wave 2 (31–60 дней)
DEC-00991,Material master,MAT-DRAFT-0201,Unlinked,1 строк; 5610.00 руб.; 13-042,"Подтвердить карточку, UOM, состав, цвет, поставщика и правила объединения",Закупки + склад,Средний,Material aging; BOM; procurement; actual usage,Остатки ткани 31.05.2026,,,Не рассмотрено,,17,2,Wave 3 (61–90 дней)
DEC-00992,Material master,MAT-DRAFT-0202,Unlinked,1 строк; 11100.00 руб.; 13-026,"Подтвердить карточку, UOM, состав, цвет, поставщика и правила объединения",Закупки + склад,Высокий,Material aging; BOM; procurement; actual usage,Остатки ткани 31.05.2026,,,Не рассмотрено,,17,3,Wave 2 (31–60 дней)
DEC-00993,Material master,MAT-DRAFT-0203,Несколько кодов; Несколько исходных наименований,5 строк; 23660.50 руб.; 13-009; 13-018; 13-043; 13-071; 13-093,"Подтвердить карточку, UOM, состав, цвет, поставщика и правила объединения",Закупки + склад,Высокий,Material aging; BOM; procurement; actual usage,Остатки ткани 31.05.2026,,,Не рассмотрено,,17,3,Wave 2 (31–60 дней)
DEC-00994,Material master,MAT-DRAFT-0204,Несколько кодов; Несколько исходных наименований,2 строк; 42400.00 руб.; 13-059; 13-075,"Подтвердить карточку, UOM, состав, цвет, поставщика и правила объединения",Закупки + склад,Высокий,Material aging; BOM; procurement; actual usage,Остатки ткани 31.05.2026,,,Не рассмотрено,,17,3,Wave 2 (31–60 дней)
DEC-00995,Material master,MAT-DRAFT-0205,Unlinked,1 строк; 23936.00 руб.; 13-083,"Подтвердить карточку, UOM, состав, цвет, поставщика и правила объединения",Закупки + склад,Высокий,Material aging; BOM; procurement; actual usage,Остатки ткани 31.05.2026,,,Не рассмотрено,,17,3,Wave 2 (31–60 дней)
DEC-00996,Material master,MAT-DRAFT-0206,Несколько кодов; Несколько исходных наименований,3 строк; 47472.00 руб.; 13-060; 13-074; 13-078,"Подтвердить карточку, UOM, состав, цвет, поставщика и правила объединения",Закупки + склад,Высокий,Material aging; BOM; procurement; actual usage,Остатки ткани 31.05.2026,,,Не рассмотрено,,17,3,Wave 2 (31–60 дней)
DEC-00997,Material master,MAT-DRAFT-0207,Несколько кодов; Несколько исходных наименований,5 строк; 64133.50 руб.; 13-023; 13-025; 13-049; 13-063; 13-079,"Подтвердить карточку, UOM, состав, цвет, поставщика и правила объединения",Закупки + склад,Высокий,Material aging; BOM; procurement; actual usage,Остатки ткани 31.05.2026,,,Не рассмотрено,,17,3,Wave 2 (31–60 дней)
DEC-00998,Material master,MAT-DRAFT-0208,Несколько кодов; Несколько исходных наименований,2 строк; 75050.00 руб.; 13-028; 13-038,"Подтвердить карточку, UOM, состав, цвет, поставщика и правила объединения",Закупки + склад,Высокий,Material aging; BOM; procurement; actual usage,Остатки ткани 31.05.2026,,,Не рассмотрено,,17,3,Wave 2 (31–60 дней)
DEC-00999,Material master,MAT-DRAFT-0209,Несколько кодов; Несколько исходных наименований,4 строк; 24640.00 руб.; 13-022; 13-033; 13-065; 13-094,"Подтвердить карточку, UOM, состав, цвет, поставщика и правила объединения",Закупки + склад,Высокий,Material aging; BOM; procurement; actual usage,Остатки ткани 31.05.2026,,,Не рассмотрено,,17,3,Wave 2 (31–60 дней)
DEC-01000,Material master,MAT-DRAFT-0210,Несколько кодов; Несколько исходных наименований,10 строк; 78736.00 руб.; 13-027; 13-029; 13-031; 13-034; 13-037; 13-077; 13-096,"Подтвердить карточку, UOM, состав, цвет, поставщика и правила объединения",Закупки + склад,Высокий,Material aging; BOM; procurement; actual usage,Остатки ткани 31.05.2026,,,Не рассмотрено,,17,3,Wave 2 (31–60 дней)
DEC-01001,Material master,MAT-DRAFT-0211,Unlinked,1 строк; 4275.00 руб.; 3-003,"Подтвердить карточку, UOM, состав, цвет, поставщика и правила объединения",Закупки + склад,Средний,Material aging; BOM; procurement; actual usage,Остатки ткани 31.05.2026,,,Не рассмотрено,,17,2,Wave 3 (61–90 дней)
DEC-01002,Material master,MAT-DRAFT-0212,Unlinked,1 строк; 1725.00 руб.; 3-006,"Подтвердить карточку, UOM, состав, цвет, поставщика и правила объединения",Закупки + склад,Средний,Material aging; BOM; procurement; actual usage,Остатки ткани 31.05.2026,,,Не рассмотрено,,17,2,Wave 3 (61–90 дней)
DEC-01003,Material master,MAT-DRAFT-0213,Unlinked,1 строк; 11325.00 руб.; 3-005,"Подтвердить карточку, UOM, состав, цвет, поставщика и правила объединения",Закупки + склад,Высокий,Material aging; BOM; procurement; actual usage,Остатки ткани 31.05.2026,,,Не рассмотрено,,17,3,Wave 2 (31–60 дней)
DEC-01004,Material master,MAT-DRAFT-0214,Unlinked,2 строк; 27450.00 руб.; 3-002,"Подтвердить карточку, UOM, состав, цвет, поставщика и правила объединения",Закупки + склад,Высокий,Material aging; BOM; procurement; actual usage,Остатки ткани 31.05.2026,,,Не рассмотрено,,17,3,Wave 2 (31–60 дней)
DEC-01005,Material master,MAT-DRAFT-0215,Unlinked,1 строк; 6975.00 руб.; 3-004,"Подтвердить карточку, UOM, состав, цвет, поставщика и правила объединения",Закупки + склад,Средний,Material aging; BOM; procurement; actual usage,Остатки ткани 31.05.2026,,,Не рассмотрено,,17,2,Wave 3 (61–90 дней)
DEC-01006,Material master,MAT-DRAFT-0216,Unlinked,1 строк; 6900.00 руб.; 3-007,"Подтвердить карточку, UOM, состав, цвет, поставщика и правила объединения",Закупки + склад,Средний,Material aging; BOM; procurement; actual usage,Остатки ткани 31.05.2026,,,Не рассмотрено,,17,2,Wave 3 (61–90 дней)
DEC-01007,Material master,MAT-DRAFT-0217,Unlinked,2 строк; 22050.00 руб.; 3-001,"Подтвердить карточку, UOM, состав, цвет, поставщика и правила объединения",Закупки + склад,Высокий,Material aging; BOM; procurement; actual usage,Остатки ткани 31.05.2026,,,Не рассмотрено,,17,3,Wave 2 (31–60 дней)
DEC-01008,Material master,MAT-DRAFT-0218,Unlinked,1 строк; 5500.00 руб.; 25-004,"Подтвердить карточку, UOM, состав, цвет, поставщика и правила объединения",Закупки + склад,Средний,Material aging; BOM; procurement; actual usage,Остатки ткани 31.05.2026,,,Не рассмотрено,,17,2,Wave 3 (61–90 дней)
DEC-01009,Material master,MAT-DRAFT-0219,Unlinked,1 строк; 7700.00 руб.; 25-003,"Подтвердить карточку, UOM, состав, цвет, поставщика и правила объединения",Закупки + склад,Средний,Material aging; BOM; procurement; actual usage,Остатки ткани 31.05.2026,,,Не рассмотрено,,17,2,Wave 3 (61–90 дней)
DEC-01010,Material master,MAT-DRAFT-0220,Unlinked,1 строк; 2200.00 руб.; 25-007,"Подтвердить карточку, UOM, состав, цвет, поставщика и правила объединения",Закупки + склад,Средний,Material aging; BOM; procurement; actual usage,Остатки ткани 31.05.2026,,,Не рассмотрено,,17,2,Wave 3 (61–90 дней)
DEC-01011,Material master,MAT-DRAFT-0221,Unlinked,1 строк; 15400.00 руб.; 25-002,"Подтвердить карточку, UOM, состав, цвет, поставщика и правила объединения",Закупки + склад,Высокий,Material aging; BOM; procurement; actual usage,Остатки ткани 31.05.2026,,,Не рассмотрено,,17,3,Wave 2 (31–60 дней)
DEC-01012,Material master,MAT-DRAFT-0222,Unlinked,1 строк; 2200.00 руб.; 25-006,"Подтвердить карточку, UOM, состав, цвет, поставщика и правила объединения",Закупки + склад,Средний,Material aging; BOM; procurement; actual usage,Остатки ткани 31.05.2026,,,Не рассмотрено,,17,2,Wave 3 (61–90 дней)
DEC-01013,Material master,MAT-DRAFT-0223,Unlinked,1 строк; 1980.00 руб.; 25-005,"Подтвердить карточку, UOM, состав, цвет, поставщика и правила объединения",Закупки + склад,Средний,Material aging; BOM; procurement; actual usage,Остатки ткани 31.05.2026,,,Не рассмотрено,,17,2,Wave 3 (61–90 дней)
DEC-01014,Material master,MAT-DRAFT-0224,Unlinked,1 строк; 4840.00 руб.; 25-001,"Подтвердить карточку, UOM, состав, цвет, поставщика и правила объединения",Закупки + склад,Средний,Material aging; BOM; procurement; actual usage,Остатки ткани 31.05.2026,,,Не рассмотрено,,17,2,Wave 3 (61–90 дней)
DEC-01015,Material master,MAT-DRAFT-0225,Unlinked,1 строк; 37500.00 руб.; 21-009,"Подтвердить карточку, UOM, состав, цвет, поставщика и правила объединения",Закупки + склад,Высокий,Material aging; BOM; procurement; actual usage,Остатки ткани 31.05.2026,,,Не рассмотрено,,17,3,Wave 2 (31–60 дней)
DEC-01016,Material master,MAT-DRAFT-0226,Несколько кодов; Несколько исходных наименований,3 строк; 26650.00 руб.; 21-008; 21-023,"Подтвердить карточку, UOM, состав, цвет, поставщика и правила объединения",Закупки + склад,Высокий,Material aging; BOM; procurement; actual usage,Остатки ткани 31.05.2026,,,Не рассмотрено,,17,3,Wave 2 (31–60 дней)
DEC-01017,Material master,MAT-DRAFT-0227,Unlinked,1 строк; 33750.00 руб.; 21-011,"Подтвердить карточку, UOM, состав, цвет, поставщика и правила объединения",Закупки + склад,Высокий,Material aging; BOM; procurement; actual usage,Остатки ткани 31.05.2026,,,Не рассмотрено,,17,3,Wave 2 (31–60 дней)
DEC-01018,Material master,MAT-DRAFT-0228,Unlinked,1 строк; 4275.00 руб.; 21-027,"Подтвердить карточку, UOM, состав, цвет, поставщика и правила объединения",Закупки + склад,Средний,Material aging; BOM; procurement; actual usage,Остатки ткани 31.05.2026,,,Не рассмотрено,,17,2,Wave 3 (61–90 дней)
DEC-01019,Material master,MAT-DRAFT-0229,Unlinked,1 строк; 10400.00 руб.; 21-030,"Подтвердить карточку, UOM, состав, цвет, поставщика и правила объединения",Закупки + склад,Высокий,Material aging; BOM; procurement; actual usage,Остатки ткани 31.05.2026,,,Не рассмотрено,,17,3,Wave 2 (31–60 дней)
DEC-01020,Material master,MAT-DRAFT-0230,Unlinked,1 строк; 3400.00 руб.; 21-015,"Подтвердить карточку, UOM, состав, цвет, поставщика и правила объединения",Закупки + склад,Средний,Material aging; BOM; procurement; actual usage,Остатки ткани 31.05.2026,,,Не рассмотрено,,17,2,Wave 3 (61–90 дней)
DEC-01021,Material master,MAT-DRAFT-0231,Unlinked,1 строк; 7125.00 руб.; 21-025,"Подтвердить карточку, UOM, состав, цвет, поставщика и правила объединения",Закупки + склад,Средний,Material aging; BOM; procurement; actual usage,Остатки ткани 31.05.2026,,,Не рассмотрено,,17,2,Wave 3 (61–90 дней)
DEC-01022,Material master,MAT-DRAFT-0232,Несколько кодов; Несколько исходных наименований,2 строк; 103020.00 руб.; 21-017; 21-018,"Подтвердить карточку, UOM, состав, цвет, поставщика и правила объединения",Закупки + склад,Критический,Material aging; BOM; procurement; actual usage,Остатки ткани 31.05.2026,,,Не рассмотрено,,17,4,Wave 1 (0–30 дней)
DEC-01023,Material master,MAT-DRAFT-0233,Unlinked,1 строк; 40750.00 руб.; 21-012,"Подтвердить карточку, UOM, состав, цвет, поставщика и правила объединения",Закупки + склад,Высокий,Material aging; BOM; procurement; actual usage,Остатки ткани 31.05.2026,,,Не рассмотрено,,17,3,Wave 2 (31–60 дней)
DEC-01024,Material master,MAT-DRAFT-0234,Несколько кодов; Несколько исходных наименований,2 строк; 8610.00 руб.; 21-004; 21-028,"Подтвердить карточку, UOM, состав, цвет, поставщика и правила объединения",Закупки + склад,Средний,Material aging; BOM; procurement; actual usage,Остатки ткани 31.05.2026,,,Не рассмотрено,,17,2,Wave 3 (61–90 дней)
DEC-01025,Material master,MAT-DRAFT-0235,Unlinked,1 строк; 6900.00 руб.; 21-006,"Подтвердить карточку, UOM, состав, цвет, поставщика и правила объединения",Закупки + склад,Средний,Material aging; BOM; procurement; actual usage,Остатки ткани 31.05.2026,,,Не рассмотрено,,17,2,Wave 3 (61–90 дней)
DEC-01026,Material master,MAT-DRAFT-0236,Unlinked,1 строк; 49820.00 руб.; 21-016,"Подтвердить карточку, UOM, состав, цвет, поставщика и правила объединения",Закупки + склад,Высокий,Material aging; BOM; procurement; actual usage,Остатки ткани 31.05.2026,,,Не рассмотрено,,17,3,Wave 2 (31–60 дней)
DEC-01027,Material master,MAT-DRAFT-0237,Unlinked,1 строк; 4960.00 руб.; 21-029,"Подтвердить карточку, UOM, состав, цвет, поставщика и правила объединения",Закупки + склад,Средний,Material aging; BOM; procurement; actual usage,Остатки ткани 31.05.2026,,,Не рассмотрено,,17,2,Wave 3 (61–90 дней)
DEC-01028,Material master,MAT-DRAFT-0238,Unlinked,1 строк; 7425.00 руб.; 21-005,"Подтвердить карточку, UOM, состав, цвет, поставщика и правила объединения",Закупки + склад,Средний,Material aging; BOM; procurement; actual usage,Остатки ткани 31.05.2026,,,Не рассмотрено,,17,2,Wave 3 (61–90 дней)
DEC-01029,Material master,MAT-DRAFT-0239,Unlinked,1 строк; 1680.00 руб.; 21-024,"Подтвердить карточку, UOM, состав, цвет, поставщика и правила объединения",Закупки + склад,Средний,Material aging; BOM; procurement; actual usage,Остатки ткани 31.05.2026,,,Не рассмотрено,,17,2,Wave 3 (61–90 дней)
DEC-01030,Material master,MAT-DRAFT-0241,Unlinked,1 строк; 16160.00 руб.; 21-003,"Подтвердить карточку, UOM, состав, цвет, поставщика и правила объединения",Закупки + склад,Высокий,Material aging; BOM; procurement; actual usage,Остатки ткани 31.05.2026,,,Не рассмотрено,,17,3,Wave 2 (31–60 дней)
DEC-01031,Material master,MAT-DRAFT-0242,Unlinked,1 строк; 6640.00 руб.; 21-002,"Подтвердить карточку, UOM, состав, цвет, поставщика и правила объединения",Закупки + склад,Средний,Material aging; BOM; procurement; actual usage,Остатки ткани 31.05.2026,,,Не рассмотрено,,17,2,Wave 3 (61–90 дней)
DEC-01032,Material master,MAT-DRAFT-0243,Unlinked,1 строк; 16875.00 руб.; 21-007,"Подтвердить карточку, UOM, состав, цвет, поставщика и правила объединения",Закупки + склад,Высокий,Material aging; BOM; procurement; actual usage,Остатки ткани 31.05.2026,,,Не рассмотрено,,17,3,Wave 2 (31–60 дней)
DEC-01033,Material master,MAT-DRAFT-0245,Unlinked,1 строк; 31500.00 руб.; 21-013,"Подтвердить карточку, UOM, состав, цвет, поставщика и правила объединения",Закупки + склад,Высокий,Material aging; BOM; procurement; actual usage,Остатки ткани 31.05.2026,,,Не рассмотрено,,17,3,Wave 2 (31–60 дней)
DEC-01034,Material master,MAT-DRAFT-0247,Unlinked,1 строк; 10000.00 руб.; 21-014,"Подтвердить карточку, UOM, состав, цвет, поставщика и правила объединения",Закупки + склад,Высокий,Material aging; BOM; procurement; actual usage,Остатки ткани 31.05.2026,,,Не рассмотрено,,17,3,Wave 2 (31–60 дней)
DEC-01035,Material master,MAT-DRAFT-0248,Несколько кодов; Несколько исходных наименований,2 строк; 20100.00 руб.; 15-001; 15-021,"Подтвердить карточку, UOM, состав, цвет, поставщика и правила объединения",Закупки + склад,Высокий,Material aging; BOM; procurement; actual usage,Остатки ткани 31.05.2026,,,Не рассмотрено,,17,3,Wave 2 (31–60 дней)
DEC-01036,Material master,MAT-DRAFT-0249,Unlinked,1 строк; 17000.00 руб.; 15-022,"Подтвердить карточку, UOM, состав, цвет, поставщика и правила объединения",Закупки + склад,Высокий,Material aging; BOM; procurement; actual usage,Остатки ткани 31.05.2026,,,Не рассмотрено,,17,3,Wave 2 (31–60 дней)
DEC-01037,Material master,MAT-DRAFT-0250,Несколько кодов; Несколько исходных наименований,2 строк; 29600.00 руб.; 15-002; 15-013,"Подтвердить карточку, UOM, состав, цвет, поставщика и правила объединения",Закупки + склад,Высокий,Material aging; BOM; procurement; actual usage,Остатки ткани 31.05.2026,,,Не рассмотрено,,17,3,Wave 2 (31–60 дней)
DEC-01038,Material master,MAT-DRAFT-0252,Unlinked,1 строк; 9400.00 руб.; 15-005,"Подтвердить карточку, UOM, состав, цвет, поставщика и правила объединения",Закупки + склад,Средний,Material aging; BOM; procurement; actual usage,Остатки ткани 31.05.2026,,,Не рассмотрено,,17,2,Wave 3 (61–90 дней)
DEC-01039,Material master,MAT-DRAFT-0253,Unlinked,1 строк; 7500.00 руб.; 15-011,"Подтвердить карточку, UOM, состав, цвет, поставщика и правила объединения",Закупки + склад,Средний,Material aging; BOM; procurement; actual usage,Остатки ткани 31.05.2026,,,Не рассмотрено,,17,2,Wave 3 (61–90 дней)
DEC-01040,Material master,MAT-DRAFT-0254,Несколько кодов; Несколько исходных наименований,2 строк; 35000.00 руб.; 15-029; 15-030,"Подтвердить карточку, UOM, состав, цвет, поставщика и правила объединения",Закупки + склад,Высокий,Material aging; BOM; procurement; actual usage,Остатки ткани 31.05.2026,,,Не рассмотрено,,17,3,Wave 2 (31–60 дней)
DEC-01041,Material master,MAT-DRAFT-0255,Unlinked,1 строк; 17200.00 руб.; 15-007,"Подтвердить карточку, UOM, состав, цвет, поставщика и правила объединения",Закупки + склад,Высокий,Material aging; BOM; procurement; actual usage,Остатки ткани 31.05.2026,,,Не рассмотрено,,17,3,Wave 2 (31–60 дней)
DEC-01042,Material master,MAT-DRAFT-0256,Unlinked,1 строк; 11000.00 руб.; 15-003,"Подтвердить карточку, UOM, состав, цвет, поставщика и правила объединения",Закупки + склад,Высокий,Material aging; BOM; procurement; actual usage,Остатки ткани 31.05.2026,,,Не рассмотрено,,17,3,Wave 2 (31–60 дней)
DEC-01043,Material master,MAT-DRAFT-0257,Unlinked,1 строк; 21600.00 руб.; 15-010,"Подтвердить карточку, UOM, состав, цвет, поставщика и правила объединения",Закупки + склад,Высокий,Material aging; BOM; procurement; actual usage,Остатки ткани 31.05.2026,,,Не рассмотрено,,17,3,Wave 2 (31–60 дней)
DEC-01044,Material master,MAT-DRAFT-0258,Unlinked,1 строк; 15000.00 руб.; 15-012,"Подтвердить карточку, UOM, состав, цвет, поставщика и правила объединения",Закупки + склад,Высокий,Material aging; BOM; procurement; actual usage,Остатки ткани 31.05.2026,,,Не рассмотрено,,17,3,Wave 2 (31–60 дней)
DEC-01045,Material master,MAT-DRAFT-0259,Несколько кодов; Несколько исходных наименований,2 строк; 17400.00 руб.; 15-016; 15-017,"Подтвердить карточку, UOM, состав, цвет, поставщика и правила объединения",Закупки + склад,Высокий,Material aging; BOM; procurement; actual usage,Остатки ткани 31.05.2026,,,Не рассмотрено,,17,3,Wave 2 (31–60 дней)
DEC-01046,Material master,MAT-DRAFT-0260,Несколько кодов; Несколько исходных наименований,2 строк; 25000.00 руб.; 15-006; 15-027,"Подтвердить карточку, UOM, состав, цвет, поставщика и правила объединения",Закупки + склад,Высокий,Material aging; BOM; procurement; actual usage,Остатки ткани 31.05.2026,,,Не рассмотрено,,17,3,Wave 2 (31–60 дней)
DEC-01047,Material master,MAT-DRAFT-0261,Unlinked,1 строк; 3300.00 руб.; 15-015,"Подтвердить карточку, UOM, состав, цвет, поставщика и правила объединения",Закупки + склад,Средний,Material aging; BOM; procurement; actual usage,Остатки ткани 31.05.2026,,,Не рассмотрено,,17,2,Wave 3 (61–90 дней)
DEC-01048,Material master,MAT-DRAFT-0262,Unlinked,1 строк; 19000.00 руб.; 15-026,"Подтвердить карточку, UOM, состав, цвет, поставщика и правила объединения",Закупки + склад,Высокий,Material aging; BOM; procurement; actual usage,Остатки ткани 31.05.2026,,,Не рассмотрено,,17,3,Wave 2 (31–60 дней)
DEC-01049,Material master,MAT-DRAFT-0263,Несколько кодов; Несколько исходных наименований,3 строк; 34200.00 руб.; 15-008; 15-014; 15-028,"Подтвердить карточку, UOM, состав, цвет, поставщика и правила объединения",Закупки + склад,Высокий,Material aging; BOM; procurement; actual usage,Остатки ткани 31.05.2026,,,Не рассмотрено,,17,3,Wave 2 (31–60 дней)
DEC-01050,Material master,MAT-DRAFT-0264,Unlinked,1 строк; 16000.00 руб.; 15-023,"Подтвердить карточку, UOM, состав, цвет, поставщика и правила объединения",Закупки + склад,Высокий,Material aging; BOM; procurement; actual usage,Остатки ткани 31.05.2026,,,Не рассмотрено,,17,3,Wave 2 (31–60 дней)
DEC-01051,Material master,MAT-DRAFT-0266,Нет кода,3 строк; 4998.00 руб.; ,"Подтвердить карточку, UOM, состав, цвет, поставщика и правила объединения",Закупки + склад,Средний,Material aging; BOM; procurement; actual usage,Остатки ткани 31.05.2026,,,Не рассмотрено,,17,2,Wave 3 (61–90 дней)
DEC-01052,Material master,MAT-DRAFT-0267,Unlinked,1 строк; 5400.00 руб.; 22-029,"Подтвердить карточку, UOM, состав, цвет, поставщика и правила объединения",Закупки + склад,Средний,Material aging; BOM; procurement; actual usage,Остатки ткани 31.05.2026,,,Не рассмотрено,,17,2,Wave 3 (61–90 дней)
DEC-01053,Material master,MAT-DRAFT-0268,Unlinked,1 строк; 7250.00 руб.; 22-006,"Подтвердить карточку, UOM, состав, цвет, поставщика и правила объединения",Закупки + склад,Средний,Material aging; BOM; procurement; actual usage,Остатки ткани 31.05.2026,,,Не рассмотрено,,17,2,Wave 3 (61–90 дней)
DEC-01054,Material master,MAT-DRAFT-0269,Unlinked,1 строк; 5250.00 руб.; 22-009,"Подтвердить карточку, UOM, состав, цвет, поставщика и правила объединения",Закупки + склад,Средний,Material aging; BOM; procurement; actual usage,Остатки ткани 31.05.2026,,,Не рассмотрено,,17,2,Wave 3 (61–90 дней)
DEC-01055,Material master,MAT-DRAFT-0270,Unlinked,1 строк; 1650.00 руб.; 22-003,"Подтвердить карточку, UOM, состав, цвет, поставщика и правила объединения",Закупки + склад,Средний,Material aging; BOM; procurement; actual usage,Остатки ткани 31.05.2026,,,Не рассмотрено,,17,2,Wave 3 (61–90 дней)
DEC-01056,Material master,MAT-DRAFT-0271,Unlinked,1 строк; 2200.00 руб.; 22-002,"Подтвердить карточку, UOM, состав, цвет, поставщика и правила объединения",Закупки + склад,Средний,Material aging; BOM; procurement; actual usage,Остатки ткани 31.05.2026,,,Не рассмотрено,,17,2,Wave 3 (61–90 дней)
DEC-01057,Material master,MAT-DRAFT-0272,Unlinked,2 строк; 5700.00 руб.; 22-035,"Подтвердить карточку, UOM, состав, цвет, поставщика и правила объединения",Закупки + склад,Средний,Material aging; BOM; procurement; actual usage,Остатки ткани 31.05.2026,,,Не рассмотрено,,17,2,Wave 3 (61–90 дней)
DEC-01058,Material master,MAT-DRAFT-0273,Unlinked,2 строк; 3880.00 руб.; 22-037,"Подтвердить карточку, UOM, состав, цвет, поставщика и правила объединения",Закупки + склад,Средний,Material aging; BOM; procurement; actual usage,Остатки ткани 31.05.2026,,,Не рассмотрено,,17,2,Wave 3 (61–90 дней)
DEC-01059,Material master,MAT-DRAFT-0274,Unlinked,2 строк; 5550.00 руб.; 22-024,"Подтвердить карточку, UOM, состав, цвет, поставщика и правила объединения",Закупки + склад,Средний,Material aging; BOM; procurement; actual usage,Остатки ткани 31.05.2026,,,Не рассмотрено,,17,2,Wave 3 (61–90 дней)
DEC-01060,Material master,MAT-DRAFT-0275,Unlinked,2 строк; 3470.00 руб.; 22-045,"Подтвердить карточку, UOM, состав, цвет, поставщика и правила объединения",Закупки + склад,Средний,Material aging; BOM; procurement; actual usage,Остатки ткани 31.05.2026,,,Не рассмотрено,,17,2,Wave 3 (61–90 дней)
DEC-01061,Material master,MAT-DRAFT-0276,Unlinked,2 строк; 30470.00 руб.; 22-L-007,"Подтвердить карточку, UOM, состав, цвет, поставщика и правила объединения",Закупки + склад,Высокий,Material aging; BOM; procurement; actual usage,Остатки ткани 31.05.2026,,,Не рассмотрено,,17,3,Wave 2 (31–60 дней)
DEC-01062,Material master,MAT-DRAFT-0278,Unlinked,1 строк; 1760.00 руб.; 22-L-012,"Подтвердить карточку, UOM, состав, цвет, поставщика и правила объединения",Закупки + склад,Средний,Material aging; BOM; procurement; actual usage,Остатки ткани 31.05.2026,,,Не рассмотрено,,17,2,Wave 3 (61–90 дней)
DEC-01063,Material master,MAT-DRAFT-0281,Unlinked,1 строк; 400.00 руб.; 22-052,"Подтвердить карточку, UOM, состав, цвет, поставщика и правила объединения",Закупки + склад,Средний,Material aging; BOM; procurement; actual usage,Остатки ткани 31.05.2026,,,Не рассмотрено,,17,2,Wave 3 (61–90 дней)
DEC-01064,Material master,MAT-DRAFT-0282,Несколько кодов; Несколько исходных наименований,4 строк; 14080.00 руб.; 22-030; 22-053,"Подтвердить карточку, UOM, состав, цвет, поставщика и правила объединения",Закупки + склад,Высокий,Material aging; BOM; procurement; actual usage,Остатки ткани 31.05.2026,,,Не рассмотрено,,17,3,Wave 2 (31–60 дней)
DEC-01065,Material master,MAT-DRAFT-0283,Unlinked,2 строк; 3530.00 руб.; 22-034,"Подтвердить карточку, UOM, состав, цвет, поставщика и правила объединения",Закупки + склад,Средний,Material aging; BOM; procurement; actual usage,Остатки ткани 31.05.2026,,,Не рассмотрено,,17,2,Wave 3 (61–90 дней)
DEC-01066,Material master,MAT-DRAFT-0285,Unlinked,2 строк; 900.00 руб.; 22-042,"Подтвердить карточку, UOM, состав, цвет, поставщика и правила объединения",Закупки + склад,Средний,Material aging; BOM; procurement; actual usage,Остатки ткани 31.05.2026,,,Не рассмотрено,,17,2,Wave 3 (61–90 дней)
DEC-01067,Material master,MAT-DRAFT-0286,Unlinked,1 строк; 3800.00 руб.; 22-004,"Подтвердить карточку, UOM, состав, цвет, поставщика и правила объединения",Закупки + склад,Средний,Material aging; BOM; procurement; actual usage,Остатки ткани 31.05.2026,,,Не рассмотрено,,17,2,Wave 3 (61–90 дней)
DEC-01068,Material master,MAT-DRAFT-0289,Unlinked,1 строк; 1200.00 руб.; 22-013,"Подтвердить карточку, UOM, состав, цвет, поставщика и правила объединения",Закупки + склад,Средний,Material aging; BOM; procurement; actual usage,Остатки ткани 31.05.2026,,,Не рассмотрено,,17,2,Wave 3 (61–90 дней)
DEC-01069,Material master,MAT-DRAFT-0290,Unlinked,1 строк; 25250.00 руб.; 22-014,"Подтвердить карточку, UOM, состав, цвет, поставщика и правила объединения",Закупки + склад,Высокий,Material aging; BOM; procurement; actual usage,Остатки ткани 31.05.2026,,,Не рассмотрено,,17,3,Wave 2 (31–60 дней)
DEC-01070,Material master,MAT-DRAFT-0291,Нет кода,2 строк; 2249.10 руб.; ,"Подтвердить карточку, UOM, состав, цвет, поставщика и правила объединения",Закупки + склад,Средний,Material aging; BOM; procurement; actual usage,Остатки ткани 31.05.2026,,,Не рассмотрено,,17,2,Wave 3 (61–90 дней)
DEC-01071,Material master,MAT-DRAFT-0292,Unlinked,1 строк; 14750.00 руб.; 22-007,"Подтвердить карточку, UOM, состав, цвет, поставщика и правила объединения",Закупки + склад,Высокий,Material aging; BOM; procurement; actual usage,Остатки ткани 31.05.2026,,,Не рассмотрено,,17,3,Wave 2 (31–60 дней)
DEC-01072,Material master,MAT-DRAFT-0293,Unlinked,1 строк; 1350.00 руб.; 22-008,"Подтвердить карточку, UOM, состав, цвет, поставщика и правила объединения",Закупки + склад,Средний,Material aging; BOM; procurement; actual usage,Остатки ткани 31.05.2026,,,Не рассмотрено,,17,2,Wave 3 (61–90 дней)
DEC-01073,Material master,MAT-DRAFT-0294,Unlinked,1 строк; 2500.00 руб.; 22-005,"Подтвердить карточку, UOM, состав, цвет, поставщика и правила объединения",Закупки + склад,Средний,Material aging; BOM; procurement; actual usage,Остатки ткани 31.05.2026,,,Не рассмотрено,,17,2,Wave 3 (61–90 дней)
DEC-01074,Material master,MAT-DRAFT-0295,Несколько кодов; Несколько исходных наименований,4 строк; 17078.00 руб.; 22-022; 22-032,"Подтвердить карточку, UOM, состав, цвет, поставщика и правила объединения",Закупки + склад,Высокий,Material aging; BOM; procurement; actual usage,Остатки ткани 31.05.2026,,,Не рассмотрено,,17,3,Wave 2 (31–60 дней)
DEC-01075,Material master,MAT-DRAFT-0296,Unlinked,1 строк; 1475.00 руб.; 20-017,"Подтвердить карточку, UOM, состав, цвет, поставщика и правила объединения",Закупки + склад,Средний,Material aging; BOM; procurement; actual usage,Остатки ткани 31.05.2026,,,Не рассмотрено,,17,2,Wave 3 (61–90 дней)
DEC-01076,Material master,MAT-DRAFT-0297,Unlinked,1 строк; 4500.00 руб.; 20-018,"Подтвердить карточку, UOM, состав, цвет, поставщика и правила объединения",Закупки + склад,Средний,Material aging; BOM; procurement; actual usage,Остатки ткани 31.05.2026,,,Не рассмотрено,,17,2,Wave 3 (61–90 дней)
DEC-01077,Material master,MAT-DRAFT-0299,Несколько кодов; Несколько исходных наименований,6 строк; 33417.00 руб.; 20-015; 20-027,"Подтвердить карточку, UOM, состав, цвет, поставщика и правила объединения",Закупки + склад,Высокий,Material aging; BOM; procurement; actual usage,Остатки ткани 31.05.2026,,,Не рассмотрено,,17,3,Wave 2 (31–60 дней)
DEC-01078,Material master,MAT-DRAFT-0300,Несколько кодов; Несколько исходных наименований,2 строк; 9200.00 руб.; 20-021; 20-032,"Подтвердить карточку, UOM, состав, цвет, поставщика и правила объединения",Закупки + склад,Средний,Material aging; BOM; procurement; actual usage,Остатки ткани 31.05.2026,,,Не рассмотрено,,17,2,Wave 3 (61–90 дней)
DEC-01079,Material master,MAT-DRAFT-0301,Unlinked,1 строк; 4340.00 руб.; 20-007,"Подтвердить карточку, UOM, состав, цвет, поставщика и правила объединения",Закупки + склад,Средний,Material aging; BOM; procurement; actual usage,Остатки ткани 31.05.2026,,,Не рассмотрено,,17,2,Wave 3 (61–90 дней)
DEC-01080,Material master,MAT-DRAFT-0302,Unlinked,1 строк; 8750.00 руб.; 20-026,"Подтвердить карточку, UOM, состав, цвет, поставщика и правила объединения",Закупки + склад,Средний,Material aging; BOM; procurement; actual usage,Остатки ткани 31.05.2026,,,Не рассмотрено,,17,2,Wave 3 (61–90 дней)
DEC-01081,Material master,MAT-DRAFT-0304,Unlinked,2 строк; 2055.00 руб.; 20-024,"Подтвердить карточку, UOM, состав, цвет, поставщика и правила объединения",Закупки + склад,Средний,Material aging; BOM; procurement; actual usage,Остатки ткани 31.05.2026,,,Не рассмотрено,,17,2,Wave 3 (61–90 дней)
DEC-01082,Material master,MAT-DRAFT-0305,Unlinked,1 строк; 5250.00 руб.; 20-012,"Подтвердить карточку, UOM, состав, цвет, поставщика и правила объединения",Закупки + склад,Средний,Material aging; BOM; procurement; actual usage,Остатки ткани 31.05.2026,,,Не рассмотрено,,17,2,Wave 3 (61–90 дней)
DEC-01083,Material master,MAT-DRAFT-0307,Unlinked,1 строк; 3710.00 руб.; 20-005,"Подтвердить карточку, UOM, состав, цвет, поставщика и правила объединения",Закупки + склад,Средний,Material aging; BOM; procurement; actual usage,Остатки ткани 31.05.2026,,,Не рассмотрено,,17,2,Wave 3 (61–90 дней)
DEC-01084,Material master,MAT-DRAFT-0308,Unlinked,2 строк; 1005.00 руб.; 20-019,"Подтвердить карточку, UOM, состав, цвет, поставщика и правила объединения",Закупки + склад,Средний,Material aging; BOM; procurement; actual usage,Остатки ткани 31.05.2026,,,Не рассмотрено,,17,2,Wave 3 (61–90 дней)
DEC-01085,Material master,MAT-DRAFT-0309,Unlinked,1 строк; 22250.00 руб.; 20A-002,"Подтвердить карточку, UOM, состав, цвет, поставщика и правила объединения",Закупки + склад,Высокий,Material aging; BOM; procurement; actual usage,Остатки ткани 31.05.2026,,,Не рассмотрено,,17,3,Wave 2 (31–60 дней)
DEC-01086,Material master,MAT-DRAFT-0310,Unlinked,1 строк; 11650.00 руб.; 20-023,"Подтвердить карточку, UOM, состав, цвет, поставщика и правила объединения",Закупки + склад,Высокий,Material aging; BOM; procurement; actual usage,Остатки ткани 31.05.2026,,,Не рассмотрено,,17,3,Wave 2 (31–60 дней)
DEC-01087,Material master,MAT-DRAFT-0311,Unlinked,1 строк; 14000.00 руб.; 20-008,"Подтвердить карточку, UOM, состав, цвет, поставщика и правила объединения",Закупки + склад,Высокий,Material aging; BOM; procurement; actual usage,Остатки ткани 31.05.2026,,,Не рассмотрено,,17,3,Wave 2 (31–60 дней)
DEC-01088,Material master,MAT-DRAFT-0312,Несколько кодов; Несколько исходных наименований,3 строк; 26390.00 руб.; 20-003; 20-013,"Подтвердить карточку, UOM, состав, цвет, поставщика и правила объединения",Закупки + склад,Высокий,Material aging; BOM; procurement; actual usage,Остатки ткани 31.05.2026,,,Не рассмотрено,,17,3,Wave 2 (31–60 дней)
DEC-01089,Material master,MAT-DRAFT-0313,Unlinked,1 строк; 16100.00 руб.; 20-014,"Подтвердить карточку, UOM, состав, цвет, поставщика и правила объединения",Закупки + склад,Высокий,Material aging; BOM; procurement; actual usage,Остатки ткани 31.05.2026,,,Не рассмотрено,,17,3,Wave 2 (31–60 дней)
DEC-01090,Material master,MAT-DRAFT-0314,Unlinked,1 строк; 6750.00 руб.; 20-033,"Подтвердить карточку, UOM, состав, цвет, поставщика и правила объединения",Закупки + склад,Средний,Material aging; BOM; procurement; actual usage,Остатки ткани 31.05.2026,,,Не рассмотрено,,17,2,Wave 3 (61–90 дней)
DEC-01091,Material master,MAT-DRAFT-0315,Unlinked,2 строк; 10175.00 руб.; 20-025,"Подтвердить карточку, UOM, состав, цвет, поставщика и правила объединения",Закупки + склад,Высокий,Material aging; BOM; procurement; actual usage,Остатки ткани 31.05.2026,,,Не рассмотрено,,17,3,Wave 2 (31–60 дней)
DEC-01092,Material master,MAT-DRAFT-0316,Unlinked,1 строк; 12250.00 руб.; 20-022,"Подтвердить карточку, UOM, состав, цвет, поставщика и правила объединения",Закупки + склад,Высокий,Material aging; BOM; procurement; actual usage,Остатки ткани 31.05.2026,,,Не рассмотрено,,17,3,Wave 2 (31–60 дней)
DEC-01093,Material master,MAT-DRAFT-0317,Unlinked,1 строк; 8650.00 руб.; 20-020,"Подтвердить карточку, UOM, состав, цвет, поставщика и правила объединения",Закупки + склад,Средний,Material aging; BOM; procurement; actual usage,Остатки ткани 31.05.2026,,,Не рассмотрено,,17,2,Wave 3 (61–90 дней)
DEC-01094,Material master,MAT-DRAFT-0318,Unlinked,1 строк; 3850.00 руб.; 20-036,"Подтвердить карточку, UOM, состав, цвет, поставщика и правила объединения",Закупки + склад,Средний,Material aging; BOM; procurement; actual usage,Остатки ткани 31.05.2026,,,Не рассмотрено,,17,2,Wave 3 (61–90 дней)
DEC-01095,Material master,MAT-DRAFT-0319,Unlinked,1 строк; 8750.00 руб.; 20-001,"Подтвердить карточку, UOM, состав, цвет, поставщика и правила объединения",Закупки + склад,Средний,Material aging; BOM; procurement; actual usage,Остатки ткани 31.05.2026,,,Не рассмотрено,,17,2,Wave 3 (61–90 дней)
DEC-01096,Material master,MAT-DRAFT-0320,Unlinked,3 строк; 16953.46 руб.; 20-016,"Подтвердить карточку, UOM, состав, цвет, поставщика и правила объединения",Закупки + склад,Высокий,Material aging; BOM; procurement; actual usage,Остатки ткани 31.05.2026,,,Не рассмотрено,,17,3,Wave 2 (31–60 дней)
DEC-01097,Material master,MAT-DRAFT-0323,Unlinked,1 строк; 1610.00 руб.; 20-002,"Подтвердить карточку, UOM, состав, цвет, поставщика и правила объединения",Закупки + склад,Средний,Material aging; BOM; procurement; actual usage,Остатки ткани 31.05.2026,,,Не рассмотрено,,17,2,Wave 3 (61–90 дней)
DEC-01098,Material master,MAT-DRAFT-0324,Unlinked,1 строк; 12600.00 руб.; 20-004,"Подтвердить карточку, UOM, состав, цвет, поставщика и правила объединения",Закупки + склад,Высокий,Material aging; BOM; procurement; actual usage,Остатки ткани 31.05.2026,,,Не рассмотрено,,17,3,Wave 2 (31–60 дней)
DEC-01099,Material master,MAT-DRAFT-0326,Unlinked,2 строк; 156240.00 руб.; 2A-002,"Подтвердить карточку, UOM, состав, цвет, поставщика и правила объединения",Закупки + склад,Критический,Material aging; BOM; procurement; actual usage,Остатки ткани 31.05.2026,,,Не рассмотрено,,17,4,Wave 1 (0–30 дней)
DEC-01100,Material master,MAT-DRAFT-0327,Unlinked,1 строк; 3300.00 руб.; 2-035,"Подтвердить карточку, UOM, состав, цвет, поставщика и правила объединения",Закупки + склад,Средний,Material aging; BOM; procurement; actual usage,Остатки ткани 31.05.2026,,,Не рассмотрено,,17,2,Wave 3 (61–90 дней)
DEC-01101,Material master,MAT-DRAFT-0329,Несколько кодов; Несколько исходных наименований,5 строк; 134420.00 руб.; 2-005; 2-006; 2-013; 2-039,"Подтвердить карточку, UOM, состав, цвет, поставщика и правила объединения",Закупки + склад,Высокий,Material aging; BOM; procurement; actual usage,Остатки ткани 31.05.2026,,,Не рассмотрено,,17,3,Wave 2 (31–60 дней)
DEC-01102,Material master,MAT-DRAFT-0330,Unlinked,1 строк; 34100.00 руб.; 2-033,"Подтвердить карточку, UOM, состав, цвет, поставщика и правила объединения",Закупки + склад,Высокий,Material aging; BOM; procurement; actual usage,Остатки ткани 31.05.2026,,,Не рассмотрено,,17,3,Wave 2 (31–60 дней)
DEC-01103,Material master,MAT-DRAFT-0331,Нет кода,3 строк; 7632.00 руб.; ,"Подтвердить карточку, UOM, состав, цвет, поставщика и правила объединения",Закупки + склад,Средний,Material aging; BOM; procurement; actual usage,Остатки ткани 31.05.2026,,,Не рассмотрено,,17,2,Wave 3 (61–90 дней)
DEC-01104,Material master,MAT-DRAFT-0332,Unlinked,1 строк; 29700.00 руб.; 2-037,"Подтвердить карточку, UOM, состав, цвет, поставщика и правила объединения",Закупки + склад,Высокий,Material aging; BOM; procurement; actual usage,Остатки ткани 31.05.2026,,,Не рассмотрено,,17,3,Wave 2 (31–60 дней)
DEC-01105,Material master,MAT-DRAFT-0333,Несколько кодов; Несколько исходных наименований,3 строк; 63140.00 руб.; 2-008; 2-010; 2-011,"Подтвердить карточку, UOM, состав, цвет, поставщика и правила объединения",Закупки + склад,Высокий,Material aging; BOM; procurement; actual usage,Остатки ткани 31.05.2026,,,Не рассмотрено,,17,3,Wave 2 (31–60 дней)
DEC-01106,Material master,MAT-DRAFT-0334,Unlinked,1 строк; 39380.00 руб.; 2-009,"Подтвердить карточку, UOM, состав, цвет, поставщика и правила объединения",Закупки + склад,Высокий,Material aging; BOM; procurement; actual usage,Остатки ткани 31.05.2026,,,Не рассмотрено,,17,3,Wave 2 (31–60 дней)
DEC-01107,Material master,MAT-DRAFT-0335,Unlinked,1 строк; 50930.00 руб.; 2-036,"Подтвердить карточку, UOM, состав, цвет, поставщика и правила объединения",Закупки + склад,Высокий,Material aging; BOM; procurement; actual usage,Остатки ткани 31.05.2026,,,Не рассмотрено,,17,3,Wave 2 (31–60 дней)
DEC-01108,Material master,MAT-DRAFT-0337,Несколько кодов; Несколько исходных наименований,4 строк; 62040.00 руб.; 2-021; 2-022; 2-040,"Подтвердить карточку, UOM, состав, цвет, поставщика и правила объединения",Закупки + склад,Высокий,Material aging; BOM; procurement; actual usage,Остатки ткани 31.05.2026,,,Не рассмотрено,,17,3,Wave 2 (31–60 дней)
DEC-01109,Material master,MAT-DRAFT-0338,Unlinked,1 строк; 51260.00 руб.; 2-016,"Подтвердить карточку, UOM, состав, цвет, поставщика и правила объединения",Закупки + склад,Высокий,Material aging; BOM; procurement; actual usage,Остатки ткани 31.05.2026,,,Не рассмотрено,,17,3,Wave 2 (31–60 дней)
DEC-01110,Material master,MAT-DRAFT-0339,Unlinked,1 строк; 6380.00 руб.; 2-014,"Подтвердить карточку, UOM, состав, цвет, поставщика и правила объединения",Закупки + склад,Средний,Material aging; BOM; procurement; actual usage,Остатки ткани 31.05.2026,,,Не рассмотрено,,17,2,Wave 3 (61–90 дней)
DEC-01111,Material master,MAT-DRAFT-0340,Несколько кодов; Несколько исходных наименований,2 строк; 57200.00 руб.; 2-028; 2-032,"Подтвердить карточку, UOM, состав, цвет, поставщика и правила объединения",Закупки + склад,Высокий,Material aging; BOM; procurement; actual usage,Остатки ткани 31.05.2026,,,Не рассмотрено,,17,3,Wave 2 (31–60 дней)
DEC-01112,Material master,MAT-DRAFT-0341,Unlinked,1 строк; 10340.00 руб.; 2-O-005,"Подтвердить карточку, UOM, состав, цвет, поставщика и правила объединения",Закупки + склад,Высокий,Material aging; BOM; procurement; actual usage,Остатки ткани 31.05.2026,,,Не рассмотрено,,17,3,Wave 2 (31–60 дней)
DEC-01113,Material master,MAT-DRAFT-0342,Несколько кодов; Несколько исходных наименований,3 строк; 50050.00 руб.; 2-025; 2-026; 2-030,"Подтвердить карточку, UOM, состав, цвет, поставщика и правила объединения",Закупки + склад,Высокий,Material aging; BOM; procurement; actual usage,Остатки ткани 31.05.2026,,,Не рассмотрено,,17,3,Wave 2 (31–60 дней)
DEC-01114,Material master,MAT-DRAFT-0343,Unlinked,2 строк; 41690.00 руб.; 2-038,"Подтвердить карточку, UOM, состав, цвет, поставщика и правила объединения",Закупки + склад,Высокий,Material aging; BOM; procurement; actual usage,Остатки ткани 31.05.2026,,,Не рассмотрено,,17,3,Wave 2 (31–60 дней)
DEC-01115,Material master,MAT-DRAFT-0344,Несколько кодов; Несколько исходных наименований,4 строк; 66220.00 руб.; 2-018; 2-019; 2-041,"Подтвердить карточку, UOM, состав, цвет, поставщика и правила объединения",Закупки + склад,Высокий,Material aging; BOM; procurement; actual usage,Остатки ткани 31.05.2026,,,Не рассмотрено,,17,3,Wave 2 (31–60 дней)
DEC-01116,Material master,MAT-DRAFT-0345,Unlinked,1 строк; 36520.00 руб.; 2-029,"Подтвердить карточку, UOM, состав, цвет, поставщика и правила объединения",Закупки + склад,Высокий,Material aging; BOM; procurement; actual usage,Остатки ткани 31.05.2026,,,Не рассмотрено,,17,3,Wave 2 (31–60 дней)
DEC-01117,Material master,MAT-DRAFT-0346,Нет кода,2 строк; 64680.00 руб.; ,"Подтвердить карточку, UOM, состав, цвет, поставщика и правила объединения",Закупки + склад,Высокий,Material aging; BOM; procurement; actual usage,Остатки ткани 31.05.2026,,,Не рассмотрено,,17,3,Wave 2 (31–60 дней)
DEC-01118,Material master,MAT-DRAFT-0347,Unlinked,1 строк; 35640.00 руб.; 2-042,"Подтвердить карточку, UOM, состав, цвет, поставщика и правила объединения",Закупки + склад,Высокий,Material aging; BOM; procurement; actual usage,Остатки ткани 31.05.2026,,,Не рассмотрено,,17,3,Wave 2 (31–60 дней)
DEC-01119,Material master,MAT-DRAFT-0349,Unlinked,1 строк; 18040.00 руб.; 2-024,"Подтвердить карточку, UOM, состав, цвет, поставщика и правила объединения",Закупки + склад,Высокий,Material aging; BOM; procurement; actual usage,Остатки ткани 31.05.2026,,,Не рассмотрено,,17,3,Wave 2 (31–60 дней)
DEC-01120,Material master,MAT-DRAFT-0350,Несколько кодов; Несколько исходных наименований,2 строк; 19750.00 руб.; 23-010; 23-038,"Подтвердить карточку, UOM, состав, цвет, поставщика и правила объединения",Закупки + склад,Высокий,Material aging; BOM; procurement; actual usage,Остатки ткани 31.05.2026,,,Не рассмотрено,,17,3,Wave 2 (31–60 дней)
DEC-01121,Material master,MAT-DRAFT-0351,Unlinked,1 строк; 7470.00 руб.; 23-040,"Подтвердить карточку, UOM, состав, цвет, поставщика и правила объединения",Закупки + склад,Средний,Material aging; BOM; procurement; actual usage,Остатки ткани 31.05.2026,,,Не рассмотрено,,17,2,Wave 3 (61–90 дней)
DEC-01122,Material master,MAT-DRAFT-0353,Unlinked,1 строк; 3700.00 руб.; 23-009,"Подтвердить карточку, UOM, состав, цвет, поставщика и правила объединения",Закупки + склад,Средний,Material aging; BOM; procurement; actual usage,Остатки ткани 31.05.2026,,,Не рассмотрено,,17,2,Wave 3 (61–90 дней)
DEC-01123,Material master,MAT-DRAFT-0354,Unlinked,1 строк; 7475.00 руб.; 23-020,"Подтвердить карточку, UOM, состав, цвет, поставщика и правила объединения",Закупки + склад,Средний,Material aging; BOM; procurement; actual usage,Остатки ткани 31.05.2026,,,Не рассмотрено,,17,2,Wave 3 (61–90 дней)
DEC-01124,Material master,MAT-DRAFT-0355,Unlinked,1 строк; 7000.00 руб.; 23-050,"Подтвердить карточку, UOM, состав, цвет, поставщика и правила объединения",Закупки + склад,Средний,Material aging; BOM; procurement; actual usage,Остатки ткани 31.05.2026,,,Не рассмотрено,,17,2,Wave 3 (61–90 дней)
DEC-01125,Material master,MAT-DRAFT-0356,Unlinked,1 строк; 5300.00 руб.; 23-048,"Подтвердить карточку, UOM, состав, цвет, поставщика и правила объединения",Закупки + склад,Средний,Material aging; BOM; procurement; actual usage,Остатки ткани 31.05.2026,,,Не рассмотрено,,17,2,Wave 3 (61–90 дней)
DEC-01126,Material master,MAT-DRAFT-0357,Unlinked,1 строк; 41925.00 руб.; 23-061,"Подтвердить карточку, UOM, состав, цвет, поставщика и правила объединения",Закупки + склад,Высокий,Material aging; BOM; procurement; actual usage,Остатки ткани 31.05.2026,,,Не рассмотрено,,17,3,Wave 2 (31–60 дней)
DEC-01127,Material master,MAT-DRAFT-0358,Unlinked,1 строк; 2400.00 руб.; 23-014,"Подтвердить карточку, UOM, состав, цвет, поставщика и правила объединения",Закупки + склад,Средний,Material aging; BOM; procurement; actual usage,Остатки ткани 31.05.2026,,,Не рассмотрено,,17,2,Wave 3 (61–90 дней)
DEC-01128,Material master,MAT-DRAFT-0359,Unlinked,1 строк; 7500.00 руб.; 23-005,"Подтвердить карточку, UOM, состав, цвет, поставщика и правила объединения",Закупки + склад,Средний,Material aging; BOM; procurement; actual usage,Остатки ткани 31.05.2026,,,Не рассмотрено,,17,2,Wave 3 (61–90 дней)
DEC-01129,Material master,MAT-DRAFT-0360,Несколько кодов; Несколько исходных наименований,2 строк; 25000.00 руб.; 23-015; 23-074,"Подтвердить карточку, UOM, состав, цвет, поставщика и правила объединения",Закупки + склад,Высокий,Material aging; BOM; procurement; actual usage,Остатки ткани 31.05.2026,,,Не рассмотрено,,17,3,Wave 2 (31–60 дней)
DEC-01130,Material master,MAT-DRAFT-0361,Unlinked,1 строк; 3200.00 руб.; 23-036,"Подтвердить карточку, UOM, состав, цвет, поставщика и правила объединения",Закупки + склад,Средний,Material aging; BOM; procurement; actual usage,Остатки ткани 31.05.2026,,,Не рассмотрено,,17,2,Wave 3 (61–90 дней)
DEC-01131,Material master,MAT-DRAFT-0362,Unlinked,1 строк; 7400.00 руб.; 23-023,"Подтвердить карточку, UOM, состав, цвет, поставщика и правила объединения",Закупки + склад,Средний,Material aging; BOM; procurement; actual usage,Остатки ткани 31.05.2026,,,Не рассмотрено,,17,2,Wave 3 (61–90 дней)
DEC-01132,Material master,MAT-DRAFT-0363,Несколько кодов; Несколько исходных наименований,2 строк; 18850.00 руб.; 23-026; 23-057,"Подтвердить карточку, UOM, состав, цвет, поставщика и правила объединения",Закупки + склад,Высокий,Material aging; BOM; procurement; actual usage,Остатки ткани 31.05.2026,,,Не рассмотрено,,17,3,Wave 2 (31–60 дней)
DEC-01133,Material master,MAT-DRAFT-0365,Unlinked,1 строк; 10270.00 руб.; 23-021,"Подтвердить карточку, UOM, состав, цвет, поставщика и правила объединения",Закупки + склад,Высокий,Material aging; BOM; procurement; actual usage,Остатки ткани 31.05.2026,,,Не рассмотрено,,17,3,Wave 2 (31–60 дней)
DEC-01134,Material master,MAT-DRAFT-0366,Unlinked,1 строк; 3100.00 руб.; 23-071,"Подтвердить карточку, UOM, состав, цвет, поставщика и правила объединения",Закупки + склад,Средний,Material aging; BOM; procurement; actual usage,Остатки ткани 31.05.2026,,,Не рассмотрено,,17,2,Wave 3 (61–90 дней)
DEC-01135,Material master,MAT-DRAFT-0367,Unlinked,1 строк; 9450.00 руб.; 23-042,"Подтвердить карточку, UOM, состав, цвет, поставщика и правила объединения",Закупки + склад,Средний,Material aging; BOM; procurement; actual usage,Остатки ткани 31.05.2026,,,Не рассмотрено,,17,2,Wave 3 (61–90 дней)
DEC-01136,Material master,MAT-DRAFT-0368,Unlinked,1 строк; 13300.00 руб.; 23-056,"Подтвердить карточку, UOM, состав, цвет, поставщика и правила объединения",Закупки + склад,Высокий,Material aging; BOM; procurement; actual usage,Остатки ткани 31.05.2026,,,Не рассмотрено,,17,3,Wave 2 (31–60 дней)
DEC-01137,Material master,MAT-DRAFT-0369,Unlinked,1 строк; 10800.00 руб.; 23-052,"Подтвердить карточку, UOM, состав, цвет, поставщика и правила объединения",Закупки + склад,Высокий,Material aging; BOM; procurement; actual usage,Остатки ткани 31.05.2026,,,Не рассмотрено,,17,3,Wave 2 (31–60 дней)
DEC-01138,Material master,MAT-DRAFT-0370,Unlinked,1 строк; 13500.00 руб.; 23-053,"Подтвердить карточку, UOM, состав, цвет, поставщика и правила объединения",Закупки + склад,Высокий,Material aging; BOM; procurement; actual usage,Остатки ткани 31.05.2026,,,Не рассмотрено,,17,3,Wave 2 (31–60 дней)
DEC-01139,Material master,MAT-DRAFT-0371,Unlinked,1 строк; 15350.00 руб.; 23-060,"Подтвердить карточку, UOM, состав, цвет, поставщика и правила объединения",Закупки + склад,Высокий,Material aging; BOM; procurement; actual usage,Остатки ткани 31.05.2026,,,Не рассмотрено,,17,3,Wave 2 (31–60 дней)
DEC-01140,Material master,MAT-DRAFT-0372,Unlinked,1 строк; 5600.00 руб.; 23-037,"Подтвердить карточку, UOM, состав, цвет, поставщика и правила объединения",Закупки + склад,Средний,Material aging; BOM; procurement; actual usage,Остатки ткани 31.05.2026,,,Не рассмотрено,,17,2,Wave 3 (61–90 дней)
DEC-01141,Material master,MAT-DRAFT-0373,Unlinked,1 строк; 9500.00 руб.; 23-043,"Подтвердить карточку, UOM, состав, цвет, поставщика и правила объединения",Закупки + склад,Средний,Material aging; BOM; procurement; actual usage,Остатки ткани 31.05.2026,,,Не рассмотрено,,17,2,Wave 3 (61–90 дней)
DEC-01142,Material master,MAT-DRAFT-0374,Unlinked,1 строк; 8700.00 руб.; 23-044,"Подтвердить карточку, UOM, состав, цвет, поставщика и правила объединения",Закупки + склад,Средний,Material aging; BOM; procurement; actual usage,Остатки ткани 31.05.2026,,,Не рассмотрено,,17,2,Wave 3 (61–90 дней)
DEC-01143,Material master,MAT-DRAFT-0375,Unlinked,1 строк; 7050.00 руб.; 23-045,"Подтвердить карточку, UOM, состав, цвет, поставщика и правила объединения",Закупки + склад,Средний,Material aging; BOM; procurement; actual usage,Остатки ткани 31.05.2026,,,Не рассмотрено,,17,2,Wave 3 (61–90 дней)
DEC-01144,Material master,MAT-DRAFT-0376,Unlinked,1 строк; 2610.00 руб.; 23-039,"Подтвердить карточку, UOM, состав, цвет, поставщика и правила объединения",Закупки + склад,Средний,Material aging; BOM; procurement; actual usage,Остатки ткани 31.05.2026,,,Не рассмотрено,,17,2,Wave 3 (61–90 дней)
DEC-01145,Material master,MAT-DRAFT-0377,Unlinked,1 строк; 6000.00 руб.; 23-013,"Подтвердить карточку, UOM, состав, цвет, поставщика и правила объединения",Закупки + склад,Средний,Material aging; BOM; procurement; actual usage,Остатки ткани 31.05.2026,,,Не рассмотрено,,17,2,Wave 3 (61–90 дней)
DEC-01146,Material master,MAT-DRAFT-0378,Unlinked,1 строк; 2000.00 руб.; 23-028,"Подтвердить карточку, UOM, состав, цвет, поставщика и правила объединения",Закупки + склад,Средний,Material aging; BOM; procurement; actual usage,Остатки ткани 31.05.2026,,,Не рассмотрено,,17,2,Wave 3 (61–90 дней)
DEC-01147,Material master,MAT-DRAFT-0379,Несколько кодов; Несколько исходных наименований,2 строк; 4300.00 руб.; 23-068; 23-076,"Подтвердить карточку, UOM, состав, цвет, поставщика и правила объединения",Закупки + склад,Средний,Material aging; BOM; procurement; actual usage,Остатки ткани 31.05.2026,,,Не рассмотрено,,17,2,Wave 3 (61–90 дней)
DEC-01148,Material master,MAT-DRAFT-0380,Unlinked,1 строк; 500.00 руб.; 23-063,"Подтвердить карточку, UOM, состав, цвет, поставщика и правила объединения",Закупки + склад,Средний,Material aging; BOM; procurement; actual usage,Остатки ткани 31.05.2026,,,Не рассмотрено,,17,2,Wave 3 (61–90 дней)
DEC-01149,Material master,MAT-DRAFT-0381,Unlinked,1 строк; 2650.00 руб.; 23-069,"Подтвердить карточку, UOM, состав, цвет, поставщика и правила объединения",Закупки + склад,Средний,Material aging; BOM; procurement; actual usage,Остатки ткани 31.05.2026,,,Не рассмотрено,,17,2,Wave 3 (61–90 дней)
DEC-01150,Material master,MAT-DRAFT-0382,Unlinked,1 строк; 4900.00 руб.; 23-070,"Подтвердить карточку, UOM, состав, цвет, поставщика и правила объединения",Закупки + склад,Средний,Material aging; BOM; procurement; actual usage,Остатки ткани 31.05.2026,,,Не рассмотрено,,17,2,Wave 3 (61–90 дней)
DEC-01151,Material master,MAT-DRAFT-0383,Unlinked,1 строк; 2500.00 руб.; 23-065,"Подтвердить карточку, UOM, состав, цвет, поставщика и правила объединения",Закупки + склад,Средний,Material aging; BOM; procurement; actual usage,Остатки ткани 31.05.2026,,,Не рассмотрено,,17,2,Wave 3 (61–90 дней)
DEC-01152,Material master,MAT-DRAFT-0384,Unlinked,1 строк; 3650.00 руб.; 23-067,"Подтвердить карточку, UOM, состав, цвет, поставщика и правила объединения",Закупки + склад,Средний,Material aging; BOM; procurement; actual usage,Остатки ткани 31.05.2026,,,Не рассмотрено,,17,2,Wave 3 (61–90 дней)
DEC-01153,Material master,MAT-DRAFT-0385,Unlinked,1 строк; 3750.00 руб.; 23-075,"Подтвердить карточку, UOM, состав, цвет, поставщика и правила объединения",Закупки + склад,Средний,Material aging; BOM; procurement; actual usage,Остатки ткани 31.05.2026,,,Не рассмотрено,,17,2,Wave 3 (61–90 дней)
DEC-01154,Material master,MAT-DRAFT-0386,Unlinked,1 строк; 5100.00 руб.; 23-064,"Подтвердить карточку, UOM, состав, цвет, поставщика и правила объединения",Закупки + склад,Средний,Material aging; BOM; procurement; actual usage,Остатки ткани 31.05.2026,,,Не рассмотрено,,17,2,Wave 3 (61–90 дней)
DEC-01155,Material master,MAT-DRAFT-0387,Unlinked,1 строк; 16950.00 руб.; 23-058,"Подтвердить карточку, UOM, состав, цвет, поставщика и правила объединения",Закупки + склад,Высокий,Material aging; BOM; procurement; actual usage,Остатки ткани 31.05.2026,,,Не рассмотрено,,17,3,Wave 2 (31–60 дней)
DEC-01156,Material master,MAT-DRAFT-0389,Unlinked,1 строк; 17225.00 руб.; 23-016,"Подтвердить карточку, UOM, состав, цвет, поставщика и правила объединения",Закупки + склад,Высокий,Material aging; BOM; procurement; actual usage,Остатки ткани 31.05.2026,,,Не рассмотрено,,17,3,Wave 2 (31–60 дней)
DEC-01157,Material master,MAT-DRAFT-0390,Unlinked,1 строк; 4500.00 руб.; 23-041,"Подтвердить карточку, UOM, состав, цвет, поставщика и правила объединения",Закупки + склад,Средний,Material aging; BOM; procurement; actual usage,Остатки ткани 31.05.2026,,,Не рассмотрено,,17,2,Wave 3 (61–90 дней)
DEC-01158,Material master,MAT-DRAFT-0391,Unlinked,1 строк; 1500.00 руб.; 23-073,"Подтвердить карточку, UOM, состав, цвет, поставщика и правила объединения",Закупки + склад,Средний,Material aging; BOM; procurement; actual usage,Остатки ткани 31.05.2026,,,Не рассмотрено,,17,2,Wave 3 (61–90 дней)
DEC-01159,Material master,MAT-DRAFT-0392,Несколько кодов; Несколько исходных наименований,3 строк; 13360.00 руб.; 23-029; 23-034; 23-035,"Подтвердить карточку, UOM, состав, цвет, поставщика и правила объединения",Закупки + склад,Высокий,Material aging; BOM; procurement; actual usage,Остатки ткани 31.05.2026,,,Не рассмотрено,,17,3,Wave 2 (31–60 дней)
DEC-01160,Material master,MAT-DRAFT-0393,Unlinked,1 строк; 5850.00 руб.; 23-046,"Подтвердить карточку, UOM, состав, цвет, поставщика и правила объединения",Закупки + склад,Средний,Material aging; BOM; procurement; actual usage,Остатки ткани 31.05.2026,,,Не рассмотрено,,17,2,Wave 3 (61–90 дней)
DEC-01161,Material master,MAT-DRAFT-0394,Несколько кодов; Несколько исходных наименований,2 строк; 31650.00 руб.; 23-027; 23-059,"Подтвердить карточку, UOM, состав, цвет, поставщика и правила объединения",Закупки + склад,Высокий,Material aging; BOM; procurement; actual usage,Остатки ткани 31.05.2026,,,Не рассмотрено,,17,3,Wave 2 (31–60 дней)
DEC-01162,Material master,MAT-DRAFT-0395,Unlinked,1 строк; 15100.00 руб.; 23-047,"Подтвердить карточку, UOM, состав, цвет, поставщика и правила объединения",Закупки + склад,Высокий,Material aging; BOM; procurement; actual usage,Остатки ткани 31.05.2026,,,Не рассмотрено,,17,3,Wave 2 (31–60 дней)
DEC-01163,Material master,MAT-DRAFT-0396,Unlinked,1 строк; 9900.00 руб.; 23-077,"Подтвердить карточку, UOM, состав, цвет, поставщика и правила объединения",Закупки + склад,Средний,Material aging; BOM; procurement; actual usage,Остатки ткани 31.05.2026,,,Не рассмотрено,,17,2,Wave 3 (61–90 дней)
DEC-01164,Material master,MAT-DRAFT-0397,Unlinked,1 строк; 4140.00 руб.; 23-019,"Подтвердить карточку, UOM, состав, цвет, поставщика и правила объединения",Закупки + склад,Средний,Material aging; BOM; procurement; actual usage,Остатки ткани 31.05.2026,,,Не рассмотрено,,17,2,Wave 3 (61–90 дней)
DEC-01165,Material master,MAT-DRAFT-0398,Unlinked,1 строк; 13380.00 руб.; 23-017,"Подтвердить карточку, UOM, состав, цвет, поставщика и правила объединения",Закупки + склад,Высокий,Material aging; BOM; procurement; actual usage,Остатки ткани 31.05.2026,,,Не рассмотрено,,17,3,Wave 2 (31–60 дней)
DEC-01166,Material master,MAT-DRAFT-0399,Несколько кодов; Несколько исходных наименований,2 строк; 8050.00 руб.; 23-003; 23-051,"Подтвердить карточку, UOM, состав, цвет, поставщика и правила объединения",Закупки + склад,Средний,Material aging; BOM; procurement; actual usage,Остатки ткани 31.05.2026,,,Не рассмотрено,,17,2,Wave 3 (61–90 дней)
DEC-01167,Material master,MAT-DRAFT-0400,Несколько кодов; Несколько исходных наименований,4 строк; 55925.00 руб.; 23-022; 23-032; 23-049,"Подтвердить карточку, UOM, состав, цвет, поставщика и правила объединения",Закупки + склад,Высокий,Material aging; BOM; procurement; actual usage,Остатки ткани 31.05.2026,,,Не рассмотрено,,17,3,Wave 2 (31–60 дней)
DEC-01168,Material master,MAT-DRAFT-0401,Unlinked,2 строк; 51350.00 руб.; 23-062,"Подтвердить карточку, UOM, состав, цвет, поставщика и правила объединения",Закупки + склад,Высокий,Material aging; BOM; procurement; actual usage,Остатки ткани 31.05.2026,,,Не рассмотрено,,17,3,Wave 2 (31–60 дней)
DEC-01169,Material master,MAT-DRAFT-0402,Unlinked,1 строк; 37800.00 руб.; 4P-027,"Подтвердить карточку, UOM, состав, цвет, поставщика и правила объединения",Закупки + склад,Высокий,Material aging; BOM; procurement; actual usage,Остатки ткани 31.05.2026,,,Не рассмотрено,,17,3,Wave 2 (31–60 дней)
DEC-01170,Material master,MAT-DRAFT-0403,Unlinked,1 строк; 3150.00 руб.; 4P-002,"Подтвердить карточку, UOM, состав, цвет, поставщика и правила объединения",Закупки + склад,Средний,Material aging; BOM; procurement; actual usage,Остатки ткани 31.05.2026,,,Не рассмотрено,,17,2,Wave 3 (61–90 дней)
DEC-01171,Material master,MAT-DRAFT-0404,Unlinked,1 строк; 8820.00 руб.; 4P-024,"Подтвердить карточку, UOM, состав, цвет, поставщика и правила объединения",Закупки + склад,Средний,Material aging; BOM; procurement; actual usage,Остатки ткани 31.05.2026,,,Не рассмотрено,,17,2,Wave 3 (61–90 дней)
DEC-01172,Material master,MAT-DRAFT-0405,Unlinked,3 строк; 69700.00 руб.; 4A-032,"Подтвердить карточку, UOM, состав, цвет, поставщика и правила объединения",Закупки + склад,Высокий,Material aging; BOM; procurement; actual usage,Остатки ткани 31.05.2026,,,Не рассмотрено,,17,3,Wave 2 (31–60 дней)
DEC-01173,Material master,MAT-DRAFT-0406,Unlinked,1 строк; 4800.00 руб.; 4A-031,"Подтвердить карточку, UOM, состав, цвет, поставщика и правила объединения",Закупки + склад,Средний,Material aging; BOM; procurement; actual usage,Остатки ткани 31.05.2026,,,Не рассмотрено,,17,2,Wave 3 (61–90 дней)
DEC-01174,Material master,MAT-DRAFT-0407,Unlinked,2 строк; 49300.00 руб.; 4A-023,"Подтвердить карточку, UOM, состав, цвет, поставщика и правила объединения",Закупки + склад,Высокий,Material aging; BOM; procurement; actual usage,Остатки ткани 31.05.2026,,,Не рассмотрено,,17,3,Wave 2 (31–60 дней)
DEC-01175,Material master,MAT-DRAFT-0408,Unlinked,1 строк; 34500.00 руб.; 4A-053,"Подтвердить карточку, UOM, состав, цвет, поставщика и правила объединения",Закупки + склад,Высокий,Material aging; BOM; procurement; actual usage,Остатки ткани 31.05.2026,,,Не рассмотрено,,17,3,Wave 2 (31–60 дней)
DEC-01176,Material master,MAT-DRAFT-0409,Unlinked,1 строк; 14900.00 руб.; 4A-034,"Подтвердить карточку, UOM, состав, цвет, поставщика и правила объединения",Закупки + склад,Высокий,Material aging; BOM; procurement; actual usage,Остатки ткани 31.05.2026,,,Не рассмотрено,,17,3,Wave 2 (31–60 дней)
DEC-01177,Material master,MAT-DRAFT-0410,Unlinked,1 строк; 22200.00 руб.; 4A-033,"Подтвердить карточку, UOM, состав, цвет, поставщика и правила объединения",Закупки + склад,Высокий,Material aging; BOM; procurement; actual usage,Остатки ткани 31.05.2026,,,Не рассмотрено,,17,3,Wave 2 (31–60 дней)
DEC-01178,Material master,MAT-DRAFT-0411,Unlinked,2 строк; 22600.00 руб.; 4A-037,"Подтвердить карточку, UOM, состав, цвет, поставщика и правила объединения",Закупки + склад,Высокий,Material aging; BOM; procurement; actual usage,Остатки ткани 31.05.2026,,,Не рассмотрено,,17,3,Wave 2 (31–60 дней)
DEC-01179,Material master,MAT-DRAFT-0412,Unlinked,2 строк; 10000.00 руб.; 4A-036,"Подтвердить карточку, UOM, состав, цвет, поставщика и правила объединения",Закупки + склад,Высокий,Material aging; BOM; procurement; actual usage,Остатки ткани 31.05.2026,,,Не рассмотрено,,17,3,Wave 2 (31–60 дней)
DEC-01180,Material master,MAT-DRAFT-0413,Unlinked,2 строк; 37000.00 руб.; 4A-035,"Подтвердить карточку, UOM, состав, цвет, поставщика и правила объединения",Закупки + склад,Высокий,Material aging; BOM; procurement; actual usage,Остатки ткани 31.05.2026,,,Не рассмотрено,,17,3,Wave 2 (31–60 дней)
DEC-01181,Material master,MAT-DRAFT-0414,Unlinked,1 строк; 67000.00 руб.; 4A-029,"Подтвердить карточку, UOM, состав, цвет, поставщика и правила объединения",Закупки + склад,Высокий,Material aging; BOM; procurement; actual usage,Остатки ткани 31.05.2026,,,Не рассмотрено,,17,3,Wave 2 (31–60 дней)
DEC-01182,Material master,MAT-DRAFT-0415,Unlinked,1 строк; 6400.00 руб.; 4A-045,"Подтвердить карточку, UOM, состав, цвет, поставщика и правила объединения",Закупки + склад,Средний,Material aging; BOM; procurement; actual usage,Остатки ткани 31.05.2026,,,Не рассмотрено,,17,2,Wave 3 (61–90 дней)
DEC-01183,Material master,MAT-DRAFT-0416,Unlinked,2 строк; 34000.00 руб.; 4A-003,"Подтвердить карточку, UOM, состав, цвет, поставщика и правила объединения",Закупки + склад,Высокий,Material aging; BOM; procurement; actual usage,Остатки ткани 31.05.2026,,,Не рассмотрено,,17,3,Wave 2 (31–60 дней)
DEC-01184,Material master,MAT-DRAFT-0417,Unlinked,1 строк; 6750.00 руб.; 4A-013,"Подтвердить карточку, UOM, состав, цвет, поставщика и правила объединения",Закупки + склад,Средний,Material aging; BOM; procurement; actual usage,Остатки ткани 31.05.2026,,,Не рассмотрено,,17,2,Wave 3 (61–90 дней)
DEC-01185,Material master,MAT-DRAFT-0418,Unlinked,1 строк; 13000.00 руб.; 4A-002,"Подтвердить карточку, UOM, состав, цвет, поставщика и правила объединения",Закупки + склад,Высокий,Material aging; BOM; procurement; actual usage,Остатки ткани 31.05.2026,,,Не рассмотрено,,17,3,Wave 2 (31–60 дней)
DEC-01186,Material master,MAT-DRAFT-0419,Unlinked,1 строк; 5100.00 руб.; 4A-039,"Подтвердить карточку, UOM, состав, цвет, поставщика и правила объединения",Закупки + склад,Средний,Material aging; BOM; procurement; actual usage,Остатки ткани 31.05.2026,,,Не рассмотрено,,17,2,Wave 3 (61–90 дней)
DEC-01187,Material master,MAT-DRAFT-0421,Unlinked,2 строк; 8000.00 руб.; 4A-040,"Подтвердить карточку, UOM, состав, цвет, поставщика и правила объединения",Закупки + склад,Средний,Material aging; BOM; procurement; actual usage,Остатки ткани 31.05.2026,,,Не рассмотрено,,17,2,Wave 3 (61–90 дней)
DEC-01188,Material master,MAT-DRAFT-0422,Unlinked,1 строк; 13550.00 руб.; 4A-085,"Подтвердить карточку, UOM, состав, цвет, поставщика и правила объединения",Закупки + склад,Высокий,Material aging; BOM; procurement; actual usage,Остатки ткани 31.05.2026,,,Не рассмотрено,,17,3,Wave 2 (31–60 дней)
DEC-01189,Material master,MAT-DRAFT-0424,Unlinked,1 строк; 47000.00 руб.; 4A-030,"Подтвердить карточку, UOM, состав, цвет, поставщика и правила объединения",Закупки + склад,Высокий,Material aging; BOM; procurement; actual usage,Остатки ткани 31.05.2026,,,Не рассмотрено,,17,3,Wave 2 (31–60 дней)
DEC-01190,Material master,MAT-DRAFT-0425,Unlinked,1 строк; 1500.00 руб.; 4A-024,"Подтвердить карточку, UOM, состав, цвет, поставщика и правила объединения",Закупки + склад,Средний,Material aging; BOM; procurement; actual usage,Остатки ткани 31.05.2026,,,Не рассмотрено,,17,2,Wave 3 (61–90 дней)
DEC-01191,Material master,MAT-DRAFT-0426,Unlinked,1 строк; 4800.00 руб.; 4A-028,"Подтвердить карточку, UOM, состав, цвет, поставщика и правила объединения",Закупки + склад,Средний,Material aging; BOM; procurement; actual usage,Остатки ткани 31.05.2026,,,Не рассмотрено,,17,2,Wave 3 (61–90 дней)
DEC-01192,Material master,MAT-DRAFT-0427,Unlinked,1 строк; 18000.00 руб.; 4A-027,"Подтвердить карточку, UOM, состав, цвет, поставщика и правила объединения",Закупки + склад,Высокий,Material aging; BOM; procurement; actual usage,Остатки ткани 31.05.2026,,,Не рассмотрено,,17,3,Wave 2 (31–60 дней)
DEC-01193,Material master,MAT-DRAFT-0428,Unlinked,1 строк; 6600.00 руб.; 4A-004,"Подтвердить карточку, UOM, состав, цвет, поставщика и правила объединения",Закупки + склад,Средний,Material aging; BOM; procurement; actual usage,Остатки ткани 31.05.2026,,,Не рассмотрено,,17,2,Wave 3 (61–90 дней)
DEC-01194,Material master,MAT-DRAFT-0429,Unlinked,1 строк; 26000.00 руб.; 4A-025,"Подтвердить карточку, UOM, состав, цвет, поставщика и правила объединения",Закупки + склад,Высокий,Material aging; BOM; procurement; actual usage,Остатки ткани 31.05.2026,,,Не рассмотрено,,17,3,Wave 2 (31–60 дней)
DEC-01195,Material master,MAT-DRAFT-0430,Unlinked,1 строк; 57000.00 руб.; 4A-014,"Подтвердить карточку, UOM, состав, цвет, поставщика и правила объединения",Закупки + склад,Высокий,Material aging; BOM; procurement; actual usage,Остатки ткани 31.05.2026,,,Не рассмотрено,,17,3,Wave 2 (31–60 дней)
DEC-01196,Material master,MAT-DRAFT-0431,Unlinked,1 строк; 15200.00 руб.; 4A-086,"Подтвердить карточку, UOM, состав, цвет, поставщика и правила объединения",Закупки + склад,Высокий,Material aging; BOM; procurement; actual usage,Остатки ткани 31.05.2026,,,Не рассмотрено,,17,3,Wave 2 (31–60 дней)
DEC-01197,Material master,MAT-DRAFT-0432,Unlinked,1 строк; 17500.00 руб.; 4A-043,"Подтвердить карточку, UOM, состав, цвет, поставщика и правила объединения",Закупки + склад,Высокий,Material aging; BOM; procurement; actual usage,Остатки ткани 31.05.2026,,,Не рассмотрено,,17,3,Wave 2 (31–60 дней)
DEC-01198,Material master,MAT-DRAFT-0434,Unlinked,1 строк; 10920.00 руб.; 4-001,"Подтвердить карточку, UOM, состав, цвет, поставщика и правила объединения",Закупки + склад,Высокий,Material aging; BOM; procurement; actual usage,Остатки ткани 31.05.2026,,,Не рассмотрено,,17,3,Wave 2 (31–60 дней)
DEC-01199,Material master,MAT-DRAFT-0435,Unlinked,1 строк; 2380.00 руб.; 4-002,"Подтвердить карточку, UOM, состав, цвет, поставщика и правила объединения",Закупки + склад,Средний,Material aging; BOM; procurement; actual usage,Остатки ткани 31.05.2026,,,Не рассмотрено,,17,2,Wave 3 (61–90 дней)
DEC-01200,Material master,MAT-DRAFT-0436,Unlinked,1 строк; 6360.00 руб.; 4-004,"Подтвердить карточку, UOM, состав, цвет, поставщика и правила объединения",Закупки + склад,Средний,Material aging; BOM; procurement; actual usage,Остатки ткани 31.05.2026,,,Не рассмотрено,,17,2,Wave 3 (61–90 дней)
DEC-01201,Material master,MAT-DRAFT-0437,Unlinked,1 строк; 6440.00 руб.; 4-009,"Подтвердить карточку, UOM, состав, цвет, поставщика и правила объединения",Закупки + склад,Средний,Material aging; BOM; procurement; actual usage,Остатки ткани 31.05.2026,,,Не рассмотрено,,17,2,Wave 3 (61–90 дней)
DEC-01202,Material master,MAT-DRAFT-0438,Unlinked,1 строк; 4000.00 руб.; 4-017,"Подтвердить карточку, UOM, состав, цвет, поставщика и правила объединения",Закупки + склад,Средний,Material aging; BOM; procurement; actual usage,Остатки ткани 31.05.2026,,,Не рассмотрено,,17,2,Wave 3 (61–90 дней)
DEC-01203,Material master,MAT-DRAFT-0439,Unlinked,1 строк; 5880.00 руб.; 4-005,"Подтвердить карточку, UOM, состав, цвет, поставщика и правила объединения",Закупки + склад,Средний,Material aging; BOM; procurement; actual usage,Остатки ткани 31.05.2026,,,Не рассмотрено,,17,2,Wave 3 (61–90 дней)
DEC-01204,Material master,MAT-DRAFT-0440,Unlinked,1 строк; 1400.00 руб.; 4-012,"Подтвердить карточку, UOM, состав, цвет, поставщика и правила объединения",Закупки + склад,Средний,Material aging; BOM; procurement; actual usage,Остатки ткани 31.05.2026,,,Не рассмотрено,,17,2,Wave 3 (61–90 дней)
DEC-01205,Material master,MAT-DRAFT-0441,Unlinked,1 строк; 2310.00 руб.; 4-013,"Подтвердить карточку, UOM, состав, цвет, поставщика и правила объединения",Закупки + склад,Средний,Material aging; BOM; procurement; actual usage,Остатки ткани 31.05.2026,,,Не рассмотрено,,17,2,Wave 3 (61–90 дней)
DEC-01206,Material master,MAT-DRAFT-0442,Unlinked,1 строк; 32100.00 руб.; 4A-109,"Подтвердить карточку, UOM, состав, цвет, поставщика и правила объединения",Закупки + склад,Высокий,Material aging; BOM; procurement; actual usage,Остатки ткани 31.05.2026,,,Не рассмотрено,,17,3,Wave 2 (31–60 дней)
DEC-01207,Material master,MAT-DRAFT-0443,Unlinked,1 строк; 6090.00 руб.; 4-014,"Подтвердить карточку, UOM, состав, цвет, поставщика и правила объединения",Закупки + склад,Средний,Material aging; BOM; procurement; actual usage,Остатки ткани 31.05.2026,,,Не рассмотрено,,17,2,Wave 3 (61–90 дней)
DEC-01208,Material master,MAT-DRAFT-0445,Unlinked,1 строк; 5400.00 руб.; 4P-009,"Подтвердить карточку, UOM, состав, цвет, поставщика и правила объединения",Закупки + склад,Средний,Material aging; BOM; procurement; actual usage,Остатки ткани 31.05.2026,,,Не рассмотрено,,17,2,Wave 3 (61–90 дней)
DEC-01209,Material master,MAT-DRAFT-0446,Unlinked,1 строк; 3690.00 руб.; 4P-010,"Подтвердить карточку, UOM, состав, цвет, поставщика и правила объединения",Закупки + склад,Средний,Material aging; BOM; procurement; actual usage,Остатки ткани 31.05.2026,,,Не рассмотрено,,17,2,Wave 3 (61–90 дней)
DEC-01210,Material master,MAT-DRAFT-0447,Unlinked,1 строк; 5400.00 руб.; 4P-011,"Подтвердить карточку, UOM, состав, цвет, поставщика и правила объединения",Закупки + склад,Средний,Material aging; BOM; procurement; actual usage,Остатки ткани 31.05.2026,,,Не рассмотрено,,17,2,Wave 3 (61–90 дней)
DEC-01211,Material master,MAT-DRAFT-0448,Unlinked,2 строк; 8960.00 руб.; 4-011,"Подтвердить карточку, UOM, состав, цвет, поставщика и правила объединения",Закупки + склад,Средний,Material aging; BOM; procurement; actual usage,Остатки ткани 31.05.2026,,,Не рассмотрено,,17,2,Wave 3 (61–90 дней)
DEC-01212,Material master,MAT-DRAFT-0449,Unlinked,1 строк; 7200.00 руб.; 4-010,"Подтвердить карточку, UOM, состав, цвет, поставщика и правила объединения",Закупки + склад,Средний,Material aging; BOM; procurement; actual usage,Остатки ткани 31.05.2026,,,Не рассмотрено,,17,2,Wave 3 (61–90 дней)
DEC-01213,Material master,MAT-DRAFT-0451,Unlinked,3 строк; 30250.00 руб.; 4A-090,"Подтвердить карточку, UOM, состав, цвет, поставщика и правила объединения",Закупки + склад,Высокий,Material aging; BOM; procurement; actual usage,Остатки ткани 31.05.2026,,,Не рассмотрено,,17,3,Wave 2 (31–60 дней)
DEC-01214,Material master,MAT-DRAFT-0454,Unlinked,3 строк; 30250.00 руб.; 4A-087,"Подтвердить карточку, UOM, состав, цвет, поставщика и правила объединения",Закупки + склад,Высокий,Material aging; BOM; procurement; actual usage,Остатки ткани 31.05.2026,,,Не рассмотрено,,17,3,Wave 2 (31–60 дней)
DEC-01215,Material master,MAT-DRAFT-0455,Unlinked,1 строк; 4680.00 руб.; 4P-021,"Подтвердить карточку, UOM, состав, цвет, поставщика и правила объединения",Закупки + склад,Средний,Material aging; BOM; procurement; actual usage,Остатки ткани 31.05.2026,,,Не рассмотрено,,17,2,Wave 3 (61–90 дней)
DEC-01216,Material master,MAT-DRAFT-0456,Unlinked,1 строк; 7000.00 руб.; 4-008,"Подтвердить карточку, UOM, состав, цвет, поставщика и правила объединения",Закупки + склад,Средний,Material aging; BOM; procurement; actual usage,Остатки ткани 31.05.2026,,,Не рассмотрено,,17,2,Wave 3 (61–90 дней)
DEC-01217,Material master,MAT-DRAFT-0457,Несколько кодов; Несколько исходных наименований,2 строк; 7260.00 руб.; 4-035; 4-040,"Подтвердить карточку, UOM, состав, цвет, поставщика и правила объединения",Закупки + склад,Средний,Material aging; BOM; procurement; actual usage,Остатки ткани 31.05.2026,,,Не рассмотрено,,17,2,Wave 3 (61–90 дней)
DEC-01218,Material master,MAT-DRAFT-0458,Unlinked,1 строк; 15540.00 руб.; 4P-006,"Подтвердить карточку, UOM, состав, цвет, поставщика и правила объединения",Закупки + склад,Высокий,Material aging; BOM; procurement; actual usage,Остатки ткани 31.05.2026,,,Не рассмотрено,,17,3,Wave 2 (31–60 дней)
DEC-01219,Material master,MAT-DRAFT-0459,Unlinked,1 строк; 5025.00 руб.; 4A-107,"Подтвердить карточку, UOM, состав, цвет, поставщика и правила объединения",Закупки + склад,Средний,Material aging; BOM; procurement; actual usage,Остатки ткани 31.05.2026,,,Не рассмотрено,,17,2,Wave 3 (61–90 дней)
DEC-01220,Material master,MAT-DRAFT-0460,Unlinked,1 строк; 8250.00 руб.; 4A-106,"Подтвердить карточку, UOM, состав, цвет, поставщика и правила объединения",Закупки + склад,Средний,Material aging; BOM; procurement; actual usage,Остатки ткани 31.05.2026,,,Не рассмотрено,,17,2,Wave 3 (61–90 дней)
DEC-01221,Material master,MAT-DRAFT-0461,Unlinked,2 строк; 4033.20 руб.; 4A-103,"Подтвердить карточку, UOM, состав, цвет, поставщика и правила объединения",Закупки + склад,Средний,Material aging; BOM; procurement; actual usage,Остатки ткани 31.05.2026,,,Не рассмотрено,,17,2,Wave 3 (61–90 дней)
DEC-01222,Material master,MAT-DRAFT-0462,Unlinked,3 строк; 5041.50 руб.; 4A-102,"Подтвердить карточку, UOM, состав, цвет, поставщика и правила объединения",Закупки + склад,Средний,Material aging; BOM; procurement; actual usage,Остатки ткани 31.05.2026,,,Не рассмотрено,,17,2,Wave 3 (61–90 дней)
DEC-01223,Material master,MAT-DRAFT-0463,Unlinked,3 строк; 4033.20 руб.; 4A-104,"Подтвердить карточку, UOM, состав, цвет, поставщика и правила объединения",Закупки + склад,Средний,Material aging; BOM; procurement; actual usage,Остатки ткани 31.05.2026,,,Не рассмотрено,,17,2,Wave 3 (61–90 дней)
DEC-01224,Material master,MAT-DRAFT-0464,Unlinked,2 строк; 5041.50 руб.; 4A-101,"Подтвердить карточку, UOM, состав, цвет, поставщика и правила объединения",Закупки + склад,Средний,Material aging; BOM; procurement; actual usage,Остатки ткани 31.05.2026,,,Не рассмотрено,,17,2,Wave 3 (61–90 дней)
DEC-01225,Material master,MAT-DRAFT-0465,Unlinked,1 строк; 11600.00 руб.; 4A-113,"Подтвердить карточку, UOM, состав, цвет, поставщика и правила объединения",Закупки + склад,Высокий,Material aging; BOM; procurement; actual usage,Остатки ткани 31.05.2026,,,Не рассмотрено,,17,3,Wave 2 (31–60 дней)
DEC-01226,Material master,MAT-DRAFT-0466,Unlinked,1 строк; 8250.00 руб.; 4A-108,"Подтвердить карточку, UOM, состав, цвет, поставщика и правила объединения",Закупки + склад,Средний,Material aging; BOM; procurement; actual usage,Остатки ткани 31.05.2026,,,Не рассмотрено,,17,2,Wave 3 (61–90 дней)
DEC-01227,Material master,MAT-DRAFT-0467,Unlinked,1 строк; 6520.00 руб.; 4P-014,"Подтвердить карточку, UOM, состав, цвет, поставщика и правила объединения",Закупки + склад,Средний,Material aging; BOM; procurement; actual usage,Остатки ткани 31.05.2026,,,Не рассмотрено,,17,2,Wave 3 (61–90 дней)
DEC-01228,Material master,MAT-DRAFT-0468,Unlinked,1 строк; 2840.00 руб.; 4-034,"Подтвердить карточку, UOM, состав, цвет, поставщика и правила объединения",Закупки + склад,Средний,Material aging; BOM; procurement; actual usage,Остатки ткани 31.05.2026,,,Не рассмотрено,,17,2,Wave 3 (61–90 дней)
DEC-01229,Material master,MAT-DRAFT-0469,Unlinked,1 строк; 8100.00 руб.; 4P-005,"Подтвердить карточку, UOM, состав, цвет, поставщика и правила объединения",Закупки + склад,Средний,Material aging; BOM; procurement; actual usage,Остатки ткани 31.05.2026,,,Не рассмотрено,,17,2,Wave 3 (61–90 дней)
DEC-01230,Material master,MAT-DRAFT-0470,Unlinked,2 строк; 30250.00 руб.; 4A-094,"Подтвердить карточку, UOM, состав, цвет, поставщика и правила объединения",Закупки + склад,Высокий,Material aging; BOM; procurement; actual usage,Остатки ткани 31.05.2026,,,Не рассмотрено,,17,3,Wave 2 (31–60 дней)
DEC-01231,Material master,MAT-DRAFT-0471,Unlinked,1 строк; 6300.00 руб.; 4P-003,"Подтвердить карточку, UOM, состав, цвет, поставщика и правила объединения",Закупки + склад,Средний,Material aging; BOM; procurement; actual usage,Остатки ткани 31.05.2026,,,Не рассмотрено,,17,2,Wave 3 (61–90 дней)
DEC-01232,Material master,MAT-DRAFT-0472,Unlinked,2 строк; 30250.00 руб.; 4A-096,"Подтвердить карточку, UOM, состав, цвет, поставщика и правила объединения",Закупки + склад,Высокий,Material aging; BOM; procurement; actual usage,Остатки ткани 31.05.2026,,,Не рассмотрено,,17,3,Wave 2 (31–60 дней)
DEC-01233,Material master,MAT-DRAFT-0473,Unlinked,2 строк; 30250.00 руб.; 4A-097,"Подтвердить карточку, UOM, состав, цвет, поставщика и правила объединения",Закупки + склад,Высокий,Material aging; BOM; procurement; actual usage,Остатки ткани 31.05.2026,,,Не рассмотрено,,17,3,Wave 2 (31–60 дней)
DEC-01234,Material master,MAT-DRAFT-0474,Unlinked,3 строк; 72950.00 руб.; 4A-095,"Подтвердить карточку, UOM, состав, цвет, поставщика и правила объединения",Закупки + склад,Высокий,Material aging; BOM; procurement; actual usage,Остатки ткани 31.05.2026,,,Не рассмотрено,,17,3,Wave 2 (31–60 дней)
DEC-01235,Material master,MAT-DRAFT-0475,Unlinked,3 строк; 66850.00 руб.; 4A-091,"Подтвердить карточку, UOM, состав, цвет, поставщика и правила объединения",Закупки + склад,Высокий,Material aging; BOM; procurement; actual usage,Остатки ткани 31.05.2026,,,Не рассмотрено,,17,3,Wave 2 (31–60 дней)
DEC-01236,Material master,MAT-DRAFT-0476,Unlinked,3 строк; 30250.00 руб.; 4A-092,"Подтвердить карточку, UOM, состав, цвет, поставщика и правила объединения",Закупки + склад,Высокий,Material aging; BOM; procurement; actual usage,Остатки ткани 31.05.2026,,,Не рассмотрено,,17,3,Wave 2 (31–60 дней)
DEC-01237,Material master,MAT-DRAFT-0477,Unlinked,1 строк; 2640.00 руб.; 4P-018,"Подтвердить карточку, UOM, состав, цвет, поставщика и правила объединения",Закупки + склад,Средний,Material aging; BOM; procurement; actual usage,Остатки ткани 31.05.2026,,,Не рассмотрено,,17,2,Wave 3 (61–90 дней)
DEC-01238,Material master,MAT-DRAFT-0479,Unlinked,1 строк; 12600.00 руб.; 4P-028,"Подтвердить карточку, UOM, состав, цвет, поставщика и правила объединения",Закупки + склад,Высокий,Material aging; BOM; procurement; actual usage,Остатки ткани 31.05.2026,,,Не рассмотрено,,17,3,Wave 2 (31–60 дней)
DEC-01239,Material master,MAT-DRAFT-0480,Unlinked,1 строк; 6090.00 руб.; 4P-023,"Подтвердить карточку, UOM, состав, цвет, поставщика и правила объединения",Закупки + склад,Средний,Material aging; BOM; procurement; actual usage,Остатки ткани 31.05.2026,,,Не рассмотрено,,17,2,Wave 3 (61–90 дней)
DEC-01240,Material master,MAT-DRAFT-0481,Unlinked,1 строк; 36300.00 руб.; 4A-099,"Подтвердить карточку, UOM, состав, цвет, поставщика и правила объединения",Закупки + склад,Высокий,Material aging; BOM; procurement; actual usage,Остатки ткани 31.05.2026,,,Не рассмотрено,,17,3,Wave 2 (31–60 дней)
DEC-01241,Material master,MAT-DRAFT-0482,Unlinked,1 строк; 36300.00 руб.; 4A-098,"Подтвердить карточку, UOM, состав, цвет, поставщика и правила объединения",Закупки + склад,Высокий,Material aging; BOM; procurement; actual usage,Остатки ткани 31.05.2026,,,Не рассмотрено,,17,3,Wave 2 (31–60 дней)
DEC-01242,Material master,MAT-DRAFT-0483,Unlinked,1 строк; 26460.00 руб.; 4A-110,"Подтвердить карточку, UOM, состав, цвет, поставщика и правила объединения",Закупки + склад,Высокий,Material aging; BOM; procurement; actual usage,Остатки ткани 31.05.2026,,,Не рассмотрено,,17,3,Wave 2 (31–60 дней)
DEC-01243,Material master,MAT-DRAFT-0484,Unlinked,1 строк; 36300.00 руб.; 4A-100,"Подтвердить карточку, UOM, состав, цвет, поставщика и правила объединения",Закупки + склад,Высокий,Material aging; BOM; procurement; actual usage,Остатки ткани 31.05.2026,,,Не рассмотрено,,17,3,Wave 2 (31–60 дней)
DEC-01244,Material master,MAT-DRAFT-0485,Unlinked,1 строк; 26460.00 руб.; 4A-111,"Подтвердить карточку, UOM, состав, цвет, поставщика и правила объединения",Закупки + склад,Высокий,Material aging; BOM; procurement; actual usage,Остатки ткани 31.05.2026,,,Не рассмотрено,,17,3,Wave 2 (31–60 дней)
DEC-01245,Material master,MAT-DRAFT-0486,Unlinked,2 строк; 28500.00 руб.; 4A-022,"Подтвердить карточку, UOM, состав, цвет, поставщика и правила объединения",Закупки + склад,Высокий,Material aging; BOM; procurement; actual usage,Остатки ткани 31.05.2026,,,Не рассмотрено,,17,3,Wave 2 (31–60 дней)
DEC-01246,Material master,MAT-DRAFT-0487,Unlinked,1 строк; 9900.00 руб.; 4A-006,"Подтвердить карточку, UOM, состав, цвет, поставщика и правила объединения",Закупки + склад,Средний,Material aging; BOM; procurement; actual usage,Остатки ткани 31.05.2026,,,Не рассмотрено,,17,2,Wave 3 (61–90 дней)
DEC-01247,Material master,MAT-DRAFT-0488,Unlinked,1 строк; 7950.00 руб.; 4A-007,"Подтвердить карточку, UOM, состав, цвет, поставщика и правила объединения",Закупки + склад,Средний,Material aging; BOM; procurement; actual usage,Остатки ткани 31.05.2026,,,Не рассмотрено,,17,2,Wave 3 (61–90 дней)
DEC-01248,Material master,MAT-DRAFT-0489,Unlinked,2 строк; 18750.00 руб.; 4A-021,"Подтвердить карточку, UOM, состав, цвет, поставщика и правила объединения",Закупки + склад,Высокий,Material aging; BOM; procurement; actual usage,Остатки ткани 31.05.2026,,,Не рассмотрено,,17,3,Wave 2 (31–60 дней)
DEC-01249,Material master,MAT-DRAFT-0491,Unlinked,1 строк; 19080.00 руб.; 4-044,"Подтвердить карточку, UOM, состав, цвет, поставщика и правила объединения",Закупки + склад,Высокий,Material aging; BOM; procurement; actual usage,Остатки ткани 31.05.2026,,,Не рассмотрено,,17,3,Wave 2 (31–60 дней)
DEC-01250,Material master,MAT-DRAFT-0492,Unlinked,1 строк; 8100.00 руб.; 4P-004,"Подтвердить карточку, UOM, состав, цвет, поставщика и правила объединения",Закупки + склад,Средний,Material aging; BOM; procurement; actual usage,Остатки ткани 31.05.2026,,,Не рассмотрено,,17,2,Wave 3 (61–90 дней)
DEC-01251,Material master,MAT-DRAFT-0493,Unlinked,1 строк; 4650.00 руб.; 4P-012,"Подтвердить карточку, UOM, состав, цвет, поставщика и правила объединения",Закупки + склад,Средний,Material aging; BOM; procurement; actual usage,Остатки ткани 31.05.2026,,,Не рассмотрено,,17,2,Wave 3 (61–90 дней)
DEC-01252,Material master,MAT-DRAFT-0494,Unlinked,1 строк; 46500.00 руб.; 4A-105,"Подтвердить карточку, UOM, состав, цвет, поставщика и правила объединения",Закупки + склад,Высокий,Material aging; BOM; procurement; actual usage,Остатки ткани 31.05.2026,,,Не рассмотрено,,17,3,Wave 2 (31–60 дней)
DEC-01253,Material master,MAT-DRAFT-0496,Unlinked,1 строк; 15120.00 руб.; 4P-020,"Подтвердить карточку, UOM, состав, цвет, поставщика и правила объединения",Закупки + склад,Высокий,Material aging; BOM; procurement; actual usage,Остатки ткани 31.05.2026,,,Не рассмотрено,,17,3,Wave 2 (31–60 дней)
DEC-01254,Material master,MAT-DRAFT-0497,Unlinked,1 строк; 9660.00 руб.; 4-030,"Подтвердить карточку, UOM, состав, цвет, поставщика и правила объединения",Закупки + склад,Средний,Material aging; BOM; procurement; actual usage,Остатки ткани 31.05.2026,,,Не рассмотрено,,17,2,Wave 3 (61–90 дней)
DEC-01255,Material master,MAT-DRAFT-0499,Unlinked,1 строк; 1575.00 руб.; 4-016,"Подтвердить карточку, UOM, состав, цвет, поставщика и правила объединения",Закупки + склад,Средний,Material aging; BOM; procurement; actual usage,Остатки ткани 31.05.2026,,,Не рассмотрено,,17,2,Wave 3 (61–90 дней)
DEC-01256,Material master,MAT-DRAFT-0501,Unlinked,1 строк; 3600.00 руб.; 4-041,"Подтвердить карточку, UOM, состав, цвет, поставщика и правила объединения",Закупки + склад,Средний,Material aging; BOM; procurement; actual usage,Остатки ткани 31.05.2026,,,Не рассмотрено,,17,2,Wave 3 (61–90 дней)
DEC-01257,Material master,MAT-DRAFT-0502,Unlinked,1 строк; 2440.00 руб.; 4-031,"Подтвердить карточку, UOM, состав, цвет, поставщика и правила объединения",Закупки + склад,Средний,Material aging; BOM; procurement; actual usage,Остатки ткани 31.05.2026,,,Не рассмотрено,,17,2,Wave 3 (61–90 дней)
DEC-01258,Material master,MAT-DRAFT-0503,Unlinked,1 строк; 3450.00 руб.; 4P-008,"Подтвердить карточку, UOM, состав, цвет, поставщика и правила объединения",Закупки + склад,Средний,Material aging; BOM; procurement; actual usage,Остатки ткани 31.05.2026,,,Не рассмотрено,,17,2,Wave 3 (61–90 дней)
DEC-01259,Material master,MAT-DRAFT-0504,Unlinked,1 строк; 3600.00 руб.; 4P-007,"Подтвердить карточку, UOM, состав, цвет, поставщика и правила объединения",Закупки + склад,Средний,Material aging; BOM; procurement; actual usage,Остатки ткани 31.05.2026,,,Не рассмотрено,,17,2,Wave 3 (61–90 дней)
DEC-01260,Material master,MAT-DRAFT-0505,Unlinked,1 строк; 100050.00 руб.; 4A-070,"Подтвердить карточку, UOM, состав, цвет, поставщика и правила объединения",Закупки + склад,Критический,Material aging; BOM; procurement; actual usage,Остатки ткани 31.05.2026,,,Не рассмотрено,,17,4,Wave 1 (0–30 дней)
DEC-01261,Material master,MAT-DRAFT-0507,Unlinked,2 строк; 43355.00 руб.; 4A-061,"Подтвердить карточку, UOM, состав, цвет, поставщика и правила объединения",Закупки + склад,Высокий,Material aging; BOM; procurement; actual usage,Остатки ткани 31.05.2026,,,Не рассмотрено,,17,3,Wave 2 (31–60 дней)
DEC-01262,Material master,MAT-DRAFT-0508,Unlinked,2 строк; 44225.00 руб.; 4A-060,"Подтвердить карточку, UOM, состав, цвет, поставщика и правила объединения",Закупки + склад,Высокий,Material aging; BOM; procurement; actual usage,Остатки ткани 31.05.2026,,,Не рассмотрено,,17,3,Wave 2 (31–60 дней)
DEC-01263,Material master,MAT-DRAFT-0509,Unlinked,2 строк; 48140.00 руб.; 4A-055,"Подтвердить карточку, UOM, состав, цвет, поставщика и правила объединения",Закупки + склад,Высокий,Material aging; BOM; procurement; actual usage,Остатки ткани 31.05.2026,,,Не рассмотрено,,17,3,Wave 2 (31–60 дней)
DEC-01264,Material master,MAT-DRAFT-0510,Unlinked,2 строк; 50170.00 руб.; 4A-058,"Подтвердить карточку, UOM, состав, цвет, поставщика и правила объединения",Закупки + склад,Высокий,Material aging; BOM; procurement; actual usage,Остатки ткани 31.05.2026,,,Не рассмотрено,,17,3,Wave 2 (31–60 дней)
DEC-01265,Material master,MAT-DRAFT-0512,Unlinked,3 строк; 53360.00 руб.; 4A-056,"Подтвердить карточку, UOM, состав, цвет, поставщика и правила объединения",Закупки + склад,Высокий,Material aging; BOM; procurement; actual usage,Остатки ткани 31.05.2026,,,Не рассмотрено,,17,3,Wave 2 (31–60 дней)
DEC-01266,Material master,MAT-DRAFT-0513,Unlinked,1 строк; 7500.00 руб.; 4A-075,"Подтвердить карточку, UOM, состав, цвет, поставщика и правила объединения",Закупки + склад,Средний,Material aging; BOM; procurement; actual usage,Остатки ткани 31.05.2026,,,Не рассмотрено,,17,2,Wave 3 (61–90 дней)
DEC-01267,Material master,MAT-DRAFT-0514,Unlinked,1 строк; 13200.00 руб.; 4A-078,"Подтвердить карточку, UOM, состав, цвет, поставщика и правила объединения",Закупки + склад,Высокий,Material aging; BOM; procurement; actual usage,Остатки ткани 31.05.2026,,,Не рассмотрено,,17,3,Wave 2 (31–60 дней)
DEC-01268,Material master,MAT-DRAFT-0515,Unlinked,1 строк; 7500.00 руб.; 4A-077,"Подтвердить карточку, UOM, состав, цвет, поставщика и правила объединения",Закупки + склад,Средний,Material aging; BOM; procurement; actual usage,Остатки ткани 31.05.2026,,,Не рассмотрено,,17,2,Wave 3 (61–90 дней)
DEC-01269,Material master,MAT-DRAFT-0516,Unlinked,2 строк; 21315.00 руб.; 4A-063,"Подтвердить карточку, UOM, состав, цвет, поставщика и правила объединения",Закупки + склад,Высокий,Material aging; BOM; procurement; actual usage,Остатки ткани 31.05.2026,,,Не рассмотрено,,17,3,Wave 2 (31–60 дней)
DEC-01270,Material master,MAT-DRAFT-0517,Unlinked,2 строк; 60030.00 руб.; 4A-065,"Подтвердить карточку, UOM, состав, цвет, поставщика и правила объединения",Закупки + склад,Высокий,Material aging; BOM; procurement; actual usage,Остатки ткани 31.05.2026,,,Не рассмотрено,,17,3,Wave 2 (31–60 дней)
DEC-01271,Material master,MAT-DRAFT-0519,Unlinked,3 строк; 31755.00 руб.; 4A-068,"Подтвердить карточку, UOM, состав, цвет, поставщика и правила объединения",Закупки + склад,Высокий,Material aging; BOM; procurement; actual usage,Остатки ткани 31.05.2026,,,Не рассмотрено,,17,3,Wave 2 (31–60 дней)
DEC-01272,Material master,MAT-DRAFT-0520,Unlinked,1 строк; 5510.00 руб.; 4A-066,"Подтвердить карточку, UOM, состав, цвет, поставщика и правила объединения",Закупки + склад,Средний,Material aging; BOM; procurement; actual usage,Остатки ткани 31.05.2026,,,Не рассмотрено,,17,2,Wave 3 (61–90 дней)
DEC-01273,Material master,MAT-DRAFT-0521,Unlinked,3 строк; 111505.00 руб.; 4A-064,"Подтвердить карточку, UOM, состав, цвет, поставщика и правила объединения",Закупки + склад,Критический,Material aging; BOM; procurement; actual usage,Остатки ткани 31.05.2026,,,Не рассмотрено,,17,4,Wave 1 (0–30 дней)
DEC-01274,Material master,MAT-DRAFT-0522,Unlinked,2 строк; 11850.00 руб.; 4A-074,"Подтвердить карточку, UOM, состав, цвет, поставщика и правила объединения",Закупки + склад,Высокий,Material aging; BOM; procurement; actual usage,Остатки ткани 31.05.2026,,,Не рассмотрено,,17,3,Wave 2 (31–60 дней)
DEC-01275,Material master,MAT-DRAFT-0523,Unlinked,1 строк; 51500.00 руб.; 4A-054,"Подтвердить карточку, UOM, состав, цвет, поставщика и правила объединения",Закупки + склад,Высокий,Material aging; BOM; procurement; actual usage,Остатки ткани 31.05.2026,,,Не рассмотрено,,17,3,Wave 2 (31–60 дней)
DEC-01276,Material master,MAT-DRAFT-0525,Unlinked,1 строк; 5950.00 руб.; 4P-015,"Подтвердить карточку, UOM, состав, цвет, поставщика и правила объединения",Закупки + склад,Средний,Material aging; BOM; procurement; actual usage,Остатки ткани 31.05.2026,,,Не рассмотрено,,17,2,Wave 3 (61–90 дней)
DEC-01277,Material master,MAT-DRAFT-0529,Unlinked,3 строк; 49590.00 руб.; 4A-082,"Подтвердить карточку, UOM, состав, цвет, поставщика и правила объединения",Закупки + склад,Высокий,Material aging; BOM; procurement; actual usage,Остатки ткани 31.05.2026,,,Не рассмотрено,,17,3,Wave 2 (31–60 дней)
DEC-01278,Material master,MAT-DRAFT-0530,Unlinked,1 строк; 4500.00 руб.; 4P-026,"Подтвердить карточку, UOM, состав, цвет, поставщика и правила объединения",Закупки + склад,Средний,Material aging; BOM; procurement; actual usage,Остатки ткани 31.05.2026,,,Не рассмотрено,,17,2,Wave 3 (61–90 дней)
DEC-01279,Material master,MAT-DRAFT-0531,Unlinked,1 строк; 11070.00 руб.; 4P-025,"Подтвердить карточку, UOM, состав, цвет, поставщика и правила объединения",Закупки + склад,Высокий,Material aging; BOM; procurement; actual usage,Остатки ткани 31.05.2026,,,Не рассмотрено,,17,3,Wave 2 (31–60 дней)
DEC-01280,Material master,MAT-DRAFT-0532,Unlinked,1 строк; 1950.00 руб.; 4-032,"Подтвердить карточку, UOM, состав, цвет, поставщика и правила объединения",Закупки + склад,Средний,Material aging; BOM; procurement; actual usage,Остатки ткани 31.05.2026,,,Не рассмотрено,,17,2,Wave 3 (61–90 дней)
DEC-01281,Material master,MAT-DRAFT-0533,Unlinked,1 строк; 15450.00 руб.; 4A-005,"Подтвердить карточку, UOM, состав, цвет, поставщика и правила объединения",Закупки + склад,Высокий,Material aging; BOM; procurement; actual usage,Остатки ткани 31.05.2026,,,Не рассмотрено,,17,3,Wave 2 (31–60 дней)
DEC-01282,Material master,MAT-DRAFT-0534,Нет кода,1 строк; 4200.00 руб.; ,"Подтвердить карточку, UOM, состав, цвет, поставщика и правила объединения",Закупки + склад,Средний,Material aging; BOM; procurement; actual usage,Остатки ткани 31.05.2026,,,Не рассмотрено,,17,2,Wave 3 (61–90 дней)
DEC-01283,Material master,MAT-DRAFT-0535,Нет кода,1 строк; 10320.00 руб.; ,"Подтвердить карточку, UOM, состав, цвет, поставщика и правила объединения",Закупки + склад,Высокий,Material aging; BOM; procurement; actual usage,Остатки ткани 31.05.2026,,,Не рассмотрено,,17,3,Wave 2 (31–60 дней)
DEC-01284,Material master,MAT-DRAFT-0536,Нет кода,3 строк; 13480.00 руб.; ,"Подтвердить карточку, UOM, состав, цвет, поставщика и правила объединения",Закупки + склад,Высокий,Material aging; BOM; procurement; actual usage,Остатки ткани 31.05.2026,,,Не рассмотрено,,17,3,Wave 2 (31–60 дней)
DEC-01285,Material master,MAT-DRAFT-0537,Unlinked,1 строк; 5850.00 руб.; 4A-008,"Подтвердить карточку, UOM, состав, цвет, поставщика и правила объединения",Закупки + склад,Средний,Material aging; BOM; procurement; actual usage,Остатки ткани 31.05.2026,,,Не рассмотрено,,17,2,Wave 3 (61–90 дней)
DEC-01286,Material master,MAT-DRAFT-0538,Нет кода,1 строк; 11680.00 руб.; ,"Подтвердить карточку, UOM, состав, цвет, поставщика и правила объединения",Закупки + склад,Высокий,Material aging; BOM; procurement; actual usage,Остатки ткани 31.05.2026,,,Не рассмотрено,,17,3,Wave 2 (31–60 дней)
DEC-01287,Material master,MAT-DRAFT-0539,Unlinked,1 строк; 3000.00 руб.; 4A-009,"Подтвердить карточку, UOM, состав, цвет, поставщика и правила объединения",Закупки + склад,Средний,Material aging; BOM; procurement; actual usage,Остатки ткани 31.05.2026,,,Не рассмотрено,,17,2,Wave 3 (61–90 дней)
DEC-01288,Material master,MAT-DRAFT-0540,Нет кода,1 строк; 7040.00 руб.; ,"Подтвердить карточку, UOM, состав, цвет, поставщика и правила объединения",Закупки + склад,Средний,Material aging; BOM; procurement; actual usage,Остатки ткани 31.05.2026,,,Не рассмотрено,,17,2,Wave 3 (61–90 дней)
DEC-01289,Material master,MAT-DRAFT-0541,Нет кода,1 строк; 3840.00 руб.; ,"Подтвердить карточку, UOM, состав, цвет, поставщика и правила объединения",Закупки + склад,Средний,Material aging; BOM; procurement; actual usage,Остатки ткани 31.05.2026,,,Не рассмотрено,,17,2,Wave 3 (61–90 дней)
DEC-01290,Material master,MAT-DRAFT-0542,Unlinked,1 строк; 23250.00 руб.; 4A-016,"Подтвердить карточку, UOM, состав, цвет, поставщика и правила объединения",Закупки + склад,Высокий,Material aging; BOM; procurement; actual usage,Остатки ткани 31.05.2026,,,Не рассмотрено,,17,3,Wave 2 (31–60 дней)
DEC-01291,Material master,MAT-DRAFT-0543,Unlinked,1 строк; 15150.00 руб.; 4A-015,"Подтвердить карточку, UOM, состав, цвет, поставщика и правила объединения",Закупки + склад,Высокий,Material aging; BOM; procurement; actual usage,Остатки ткани 31.05.2026,,,Не рассмотрено,,17,3,Wave 2 (31–60 дней)
DEC-01292,Material master,MAT-DRAFT-0544,Нет кода,1 строк; 1120.00 руб.; ,"Подтвердить карточку, UOM, состав, цвет, поставщика и правила объединения",Закупки + склад,Средний,Material aging; BOM; procurement; actual usage,Остатки ткани 31.05.2026,,,Не рассмотрено,,17,2,Wave 3 (61–90 дней)
DEC-01293,Material master,MAT-DRAFT-0545,Нет кода,3 строк; 7280.00 руб.; ,"Подтвердить карточку, UOM, состав, цвет, поставщика и правила объединения",Закупки + склад,Средний,Material aging; BOM; procurement; actual usage,Остатки ткани 31.05.2026,,,Не рассмотрено,,17,2,Wave 3 (61–90 дней)
DEC-01294,Material master,MAT-DRAFT-0546,Нет кода,1 строк; 680.00 руб.; ,"Подтвердить карточку, UOM, состав, цвет, поставщика и правила объединения",Закупки + склад,Средний,Material aging; BOM; procurement; actual usage,Остатки ткани 31.05.2026,,,Не рассмотрено,,17,2,Wave 3 (61–90 дней)
DEC-01295,Material master,MAT-DRAFT-0547,Unlinked,1 строк; 10500.00 руб.; 4A-010,"Подтвердить карточку, UOM, состав, цвет, поставщика и правила объединения",Закупки + склад,Высокий,Material aging; BOM; procurement; actual usage,Остатки ткани 31.05.2026,,,Не рассмотрено,,17,3,Wave 2 (31–60 дней)
DEC-01296,Material master,MAT-DRAFT-0548,Нет кода,1 строк; 5800.00 руб.; ,"Подтвердить карточку, UOM, состав, цвет, поставщика и правила объединения",Закупки + склад,Средний,Material aging; BOM; procurement; actual usage,Остатки ткани 31.05.2026,,,Не рассмотрено,,17,2,Wave 3 (61–90 дней)
DEC-01297,Material master,MAT-DRAFT-0549,Нет кода,1 строк; 3600.00 руб.; ,"Подтвердить карточку, UOM, состав, цвет, поставщика и правила объединения",Закупки + склад,Средний,Material aging; BOM; procurement; actual usage,Остатки ткани 31.05.2026,,,Не рассмотрено,,17,2,Wave 3 (61–90 дней)
DEC-01298,Material master,MAT-DRAFT-0550,Нет кода,1 строк; 5200.00 руб.; ,"Подтвердить карточку, UOM, состав, цвет, поставщика и правила объединения",Закупки + склад,Средний,Material aging; BOM; procurement; actual usage,Остатки ткани 31.05.2026,,,Не рассмотрено,,17,2,Wave 3 (61–90 дней)
DEC-01299,Material master,MAT-DRAFT-0551,Нет кода,1 строк; 6000.00 руб.; ,"Подтвердить карточку, UOM, состав, цвет, поставщика и правила объединения",Закупки + склад,Средний,Material aging; BOM; procurement; actual usage,Остатки ткани 31.05.2026,,,Не рассмотрено,,17,2,Wave 3 (61–90 дней)
DEC-01300,Material master,MAT-DRAFT-0552,Unlinked,1 строк; 15000.00 руб.; 4-057,"Подтвердить карточку, UOM, состав, цвет, поставщика и правила объединения",Закупки + склад,Высокий,Material aging; BOM; procurement; actual usage,Остатки ткани 31.05.2026,,,Не рассмотрено,,17,3,Wave 2 (31–60 дней)
DEC-01301,Material master,MAT-DRAFT-0553,Unlinked,1 строк; 19252.80 руб.; 4-053,"Подтвердить карточку, UOM, состав, цвет, поставщика и правила объединения",Закупки + склад,Высокий,Material aging; BOM; procurement; actual usage,Остатки ткани 31.05.2026,,,Не рассмотрено,,17,3,Wave 2 (31–60 дней)
DEC-01302,Material master,MAT-DRAFT-0555,Unlinked,1 строк; 11250.00 руб.; 4-050,"Подтвердить карточку, UOM, состав, цвет, поставщика и правила объединения",Закупки + склад,Высокий,Material aging; BOM; procurement; actual usage,Остатки ткани 31.05.2026,,,Не рассмотрено,,17,3,Wave 2 (31–60 дней)
DEC-01303,Material master,MAT-DRAFT-0556,Unlinked,2 строк; 30000.00 руб.; 4-051,"Подтвердить карточку, UOM, состав, цвет, поставщика и правила объединения",Закупки + склад,Высокий,Material aging; BOM; procurement; actual usage,Остатки ткани 31.05.2026,,,Не рассмотрено,,17,3,Wave 2 (31–60 дней)
DEC-01304,Material master,MAT-DRAFT-0557,Unlinked,1 строк; 11001.60 руб.; 4-052,"Подтвердить карточку, UOM, состав, цвет, поставщика и правила объединения",Закупки + склад,Высокий,Material aging; BOM; procurement; actual usage,Остатки ткани 31.05.2026,,,Не рассмотрено,,17,3,Wave 2 (31–60 дней)
DEC-01305,Material master,MAT-DRAFT-0560,Unlinked,1 строк; 15000.00 руб.; 4-058,"Подтвердить карточку, UOM, состав, цвет, поставщика и правила объединения",Закупки + склад,Высокий,Material aging; BOM; procurement; actual usage,Остатки ткани 31.05.2026,,,Не рассмотрено,,17,3,Wave 2 (31–60 дней)
DEC-01306,Material master,MAT-DRAFT-0562,Unlinked,1 строк; 19140.00 руб.; 1-013,"Подтвердить карточку, UOM, состав, цвет, поставщика и правила объединения",Закупки + склад,Высокий,Material aging; BOM; procurement; actual usage,Остатки ткани 31.05.2026,,,Не рассмотрено,,17,3,Wave 2 (31–60 дней)
DEC-01307,Material master,MAT-DRAFT-0563,Несколько кодов; Несколько исходных наименований,4 строк; 73260.00 руб.; 1-008; 1-009; 1-023,"Подтвердить карточку, UOM, состав, цвет, поставщика и правила объединения",Закупки + склад,Высокий,Material aging; BOM; procurement; actual usage,Остатки ткани 31.05.2026,,,Не рассмотрено,,17,3,Wave 2 (31–60 дней)
DEC-01308,Material master,MAT-DRAFT-0564,Несколько кодов; Несколько исходных наименований,3 строк; 29480.00 руб.; 1-002; 1-003; 1-005,"Подтвердить карточку, UOM, состав, цвет, поставщика и правила объединения",Закупки + склад,Высокий,Material aging; BOM; procurement; actual usage,Остатки ткани 31.05.2026,,,Не рассмотрено,,17,3,Wave 2 (31–60 дней)
DEC-01309,Material master,MAT-DRAFT-0566,Unlinked,1 строк; 12000.00 руб.; 1-A-002,"Подтвердить карточку, UOM, состав, цвет, поставщика и правила объединения",Закупки + склад,Высокий,Material aging; BOM; procurement; actual usage,Остатки ткани 31.05.2026,,,Не рассмотрено,,17,3,Wave 2 (31–60 дней)
DEC-01310,Material master,MAT-DRAFT-0567,Unlinked,1 строк; 3000.00 руб.; 1-A-001,"Подтвердить карточку, UOM, состав, цвет, поставщика и правила объединения",Закупки + склад,Средний,Material aging; BOM; procurement; actual usage,Остатки ткани 31.05.2026,,,Не рассмотрено,,17,2,Wave 3 (61–90 дней)
DEC-01311,Material master,MAT-DRAFT-0568,Unlinked,1 строк; 450.00 руб.; 1A-003,"Подтвердить карточку, UOM, состав, цвет, поставщика и правила объединения",Закупки + склад,Средний,Material aging; BOM; procurement; actual usage,Остатки ткани 31.05.2026,,,Не рассмотрено,,17,2,Wave 3 (61–90 дней)
DEC-01312,Material master,MAT-DRAFT-0569,Unlinked,1 строк; 10340.00 руб.; 1-004,"Подтвердить карточку, UOM, состав, цвет, поставщика и правила объединения",Закупки + склад,Высокий,Material aging; BOM; procurement; actual usage,Остатки ткани 31.05.2026,,,Не рассмотрено,,17,3,Wave 2 (31–60 дней)
DEC-01313,Material master,MAT-DRAFT-0570,Unlinked,1 строк; 20900.00 руб.; 1-006,"Подтвердить карточку, UOM, состав, цвет, поставщика и правила объединения",Закупки + склад,Высокий,Material aging; BOM; procurement; actual usage,Остатки ткани 31.05.2026,,,Не рассмотрено,,17,3,Wave 2 (31–60 дней)
DEC-01314,Material master,MAT-DRAFT-0571,Несколько кодов; Несколько исходных наименований,3 строк; 84700.00 руб.; 1-020; 1-029,"Подтвердить карточку, UOM, состав, цвет, поставщика и правила объединения",Закупки + склад,Высокий,Material aging; BOM; procurement; actual usage,Остатки ткани 31.05.2026,,,Не рассмотрено,,17,3,Wave 2 (31–60 дней)
DEC-01315,Material master,MAT-DRAFT-0574,Unlinked,1 строк; 18260.00 руб.; 1-015,"Подтвердить карточку, UOM, состав, цвет, поставщика и правила объединения",Закупки + склад,Высокий,Material aging; BOM; procurement; actual usage,Остатки ткани 31.05.2026,,,Не рассмотрено,,17,3,Wave 2 (31–60 дней)
DEC-01316,Material master,MAT-DRAFT-0575,Unlinked,1 строк; 23430.00 руб.; 1-022,"Подтвердить карточку, UOM, состав, цвет, поставщика и правила объединения",Закупки + склад,Высокий,Material aging; BOM; procurement; actual usage,Остатки ткани 31.05.2026,,,Не рассмотрено,,17,3,Wave 2 (31–60 дней)
DEC-01317,Material master,MAT-DRAFT-0576,Несколько кодов; Несколько исходных наименований,2 строк; 66220.00 руб.; 1-024; 1-036,"Подтвердить карточку, UOM, состав, цвет, поставщика и правила объединения",Закупки + склад,Высокий,Material aging; BOM; procurement; actual usage,Остатки ткани 31.05.2026,,,Не рассмотрено,,17,3,Wave 2 (31–60 дней)
DEC-01318,Material master,MAT-DRAFT-0577,Несколько кодов; Несколько исходных наименований,3 строк; 52360.00 руб.; 1-019; 1-028,"Подтвердить карточку, UOM, состав, цвет, поставщика и правила объединения",Закупки + склад,Высокий,Material aging; BOM; procurement; actual usage,Остатки ткани 31.05.2026,,,Не рассмотрено,,17,3,Wave 2 (31–60 дней)
DEC-01319,Material master,MAT-DRAFT-0578,Unlinked,1 строк; 7260.00 руб.; 1-O-005,"Подтвердить карточку, UOM, состав, цвет, поставщика и правила объединения",Закупки + склад,Средний,Material aging; BOM; procurement; actual usage,Остатки ткани 31.05.2026,,,Не рассмотрено,,17,2,Wave 3 (61–90 дней)
DEC-01320,Material master,MAT-DRAFT-0579,Unlinked,1 строк; 92400.00 руб.; 1-034,"Подтвердить карточку, UOM, состав, цвет, поставщика и правила объединения",Закупки + склад,Высокий,Material aging; BOM; procurement; actual usage,Остатки ткани 31.05.2026,,,Не рассмотрено,,17,3,Wave 2 (31–60 дней)
DEC-01321,Material master,MAT-DRAFT-0581,Unlinked,1 строк; 6820.00 руб.; 1-026,"Подтвердить карточку, UOM, состав, цвет, поставщика и правила объединения",Закупки + склад,Средний,Material aging; BOM; procurement; actual usage,Остатки ткани 31.05.2026,,,Не рассмотрено,,17,2,Wave 3 (61–90 дней)
DEC-01322,Material master,MAT-DRAFT-0584,Unlinked,1 строк; 7260.00 руб.; 1-025,"Подтвердить карточку, UOM, состав, цвет, поставщика и правила объединения",Закупки + склад,Средний,Material aging; BOM; procurement; actual usage,Остатки ткани 31.05.2026,,,Не рассмотрено,,17,2,Wave 3 (61–90 дней)
DEC-01323,Material master,MAT-DRAFT-0585,Unlinked,1 строк; 32640.00 руб.; 1-038,"Подтвердить карточку, UOM, состав, цвет, поставщика и правила объединения",Закупки + склад,Высокий,Material aging; BOM; procurement; actual usage,Остатки ткани 31.05.2026,,,Не рассмотрено,,17,3,Wave 2 (31–60 дней)
DEC-01324,Material master,MAT-DRAFT-0586,Unlinked,1 строк; 53900.00 руб.; 1-031,"Подтвердить карточку, UOM, состав, цвет, поставщика и правила объединения",Закупки + склад,Высокий,Material aging; BOM; procurement; actual usage,Остатки ткани 31.05.2026,,,Не рассмотрено,,17,3,Wave 2 (31–60 дней)
DEC-01325,Material master,MAT-DRAFT-0587,Unlinked,1 строк; 20020.00 руб.; 8A-004,"Подтвердить карточку, UOM, состав, цвет, поставщика и правила объединения",Закупки + склад,Высокий,Material aging; BOM; procurement; actual usage,Остатки ткани 31.05.2026,,,Не рассмотрено,,17,3,Wave 2 (31–60 дней)
DEC-01326,Material master,MAT-DRAFT-0589,Unlinked,1 строк; 14000.00 руб.; 8A-003,"Подтвердить карточку, UOM, состав, цвет, поставщика и правила объединения",Закупки + склад,Высокий,Material aging; BOM; procurement; actual usage,Остатки ткани 31.05.2026,,,Не рассмотрено,,17,3,Wave 2 (31–60 дней)
DEC-01327,Material master,MAT-DRAFT-0590,Unlinked,1 строк; 22790.00 руб.; 8A-002,"Подтвердить карточку, UOM, состав, цвет, поставщика и правила объединения",Закупки + склад,Высокий,Material aging; BOM; procurement; actual usage,Остатки ткани 31.05.2026,,,Не рассмотрено,,17,3,Wave 2 (31–60 дней)
DEC-01328,Material master,MAT-DRAFT-0591,Unlinked,1 строк; 16400.00 руб.; 8A-008,"Подтвердить карточку, UOM, состав, цвет, поставщика и правила объединения",Закупки + склад,Высокий,Material aging; BOM; procurement; actual usage,Остатки ткани 31.05.2026,,,Не рассмотрено,,17,3,Wave 2 (31–60 дней)
DEC-01329,Material master,MAT-DRAFT-0593,Unlinked,1 строк; 14490.00 руб.; 8A-005,"Подтвердить карточку, UOM, состав, цвет, поставщика и правила объединения",Закупки + склад,Высокий,Material aging; BOM; procurement; actual usage,Остатки ткани 31.05.2026,,,Не рассмотрено,,17,3,Wave 2 (31–60 дней)
DEC-01330,Material master,MAT-DRAFT-0594,Unlinked,1 строк; 10000.00 руб.; 17-012,"Подтвердить карточку, UOM, состав, цвет, поставщика и правила объединения",Закупки + склад,Высокий,Material aging; BOM; procurement; actual usage,Остатки ткани 31.05.2026,,,Не рассмотрено,,17,3,Wave 2 (31–60 дней)
DEC-01331,Material master,MAT-DRAFT-0595,Несколько кодов; Несколько исходных наименований,2 строк; 24400.00 руб.; 17-005; 17-006,"Подтвердить карточку, UOM, состав, цвет, поставщика и правила объединения",Закупки + склад,Высокий,Material aging; BOM; procurement; actual usage,Остатки ткани 31.05.2026,,,Не рассмотрено,,17,3,Wave 2 (31–60 дней)
DEC-01332,Material master,MAT-DRAFT-0596,Unlinked,1 строк; 8000.00 руб.; 17-004,"Подтвердить карточку, UOM, состав, цвет, поставщика и правила объединения",Закупки + склад,Средний,Material aging; BOM; procurement; actual usage,Остатки ткани 31.05.2026,,,Не рассмотрено,,17,2,Wave 3 (61–90 дней)
DEC-01333,Material master,MAT-DRAFT-0599,Несколько кодов; Несколько исходных наименований,5 строк; 408625.00 руб.; 16-001; 16-042,"Подтвердить карточку, UOM, состав, цвет, поставщика и правила объединения",Закупки + склад,Высокий,Material aging; BOM; procurement; actual usage,Остатки ткани 31.05.2026,,,Не рассмотрено,,17,3,Wave 2 (31–60 дней)
DEC-01334,Material master,MAT-DRAFT-0601,Unlinked,3 строк; 64380.00 руб.; 17A-057,"Подтвердить карточку, UOM, состав, цвет, поставщика и правила объединения",Закупки + склад,Высокий,Material aging; BOM; procurement; actual usage,Остатки ткани 31.05.2026,,,Не рассмотрено,,17,3,Wave 2 (31–60 дней)
DEC-01335,Material master,MAT-DRAFT-0602,Unlinked,2 строк; 104400.00 руб.; 17A-012,"Подтвердить карточку, UOM, состав, цвет, поставщика и правила объединения",Закупки + склад,Критический,Material aging; BOM; procurement; actual usage,Остатки ткани 31.05.2026,,,Не рассмотрено,,17,4,Wave 1 (0–30 дней)
DEC-01336,Material master,MAT-DRAFT-0607,Unlinked,2 строк; 338850.00 руб.; 17A-060,"Подтвердить карточку, UOM, состав, цвет, поставщика и правила объединения",Закупки + склад,Критический,Material aging; BOM; procurement; actual usage,Остатки ткани 31.05.2026,,,Не рассмотрено,,17,4,Wave 1 (0–30 дней)
DEC-01337,Material master,MAT-DRAFT-0608,Unlinked,1 строк; 24180.00 руб.; 17A-056,"Подтвердить карточку, UOM, состав, цвет, поставщика и правила объединения",Закупки + склад,Высокий,Material aging; BOM; procurement; actual usage,Остатки ткани 31.05.2026,,,Не рассмотрено,,17,3,Wave 2 (31–60 дней)
DEC-01338,Material master,MAT-DRAFT-0610,Unlinked,2 строк; 24940.00 руб.; 17A-016,"Подтвердить карточку, UOM, состав, цвет, поставщика и правила объединения",Закупки + склад,Высокий,Material aging; BOM; procurement; actual usage,Остатки ткани 31.05.2026,,,Не рассмотрено,,17,3,Wave 2 (31–60 дней)
DEC-01339,Material master,MAT-DRAFT-0611,Unlinked,1 строк; 92800.00 руб.; 17A-009,"Подтвердить карточку, UOM, состав, цвет, поставщика и правила объединения",Закупки + склад,Высокий,Material aging; BOM; procurement; actual usage,Остатки ткани 31.05.2026,,,Не рассмотрено,,17,3,Wave 2 (31–60 дней)
DEC-01340,Material master,MAT-DRAFT-0613,Unlinked,2 строк; 80185.00 руб.; 17A-054,"Подтвердить карточку, UOM, состав, цвет, поставщика и правила объединения",Закупки + склад,Высокий,Material aging; BOM; procurement; actual usage,Остатки ткани 31.05.2026,,,Не рассмотрено,,17,3,Wave 2 (31–60 дней)
DEC-01341,Material master,MAT-DRAFT-0614,Несколько кодов; Несколько исходных наименований,3 строк; 95920.00 руб.; 16-022; 16-041,"Подтвердить карточку, UOM, состав, цвет, поставщика и правила объединения",Закупки + склад,Высокий,Material aging; BOM; procurement; actual usage,Остатки ткани 31.05.2026,,,Не рассмотрено,,17,3,Wave 2 (31–60 дней)
DEC-01342,Material master,MAT-DRAFT-0615,Unlinked,2 строк; 57660.00 руб.; 17A-021,"Подтвердить карточку, UOM, состав, цвет, поставщика и правила объединения",Закупки + склад,Высокий,Material aging; BOM; procurement; actual usage,Остатки ткани 31.05.2026,,,Не рассмотрено,,17,3,Wave 2 (31–60 дней)
DEC-01343,Material master,MAT-DRAFT-0617,Несколько кодов; Несколько исходных наименований,7 строк; 106050.00 руб.; 16-017; 16-018; 16-019,"Подтвердить карточку, UOM, состав, цвет, поставщика и правила объединения",Закупки + склад,Высокий,Material aging; BOM; procurement; actual usage,Остатки ткани 31.05.2026,,,Не рассмотрено,,17,3,Wave 2 (31–60 дней)
DEC-01344,Material master,MAT-DRAFT-0618,Unlinked,2 строк; 62060.00 руб.; 17A-022,"Подтвердить карточку, UOM, состав, цвет, поставщика и правила объединения",Закупки + склад,Высокий,Material aging; BOM; procurement; actual usage,Остатки ткани 31.05.2026,,,Не рассмотрено,,17,3,Wave 2 (31–60 дней)
DEC-01345,Material master,MAT-DRAFT-0619,Несколько кодов; Несколько исходных наименований,4 строк; 172350.00 руб.; 16-029; 16-030,"Подтвердить карточку, UOM, состав, цвет, поставщика и правила объединения",Закупки + склад,Высокий,Material aging; BOM; procurement; actual usage,Остатки ткани 31.05.2026,,,Не рассмотрено,,17,3,Wave 2 (31–60 дней)
DEC-01346,Material master,MAT-DRAFT-0620,Unlinked,1 строк; 26980.00 руб.; 17A-003,"Подтвердить карточку, UOM, состав, цвет, поставщика и правила объединения",Закупки + склад,Высокий,Material aging; BOM; procurement; actual usage,Остатки ткани 31.05.2026,,,Не рассмотрено,,17,3,Wave 2 (31–60 дней)
DEC-01347,Material master,MAT-DRAFT-0621,Несколько кодов; Несколько исходных наименований,2 строк; 156535.00 руб.; 16-002; 16-048,"Подтвердить карточку, UOM, состав, цвет, поставщика и правила объединения",Закупки + склад,Высокий,Material aging; BOM; procurement; actual usage,Остатки ткани 31.05.2026,,,Не рассмотрено,,17,3,Wave 2 (31–60 дней)
DEC-01348,Material master,MAT-DRAFT-0622,Несколько кодов; Несколько исходных наименований,4 строк; 91225.00 руб.; 16-033; 16-035,"Подтвердить карточку, UOM, состав, цвет, поставщика и правила объединения",Закупки + склад,Высокий,Material aging; BOM; procurement; actual usage,Остатки ткани 31.05.2026,,,Не рассмотрено,,17,3,Wave 2 (31–60 дней)
DEC-01349,Material master,MAT-DRAFT-0625,Unlinked,1 строк; 18000.00 руб.; 16A-001,"Подтвердить карточку, UOM, состав, цвет, поставщика и правила объединения",Закупки + склад,Высокий,Material aging; BOM; procurement; actual usage,Остатки ткани 31.05.2026,,,Не рассмотрено,,17,3,Wave 2 (31–60 дней)
DEC-01350,Material master,MAT-DRAFT-0626,Unlinked,1 строк; 18000.00 руб.; 16A-002,"Подтвердить карточку, UOM, состав, цвет, поставщика и правила объединения",Закупки + склад,Высокий,Material aging; BOM; procurement; actual usage,Остатки ткани 31.05.2026,,,Не рассмотрено,,17,3,Wave 2 (31–60 дней)
DEC-01351,Material master,MAT-DRAFT-0627,Unlinked,1 строк; 4250.00 руб.; 16A-009,"Подтвердить карточку, UOM, состав, цвет, поставщика и правила объединения",Закупки + склад,Средний,Material aging; BOM; procurement; actual usage,Остатки ткани 31.05.2026,,,Не рассмотрено,,17,2,Wave 3 (61–90 дней)
DEC-01352,Material master,MAT-DRAFT-0628,Unlinked,1 строк; 7750.00 руб.; 16A-008,"Подтвердить карточку, UOM, состав, цвет, поставщика и правила объединения",Закупки + склад,Средний,Material aging; BOM; procurement; actual usage,Остатки ткани 31.05.2026,,,Не рассмотрено,,17,2,Wave 3 (61–90 дней)
DEC-01353,Material master,MAT-DRAFT-0629,Unlinked,2 строк; 19500.00 руб.; 16A-007,"Подтвердить карточку, UOM, состав, цвет, поставщика и правила объединения",Закупки + склад,Высокий,Material aging; BOM; procurement; actual usage,Остатки ткани 31.05.2026,,,Не рассмотрено,,17,3,Wave 2 (31–60 дней)
DEC-01354,Material master,MAT-DRAFT-0630,Unlinked,1 строк; 12500.00 руб.; 16A-004,"Подтвердить карточку, UOM, состав, цвет, поставщика и правила объединения",Закупки + склад,Высокий,Material aging; BOM; procurement; actual usage,Остатки ткани 31.05.2026,,,Не рассмотрено,,17,3,Wave 2 (31–60 дней)
DEC-01355,Material master,MAT-DRAFT-0631,Unlinked,1 строк; 21875.00 руб.; 16A-003,"Подтвердить карточку, UOM, состав, цвет, поставщика и правила объединения",Закупки + склад,Высокий,Material aging; BOM; procurement; actual usage,Остатки ткани 31.05.2026,,,Не рассмотрено,,17,3,Wave 2 (31–60 дней)
DEC-01356,Material master,MAT-DRAFT-0632,Unlinked,1 строк; 7000.00 руб.; 16A-006,"Подтвердить карточку, UOM, состав, цвет, поставщика и правила объединения",Закупки + склад,Средний,Material aging; BOM; procurement; actual usage,Остатки ткани 31.05.2026,,,Не рассмотрено,,17,2,Wave 3 (61–90 дней)
DEC-01357,Material master,MAT-DRAFT-0634,Unlinked,1 строк; 3100.00 руб.; 17A-043,"Подтвердить карточку, UOM, состав, цвет, поставщика и правила объединения",Закупки + склад,Средний,Material aging; BOM; procurement; actual usage,Остатки ткани 31.05.2026,,,Не рассмотрено,,17,2,Wave 3 (61–90 дней)
DEC-01358,Material master,MAT-DRAFT-0635,Unlinked,1 строк; 18600.00 руб.; 17A-039,"Подтвердить карточку, UOM, состав, цвет, поставщика и правила объединения",Закупки + склад,Высокий,Material aging; BOM; procurement; actual usage,Остатки ткани 31.05.2026,,,Не рассмотрено,,17,3,Wave 2 (31–60 дней)
DEC-01359,Material master,MAT-DRAFT-0636,Unlinked,2 строк; 43400.00 руб.; 17A-036,"Подтвердить карточку, UOM, состав, цвет, поставщика и правила объединения",Закупки + склад,Высокий,Material aging; BOM; procurement; actual usage,Остатки ткани 31.05.2026,,,Не рассмотрено,,17,3,Wave 2 (31–60 дней)
DEC-01360,Material master,MAT-DRAFT-0637,Unlinked,1 строк; 10850.00 руб.; 17A-040,"Подтвердить карточку, UOM, состав, цвет, поставщика и правила объединения",Закупки + склад,Высокий,Material aging; BOM; procurement; actual usage,Остатки ткани 31.05.2026,,,Не рассмотрено,,17,3,Wave 2 (31–60 дней)
DEC-01361,Material master,MAT-DRAFT-0638,Unlinked,1 строк; 21700.00 руб.; 17A-038,"Подтвердить карточку, UOM, состав, цвет, поставщика и правила объединения",Закупки + склад,Высокий,Material aging; BOM; procurement; actual usage,Остатки ткани 31.05.2026,,,Не рассмотрено,,17,3,Wave 2 (31–60 дней)
DEC-01362,Material master,MAT-DRAFT-0639,Unlinked,1 строк; 74200.00 руб.; 17A-046,"Подтвердить карточку, UOM, состав, цвет, поставщика и правила объединения",Закупки + склад,Высокий,Material aging; BOM; procurement; actual usage,Остатки ткани 31.05.2026,,,Не рассмотрено,,17,3,Wave 2 (31–60 дней)
DEC-01363,Material master,MAT-DRAFT-0640,Unlinked,1 строк; 26680.00 руб.; 17A-045,"Подтвердить карточку, UOM, состав, цвет, поставщика и правила объединения",Закупки + склад,Высокий,Material aging; BOM; procurement; actual usage,Остатки ткани 31.05.2026,,,Не рассмотрено,,17,3,Wave 2 (31–60 дней)
DEC-01364,Material master,MAT-DRAFT-0647,Unlinked,1 строк; 15750.00 руб.; 16-028,"Подтвердить карточку, UOM, состав, цвет, поставщика и правила объединения",Закупки + склад,Высокий,Material aging; BOM; procurement; actual usage,Остатки ткани 31.05.2026,,,Не рассмотрено,,17,3,Wave 2 (31–60 дней)
DEC-01365,Material master,MAT-DRAFT-0648,Unlinked,1 строк; 99470.00 руб.; 17A-051,"Подтвердить карточку, UOM, состав, цвет, поставщика и правила объединения",Закупки + склад,Высокий,Material aging; BOM; procurement; actual usage,Остатки ткани 31.05.2026,,,Не рассмотрено,,17,3,Wave 2 (31–60 дней)
DEC-01366,Material master,MAT-DRAFT-0649,Unlinked,2 строк; 172050.00 руб.; 17A-062,"Подтвердить карточку, UOM, состав, цвет, поставщика и правила объединения",Закупки + склад,Критический,Material aging; BOM; procurement; actual usage,Остатки ткани 31.05.2026,,,Не рассмотрено,,17,4,Wave 1 (0–30 дней)
DEC-01367,Material master,MAT-DRAFT-0650,Unlinked,2 строк; 362100.00 руб.; 17A-061,"Подтвердить карточку, UOM, состав, цвет, поставщика и правила объединения",Закупки + склад,Критический,Material aging; BOM; procurement; actual usage,Остатки ткани 31.05.2026,,,Не рассмотрено,,17,4,Wave 1 (0–30 дней)
DEC-01368,Material master,MAT-DRAFT-0651,Unlinked,2 строк; 156240.00 руб.; 17A-031,"Подтвердить карточку, UOM, состав, цвет, поставщика и правила объединения",Закупки + склад,Критический,Material aging; BOM; procurement; actual usage,Остатки ткани 31.05.2026,,,Не рассмотрено,,17,4,Wave 1 (0–30 дней)
DEC-01369,Material master,MAT-DRAFT-0652,Unlinked,1 строк; 14760.00 руб.; 17-011,"Подтвердить карточку, UOM, состав, цвет, поставщика и правила объединения",Закупки + склад,Высокий,Material aging; BOM; procurement; actual usage,Остатки ткани 31.05.2026,,,Не рассмотрено,,17,3,Wave 2 (31–60 дней)
DEC-01370,Material master,MAT-DRAFT-0653,Unlinked,1 строк; 20400.00 руб.; 17-010,"Подтвердить карточку, UOM, состав, цвет, поставщика и правила объединения",Закупки + склад,Высокий,Material aging; BOM; procurement; actual usage,Остатки ткани 31.05.2026,,,Не рассмотрено,,17,3,Wave 2 (31–60 дней)
DEC-01371,Material master,MAT-DRAFT-0656,Несколько кодов; Несколько исходных наименований,6 строк; 150000.00 руб.; 16-003; 16-004,"Подтвердить карточку, UOM, состав, цвет, поставщика и правила объединения",Закупки + склад,Высокий,Material aging; BOM; procurement; actual usage,Остатки ткани 31.05.2026,,,Не рассмотрено,,17,3,Wave 2 (31–60 дней)
DEC-01372,Material master,MAT-DRAFT-0657,Несколько кодов; Несколько исходных наименований,5 строк; 104890.00 руб.; 16-005; 16-006; 16-007,"Подтвердить карточку, UOM, состав, цвет, поставщика и правила объединения",Закупки + склад,Высокий,Material aging; BOM; procurement; actual usage,Остатки ткани 31.05.2026,,,Не рассмотрено,,17,3,Wave 2 (31–60 дней)
DEC-01373,Material master,MAT-DRAFT-0659,Unlinked,2 строк; 71340.00 руб.; 17A-049,"Подтвердить карточку, UOM, состав, цвет, поставщика и правила объединения",Закупки + склад,Высокий,Material aging; BOM; procurement; actual usage,Остатки ткани 31.05.2026,,,Не рассмотрено,,17,3,Wave 2 (31–60 дней)
DEC-01374,Material master,MAT-DRAFT-0661,Несколько кодов; Несколько исходных наименований,4 строк; 126650.00 руб.; 16-020; 16-039,"Подтвердить карточку, UOM, состав, цвет, поставщика и правила объединения",Закупки + склад,Высокий,Material aging; BOM; procurement; actual usage,Остатки ткани 31.05.2026,,,Не рассмотрено,,17,3,Wave 2 (31–60 дней)
DEC-01375,Material master,MAT-DRAFT-0663,Unlinked,2 строк; 118800.00 руб.; 17A-006,"Подтвердить карточку, UOM, состав, цвет, поставщика и правила объединения",Закупки + склад,Критический,Material aging; BOM; procurement; actual usage,Остатки ткани 31.05.2026,,,Не рассмотрено,,17,4,Wave 1 (0–30 дней)
DEC-01376,Material master,MAT-DRAFT-0664,Unlinked,1 строк; 8370.00 руб.; 17A-027,"Подтвердить карточку, UOM, состав, цвет, поставщика и правила объединения",Закупки + склад,Средний,Material aging; BOM; procurement; actual usage,Остатки ткани 31.05.2026,,,Не рассмотрено,,17,2,Wave 3 (61–90 дней)
DEC-01377,Material master,MAT-DRAFT-0668,Unlinked,2 строк; 11925.00 руб.; 16-012,"Подтвердить карточку, UOM, состав, цвет, поставщика и правила объединения",Закупки + склад,Высокий,Material aging; BOM; procurement; actual usage,Остатки ткани 31.05.2026,,,Не рассмотрено,,17,3,Wave 2 (31–60 дней)
DEC-01378,Material master,MAT-DRAFT-0671,Несколько кодов; Несколько исходных наименований,4 строк; 104625.00 руб.; 16-024; 16-026,"Подтвердить карточку, UOM, состав, цвет, поставщика и правила объединения",Закупки + склад,Высокий,Material aging; BOM; procurement; actual usage,Остатки ткани 31.05.2026,,,Не рассмотрено,,17,3,Wave 2 (31–60 дней)
DEC-01379,Material master,MAT-DRAFT-0672,Unlinked,3 строк; 76966.00 руб.; 17A-048,"Подтвердить карточку, UOM, состав, цвет, поставщика и правила объединения",Закупки + склад,Высокий,Material aging; BOM; procurement; actual usage,Остатки ткани 31.05.2026,,,Не рассмотрено,,17,3,Wave 2 (31–60 дней)
DEC-01380,Material master,MAT-DRAFT-0673,Unlinked,1 строк; 22000.00 руб.; 16-025,"Подтвердить карточку, UOM, состав, цвет, поставщика и правила объединения",Закупки + склад,Высокий,Material aging; BOM; procurement; actual usage,Остатки ткани 31.05.2026,,,Не рассмотрено,,17,3,Wave 2 (31–60 дней)
DEC-01381,Material master,MAT-DRAFT-0677,Unlinked,1 строк; 30160.00 руб.; 17A-058,"Подтвердить карточку, UOM, состав, цвет, поставщика и правила объединения",Закупки + склад,Высокий,Material aging; BOM; procurement; actual usage,Остатки ткани 31.05.2026,,,Не рассмотрено,,17,3,Wave 2 (31–60 дней)
DEC-01382,Material master,MAT-DRAFT-0678,Unlinked,1 строк; 28675.00 руб.; 17A-013,"Подтвердить карточку, UOM, состав, цвет, поставщика и правила объединения",Закупки + склад,Высокий,Material aging; BOM; procurement; actual usage,Остатки ткани 31.05.2026,,,Не рассмотрено,,17,3,Wave 2 (31–60 дней)
DEC-01383,Material master,MAT-DRAFT-0679,Unlinked,1 строк; 22620.00 руб.; 17A-059,"Подтвердить карточку, UOM, состав, цвет, поставщика и правила объединения",Закупки + склад,Высокий,Material aging; BOM; procurement; actual usage,Остатки ткани 31.05.2026,,,Не рассмотрено,,17,3,Wave 2 (31–60 дней)
DEC-01384,Material master,MAT-DRAFT-0680,Unlinked,2 строк; 173700.00 руб.; 17A-007,"Подтвердить карточку, UOM, состав, цвет, поставщика и правила объединения",Закупки + склад,Критический,Material aging; BOM; procurement; actual usage,Остатки ткани 31.05.2026,,,Не рассмотрено,,17,4,Wave 1 (0–30 дней)
DEC-01385,Material master,MAT-DRAFT-0681,Unlinked,3 строк; 255702.00 руб.; 17A-015,"Подтвердить карточку, UOM, состав, цвет, поставщика и правила объединения",Закупки + склад,Критический,Material aging; BOM; procurement; actual usage,Остатки ткани 31.05.2026,,,Не рассмотрено,,17,4,Wave 1 (0–30 дней)
DEC-01386,Material master,MAT-DRAFT-0682,Unlinked,3 строк; 115130.00 руб.; 17A-010,"Подтвердить карточку, UOM, состав, цвет, поставщика и правила объединения",Закупки + склад,Критический,Material aging; BOM; procurement; actual usage,Остатки ткани 31.05.2026,,,Не рассмотрено,,17,4,Wave 1 (0–30 дней)
DEC-01387,Material master,MAT-DRAFT-0684,Unlinked,1 строк; 24800.00 руб.; 17A-030,"Подтвердить карточку, UOM, состав, цвет, поставщика и правила объединения",Закупки + склад,Высокий,Material aging; BOM; procurement; actual usage,Остатки ткани 31.05.2026,,,Не рассмотрено,,17,3,Wave 2 (31–60 дней)
DEC-01388,Material master,MAT-DRAFT-0685,Unlinked,1 строк; 15570.00 руб.; 17A-005,"Подтвердить карточку, UOM, состав, цвет, поставщика и правила объединения",Закупки + склад,Высокий,Material aging; BOM; procurement; actual usage,Остатки ткани 31.05.2026,,,Не рассмотрено,,17,3,Wave 2 (31–60 дней)
DEC-01389,Material master,MAT-DRAFT-0686,Unlinked,2 строк; 72500.00 руб.; 17A-026,"Подтвердить карточку, UOM, состав, цвет, поставщика и правила объединения",Закупки + склад,Высокий,Material aging; BOM; procurement; actual usage,Остатки ткани 31.05.2026,,,Не рассмотрено,,17,3,Wave 2 (31–60 дней)
DEC-01390,Material master,MAT-DRAFT-0688,Unlinked,2 строк; 81925.00 руб.; 17A-047,"Подтвердить карточку, UOM, состав, цвет, поставщика и правила объединения",Закупки + склад,Высокий,Material aging; BOM; procurement; actual usage,Остатки ткани 31.05.2026,,,Не рассмотрено,,17,3,Wave 2 (31–60 дней)
DEC-01391,Material master,MAT-DRAFT-0690,Unlinked,3 строк; 61770.00 руб.; 17A-053,"Подтвердить карточку, UOM, состав, цвет, поставщика и правила объединения",Закупки + склад,Высокий,Material aging; BOM; procurement; actual usage,Остатки ткани 31.05.2026,,,Не рассмотрено,,17,3,Wave 2 (31–60 дней)
DEC-01392,Material master,MAT-DRAFT-0692,Unlinked,1 строк; 10695.00 руб.; 17A-042,"Подтвердить карточку, UOM, состав, цвет, поставщика и правила объединения",Закупки + склад,Высокий,Material aging; BOM; procurement; actual usage,Остатки ткани 31.05.2026,,,Не рассмотрено,,17,3,Wave 2 (31–60 дней)
DEC-01393,Material master,MAT-DRAFT-0693,Unlinked,1 строк; 11800.00 руб.; 8-015,"Подтвердить карточку, UOM, состав, цвет, поставщика и правила объединения",Закупки + склад,Высокий,Material aging; BOM; procurement; actual usage,Остатки ткани 31.05.2026,,,Не рассмотрено,,17,3,Wave 2 (31–60 дней)
DEC-01394,Material master,MAT-DRAFT-0694,Несколько кодов; Несколько исходных наименований,2 строк; 20100.00 руб.; 8-040; 8-041,"Подтвердить карточку, UOM, состав, цвет, поставщика и правила объединения",Закупки + склад,Высокий,Material aging; BOM; procurement; actual usage,Остатки ткани 31.05.2026,,,Не рассмотрено,,17,3,Wave 2 (31–60 дней)
DEC-01395,Material master,MAT-DRAFT-0695,Unlinked,1 строк; 9000.00 руб.; 8-004,"Подтвердить карточку, UOM, состав, цвет, поставщика и правила объединения",Закупки + склад,Средний,Material aging; BOM; procurement; actual usage,Остатки ткани 31.05.2026,,,Не рассмотрено,,17,2,Wave 3 (61–90 дней)
DEC-01396,Material master,MAT-DRAFT-0696,Unlinked,1 строк; 13200.00 руб.; 8-006,"Подтвердить карточку, UOM, состав, цвет, поставщика и правила объединения",Закупки + склад,Высокий,Material aging; BOM; procurement; actual usage,Остатки ткани 31.05.2026,,,Не рассмотрено,,17,3,Wave 2 (31–60 дней)
DEC-01397,Material master,MAT-DRAFT-0698,Unlinked,1 строк; 19400.00 руб.; 8-001,"Подтвердить карточку, UOM, состав, цвет, поставщика и правила объединения",Закупки + склад,Высокий,Material aging; BOM; procurement; actual usage,Остатки ткани 31.05.2026,,,Не рассмотрено,,17,3,Wave 2 (31–60 дней)
DEC-01398,Material master,MAT-DRAFT-0699,Unlinked,1 строк; 4200.00 руб.; 8-O-006,"Подтвердить карточку, UOM, состав, цвет, поставщика и правила объединения",Закупки + склад,Средний,Material aging; BOM; procurement; actual usage,Остатки ткани 31.05.2026,,,Не рассмотрено,,17,2,Wave 3 (61–90 дней)
DEC-01399,Material master,MAT-DRAFT-0700,Unlinked,1 строк; 14600.00 руб.; 8-002,"Подтвердить карточку, UOM, состав, цвет, поставщика и правила объединения",Закупки + склад,Высокий,Material aging; BOM; procurement; actual usage,Остатки ткани 31.05.2026,,,Не рассмотрено,,17,3,Wave 2 (31–60 дней)
DEC-01400,Material master,MAT-DRAFT-0701,Unlinked,1 строк; 6000.00 руб.; 8-O-008,"Подтвердить карточку, UOM, состав, цвет, поставщика и правила объединения",Закупки + склад,Средний,Material aging; BOM; procurement; actual usage,Остатки ткани 31.05.2026,,,Не рассмотрено,,17,2,Wave 3 (61–90 дней)
DEC-01401,Material master,MAT-DRAFT-0702,Несколько кодов; Несколько исходных наименований,2 строк; 29400.00 руб.; 8-003; 8-019,"Подтвердить карточку, UOM, состав, цвет, поставщика и правила объединения",Закупки + склад,Высокий,Material aging; BOM; procurement; actual usage,Остатки ткани 31.05.2026,,,Не рассмотрено,,17,3,Wave 2 (31–60 дней)
DEC-01402,Material master,MAT-DRAFT-0703,Несколько кодов; Несколько исходных наименований,2 строк; 18000.00 руб.; 8-009; 8-010,"Подтвердить карточку, UOM, состав, цвет, поставщика и правила объединения",Закупки + склад,Высокий,Material aging; BOM; procurement; actual usage,Остатки ткани 31.05.2026,,,Не рассмотрено,,17,3,Wave 2 (31–60 дней)
DEC-01403,Material master,MAT-DRAFT-0704,Unlinked,1 строк; 10600.00 руб.; 8-045,"Подтвердить карточку, UOM, состав, цвет, поставщика и правила объединения",Закупки + склад,Высокий,Material aging; BOM; procurement; actual usage,Остатки ткани 31.05.2026,,,Не рассмотрено,,17,3,Wave 2 (31–60 дней)
DEC-01404,Material master,MAT-DRAFT-0705,Unlinked,1 строк; 12400.00 руб.; 8-020,"Подтвердить карточку, UOM, состав, цвет, поставщика и правила объединения",Закупки + склад,Высокий,Material aging; BOM; procurement; actual usage,Остатки ткани 31.05.2026,,,Не рассмотрено,,17,3,Wave 2 (31–60 дней)
DEC-01405,Material master,MAT-DRAFT-0706,Unlinked,1 строк; 5000.00 руб.; 8-O-002,"Подтвердить карточку, UOM, состав, цвет, поставщика и правила объединения",Закупки + склад,Средний,Material aging; BOM; procurement; actual usage,Остатки ткани 31.05.2026,,,Не рассмотрено,,17,2,Wave 3 (61–90 дней)
DEC-01406,Material master,MAT-DRAFT-0707,Unlinked,1 строк; 2000.00 руб.; 8-O-007,"Подтвердить карточку, UOM, состав, цвет, поставщика и правила объединения",Закупки + склад,Средний,Material aging; BOM; procurement; actual usage,Остатки ткани 31.05.2026,,,Не рассмотрено,,17,2,Wave 3 (61–90 дней)
DEC-01407,Material master,MAT-DRAFT-0708,Unlinked,1 строк; 120000.00 руб.; 8-058,"Подтвердить карточку, UOM, состав, цвет, поставщика и правила объединения",Закупки + склад,Критический,Material aging; BOM; procurement; actual usage,Остатки ткани 31.05.2026,,,Не рассмотрено,,17,4,Wave 1 (0–30 дней)
DEC-01408,Material master,MAT-DRAFT-0709,Unlinked,1 строк; 28750.00 руб.; 8-061,"Подтвердить карточку, UOM, состав, цвет, поставщика и правила объединения",Закупки + склад,Высокий,Material aging; BOM; procurement; actual usage,Остатки ткани 31.05.2026,,,Не рассмотрено,,17,3,Wave 2 (31–60 дней)
DEC-01409,Material master,MAT-DRAFT-0710,Несколько кодов; Несколько исходных наименований,2 строк; 48000.00 руб.; 8-051; 8-052,"Подтвердить карточку, UOM, состав, цвет, поставщика и правила объединения",Закупки + склад,Высокий,Material aging; BOM; procurement; actual usage,Остатки ткани 31.05.2026,,,Не рассмотрено,,17,3,Wave 2 (31–60 дней)
DEC-01410,Material master,MAT-DRAFT-0711,Unlinked,1 строк; 40500.00 руб.; 8-060,"Подтвердить карточку, UOM, состав, цвет, поставщика и правила объединения",Закупки + склад,Высокий,Material aging; BOM; procurement; actual usage,Остатки ткани 31.05.2026,,,Не рассмотрено,,17,3,Wave 2 (31–60 дней)
DEC-01411,Material master,MAT-DRAFT-0712,Unlinked,1 строк; 23750.00 руб.; 8-057,"Подтвердить карточку, UOM, состав, цвет, поставщика и правила объединения",Закупки + склад,Высокий,Material aging; BOM; procurement; actual usage,Остатки ткани 31.05.2026,,,Не рассмотрено,,17,3,Wave 2 (31–60 дней)
DEC-01412,Material master,MAT-DRAFT-0713,Несколько кодов; Несколько исходных наименований,3 строк; 58750.00 руб.; 8-053; 8-054,"Подтвердить карточку, UOM, состав, цвет, поставщика и правила объединения",Закупки + склад,Высокий,Material aging; BOM; procurement; actual usage,Остатки ткани 31.05.2026,,,Не рассмотрено,,17,3,Wave 2 (31–60 дней)
DEC-01413,Material master,MAT-DRAFT-0716,Unlinked,1 строк; 11600.00 руб.; 8-037,"Подтвердить карточку, UOM, состав, цвет, поставщика и правила объединения",Закупки + склад,Высокий,Material aging; BOM; procurement; actual usage,Остатки ткани 31.05.2026,,,Не рассмотрено,,17,3,Wave 2 (31–60 дней)
DEC-01414,Material master,MAT-DRAFT-0717,Несколько кодов; Несколько исходных наименований,2 строк; 27375.00 руб.; 8-038; 8-062,"Подтвердить карточку, UOM, состав, цвет, поставщика и правила объединения",Закупки + склад,Высокий,Material aging; BOM; procurement; actual usage,Остатки ткани 31.05.2026,,,Не рассмотрено,,17,3,Wave 2 (31–60 дней)
DEC-01415,Material master,MAT-DRAFT-0718,Несколько кодов; Несколько исходных наименований,3 строк; 51150.00 руб.; 9-009; 9-014; 9-025,"Подтвердить карточку, UOM, состав, цвет, поставщика и правила объединения",Закупки + склад,Высокий,Material aging; BOM; procurement; actual usage,Остатки ткани 31.05.2026,,,Не рассмотрено,,17,3,Wave 2 (31–60 дней)
DEC-01416,Material master,MAT-DRAFT-0722,Unlinked,1 строк; 27600.00 руб.; 9-003,"Подтвердить карточку, UOM, состав, цвет, поставщика и правила объединения",Закупки + склад,Высокий,Material aging; BOM; procurement; actual usage,Остатки ткани 31.05.2026,,,Не рассмотрено,,17,3,Wave 2 (31–60 дней)
DEC-01417,Material master,MAT-DRAFT-0723,Несколько кодов; Несколько исходных наименований,2 строк; 68400.00 руб.; 9-015; 9-017,"Подтвердить карточку, UOM, состав, цвет, поставщика и правила объединения",Закупки + склад,Высокий,Material aging; BOM; procurement; actual usage,Остатки ткани 31.05.2026,,,Не рассмотрено,,17,3,Wave 2 (31–60 дней)
DEC-01418,Material master,MAT-DRAFT-0724,Unlinked,1 строк; 4500.00 руб.; 9-O-001,"Подтвердить карточку, UOM, состав, цвет, поставщика и правила объединения",Закупки + склад,Средний,Material aging; BOM; procurement; actual usage,Остатки ткани 31.05.2026,,,Не рассмотрено,,17,2,Wave 3 (61–90 дней)
DEC-01419,Material master,MAT-DRAFT-0726,Unlinked,1 строк; 9000.00 руб.; 9-O-005,"Подтвердить карточку, UOM, состав, цвет, поставщика и правила объединения",Закупки + склад,Средний,Material aging; BOM; procurement; actual usage,Остатки ткани 31.05.2026,,,Не рассмотрено,,17,2,Wave 3 (61–90 дней)
DEC-01420,Material master,MAT-DRAFT-0727,Unlinked,1 строк; 8100.00 руб.; 9-O-006,"Подтвердить карточку, UOM, состав, цвет, поставщика и правила объединения",Закупки + склад,Средний,Material aging; BOM; procurement; actual usage,Остатки ткани 31.05.2026,,,Не рассмотрено,,17,2,Wave 3 (61–90 дней)
DEC-01421,Material master,MAT-DRAFT-0728,Unlinked,1 строк; 48000.00 руб.; 9-013,"Подтвердить карточку, UOM, состав, цвет, поставщика и правила объединения",Закупки + склад,Высокий,Material aging; BOM; procurement; actual usage,Остатки ткани 31.05.2026,,,Не рассмотрено,,17,3,Wave 2 (31–60 дней)
DEC-01422,Material master,MAT-DRAFT-0729,Unlinked,1 строк; 9750.00 руб.; 9-024,"Подтвердить карточку, UOM, состав, цвет, поставщика и правила объединения",Закупки + склад,Средний,Material aging; BOM; procurement; actual usage,Остатки ткани 31.05.2026,,,Не рассмотрено,,17,2,Wave 3 (61–90 дней)
DEC-01423,Material master,MAT-DRAFT-0730,Unlinked,1 строк; 10200.00 руб.; 9-007,"Подтвердить карточку, UOM, состав, цвет, поставщика и правила объединения",Закупки + склад,Высокий,Material aging; BOM; procurement; actual usage,Остатки ткани 31.05.2026,,,Не рассмотрено,,17,3,Wave 2 (31–60 дней)
DEC-01424,Material master,MAT-DRAFT-0731,Unlinked,1 строк; 7650.00 руб.; 9-O-002,"Подтвердить карточку, UOM, состав, цвет, поставщика и правила объединения",Закупки + склад,Средний,Material aging; BOM; procurement; actual usage,Остатки ткани 31.05.2026,,,Не рассмотрено,,17,2,Wave 3 (61–90 дней)
DEC-01425,Material master,MAT-DRAFT-0733,Unlinked,1 строк; 15300.00 руб.; 9-002,"Подтвердить карточку, UOM, состав, цвет, поставщика и правила объединения",Закупки + склад,Высокий,Material aging; BOM; procurement; actual usage,Остатки ткани 31.05.2026,,,Не рассмотрено,,17,3,Wave 2 (31–60 дней)
DEC-01426,Material master,MAT-DRAFT-0734,Несколько кодов; Несколько исходных наименований,3 строк; 53700.00 руб.; 9-005; 9-020; 9-021,"Подтвердить карточку, UOM, состав, цвет, поставщика и правила объединения",Закупки + склад,Высокий,Material aging; BOM; procurement; actual usage,Остатки ткани 31.05.2026,,,Не рассмотрено,,17,3,Wave 2 (31–60 дней)
DEC-01427,Material master,MAT-DRAFT-0735,Unlinked,1 строк; 41100.00 руб.; 9-018,"Подтвердить карточку, UOM, состав, цвет, поставщика и правила объединения",Закупки + склад,Высокий,Material aging; BOM; procurement; actual usage,Остатки ткани 31.05.2026,,,Не рассмотрено,,17,3,Wave 2 (31–60 дней)
DEC-01428,Material master,MAT-DRAFT-0738,Unlinked,1 строк; 19500.00 руб.; 9-019,"Подтвердить карточку, UOM, состав, цвет, поставщика и правила объединения",Закупки + склад,Высокий,Material aging; BOM; procurement; actual usage,Остатки ткани 31.05.2026,,,Не рассмотрено,,17,3,Wave 2 (31–60 дней)
DEC-01429,Material master,MAT-DRAFT-0740,Unlinked,1 строк; 8800.00 руб.; 8-017,"Подтвердить карточку, UOM, состав, цвет, поставщика и правила объединения",Закупки + склад,Средний,Material aging; BOM; procurement; actual usage,Остатки ткани 31.05.2026,,,Не рассмотрено,,17,2,Wave 3 (61–90 дней)
DEC-01430,Material master,MAT-DRAFT-0741,Unlinked,1 строк; 21000.00 руб.; 8-018,"Подтвердить карточку, UOM, состав, цвет, поставщика и правила объединения",Закупки + склад,Высокий,Material aging; BOM; procurement; actual usage,Остатки ткани 31.05.2026,,,Не рассмотрено,,17,3,Wave 2 (31–60 дней)
DEC-01431,Material master,MAT-DRAFT-0743,Unlinked,1 строк; 12800.00 руб.; 8-035,"Подтвердить карточку, UOM, состав, цвет, поставщика и правила объединения",Закупки + склад,Высокий,Material aging; BOM; procurement; actual usage,Остатки ткани 31.05.2026,,,Не рассмотрено,,17,3,Wave 2 (31–60 дней)
DEC-01432,Material master,MAT-DRAFT-0744,Unlinked,1 строк; 5200.00 руб.; 8-O-009,"Подтвердить карточку, UOM, состав, цвет, поставщика и правила объединения",Закупки + склад,Средний,Material aging; BOM; procurement; actual usage,Остатки ткани 31.05.2026,,,Не рассмотрено,,17,2,Wave 3 (61–90 дней)
DEC-01433,Material master,MAT-DRAFT-0745,Unlinked,1 строк; 5200.00 руб.; 8-O-011,"Подтвердить карточку, UOM, состав, цвет, поставщика и правила объединения",Закупки + склад,Средний,Material aging; BOM; procurement; actual usage,Остатки ткани 31.05.2026,,,Не рассмотрено,,17,2,Wave 3 (61–90 дней)
DEC-01434,Material master,MAT-DRAFT-0746,Несколько кодов; Несколько исходных наименований,2 строк; 17300.00 руб.; 8-007; 8-013,"Подтвердить карточку, UOM, состав, цвет, поставщика и правила объединения",Закупки + склад,Высокий,Material aging; BOM; procurement; actual usage,Остатки ткани 31.05.2026,,,Не рассмотрено,,17,3,Wave 2 (31–60 дней)
DEC-01435,Material master,MAT-DRAFT-0747,Unlinked,1 строк; 4000.00 руб.; 8-O-004,"Подтвердить карточку, UOM, состав, цвет, поставщика и правила объединения",Закупки + склад,Средний,Material aging; BOM; procurement; actual usage,Остатки ткани 31.05.2026,,,Не рассмотрено,,17,2,Wave 3 (61–90 дней)
DEC-01436,Material master,MAT-DRAFT-0748,Unlinked,1 строк; 11520.00 руб.; 8-014,"Подтвердить карточку, UOM, состав, цвет, поставщика и правила объединения",Закупки + склад,Высокий,Material aging; BOM; procurement; actual usage,Остатки ткани 31.05.2026,,,Не рассмотрено,,17,3,Wave 2 (31–60 дней)
DEC-01437,Material master,MAT-DRAFT-0749,Unlinked,1 строк; 4000.00 руб.; 8-O-003,"Подтвердить карточку, UOM, состав, цвет, поставщика и правила объединения",Закупки + склад,Средний,Material aging; BOM; procurement; actual usage,Остатки ткани 31.05.2026,,,Не рассмотрено,,17,2,Wave 3 (61–90 дней)
DEC-01438,Material master,MAT-DRAFT-0750,Unlinked,1 строк; 28200.00 руб.; 8-034,"Подтвердить карточку, UOM, состав, цвет, поставщика и правила объединения",Закупки + склад,Высокий,Material aging; BOM; procurement; actual usage,Остатки ткани 31.05.2026,,,Не рассмотрено,,17,3,Wave 2 (31–60 дней)
DEC-01439,Material master,MAT-DRAFT-0751,Unlinked,1 строк; 9400.00 руб.; 8-030,"Подтвердить карточку, UOM, состав, цвет, поставщика и правила объединения",Закупки + склад,Средний,Material aging; BOM; procurement; actual usage,Остатки ткани 31.05.2026,,,Не рассмотрено,,17,2,Wave 3 (61–90 дней)
DEC-01440,Material master,MAT-DRAFT-0752,Несколько кодов; Несколько исходных наименований,3 строк; 39000.00 руб.; 8-046; 8-049; 8-050,"Подтвердить карточку, UOM, состав, цвет, поставщика и правила объединения",Закупки + склад,Высокий,Material aging; BOM; procurement; actual usage,Остатки ткани 31.05.2026,,,Не рассмотрено,,17,3,Wave 2 (31–60 дней)
DEC-01441,Material master,MAT-DRAFT-0753,Unlinked,1 строк; 2000.00 руб.; 8-O-005,"Подтвердить карточку, UOM, состав, цвет, поставщика и правила объединения",Закупки + склад,Средний,Material aging; BOM; procurement; actual usage,Остатки ткани 31.05.2026,,,Не рассмотрено,,17,2,Wave 3 (61–90 дней)
DEC-01442,Material master,MAT-DRAFT-0754,Unlinked,1 строк; 4000.00 руб.; 8-O-013,"Подтвердить карточку, UOM, состав, цвет, поставщика и правила объединения",Закупки + склад,Средний,Material aging; BOM; procurement; actual usage,Остатки ткани 31.05.2026,,,Не рассмотрено,,17,2,Wave 3 (61–90 дней)
DEC-01443,Material master,MAT-DRAFT-0755,Unlinked,1 строк; 7200.00 руб.; 8-O-014,"Подтвердить карточку, UOM, состав, цвет, поставщика и правила объединения",Закупки + склад,Средний,Material aging; BOM; procurement; actual usage,Остатки ткани 31.05.2026,,,Не рассмотрено,,17,2,Wave 3 (61–90 дней)
DEC-01444,Material master,MAT-DRAFT-0756,Unlinked,1 строк; 26900.00 руб.; 8-070,"Подтвердить карточку, UOM, состав, цвет, поставщика и правила объединения",Закупки + склад,Высокий,Material aging; BOM; procurement; actual usage,Остатки ткани 31.05.2026,,,Не рассмотрено,,17,3,Wave 2 (31–60 дней)
DEC-01445,Material master,MAT-DRAFT-0757,Несколько кодов; Несколько исходных наименований,2 строк; 28400.00 руб.; 8-065; 8-066,"Подтвердить карточку, UOM, состав, цвет, поставщика и правила объединения",Закупки + склад,Высокий,Material aging; BOM; procurement; actual usage,Остатки ткани 31.05.2026,,,Не рассмотрено,,17,3,Wave 2 (31–60 дней)
DEC-01446,Material master,MAT-DRAFT-0758,Unlinked,1 строк; 8800.00 руб.; 8-064,"Подтвердить карточку, UOM, состав, цвет, поставщика и правила объединения",Закупки + склад,Средний,Material aging; BOM; procurement; actual usage,Остатки ткани 31.05.2026,,,Не рассмотрено,,17,2,Wave 3 (61–90 дней)
DEC-01447,Material master,MAT-DRAFT-0759,Unlinked,1 строк; 28200.00 руб.; 8-068,"Подтвердить карточку, UOM, состав, цвет, поставщика и правила объединения",Закупки + склад,Высокий,Material aging; BOM; procurement; actual usage,Остатки ткани 31.05.2026,,,Не рассмотрено,,17,3,Wave 2 (31–60 дней)
DEC-01448,Material master,MAT-DRAFT-0760,Unlinked,1 строк; 23100.00 руб.; 8-069,"Подтвердить карточку, UOM, состав, цвет, поставщика и правила объединения",Закупки + склад,Высокий,Material aging; BOM; procurement; actual usage,Остатки ткани 31.05.2026,,,Не рассмотрено,,17,3,Wave 2 (31–60 дней)
DEC-01449,Material master,MAT-DRAFT-0761,Unlinked,1 строк; 4000.00 руб.; 8-O-010,"Подтвердить карточку, UOM, состав, цвет, поставщика и правила объединения",Закупки + склад,Средний,Material aging; BOM; procurement; actual usage,Остатки ткани 31.05.2026,,,Не рассмотрено,,17,2,Wave 3 (61–90 дней)
DEC-01450,Material master,MAT-DRAFT-0762,Unlinked,1 строк; 13600.00 руб.; 8-039,"Подтвердить карточку, UOM, состав, цвет, поставщика и правила объединения",Закупки + склад,Высокий,Material aging; BOM; procurement; actual usage,Остатки ткани 31.05.2026,,,Не рассмотрено,,17,3,Wave 2 (31–60 дней)
DEC-01451,Material master,MAT-DRAFT-0763,Unlinked,1 строк; 24000.00 руб.; 8-011,"Подтвердить карточку, UOM, состав, цвет, поставщика и правила объединения",Закупки + склад,Высокий,Material aging; BOM; procurement; actual usage,Остатки ткани 31.05.2026,,,Не рассмотрено,,17,3,Wave 2 (31–60 дней)
DEC-01452,Material master,MAT-DRAFT-0764,Unlinked,1 строк; 37000.00 руб.; 8-063,"Подтвердить карточку, UOM, состав, цвет, поставщика и правила объединения",Закупки + склад,Высокий,Material aging; BOM; procurement; actual usage,Остатки ткани 31.05.2026,,,Не рассмотрено,,17,3,Wave 2 (31–60 дней)
DEC-01453,Material master,MAT-DRAFT-0765,Unlinked,1 строк; 28000.00 руб.; 8-033,"Подтвердить карточку, UOM, состав, цвет, поставщика и правила объединения",Закупки + склад,Высокий,Material aging; BOM; procurement; actual usage,Остатки ткани 31.05.2026,,,Не рассмотрено,,17,3,Wave 2 (31–60 дней)
DEC-01454,Material master,MAT-DRAFT-0766,Unlinked,1 строк; 9600.00 руб.; 8-032,"Подтвердить карточку, UOM, состав, цвет, поставщика и правила объединения",Закупки + склад,Средний,Material aging; BOM; procurement; actual usage,Остатки ткани 31.05.2026,,,Не рассмотрено,,17,2,Wave 3 (61–90 дней)
DEC-01455,Material master,MAT-DRAFT-0767,Unlinked,1 строк; 15200.00 руб.; 8-071,"Подтвердить карточку, UOM, состав, цвет, поставщика и правила объединения",Закупки + склад,Высокий,Material aging; BOM; procurement; actual usage,Остатки ткани 31.05.2026,,,Не рассмотрено,,17,3,Wave 2 (31–60 дней)
DEC-01456,Material master,MAT-DRAFT-0768,Unlinked,1 строк; 9000.00 руб.; 8-043,"Подтвердить карточку, UOM, состав, цвет, поставщика и правила объединения",Закупки + склад,Средний,Material aging; BOM; procurement; actual usage,Остатки ткани 31.05.2026,,,Не рассмотрено,,17,2,Wave 3 (61–90 дней)
DEC-01457,Material master,MAT-DRAFT-0769,Несколько кодов; Несколько исходных наименований,3 строк; 49805.00 руб.; 8-047; 8-073; 8-075,"Подтвердить карточку, UOM, состав, цвет, поставщика и правила объединения",Закупки + склад,Высокий,Material aging; BOM; procurement; actual usage,Остатки ткани 31.05.2026,,,Не рассмотрено,,17,3,Wave 2 (31–60 дней)
DEC-01458,Material master,MAT-DRAFT-0770,Unlinked,1 строк; 3190.00 руб.; 8-O-001,"Подтвердить карточку, UOM, состав, цвет, поставщика и правила объединения",Закупки + склад,Средний,Material aging; BOM; procurement; actual usage,Остатки ткани 31.05.2026,,,Не рассмотрено,,17,2,Wave 3 (61–90 дней)
DEC-01459,Material master,MAT-DRAFT-0771,Unlinked,1 строк; 3900.00 руб.; 8-O-015,"Подтвердить карточку, UOM, состав, цвет, поставщика и правила объединения",Закупки + склад,Средний,Material aging; BOM; procurement; actual usage,Остатки ткани 31.05.2026,,,Не рассмотрено,,17,2,Wave 3 (61–90 дней)
DEC-01460,Material master,MAT-DRAFT-0772,Unlinked,1 строк; 6000.00 руб.; 8-O-012,"Подтвердить карточку, UOM, состав, цвет, поставщика и правила объединения",Закупки + склад,Средний,Material aging; BOM; procurement; actual usage,Остатки ткани 31.05.2026,,,Не рассмотрено,,17,2,Wave 3 (61–90 дней)
DEC-01461,Material master,MAT-DRAFT-0773,Unlinked,1 строк; 9300.00 руб.; 8-008,"Подтвердить карточку, UOM, состав, цвет, поставщика и правила объединения",Закупки + склад,Средний,Material aging; BOM; procurement; actual usage,Остатки ткани 31.05.2026,,,Не рассмотрено,,17,2,Wave 3 (61–90 дней)
DEC-01462,Material master,MAT-DRAFT-0774,Unlinked,1 строк; 25000.00 руб.; 8-026,"Подтвердить карточку, UOM, состав, цвет, поставщика и правила объединения",Закупки + склад,Высокий,Material aging; BOM; procurement; actual usage,Остатки ткани 31.05.2026,,,Не рассмотрено,,17,3,Wave 2 (31–60 дней)
DEC-01463,Material master,MAT-DRAFT-0775,Unlinked,1 строк; 16200.00 руб.; 8-024,"Подтвердить карточку, UOM, состав, цвет, поставщика и правила объединения",Закупки + склад,Высокий,Material aging; BOM; procurement; actual usage,Остатки ткани 31.05.2026,,,Не рассмотрено,,17,3,Wave 2 (31–60 дней)
DEC-01464,Material master,MAT-DRAFT-0778,Unlinked,2 строк; 127237.00 руб.; 19A-019,"Подтвердить карточку, UOM, состав, цвет, поставщика и правила объединения",Закупки + склад,Критический,Material aging; BOM; procurement; actual usage,Остатки ткани 31.05.2026,,,Не рассмотрено,,17,4,Wave 1 (0–30 дней)
DEC-01465,Material master,MAT-DRAFT-0780,Unlinked,1 строк; 41600.00 руб.; 19-028,"Подтвердить карточку, UOM, состав, цвет, поставщика и правила объединения",Закупки + склад,Высокий,Material aging; BOM; procurement; actual usage,Остатки ткани 31.05.2026,,,Не рассмотрено,,17,3,Wave 2 (31–60 дней)
DEC-01466,Material master,MAT-DRAFT-0782,Unlinked,2 строк; 15840.00 руб.; 18-012,"Подтвердить карточку, UOM, состав, цвет, поставщика и правила объединения",Закупки + склад,Высокий,Material aging; BOM; procurement; actual usage,Остатки ткани 31.05.2026,,,Не рассмотрено,,17,3,Wave 2 (31–60 дней)
DEC-01467,Material master,MAT-DRAFT-0785,Unlinked,1 строк; 17500.00 руб.; 19-005,"Подтвердить карточку, UOM, состав, цвет, поставщика и правила объединения",Закупки + склад,Высокий,Material aging; BOM; procurement; actual usage,Остатки ткани 31.05.2026,,,Не рассмотрено,,17,3,Wave 2 (31–60 дней)
DEC-01468,Material master,MAT-DRAFT-0787,Unlinked,3 строк; 73025.00 руб.; 19A-011,"Подтвердить карточку, UOM, состав, цвет, поставщика и правила объединения",Закупки + склад,Высокий,Material aging; BOM; procurement; actual usage,Остатки ткани 31.05.2026,,,Не рассмотрено,,17,3,Wave 2 (31–60 дней)
DEC-01469,Material master,MAT-DRAFT-0788,Unlinked,1 строк; 15200.00 руб.; 19-003,"Подтвердить карточку, UOM, состав, цвет, поставщика и правила объединения",Закупки + склад,Высокий,Material aging; BOM; procurement; actual usage,Остатки ткани 31.05.2026,,,Не рассмотрено,,17,3,Wave 2 (31–60 дней)
DEC-01470,Material master,MAT-DRAFT-0789,Unlinked,1 строк; 128017.50 руб.; 19A-012,"Подтвердить карточку, UOM, состав, цвет, поставщика и правила объединения",Закупки + склад,Критический,Material aging; BOM; procurement; actual usage,Остатки ткани 31.05.2026,,,Не рассмотрено,,17,4,Wave 1 (0–30 дней)
DEC-01471,Material master,MAT-DRAFT-0791,Unlinked,1 строк; 32200.00 руб.; 19-007,"Подтвердить карточку, UOM, состав, цвет, поставщика и правила объединения",Закупки + склад,Высокий,Material aging; BOM; procurement; actual usage,Остатки ткани 31.05.2026,,,Не рассмотрено,,17,3,Wave 2 (31–60 дней)
DEC-01472,Material master,MAT-DRAFT-0794,Unlinked,1 строк; 7040.00 руб.; 18-009,"Подтвердить карточку, UOM, состав, цвет, поставщика и правила объединения",Закупки + склад,Средний,Material aging; BOM; procurement; actual usage,Остатки ткани 31.05.2026,,,Не рассмотрено,,17,2,Wave 3 (61–90 дней)
DEC-01473,Material master,MAT-DRAFT-0795,Unlinked,1 строк; 67850.00 руб.; 19A-006,"Подтвердить карточку, UOM, состав, цвет, поставщика и правила объединения",Закупки + склад,Высокий,Material aging; BOM; procurement; actual usage,Остатки ткани 31.05.2026,,,Не рассмотрено,,17,3,Wave 2 (31–60 дней)
DEC-01474,Material master,MAT-DRAFT-0798,Unlinked,1 строк; 24288.00 руб.; 18-010,"Подтвердить карточку, UOM, состав, цвет, поставщика и правила объединения",Закупки + склад,Высокий,Material aging; BOM; procurement; actual usage,Остатки ткани 31.05.2026,,,Не рассмотрено,,17,3,Wave 2 (31–60 дней)
DEC-01475,Material master,MAT-DRAFT-0799,Unlinked,2 строк; 69920.00 руб.; 19A-005,"Подтвердить карточку, UOM, состав, цвет, поставщика и правила объединения",Закупки + склад,Высокий,Material aging; BOM; procurement; actual usage,Остатки ткани 31.05.2026,,,Не рассмотрено,,17,3,Wave 2 (31–60 дней)
DEC-01476,Material master,MAT-DRAFT-0800,Unlinked,1 строк; 32800.00 руб.; 19-027,"Подтвердить карточку, UOM, состав, цвет, поставщика и правила объединения",Закупки + склад,Высокий,Material aging; BOM; procurement; actual usage,Остатки ткани 31.05.2026,,,Не рассмотрено,,17,3,Wave 2 (31–60 дней)
DEC-01477,Material master,MAT-DRAFT-0801,Unlinked,1 строк; 8000.00 руб.; 19-009,"Подтвердить карточку, UOM, состав, цвет, поставщика и правила объединения",Закупки + склад,Средний,Material aging; BOM; procurement; actual usage,Остатки ткани 31.05.2026,,,Не рассмотрено,,17,2,Wave 3 (61–90 дней)
DEC-01478,Material master,MAT-DRAFT-0803,Несколько кодов; Несколько исходных наименований,3 строк; 56700.00 руб.; 18-006; 18-008,"Подтвердить карточку, UOM, состав, цвет, поставщика и правила объединения",Закупки + склад,Высокий,Material aging; BOM; procurement; actual usage,Остатки ткани 31.05.2026,,,Не рассмотрено,,17,3,Wave 2 (31–60 дней)
DEC-01479,Material master,MAT-DRAFT-0804,Unlinked,1 строк; 9000.00 руб.; 19-025,"Подтвердить карточку, UOM, состав, цвет, поставщика и правила объединения",Закупки + склад,Средний,Material aging; BOM; procurement; actual usage,Остатки ткани 31.05.2026,,,Не рассмотрено,,17,2,Wave 3 (61–90 дней)
DEC-01480,Material master,MAT-DRAFT-0805,Unlinked,2 строк; 77050.00 руб.; 19A-004,"Подтвердить карточку, UOM, состав, цвет, поставщика и правила объединения",Закупки + склад,Высокий,Material aging; BOM; procurement; actual usage,Остатки ткани 31.05.2026,,,Не рассмотрено,,17,3,Wave 2 (31–60 дней)
DEC-01481,Material master,MAT-DRAFT-0807,Unlinked,1 строк; 75504.00 руб.; 18-011,"Подтвердить карточку, UOM, состав, цвет, поставщика и правила объединения",Закупки + склад,Высокий,Material aging; BOM; procurement; actual usage,Остатки ткани 31.05.2026,,,Не рассмотрено,,17,3,Wave 2 (31–60 дней)
DEC-01482,Material master,MAT-DRAFT-0809,Нет кода,2 строк; 8432.58 руб.; ,"Подтвердить карточку, UOM, состав, цвет, поставщика и правила объединения",Закупки + склад,Средний,Material aging; BOM; procurement; actual usage,Остатки ткани 31.05.2026,,,Не рассмотрено,,17,2,Wave 3 (61–90 дней)
DEC-01483,Material master,MAT-DRAFT-0810,Нет кода,1 строк; 23400.00 руб.; ,"Подтвердить карточку, UOM, состав, цвет, поставщика и правила объединения",Закупки + склад,Высокий,Material aging; BOM; procurement; actual usage,Остатки ткани 31.05.2026,,,Не рассмотрено,,17,3,Wave 2 (31–60 дней)
DEC-01484,Material master,MAT-DRAFT-0811,Нет кода,1 строк; 1900.00 руб.; ,"Подтвердить карточку, UOM, состав, цвет, поставщика и правила объединения",Закупки + склад,Средний,Material aging; BOM; procurement; actual usage,Остатки ткани 31.05.2026,,,Не рассмотрено,,17,2,Wave 3 (61–90 дней)
DEC-01485,Material master,MAT-DRAFT-0812,Нет кода,1 строк; 3040.00 руб.; ,"Подтвердить карточку, UOM, состав, цвет, поставщика и правила объединения",Закупки + склад,Средний,Material aging; BOM; procurement; actual usage,Остатки ткани 31.05.2026,,,Не рассмотрено,,17,2,Wave 3 (61–90 дней)
DEC-01486,Material master,MAT-DRAFT-0813,Нет кода,1 строк; 2204.00 руб.; ,"Подтвердить карточку, UOM, состав, цвет, поставщика и правила объединения",Закупки + склад,Средний,Material aging; BOM; procurement; actual usage,Остатки ткани 31.05.2026,,,Не рассмотрено,,17,2,Wave 3 (61–90 дней)
DEC-01487,Material master,MAT-DRAFT-0814,Нет кода,1 строк; 9272.00 руб.; ,"Подтвердить карточку, UOM, состав, цвет, поставщика и правила объединения",Закупки + склад,Средний,Material aging; BOM; procurement; actual usage,Остатки ткани 31.05.2026,,,Не рассмотрено,,17,2,Wave 3 (61–90 дней)
DEC-01488,Material master,MAT-DRAFT-0815,Нет кода,1 строк; 25000.00 руб.; ,"Подтвердить карточку, UOM, состав, цвет, поставщика и правила объединения",Закупки + склад,Высокий,Material aging; BOM; procurement; actual usage,Остатки ткани 31.05.2026,,,Не рассмотрено,,17,3,Wave 2 (31–60 дней)
DEC-01489,Material master,MAT-DRAFT-0816,Unlinked,1 строк; 22050.00 руб.; 18-030,"Подтвердить карточку, UOM, состав, цвет, поставщика и правила объединения",Закупки + склад,Высокий,Material aging; BOM; procurement; actual usage,Остатки ткани 31.05.2026,,,Не рассмотрено,,17,3,Wave 2 (31–60 дней)
DEC-01490,Material master,MAT-DRAFT-0817,Unlinked,1 строк; 16000.00 руб.; 19-020,"Подтвердить карточку, UOM, состав, цвет, поставщика и правила объединения",Закупки + склад,Высокий,Material aging; BOM; procurement; actual usage,Остатки ткани 31.05.2026,,,Не рассмотрено,,17,3,Wave 2 (31–60 дней)
DEC-01491,Material master,MAT-DRAFT-0818,Unlinked,2 строк; 116010.00 руб.; 18-036,"Подтвердить карточку, UOM, состав, цвет, поставщика и правила объединения",Закупки + склад,Критический,Material aging; BOM; procurement; actual usage,Остатки ткани 31.05.2026,,,Не рассмотрено,,17,4,Wave 1 (0–30 дней)
DEC-01492,Material master,MAT-DRAFT-0819,Unlinked,2 строк; 51520.00 руб.; 19A-008,"Подтвердить карточку, UOM, состав, цвет, поставщика и правила объединения",Закупки + склад,Высокий,Material aging; BOM; procurement; actual usage,Остатки ткани 31.05.2026,,,Не рассмотрено,,17,3,Wave 2 (31–60 дней)
DEC-01493,Material master,MAT-DRAFT-0820,Нет кода,2 строк; 8827.50 руб.; ,"Подтвердить карточку, UOM, состав, цвет, поставщика и правила объединения",Закупки + склад,Средний,Material aging; BOM; procurement; actual usage,Остатки ткани 31.05.2026,,,Не рассмотрено,,17,2,Wave 3 (61–90 дней)
DEC-01494,Material master,MAT-DRAFT-0821,Unlinked,1 строк; 34255.00 руб.; 18-049,"Подтвердить карточку, UOM, состав, цвет, поставщика и правила объединения",Закупки + склад,Высокий,Material aging; BOM; procurement; actual usage,Остатки ткани 31.05.2026,,,Не рассмотрено,,17,3,Wave 2 (31–60 дней)
DEC-01495,Material master,MAT-DRAFT-0822,Unlinked,1 строк; 17600.00 руб.; 18-014,"Подтвердить карточку, UOM, состав, цвет, поставщика и правила объединения",Закупки + склад,Высокий,Material aging; BOM; procurement; actual usage,Остатки ткани 31.05.2026,,,Не рассмотрено,,17,3,Wave 2 (31–60 дней)
DEC-01496,Material master,MAT-DRAFT-0824,Unlinked,1 строк; 31460.00 руб.; 18-023,"Подтвердить карточку, UOM, состав, цвет, поставщика и правила объединения",Закупки + склад,Высокий,Material aging; BOM; procurement; actual usage,Остатки ткани 31.05.2026,,,Не рассмотрено,,17,3,Wave 2 (31–60 дней)
DEC-01497,Material master,MAT-DRAFT-0825,Unlinked,2 строк; 54270.00 руб.; 18-025,"Подтвердить карточку, UOM, состав, цвет, поставщика и правила объединения",Закупки + склад,Высокий,Material aging; BOM; procurement; actual usage,Остатки ткани 31.05.2026,,,Не рассмотрено,,17,3,Wave 2 (31–60 дней)
DEC-01498,Material master,MAT-DRAFT-0826,Unlinked,1 строк; 33930.00 руб.; 18-029,"Подтвердить карточку, UOM, состав, цвет, поставщика и правила объединения",Закупки + склад,Высокий,Material aging; BOM; procurement; actual usage,Остатки ткани 31.05.2026,,,Не рассмотрено,,17,3,Wave 2 (31–60 дней)
DEC-01499,Material master,MAT-DRAFT-0827,Unlinked,1 строк; 28875.00 руб.; 18-043,"Подтвердить карточку, UOM, состав, цвет, поставщика и правила объединения",Закупки + склад,Высокий,Material aging; BOM; procurement; actual usage,Остатки ткани 31.05.2026,,,Не рассмотрено,,17,3,Wave 2 (31–60 дней)
DEC-01500,Material master,MAT-DRAFT-0828,Unlinked,1 строк; 38000.00 руб.; 19-024,"Подтвердить карточку, UOM, состав, цвет, поставщика и правила объединения",Закупки + склад,Высокий,Material aging; BOM; procurement; actual usage,Остатки ткани 31.05.2026,,,Не рассмотрено,,17,3,Wave 2 (31–60 дней)
DEC-01501,Material master,MAT-DRAFT-0830,Unlinked,1 строк; 11500.00 руб.; 19-019,"Подтвердить карточку, UOM, состав, цвет, поставщика и правила объединения",Закупки + склад,Высокий,Material aging; BOM; procurement; actual usage,Остатки ткани 31.05.2026,,,Не рассмотрено,,17,3,Wave 2 (31–60 дней)
DEC-01502,Material master,MAT-DRAFT-0831,Несколько кодов; Несколько исходных наименований,3 строк; 83304.00 руб.; 18-032; 18-042; 18-051,"Подтвердить карточку, UOM, состав, цвет, поставщика и правила объединения",Закупки + склад,Высокий,Material aging; BOM; procurement; actual usage,Остатки ткани 31.05.2026,,,Не рассмотрено,,17,3,Wave 2 (31–60 дней)
DEC-01503,Material master,MAT-DRAFT-0832,Несколько кодов; Несколько исходных наименований,2 строк; 36464.00 руб.; 18-037; 18-041,"Подтвердить карточку, UOM, состав, цвет, поставщика и правила объединения",Закупки + склад,Высокий,Material aging; BOM; procurement; actual usage,Остатки ткани 31.05.2026,,,Не рассмотрено,,17,3,Wave 2 (31–60 дней)
DEC-01504,Material master,MAT-DRAFT-0835,Unlinked,1 строк; 11700.00 руб.; 18-005,"Подтвердить карточку, UOM, состав, цвет, поставщика и правила объединения",Закупки + склад,Высокий,Material aging; BOM; procurement; actual usage,Остатки ткани 31.05.2026,,,Не рассмотрено,,17,3,Wave 2 (31–60 дней)
DEC-01505,Material master,MAT-DRAFT-0836,Unlinked,1 строк; 13650.00 руб.; 18-007,"Подтвердить карточку, UOM, состав, цвет, поставщика и правила объединения",Закупки + склад,Высокий,Material aging; BOM; procurement; actual usage,Остатки ткани 31.05.2026,,,Не рассмотрено,,17,3,Wave 2 (31–60 дней)
DEC-01506,Material master,MAT-DRAFT-0839,Unlinked,1 строк; 20000.00 руб.; 19-013,"Подтвердить карточку, UOM, состав, цвет, поставщика и правила объединения",Закупки + склад,Высокий,Material aging; BOM; procurement; actual usage,Остатки ткани 31.05.2026,,,Не рассмотрено,,17,3,Wave 2 (31–60 дней)
DEC-01507,Material master,MAT-DRAFT-0841,Unlinked,1 строк; 13000.00 руб.; 19-006,"Подтвердить карточку, UOM, состав, цвет, поставщика и правила объединения",Закупки + склад,Высокий,Material aging; BOM; procurement; actual usage,Остатки ткани 31.05.2026,,,Не рассмотрено,,17,3,Wave 2 (31–60 дней)
DEC-01508,Material master,MAT-DRAFT-0842,Unlinked,1 строк; 21472.00 руб.; 18-040,"Подтвердить карточку, UOM, состав, цвет, поставщика и правила объединения",Закупки + склад,Высокий,Material aging; BOM; procurement; actual usage,Остатки ткани 31.05.2026,,,Не рассмотрено,,17,3,Wave 2 (31–60 дней)
DEC-01509,Material master,MAT-DRAFT-0843,Unlinked,1 строк; 11200.00 руб.; 19-029,"Подтвердить карточку, UOM, состав, цвет, поставщика и правила объединения",Закупки + склад,Высокий,Material aging; BOM; procurement; actual usage,Остатки ткани 31.05.2026,,,Не рассмотрено,,17,3,Wave 2 (31–60 дней)
DEC-01510,Material master,MAT-DRAFT-0844,Unlinked,2 строк; 92690.00 руб.; 19A-014,"Подтвердить карточку, UOM, состав, цвет, поставщика и правила объединения",Закупки + склад,Высокий,Material aging; BOM; procurement; actual usage,Остатки ткани 31.05.2026,,,Не рассмотрено,,17,3,Wave 2 (31–60 дней)
DEC-01511,Material master,MAT-DRAFT-0845,Unlinked,3 строк; 108330.00 руб.; 19A-017,"Подтвердить карточку, UOM, состав, цвет, поставщика и правила объединения",Закупки + склад,Критический,Material aging; BOM; procurement; actual usage,Остатки ткани 31.05.2026,,,Не рассмотрено,,17,4,Wave 1 (0–30 дней)
DEC-01512,Material master,MAT-DRAFT-0847,Несколько кодов; Несколько исходных наименований,2 строк; 23328.00 руб.; 18-044; 18-050,"Подтвердить карточку, UOM, состав, цвет, поставщика и правила объединения",Закупки + склад,Высокий,Material aging; BOM; procurement; actual usage,Остатки ткани 31.05.2026,,,Не рассмотрено,,17,3,Wave 2 (31–60 дней)
DEC-01513,Material master,MAT-DRAFT-0848,Unlinked,1 строк; 57600.00 руб.; 19-018,"Подтвердить карточку, UOM, состав, цвет, поставщика и правила объединения",Закупки + склад,Высокий,Material aging; BOM; procurement; actual usage,Остатки ткани 31.05.2026,,,Не рассмотрено,,17,3,Wave 2 (31–60 дней)
DEC-01514,Material master,MAT-DRAFT-0850,Unlinked,1 строк; 15000.00 руб.; 19-010,"Подтвердить карточку, UOM, состав, цвет, поставщика и правила объединения",Закупки + склад,Высокий,Material aging; BOM; procurement; actual usage,Остатки ткани 31.05.2026,,,Не рассмотрено,,17,3,Wave 2 (31–60 дней)
DEC-01515,Material master,MAT-DRAFT-0851,Unlinked,1 строк; 48600.00 руб.; 18-047,"Подтвердить карточку, UOM, состав, цвет, поставщика и правила объединения",Закупки + склад,Высокий,Material aging; BOM; procurement; actual usage,Остатки ткани 31.05.2026,,,Не рассмотрено,,17,3,Wave 2 (31–60 дней)
DEC-01516,Material master,MAT-DRAFT-0852,Unlinked,1 строк; 76440.00 руб.; 18-019,"Подтвердить карточку, UOM, состав, цвет, поставщика и правила объединения",Закупки + склад,Высокий,Material aging; BOM; procurement; actual usage,Остатки ткани 31.05.2026,,,Не рассмотрено,,17,3,Wave 2 (31–60 дней)
DEC-01517,Material master,MAT-DRAFT-0854,Unlinked,1 строк; 24816.00 руб.; 18-046,"Подтвердить карточку, UOM, состав, цвет, поставщика и правила объединения",Закупки + склад,Высокий,Material aging; BOM; procurement; actual usage,Остатки ткани 31.05.2026,,,Не рассмотрено,,17,3,Wave 2 (31–60 дней)
DEC-01518,Material master,MAT-DRAFT-0857,Unlinked,1 строк; 14500.00 руб.; 19-030,"Подтвердить карточку, UOM, состав, цвет, поставщика и правила объединения",Закупки + склад,Высокий,Material aging; BOM; procurement; actual usage,Остатки ткани 31.05.2026,,,Не рассмотрено,,17,3,Wave 2 (31–60 дней)
DEC-01519,Material master,MAT-DRAFT-0858,Unlinked,1 строк; 42000.00 руб.; 19-022,"Подтвердить карточку, UOM, состав, цвет, поставщика и правила объединения",Закупки + склад,Высокий,Material aging; BOM; procurement; actual usage,Остатки ткани 31.05.2026,,,Не рассмотрено,,17,3,Wave 2 (31–60 дней)
DEC-01520,Material master,MAT-DRAFT-0859,Unlinked,1 строк; 41200.00 руб.; 19-023,"Подтвердить карточку, UOM, состав, цвет, поставщика и правила объединения",Закупки + склад,Высокий,Material aging; BOM; procurement; actual usage,Остатки ткани 31.05.2026,,,Не рассмотрено,,17,3,Wave 2 (31–60 дней)
DEC-01521,Material master,MAT-DRAFT-0860,Unlinked,1 строк; 8000.00 руб.; 19-011,"Подтвердить карточку, UOM, состав, цвет, поставщика и правила объединения",Закупки + склад,Средний,Material aging; BOM; procurement; actual usage,Остатки ткани 31.05.2026,,,Не рассмотрено,,17,2,Wave 3 (61–90 дней)
DEC-01522,Material master,MAT-DRAFT-0863,Unlinked,1 строк; 39900.00 руб.; 19A-001,"Подтвердить карточку, UOM, состав, цвет, поставщика и правила объединения",Закупки + склад,Высокий,Material aging; BOM; procurement; actual usage,Остатки ткани 31.05.2026,,,Не рассмотрено,,17,3,Wave 2 (31–60 дней)
DEC-01523,Material master,MAT-DRAFT-0865,Unlinked,1 строк; 6860.00 руб.; 25-011,"Подтвердить карточку, UOM, состав, цвет, поставщика и правила объединения",Закупки + склад,Средний,Material aging; BOM; procurement; actual usage,Остатки ткани 31.05.2026,,,Не рассмотрено,,17,2,Wave 3 (61–90 дней)
DEC-IG-01,Missing data / governance,IG-01,Официальный canonical SKU и alias history,Блокирует: SKU/collection/order margin; production and inventory joins,Назначить владельца и предоставить Выгрузка/регистр: Официальный canonical SKU и alias history,Продукт/коммерция,Критический,SKU/collection/order margin; production and inventory joins,MDM/1С + продуктовый блок,,,Не рассмотрено,,18,4,Wave 1 (0–30 дней)
DEC-IG-02,Missing data / governance,IG-02,Остатки и движение готовой продукции,"Блокирует: COGS, turnover, aging, obsolete stock, Balance",Назначить владельца и предоставить Выгрузка/регистр: Остатки и движение готовой продукции,Склад + финансы,Критический,"COGS, turnover, aging, obsolete stock, Balance",WMS/1С/склад,,,Не рассмотрено,,18,4,Wave 1 (0–30 дней)
DEC-IG-03,Missing data / governance,IG-03,Production order register и WIP,"Блокирует: Lead time, WIP, productivity, order profitability",Назначить владельца и предоставить Выгрузка/регистр: Production order register и WIP,Производство,Критический,"Lead time, WIP, productivity, order profitability",ERP/MES/производство,,,Не рассмотрено,,18,4,Wave 1 (0–30 дней)
DEC-IG-04,Missing data / governance,IG-04,Утверждённые версии фактической себестоимости,"Блокирует: SKU/collection/order margin, COGS",Назначить владельца и предоставить Выгрузка/регистр: Утверждённые версии фактической себестоимости,Финансы + производство,Критический,"SKU/collection/order margin, COGS",ERP/Cost ledger,,,Не рассмотрено,,18,4,Wave 1 (0–30 дней)
DEC-IG-05,Missing data / governance,IG-05,История движения материалов и партии,"Блокирует: Material aging, variance, obsolete stock, working capital",Назначить владельца и предоставить Выгрузка/регистр: История движения материалов и партии,Склад + закупки,Критический,"Material aging, variance, obsolete stock, working capital",WMS/1С,,,Не рассмотрено,,18,4,Wave 1 (0–30 дней)
DEC-IG-06,Missing data / governance,IG-06,Версионный BOM и нормы,"Блокирует: Material requirement, purchase plan, cost and variance",Назначить владельца и предоставить Выгрузка/регистр: Версионный BOM и нормы,Технолог + производство,Критический,"Material requirement, purchase plan, cost and variance",PLM/технолог,,,Не рассмотрено,,18,4,Wave 1 (0–30 дней)
DEC-IG-07,Missing data / governance,IG-07,Детальные продажи всех каналов,"Блокирует: Channel/SKU margin, cohorts, seasonality, inventory issue",Назначить владельца и предоставить Выгрузка/регистр: Детальные продажи всех каналов,Коммерция,Высокий,"Channel/SKU margin, cohorts, seasonality, inventory issue",POS/CRM/CMS/1С,,,Не рассмотрено,,18,3,Wave 2 (31–60 дней)
DEC-IG-08,Missing data / governance,IG-08,Полный procurement cycle,"Блокирует: Supplier performance, PPV, lead time, 3-way match",Назначить владельца и предоставить Выгрузка/регистр: Полный procurement cycle,Закупки,Высокий,"Supplier performance, PPV, lead time, 3-way match",ERP/закупки/DMS,,,Не рассмотрено,,18,3,Wave 2 (31–60 дней)
DEC-IG-09,Missing data / governance,IG-09,Settlement и взаиморасчёты на уровне строк,"Блокирует: Sales-to-cash, AR aging, channel deductions",Назначить владельца и предоставить Выгрузка/регистр: Settlement и взаиморасчёты на уровне строк,Финансы + коммерция,Высокий,"Sales-to-cash, AR aging, channel deductions",ERP/AR/коммерция,,,Не рассмотрено,,18,3,Wave 2 (31–60 дней)
DEC-IG-10,Missing data / governance,IG-10,"Операции, фактические часы, брак и переделка","Блокирует: Capacity, productivity, bottleneck, labor cost","Назначить владельца и предоставить Выгрузка/регистр: Операции, фактические часы, брак и переделка",Производство,Высокий,"Capacity, productivity, bottleneck, labor cost",MES/production register,,,Не рассмотрено,,18,3,Wave 2 (31–60 дней)
DEC-IG-11,Missing data / governance,IG-11,Полный банковский периметр,"Блокирует: Cash, liquidity, owner transfers, balance proof",Назначить владельца и предоставить Выгрузка/регистр: Полный банковский периметр,Финансы,Критический,"Cash, liquidity, owner transfers, balance proof",Банки/финансы,,,Не рассмотрено,,18,4,Wave 1 (0–30 дней)
DEC-IG-12,Missing data / governance,IG-12,"Касса, карты и подотчёт с движениями",Блокирует: Cash roll-forward and fraud/error control,"Назначить владельца и предоставить Выгрузка/регистр: Касса, карты и подотчёт с движениями",Финансы,Критический,Cash roll-forward and fraud/error control,ERP/Cash ledger,,,Не рассмотрено,,18,4,Wave 1 (0–30 дней)
DEC-IG-13,Missing data / governance,IG-13,Журнал корректировок и подтверждённые opening balances,Блокирует: Historical cash reconstruction and audit trail,Назначить владельца и предоставить Выгрузка/регистр: Журнал корректировок и подтверждённые opening balances,Финансы,Высокий,Historical cash reconstruction and audit trail,ERP/close register,,,Не рассмотрено,,18,3,Wave 2 (31–60 дней)
DEC-IG-14,Missing data / governance,IG-14,Дебиторская и кредиторская задолженность,"Блокирует: Balance, liquidity, CCC, overdue, net debt",Назначить владельца и предоставить Выгрузка/регистр: Дебиторская и кредиторская задолженность,Финансы,Критический,"Balance, liquidity, CCC, overdue, net debt",ERP/GL,,,Не рассмотрено,,18,4,Wave 1 (0–30 дней)
DEC-IG-15,Missing data / governance,IG-15,Управленческий P&L и Balance с методикой close,"Блокирует: Profit, equity, full liquidity, ROIC",Назначить владельца и предоставить Выгрузка/регистр: Управленческий P&L и Balance с методикой close,Финансы,Критический,"Profit, equity, full liquidity, ROIC",ERP/GL/EPM,,,Не рассмотрено,,18,4,Wave 1 (0–30 дней)
DEC-IG-16,Missing data / governance,IG-16,Полный payroll accrual ledger,"Блокирует: Full labor cost, employee tax reconciliation, accrual/payment lag",Назначить владельца и предоставить Выгрузка/регистр: Полный payroll accrual ledger,HR + финансы,Критический,"Full labor cost, employee tax reconciliation, accrual/payment lag",HRIS/ЗУП,,,Не рассмотрено,,18,4,Wave 1 (0–30 дней)
DEC-IG-17,Missing data / governance,IG-17,Исторические операции ЕНС и распределение ЕНП,"Блокирует: Exact tax payment, arrears, overpayment, penalty",Назначить владельца и предоставить Выгрузка/регистр: Исторические операции ЕНС и распределение ЕНП,Налоги,Критический,"Exact tax payment, arrears, overpayment, penalty",ENS/ФНС,,,Не рассмотрено,,18,4,Wave 1 (0–30 дней)
DEC-IG-18,Missing data / governance,IG-18,Регистр налоговых обязательств и уведомлений,Блокирует: Monthly tax calendar and due-date control,Назначить владельца и предоставить Выгрузка/регистр: Регистр налоговых обязательств и уведомлений,Налоги,Критический,Monthly tax calendar and due-date control,Tax ledger,,,Не рассмотрено,,18,4,Wave 1 (0–30 дней)
DEC-IG-19,Missing data / governance,IG-19,Помесячный НДФЛ/РСВ и employee-level tax linkage,Блокирует: Employee-level and monthly tax reconciliation,Назначить владельца и предоставить Выгрузка/регистр: Помесячный НДФЛ/РСВ и employee-level tax linkage,HR + налоги,Высокий,Employee-level and monthly tax reconciliation,Payroll/Tax ledger,,,Не рассмотрено,,18,3,Wave 2 (31–60 дней)
DEC-IG-20,Missing data / governance,IG-20,Актуальные справки ЕНС и история по ООО ДЕКОР,Блокирует: Current tax exposure for all entities,Назначить владельца и предоставить Выгрузка/регистр: Актуальные справки ЕНС и история по ООО ДЕКОР,Налоги,Высокий,Current tax exposure for all entities,ФНС/налоги,,,Не рассмотрено,,18,3,Wave 2 (31–60 дней)
DEC-IG-21,Missing data / governance,IG-21,Полный договорный реестр и ключевые условия,"Блокирует: Contract risk, supplier/channel terms, liability",Назначить владельца и предоставить Выгрузка/регистр: Полный договорный реестр и ключевые условия,Юристы,Высокий,"Contract risk, supplier/channel terms, liability",DMS/юристы,,,Не рассмотрено,,18,3,Wave 2 (31–60 дней)
DEC-IG-22,Missing data / governance,IG-22,"RACI, лимиты и владельцы источников истины","Блокирует: Sustainable close, change control and accountability","Назначить владельца и предоставить Выгрузка/регистр: RACI, лимиты и владельцы источников истины",Руководство,Критический,"Sustainable close, change control and accountability",GRC/DMS,,,Не рассмотрено,,18,4,Wave 1 (0–30 дней)
DEC-IG-23,Missing data / governance,IG-23,Версионный реестр документов и master data,"Блокирует: Reproducibility, rollback, audit trail",Назначить владельца и предоставить Выгрузка/регистр: Версионный реестр документов и master data,Data steward,Высокий,"Reproducibility, rollback, audit trail",Data catalog/DMS,,,Не рассмотрено,,18,3,Wave 2 (31–60 дней)
DEC-IG-24,Missing data / governance,IG-24,Корпоративный словарь данных и data contracts,Блокирует: Stable joins and automated validation,Назначить владельца и предоставить Выгрузка/регистр: Корпоративный словарь данных и data contracts,Data steward + owners,Высокий,Stable joins and automated validation,Data catalog,,,Не рассмотрено,,18,3,Wave 2 (31–60 дней)
