cost_version_id,canonical_sku,article_raw,name,unit_cost_rub,completeness,source_file_id,channel_hint,owner_file,unit_cost_source
CV-H5-c4396d09e6fab378,0-1984F,0-1984F,"Футболка женская, черная с принтом ""цветные капли"", из хлопка",3050.0,DERIVED_STOCK_MOVEMENT,FILE-099,Aldo Coppola (Основное подразделение),Движение товаров с себестоимостью,IN
CV-H5-6aed712678c9fb5b,0-2032N,0-2032N/1,"Футболка женская, черная с принтом ""цветные капли"", из хлопка",10121.0,DERIVED_STOCK_MOVEMENT,FILE-099,Aldo Coppola (Основное подразделение),Движение товаров с себестоимостью,IN
CV-H5-53c1df754581bca5,0-2037N,0-2037N/1,"Рубашка женская, розовая с принтом ""девочки"", из вискозы",6189.0,DERIVED_STOCK_MOVEMENT,FILE-099,Aldo Coppola (Основное подразделение),Движение товаров с себестоимостью,IN
CV-H5-90209cd8ec98e26f,0-2053,0-2053,"Брюки женские, розовые с принтом ""девочки"", из вискозы",13367.32,DERIVED_STOCK_MOVEMENT,FILE-099,Aldo Coppola (Основное подразделение),Движение товаров с себестоимостью,IN
CV-H5-70eb1ebf3b4d0227,0-2244,0-2244/1,"Платье женское, черное с принтом ""цветные капли"", из батиста, декорировано тесьм",14213.0,DERIVED_STOCK_MOVEMENT,FILE-099,Aldo Coppola (Основное подразделение),Движение товаров с себестоимостью,IN
CV-H5-819f3673901f51f6,0-2245,0-2245/1,"Рубашка женская, черная с принтом ""девочки"", из шелка",8632.0,DERIVED_STOCK_MOVEMENT,FILE-099,Aldo Coppola (Основное подразделение),Движение товаров с себестоимостью,IN
CV-H5-a366adf3f4e4aa08,0-2404,0-2404,"Брюки женские, черные с принтом ""девочки"", из шелка",8020.0,DERIVED_STOCK_MOVEMENT,FILE-099,Aldo Coppola (Основное подразделение),Движение товаров с себестоимостью,IN
CV-H5-f89bd9e7e637e4d8,0-2431B,0-2431B/1,"Платье женское, черное, с принтом ""девочки"", из шелка, на тонких бретелях",1424.0,DERIVED_STOCK_MOVEMENT,FILE-099,Aldo Coppola (Основное подразделение),Движение товаров с себестоимостью,IN
CV-H5-4184a4f1970a7509,0-2460A,0-2460A,"Шорты женские, черные с принтом ""цветы, грибы"", из хлопка",12319.0,DERIVED_STOCK_MOVEMENT,FILE-099,Aldo Coppola (Основное подразделение),Движение товаров с себестоимостью,IN
CV-H5-8ec32656caec145d,0-2480,0-2480,"Блуза женская, черная, из батиста, декорирована расшивкой кристаллами по воротни",14149.6,DERIVED_STOCK_MOVEMENT,FILE-099,Aldo Coppola (Основное подразделение),Движение товаров с себестоимостью,IN
CV-H5-9297818f8d9301b2,0-2480D,0-2480D,"Блуза женская, белая с принтом ""оранжевые Y"", из шёлка, с отделкой ""лампас""",10121.0,DERIVED_STOCK_MOVEMENT,FILE-099,Aldo Coppola (Основное подразделение),Движение товаров с себестоимостью,IN
CV-H5-727d0f6e4150dc51,0-2480C,0-2480С/2,"Блуза женская, красная с принтом ""цветы и грибы"", из батиста, с отделкой ""Лампас",10121.0,DERIVED_STOCK_MOVEMENT,FILE-099,Aldo Coppola (Основное подразделение),Движение товаров с себестоимостью,IN
CV-H5-6e1a69802cadba81,0-2481B,0-2481B,"Блуза женская, розовая с принтом ""цветы и грибы"", из батиста, с отделкой ""Лампас",13734.68,DERIVED_STOCK_MOVEMENT,FILE-099,Aldo Coppola (Основное подразделение),Движение товаров с себестоимостью,IN
CV-H5-2af1ac0974b730c8,0-2481E,0-2481E,"Брюки женские, белые с принтом ""оранжевые Y"", из шёлка, с оранжевым кантом",5374.0,DERIVED_STOCK_MOVEMENT,FILE-099,Aldo Coppola (Основное подразделение),Движение товаров с себестоимостью,IN
CV-H5-cd1d1492341f5771,0-2481F,0-2481F,"Брюки женские, розовые с принтом "" цветы и грибы"" из батиста, с отделкой ""Лампас",5374.0,DERIVED_STOCK_MOVEMENT,FILE-099,Aldo Coppola (Основное подразделение),Движение товаров с себестоимостью,IN
CV-H5-fdb2a138c72cdaec,0-2485A,0-2485A,"Брюки женские, красные с принтом "" цветы и грибы"" из батиста, с отделкой ""Лампас",2447.34,DERIVED_STOCK_MOVEMENT,FILE-099,Aldo Coppola (Основное подразделение),Движение товаров с себестоимостью,IN
CV-H5-3ee8a0ad224c3d01,0-2493,0-2493,"Шорты женские, чёрные с принтом ""белые Y и девочки"", из батиста, с отделкой ""лам",11961.52,DERIVED_STOCK_MOVEMENT,FILE-099,Aldo Coppola (Основное подразделение),Движение товаров с себестоимостью,IN
CV-H5-bf1845187f8aaef7,0-2494,0-2494,"Платье женское, белое с принтом ""оранжево-черные Y"", из батиста, с широкими брет",12636.21,DERIVED_STOCK_MOVEMENT,FILE-099,Aldo Coppola (Основное подразделение),Движение товаров с себестоимостью,IN
CV-H5-7a8a6824f24249bf,0-2496,0-2496,"Платье женское, белое с принтом ""оранжево-черные Y"", из батиста, с поясом",12359.27,DERIVED_STOCK_MOVEMENT,FILE-099,Aldo Coppola (Основное подразделение),Движение товаров с себестоимостью,IN
CV-H5-d782ff1263791ef2,0-2523,0-2523,"Платье женское, белое с принтом ""черные Y и девочки"", из батиста, с открытыми пл",5374.0,DERIVED_STOCK_MOVEMENT,FILE-099,Aldo Coppola (Основное подразделение),Движение товаров с себестоимостью,IN
CV-H5-3a6ab7f4458ed741,0-2524,0-2524,"Брюки женские, белые с принтом ""голубые цветы"", из батиста",9930.0,DERIVED_STOCK_MOVEMENT,FILE-099,Aldo Coppola (Основное подразделение),Движение товаров с себестоимостью,IN
CV-H5-ed482f6d9cde6d1f,0-2527,0-2527,"Рубашка женская, белая с принтом ""голубые цветы"", из батиста, с рукавом ""кимоно""",4539.0,DERIVED_STOCK_MOVEMENT,FILE-099,Aldo Coppola (Основное подразделение),Движение товаров с себестоимостью,IN
CV-H5-626ec7f65b7dbdc6,0-2532,0-2532,"Шорты женские, белые с принтом ""синие цветы"", из батиста",11000.0,DERIVED_STOCK_MOVEMENT,FILE-099,Aldo Coppola (Основное подразделение),Движение товаров с себестоимостью,IN
CV-H5-ec0ae7e485037fc5,0-2533,0-2533,"Блуза женская, белая с принтом ""голубые цветы"", из батиста",5374.0,DERIVED_STOCK_MOVEMENT,FILE-099,Aldo Coppola (Основное подразделение),Движение товаров с себестоимостью,IN
CV-H5-8b3a8bdf337321cd,0-2536,0-2536,"Брюки женские, белые с принтом ""голубые цветы"", из батиста, зауженые к низу",15970.0,DERIVED_STOCK_MOVEMENT,FILE-099,Aldo Coppola (Основное подразделение),Движение товаров с себестоимостью,IN
CV-H5-c68a41ab97176c37,0-2545,0-2545,"Платье женское, белое с принтом ""голубые цветы"", из батиста",2360.0,DERIVED_STOCK_MOVEMENT,FILE-099,Aldo Coppola (Основное подразделение),Движение товаров с себестоимостью,IN
CV-H5-f19531d1caae3e0e,0-2545A,0-2545A,"Футболка женская, розовая с принтом ""грибы"", из трикотажа",2360.0,DERIVED_STOCK_MOVEMENT,FILE-099,Aldo Coppola (Основное подразделение),Движение товаров с себестоимостью,IN
CV-H5-c6127376463ace97,0-2549,0-2549,"Футболка женская, белая с принтом ""грибы"" по горловине, из трикотажа",12978.0,DERIVED_STOCK_MOVEMENT,FILE-099,Aldo Coppola (Основное подразделение),Движение товаров с себестоимостью,IN
CV-H5-169d2e52f641cbff,0-2550,0-2550,"Блуза женская, розовая с принтом ""девочки, грибы, цветы"", из шелка, декорирована",8730.0,DERIVED_STOCK_MOVEMENT,FILE-099,Aldo Coppola (Основное подразделение),Движение товаров с себестоимостью,IN
CV-H5-df95c22c8810edbe,0-2554A,0-2554A/2,"Брюки женские, розовые с принтом ""девочки, грибы, цветы"", из шелка, с отделкой """,10428.0,DERIVED_STOCK_MOVEMENT,FILE-099,Aldo Coppola (Основное подразделение),Движение товаров с себестоимостью,IN
CV-H5-c303ad5c8203c782,0-2566,0-2566,"Платье-кафтан женское, черное, из хлопка, декорировано тесьмой ""YANINA""",13650.0,DERIVED_STOCK_MOVEMENT,FILE-099,Aldo Coppola (Основное подразделение),Движение товаров с себестоимостью,IN
CV-H5-ba7c40347f289c33,0-2567A,0-2567A,"Платье-рубашка женское, белое, из батиста, с принтом ""черные Y и грибы"" с надпис",13650.0,DERIVED_STOCK_MOVEMENT,FILE-099,Aldo Coppola (Основное подразделение),Движение товаров с себестоимостью,IN
CV-H5-b59008150e3e1e37,0-2572,0-2572,"Платье-рубашка женское, белое, из батиста, с принтом ""черные Y и грибы""",9353.0,DERIVED_STOCK_MOVEMENT,FILE-099,Aldo Coppola (Основное подразделение),Движение товаров с себестоимостью,IN
CV-H5-1a466c9a7b31f0a0,0-2573,0-2573,"Блуза женская, черная с принтом ""Y"", из батиста, декорирована контрастной тесьмо",2748.0,DERIVED_STOCK_MOVEMENT,FILE-099,Aldo Coppola (Основное подразделение),Движение товаров с себестоимостью,IN
CV-H5-9f433f0ae6268787,0-2655,0-2655,"Шорты женские, черные с принтом ""Y"", из батиста, декорированы контрастной тесьмо",3200.0,DERIVED_STOCK_MOVEMENT,FILE-099,Aldo Coppola (Основное подразделение),Движение товаров с себестоимостью,IN
CV-H5-c955f6bc171f7d3c,0-2655A,0-2655A,Косметичка пляжная,5200.0,DERIVED_STOCK_MOVEMENT,FILE-099,Aldo Coppola (Основное подразделение),Движение товаров с себестоимостью,IN
CV-H5-494b015f1b94b4e7,0-321,0-321,"Сумка-тоут  женская, черная, с принтом ""YANINA""",3862.0,DERIVED_STOCK_MOVEMENT,FILE-099,Aldo Coppola (Основное подразделение),Движение товаров с себестоимостью,IN
CV-H5-a8bdfba610475eaf,T-2401B,T-2401B/3,"Брюки женские, белые, из хлопка, зауженные к низу",11519.08,DERIVED_STOCK_MOVEMENT,FILE-099,Aldo Coppola (Основное подразделение),Движение товаров с себестоимостью,IN
CV-H5-f3d6c68c55748d5e,T-2420A,T-2420A/3,"Брюки женские, белые с принтом ""оранжевые ""Y"", из шелка",15437.52,DERIVED_STOCK_MOVEMENT,FILE-099,Aldo Coppola (Основное подразделение),Движение товаров с себестоимостью,IN
CV-H5-65f289c5b6fec8c3,T-2573A,T-2573A/1,"Блуза женская, белая с принтом ""оранжевые ""Y"", из шелка,  с отделкой черным кант",7436.24,DERIVED_STOCK_MOVEMENT,FILE-099,Aldo Coppola (Основное подразделение),Движение товаров с себестоимостью,IN
CV-H5-b2e7e3e5c81bb21e,0-136,0-136,"Шорты женские, белые с принтом ""оранжевые Y"", из шелка, с отделкой ""лампас""",856.0,DERIVED_STOCK_MOVEMENT,FILE-099,ДЕМИ (Основное подразделение),Движение товаров с себестоимостью,OUT
CV-H5-b7a48e6d6a0ee2cf,0-1498,0-1498,"Блуза женская, белая, из трикотажа, с декором из сетки по горловине",3891.0,DERIVED_STOCK_MOVEMENT,FILE-099,ДЕМИ (Основное подразделение),Движение товаров с себестоимостью,OUT
CV-H5-87882ee3ff0fdbc9,FW17-248,FW17-248,"Брюки женские, белые, из хлопка, зауженные к низу",7100.0,DERIVED_STOCK_MOVEMENT,FILE-099,ДЕМИ (Основное подразделение),Движение товаров с себестоимостью,OUT
CV-H5-626dba4393aafdf5,ДK190,ДК190,"Платье женское, коричневое, из шерсти средней длины",7800.0,DERIVED_STOCK_MOVEMENT,FILE-099,ДЕМИ (Основное подразделение),Движение товаров с себестоимостью,OUT
CV-H5-7e9be681ee6934e7,0-1984P,0-1984P,"Пальто женское, черное, из бархата и пайеточной ткани, декорировано перьями стра",2778.86,DERIVED_STOCK_MOVEMENT,FILE-099,ДЕМИ (Основное подразделение),Движение товаров с себестоимостью,IN
CV-H5-83d27996e8790a5d,0-1442,0-1442,"Платье женское, синее, из пайеточной ткани, приталенного силуэта",10296.25,DERIVED_STOCK_MOVEMENT,FILE-099,Остатки ЦУМ (Основное подразделение),Движение товаров с себестоимостью,IN
CV-H5-0085906440e89067,0-1486A,0-1486А,"Юбка женская, черная, из фатина, с принтом ""горошек""",7020.0,DERIVED_STOCK_MOVEMENT,FILE-099,ДЕМИ (Основное подразделение),Движение товаров с себестоимостью,OPEN
CV-H5-2dfae8bc90ec9e33,0-1522,0-1522,"Тренчкот женский, бежевый, из плащевой ткани, с контрастной отделкой",9401.83,DERIVED_STOCK_MOVEMENT,FILE-099,Остатки ЦУМ (Основное подразделение),Движение товаров с себестоимостью,IN
CV-H5-5bfeb3b4bb45edc4,0-1539A,0-1539А,"Юбка женская, белая, из фатина, с принтом ""горошек""",3851.0,DERIVED_STOCK_MOVEMENT,FILE-099,ДЕМИ (Основное подразделение),Движение товаров с себестоимостью,OPEN
CV-H5-754b7c6316af362b,0-1831,0-1831,"Блуза женская, черная, из трикотажа, с открытыми плечами",9156.0,DERIVED_STOCK_MOVEMENT,FILE-099,ДЕМИ (Основное подразделение),Движение товаров с себестоимостью,OPEN
CV-H5-422e6b6d7d54e825,0-1871A,0-1871А,"Юбка женская, черная, из дюшеса, с вышивкой и декором из перьев страуса",7009.28,DERIVED_STOCK_MOVEMENT,FILE-099,ДЕМИ (Основное подразделение),Движение товаров с себестоимостью,OPEN
CV-H5-edd8164202605fbb,0-1950A,0-1950А,"Юбка женская, белая, из фатина, с принтом ""листья""",12180.0,DERIVED_STOCK_MOVEMENT,FILE-099,ДЕМИ (Основное подразделение),Движение товаров с себестоимостью,OPEN
CV-H5-63169cfc98bc53f3,0-1967,0-1967,"Платье женское, черное, из бархата, декорировано белыми манжетами и черным банто",7250.0,DERIVED_STOCK_MOVEMENT,FILE-099,ДЕМИ (Основное подразделение),Движение товаров с себестоимостью,OPEN
CV-H5-68c274d10a20ae03,0-1974,0-1974,"Платье женское, черное, из бархата, декорировано бархатным бантом на кокетке из ",10570.0,DERIVED_STOCK_MOVEMENT,FILE-099,ДЕМИ (Основное подразделение),Движение товаров с себестоимостью,OPEN
CV-H5-74d9efdf4dc78b7d,0-2028,0-2028,"Платье женское, белое, из хлопка, на тонких бретелях",42591.5,DERIVED_STOCK_MOVEMENT,FILE-099,Остатки ЦУМ (Основное подразделение),Движение товаров с себестоимостью,IN
CV-H5-f931ea8e515bf28b,0-2037,0-2037,"Пальто-халат женское, белое с принтом ""черные Y"", из шелка, с рукавом ""кимоно""",20435.0,DERIVED_STOCK_MOVEMENT,FILE-099,Остатки ЦУМ (Основное подразделение),Движение товаров с себестоимостью,IN
CV-H5-80f9b85328150a38,0-2090,0-2090,"Брюки женские, черные с принтом ""белые Y"", из шелка, с отделкой ""лампас""",10902.0,DERIVED_STOCK_MOVEMENT,FILE-099,ДЕМИ (Основное подразделение),Движение товаров с себестоимостью,OPEN
CV-H5-9a1df428eccd2d48,0-482,0-482,"Блуза женская, черная, из шелка и шифона, с отделкой кружевом",13112.0,DERIVED_STOCK_MOVEMENT,FILE-099,ДЕМИ (Основное подразделение),Движение товаров с себестоимостью,OPEN
CV-H5-eb15fc1826087519,0-2785,0-2785,КОВРОТЕКА ООО,18525.0,DERIVED_STOCK_MOVEMENT,FILE-099,ДЕМИ (Основное подразделение),Движение товаров с себестоимостью,IN
CV-H5-e79d4cb1b50316d1,0-2818,0-2818,"Плед бежевый, из кашемира, с авторским принтом ""Дерево жизни""",18525.0,DERIVED_STOCK_MOVEMENT,FILE-099,ДЕМИ (Основное подразделение),Движение товаров с себестоимостью,IN
CV-H5-d41e43a89528588f,0-2818A,0-2818A,"Плед бежевый, из кашемира, с авторским рисунком",18525.0,DERIVED_STOCK_MOVEMENT,FILE-099,ДЕМИ (Основное подразделение),Движение товаров с себестоимостью,IN
CV-H5-bfb27ee4c1dbfa95,0-2818B,0-2818B,"Плед серый, из кашемира, с авторским рисунком",18525.0,DERIVED_STOCK_MOVEMENT,FILE-099,ДЕМИ (Основное подразделение),Движение товаров с себестоимостью,IN
CV-H5-8db90e5e810eefb0,0-1043,0-1043,МЕРКУРИ МОДА ООО,32392.0,DERIVED_STOCK_MOVEMENT,FILE-099,ДЕМИ (Основное подразделение),Движение товаров с себестоимостью,OUT
CV-H5-abcf93eb0876d308,0-1187D,0-1187D,"Пальто женское, черное, из бархата, с расшитыми ""звездами""",12405.52,DERIVED_STOCK_MOVEMENT,FILE-099,ДЕМИ (Основное подразделение),Движение товаров с себестоимостью,IN
CV-H5-b0cafd2ad9c0e9f6,0-1187E,0-1187E,"Блуза женская, черная в белый горох, из шелка, с отделкой белым кантом",7284.12,DERIVED_STOCK_MOVEMENT,FILE-099,ДЕМИ (Основное подразделение),Движение товаров с себестоимостью,IN
CV-H5-5d0b04a677a60d7c,0-1672A,0-1672А,"Брюки женские, черные, из шелка, с белым кантом",4763.0,DERIVED_STOCK_MOVEMENT,FILE-099,ДЕМИ (Основное подразделение),Движение товаров с себестоимостью,OUT
CV-H5-7eadf89cf810a05e,0-2125,0-2125,"Рубашка женская, белая, из хлопка, с вышивкой на кармане YC",20188.16,DERIVED_STOCK_MOVEMENT,FILE-099,ДЕМИ (Основное подразделение),Движение товаров с себестоимостью,OUT
CV-H5-9da947ed4a5535c3,0-2246B,0-2246B,"Платье женское, черное в белый горох, из шелка, декорировано белой брошью ""Цвето",9885.32,DERIVED_STOCK_MOVEMENT,FILE-099,ДЕМИ (Основное подразделение),Движение товаров с себестоимостью,IN
CV-H5-674ae88fb440a650,0-2324,0-2324,"Платье женское, розовое с принтом ""желто-черные Y"", из батиста, с поясом",34661.25,DERIVED_STOCK_MOVEMENT,FILE-099,ДЕМИ (Основное подразделение),Движение товаров с себестоимостью,IN
CV-H5-6f4edc0081d2f7ba,0-2347,0-2347,"Пальто женское, серое, из шелкового бархата, с расшитыми розовыми цветами на рук",39373.5,DERIVED_STOCK_MOVEMENT,FILE-099,ДЕМИ (Основное подразделение),Движение товаров с себестоимостью,OPEN
CV-H5-bcd3a056946ca178,0-2364B,0-2364В,"Пальто женское ""ДИАГОНАЛЬ"", черное, из шерсти, с отделкой кожей",7677.0,DERIVED_STOCK_MOVEMENT,FILE-099,ДЕМИ (Основное подразделение),Движение товаров с себестоимостью,IN
CV-H5-e768e2031b201f55,0-2384,0-2384,"Блуза женская, черная, из крепа, с объемным рукавом, декорирована бантом по низу",6675.0,DERIVED_STOCK_MOVEMENT,FILE-099,ДЕМИ (Основное подразделение),Движение товаров с себестоимостью,IN
CV-H5-72c9a1e8e1092027,0-2393,0-2393,"Брюки женские, черные, из шелкового бархата, с отделкой белым кантом по бокам",14849.0,DERIVED_STOCK_MOVEMENT,FILE-099,ДЕМИ (Основное подразделение),Движение товаров с себестоимостью,IN
CV-H5-bcee85e4dfb24a25,0-2396,0-2396,"Платье женское, черное, из шелка, с бахромой и кокеткой расшитой бисером",23360.0,DERIVED_STOCK_MOVEMENT,FILE-099,ДЕМИ (Основное подразделение),Движение товаров с себестоимостью,IN
CV-H5-5c566f0354555034,0-2397,0-2397,"Платье женское, черное, из крепа, с декором ""Листья"" на манжетах",13390.0,DERIVED_STOCK_MOVEMENT,FILE-099,ДЕМИ (Основное подразделение),Движение товаров с себестоимостью,IN
CV-H5-639bcdf58566e908,0-2397B,0-2397В,"Платье женское, черное, из стрейч бархата, с разрезом и декором из страз",6430.0,DERIVED_STOCK_MOVEMENT,FILE-099,ДЕМИ (Основное подразделение),Движение товаров с себестоимостью,OUT
CV-H5-f99fa02dfe4a4105,0-2400,0-2400,Болеро-накидка из сетки,21005.0,DERIVED_STOCK_MOVEMENT,FILE-099,ДЕМИ (Основное подразделение),Движение товаров с себестоимостью,IN
CV-H5-be798f39f9814cba,0-2406,0-2406,"Платье женское, черное, с принтом ""девочки"", из шелка, на тонких бретелях",4628.3,DERIVED_STOCK_MOVEMENT,FILE-099,ДЕМИ (Основное подразделение),Движение товаров с себестоимостью,IN
CV-H5-00361e18c03f962c,0-2409,0-2409,"Юбка женская, черная, из бархата, средней длины, с поясом",14393.0,DERIVED_STOCK_MOVEMENT,FILE-099,ДЕМИ (Основное подразделение),Движение товаров с себестоимостью,IN
CV-H5-3a933e4b8f229720,0-2415,0-2415,"Платье женское, черное, из шерсти, с декором из сетки и перьев",2536.0,DERIVED_STOCK_MOVEMENT,FILE-099,ДЕМИ (Основное подразделение),Движение товаров с себестоимостью,OPEN
CV-H5-e00c66c5c0f19e84,0-2421,0-2421,"Блуза-боди женская, темно-серая, из трикотажа, декорирована белыми манжетами, с ",18823.0,DERIVED_STOCK_MOVEMENT,FILE-099,ДЕМИ (Основное подразделение),Движение товаров с себестоимостью,IN
CV-H5-2ef7c2d18b77ac59,0-2455,0-2455,"Платье женское, розовое, из шелкового бархата, с воротником и манжетами из пайет",22179.75,DERIVED_STOCK_MOVEMENT,FILE-099,ДЕМИ (Основное подразделение),Движение товаров с себестоимостью,IN
CV-H5-bef8f5f63d4e4356,0-2455A,0-2455А,"Юбка женская, черная, из фатина, с вышивкой ""Дерево, птицы, Yanina""",12337.75,DERIVED_STOCK_MOVEMENT,FILE-099,ДЕМИ (Основное подразделение),Движение товаров с себестоимостью,IN
CV-H5-a4e87c3d0dbed816,0-2456A,0-2456А,"Юбка женская, черная, из фатина, с декором принт ""дерево, птицы, Yanina""",19129.5,DERIVED_STOCK_MOVEMENT,FILE-099,ДЕМИ (Основное подразделение),Движение товаров с себестоимостью,OUT
CV-H5-f64680f491c3d601,0-2458,0-2458,"Платье женское, черное, из крепа, короткое, с вышивкой ""Дерево, птица, Yanina""",6558.7,DERIVED_STOCK_MOVEMENT,FILE-099,ДЕМИ (Основное подразделение),Движение товаров с себестоимостью,IN
CV-H5-4b974356a46f9be1,0-2460,0-2460,"Блуза-боди женская, черная, из стрейч бархата, с белым воротником",11496.0,DERIVED_STOCK_MOVEMENT,FILE-099,ДЕМИ (Основное подразделение),Движение товаров с себестоимостью,IN
CV-H5-46581f06e672141c,0-2461,0-2461,"Блуза женская, черная, из батиста, декорирована расшивкой кристаллами по воротни",16419.0,DERIVED_STOCK_MOVEMENT,FILE-099,Остатки ЦУМ (Основное подразделение),Движение товаров с себестоимостью,IN
CV-H5-db4a78118afe893b,0-2462A,0-2462A,"Платье женское, черное, из искусственного шелка, с вышивкой ""Дерево, птица"", с р",13866.48,DERIVED_STOCK_MOVEMENT,FILE-099,ДЕМИ (Основное подразделение),Движение товаров с себестоимостью,IN
CV-H5-266a9bdd7a003416,0-2464,0-2464,"Блуза женская, белая, из батиста, декорирована расшивкой кристаллами по воротник",12338.0,DERIVED_STOCK_MOVEMENT,FILE-099,Остатки ЦУМ (Основное подразделение),Движение товаров с себестоимостью,IN
CV-H5-fda60606ced97722,0-2468A,0-2468А,"Платье женское, черное, из бархата, со съемным воротником с бантом, с расшивкой ",65897.89,DERIVED_STOCK_MOVEMENT,FILE-099,Остатки ЦУМ (Основное подразделение),Движение товаров с себестоимостью,IN
CV-H5-87bfad62a1700d54,0-2469A,0-2469A,"Платье женское, черное в белый горох, из шелка, со съемным воротником и белыми м",22340.72,DERIVED_STOCK_MOVEMENT,FILE-099,ДЕМИ (Основное подразделение),Движение товаров с себестоимостью,IN
CV-H5-18792039217a3f51,0-2472,0-2472,"Платье женское, черное в белый горох, из шифона, длинное, декорировано брошью ""Б",5226.13,DERIVED_STOCK_MOVEMENT,FILE-099,ДЕМИ (Основное подразделение),Движение товаров с себестоимостью,IN
CV-H5-d0e79ed257a465e4,0-2474A,0-2474A,"Брюки женские, черные, из футера, с декором принт ""дерево, Yanina"", отделкой ""ла",6254.5,DERIVED_STOCK_MOVEMENT,FILE-099,ДЕМИ (Основное подразделение),Движение товаров с себестоимостью,IN
CV-H5-6b0ea0f34510a90a,0-2475A,0-2475А,"Блуза женская, чёрная с принтом ""девочки"", из батиста, с отделкой ""лампас""",9175.0,DERIVED_STOCK_MOVEMENT,FILE-099,ДЕМИ (Основное подразделение),Движение товаров с себестоимостью,IN
CV-H5-65e07e4590c7ee35,0-2475B,0-2475В,"Рубашка женская свободного силуэта, белая, из шелка, с вышивкой на кармане YC",6924.5,DERIVED_STOCK_MOVEMENT,FILE-099,ДЕМИ (Основное подразделение),Движение товаров с себестоимостью,IN
CV-H5-fd42cb27f7df8c69,0-2475C,0-2475С,"Рубашка женская свободного силуэта, серая, из батиста, с вышивкой на кармане YC",5487.0,DERIVED_STOCK_MOVEMENT,FILE-099,ДЕМИ (Основное подразделение),Движение товаров с себестоимостью,OUT
CV-H5-55235352812ca6e8,0-2476,0-2476,"Рубашка женская, белая, из хлопка, с вышивкой ""YC"", свободного силуэта",12981.6,DERIVED_STOCK_MOVEMENT,FILE-099,ДЕМИ (Основное подразделение),Движение товаров с себестоимостью,IN
CV-H5-80a785f6f1f472bb,0-2477,0-2477,"Рубашка женская, белая с принтом ""девочки"", из шелка, с отделкой черным кантом, ",13230.6,DERIVED_STOCK_MOVEMENT,FILE-099,ДЕМИ (Основное подразделение),Движение товаров с себестоимостью,IN
CV-H5-c973b38510dee487,0-2477A,0-2477A,"Рубашка женская, белая с принтом ""девочки"", из шелка, с отделкой черным кантом, ",13230.6,DERIVED_STOCK_MOVEMENT,FILE-099,ДЕМИ (Основное подразделение),Движение товаров с себестоимостью,IN
CV-H5-2d37900fba3f05aa,0-2478,0-2478,"Рубашка женская, черная с принтом ""девочки"", из шелка, с отделкой белым кантом, ",6149.15,DERIVED_STOCK_MOVEMENT,FILE-099,ДЕМИ (Основное подразделение),Движение товаров с себестоимостью,IN
CV-H5-39f70f726e240b07,0-2479A,0-2479A,"Рубашка женская, белая, из хлопка, с отделкой ""YANINA"" спереди",8137.1,DERIVED_STOCK_MOVEMENT,FILE-099,ДЕМИ (Основное подразделение),Движение товаров с себестоимостью,IN
CV-H5-5b6b9f60b0fc8402,0-2480A,0-2480A,"Блуза женская, белая с принтом ""оранжевые Y"", из шёлка, с отделкой ""лампас""",14149.6,DERIVED_STOCK_MOVEMENT,FILE-099,ДЕМИ (Основное подразделение),Движение товаров с себестоимостью,OUT
CV-H5-4674c7f93368d863,0-2480B,0-2480B,"Блуза женская, белая с принтом ""серые и чёрные Y"", из шёлка, с отделкой ""лампас""",8109.1,DERIVED_STOCK_MOVEMENT,FILE-099,ДЕМИ (Основное подразделение),Движение товаров с себестоимостью,IN
CV-H5-fe262f2ad656b9f2,0-2481,0-2481,"Блуза женская, белая с принтом ""оранжевые Y"", из батиста, с отделкой ""лампас""",9075.84,DERIVED_STOCK_MOVEMENT,FILE-099,ДЕМИ (Основное подразделение),Движение товаров с себестоимостью,IN
CV-H5-7d95cc64cf2bd151,0-2481A,0-2481A,"Брюки женские, белые с принтом ""черные Y и девочки"", из шёлка, с отделкой чёрным",8802.27,DERIVED_STOCK_MOVEMENT,FILE-099,ДЕМИ (Основное подразделение),Движение товаров с себестоимостью,IN
CV-H5-46f5fb428c864240,0-2481C,0-2481C,"Брюки женские, белые с принтом ""оранжевые Y"", из шёлка, с оранжевым кантом",9075.84,DERIVED_STOCK_MOVEMENT,FILE-099,ДЕМИ (Основное подразделение),Движение товаров с себестоимостью,IN
CV-H5-65514cc1b23827d3,0-2481D,0-2481D,"Брюки женские, белые с принтом ""серые Y"", из шёлка, с отделкой черным кантом",4897.84,DERIVED_STOCK_MOVEMENT,FILE-099,ДЕМИ (Основное подразделение),Движение товаров с себестоимостью,IN
CV-H5-05636824c3a107e2,0-2482A,0-2482A,"Брюки женские, белые с принтом ""оранжево-черные Y"", из батиста, с оранжевым кант",2570.34,DERIVED_STOCK_MOVEMENT,FILE-099,ДЕМИ (Основное подразделение),Движение товаров с себестоимостью,IN
CV-H5-7177f7c7a95c710b,0-2483,0-2483,"Брюки женские, чёрные с принтом ""белые Y"", из батиста, с отделкой ""лампас"" по ни",10583.84,DERIVED_STOCK_MOVEMENT,FILE-099,ДЕМИ (Основное подразделение),Движение товаров с себестоимостью,IN
CV-H5-aba4315a68e2833e,0-2487,0-2487,"Шорты женские, чёрные с принтом ""белые Y и девочки"", из батиста, с отделкой ""лам",18510.0,DERIVED_STOCK_MOVEMENT,FILE-099,ДЕМИ (Основное подразделение),Движение товаров с себестоимостью,IN
CV-H5-ce307d77d68193d0,0-2487A,0-2487A,"Пальто-халат женское, белое с принтом ""оранжевые буквы Y"", из шелка, с отделкой ",18510.0,DERIVED_STOCK_MOVEMENT,FILE-099,ДЕМИ (Основное подразделение),Движение товаров с себестоимостью,IN
CV-H5-bc22814c2e704a14,0-2487B,0-2487B,"Пальто-халат женское, белое с принтом ""Y"", из шелка, длинное",10052.5,DERIVED_STOCK_MOVEMENT,FILE-099,ДЕМИ (Основное подразделение),Движение товаров с себестоимостью,IN
CV-H5-6e324b85a23ce569,0-2488,0-2488,"Пальто-халат женское, черное с принтом ""девочки"", из батиста, с отделкой ""лампас",5546.84,DERIVED_STOCK_MOVEMENT,FILE-099,ДЕМИ (Основное подразделение),Движение товаров с себестоимостью,IN
CV-H5-29ebd9217a359516,0-2489,0-2489,"Брюки женские, синие с принтом ""белые Y и грибочки"", из денима",8766.0,DERIVED_STOCK_MOVEMENT,FILE-099,ДЕМИ (Основное подразделение),Движение товаров с себестоимостью,IN
CV-H5-48d1ba1c125e5a82,0-2490,0-2490,"Куртка женская, синяя, из денима с принтом Грибочки",4453.64,DERIVED_STOCK_MOVEMENT,FILE-099,ДЕМИ (Основное подразделение),Движение товаров с себестоимостью,IN
CV-H5-78c8bb91f72d37df,0-2491,0-2491,"Юбка женская, синяя с принтом ""белые Y и грибочки"", из денима",13909.36,DERIVED_STOCK_MOVEMENT,FILE-099,ДЕМИ (Основное подразделение),Движение товаров с себестоимостью,OUT
CV-H5-ff68d82ff634e43d,0-2492,0-2492,"Платье женское длинное из белого хлопка с отделкой ""лампас""по борту и воротнику",32215.75,DERIVED_STOCK_MOVEMENT,FILE-099,ДЕМИ (Основное подразделение),Движение товаров с себестоимостью,IN
CV-H5-59d8bdff1b2cd439,0-2493A,0-2493A,"Платье женское, белое с принтом ""оранжево-черные Y"", из батиста, с широкими брет",11961.52,DERIVED_STOCK_MOVEMENT,FILE-099,ДЕМИ (Основное подразделение),Движение товаров с себестоимостью,IN
CV-H5-e83ee0ff384b23b9,0-2494A,0-2494A,"Платье женское, белое с принтом ""оранжево-черные Y"", из батиста, с поясом",11093.71,DERIVED_STOCK_MOVEMENT,FILE-099,ДЕМИ (Основное подразделение),Движение товаров с себестоимостью,IN
CV-H5-3fae13cc8f283c1e,0-2495,0-2495,"Платье женское, чёрное с принтом ""белые Y"", из батиста, с отделкой ""лампас"" на р",23392.3,DERIVED_STOCK_MOVEMENT,FILE-099,ДЕМИ (Основное подразделение),Движение товаров с себестоимостью,IN
CV-H5-565c7747fd9be76d,0-2497,0-2497,"Платье женское, белое с принтом ""черные Y и девочки"", из батиста, с открытыми пл",13579.34,DERIVED_STOCK_MOVEMENT,FILE-099,ДЕМИ (Основное подразделение),Движение товаров с себестоимостью,IN
CV-H5-7074add89dbcb6db,0-2498,0-2498,"Платье женское, белое с принтом ""черные Y и девочки"", из батиста, с длинными рук",6797.0,DERIVED_STOCK_MOVEMENT,FILE-099,ДЕМИ (Основное подразделение),Движение товаров с себестоимостью,IN
CV-H5-97c1b0f0ee897f94,0-2499,0-2499,"Платье женское, розовое с принтом ""пион"", из штапеля, без рукавов",9730.02,DERIVED_STOCK_MOVEMENT,FILE-099,ДЕМИ (Основное подразделение),Движение товаров с себестоимостью,IN
CV-H5-814536286c524701,0-2500,0-2500,"Платье женское, розовое с принтом ""пион"", из батиста, приталенного силуэта",7702.0,DERIVED_STOCK_MOVEMENT,FILE-099,ДЕМИ (Основное подразделение),Движение товаров с себестоимостью,IN
CV-H5-9ec074b5e9599ae2,0-2500A,0-2500A,"Платье-кафтан женское, серое с большим цветком, из штапеля, рукав декорирован па",7702.0,DERIVED_STOCK_MOVEMENT,FILE-099,ДЕМИ (Основное подразделение),Движение товаров с себестоимостью,IN
CV-H5-cf7f7e80d4a2b4d8,0-2502,0-2502,"Платье-кафтан женское, розовое с принтом ""пион"", из батиста, рукав декорирован п",12650.64,DERIVED_STOCK_MOVEMENT,FILE-099,ДЕМИ (Основное подразделение),Движение товаров с себестоимостью,IN
CV-H5-3513083e1425455d,0-2503,0-2503,"Юбка женская, черная с принтом ""девочки"", из шёлка, c отделкой ""лампас""",5808.49,DERIVED_STOCK_MOVEMENT,FILE-099,ДЕМИ (Основное подразделение),Движение товаров с себестоимостью,IN
CV-H5-4f238cbbfae8c72a,0-2504,0-2504,"Юбка женская, черная с принтом ""девочки"", из хлопка, с лампасами ""YANINA""",7536.74,DERIVED_STOCK_MOVEMENT,FILE-099,ДЕМИ (Основное подразделение),Движение товаров с себестоимостью,IN
CV-H5-e5be27de8eb6add3,0-2589,0-2589,"Блуза-топ женская, черная, из шелка, на тонких бретелях",16198.5,DERIVED_STOCK_MOVEMENT,FILE-099,ДЕМИ (Основное подразделение),Движение товаров с себестоимостью,IN
CV-H5-7250017ddf089de2,0-2590,0-2590,"Платье женское, черное, из хлопкового кружева, с вышивкой ""Цветы""",40175.0,DERIVED_STOCK_MOVEMENT,FILE-099,ДЕМИ (Основное подразделение),Движение товаров с себестоимостью,IN
CV-H5-c0fb352acee1bb96,0-2592,0-2592/1,"Платье женское, черное, корсетное, из сетки, с декором ""Красный цветок""",13260.0,DERIVED_STOCK_MOVEMENT,FILE-099,ДЕМИ (Основное подразделение),Движение товаров с себестоимостью,IN
CV-H5-ecfa1f25f0a10c33,0-2593,0-2593/2,"Свитер женский, зеленый, из кашемира, с вышивкой ""зеленая Y""",15600.0,DERIVED_STOCK_MOVEMENT,FILE-099,ДЕМИ (Основное подразделение),Движение товаров с себестоимостью,OUT
CV-H5-51a0b5fdcd62b337,0-2594,0-2594,"Свитер женский, черный, из кашемира, с вышивкой ""Черный мак""",41341.2,DERIVED_STOCK_MOVEMENT,FILE-099,ДЕМИ (Основное подразделение),Движение товаров с себестоимостью,OUT
CV-H5-f2b8845e57043fef,0-2595,0-2595,"Куртка-бомбер женская, черная, из нат.кожи, с вышивкой ""Y"" камнями и бусинами",26750.0,DERIVED_STOCK_MOVEMENT,FILE-099,ДЕМИ (Основное подразделение),Движение товаров с себестоимостью,IN
CV-H5-38d14ec014d40207,0-2596,0-2596,"Жакет женский, черный, из шелкового бархата, с вышивкой ""Цветок"" из пайеток",44359.4,DERIVED_STOCK_MOVEMENT,FILE-099,ДЕМИ (Основное подразделение),Движение товаров с себестоимостью,OUT
CV-H5-e38b20bbe3670efa,0-2597,0-2597,"Пальто женское, черное, из шерсти, короткое, с аппликацией ""Большой цветок"" из б",37135.2,DERIVED_STOCK_MOVEMENT,FILE-099,ДЕМИ (Основное подразделение),Движение товаров с себестоимостью,IN
CV-H5-35d82f0099d7f40e,0-2598,0-2598,"Пальто женское, черное, из шерсти, длинное, с поясом, с аппликацией ""Цветок"" из ",18345.0,DERIVED_STOCK_MOVEMENT,FILE-099,ДЕМИ (Основное подразделение),Движение товаров с себестоимостью,OUT
CV-H5-f5bb1b39762fb280,0-2599,0-2599,"Брюки женские, черные, из шелкового бархата, на подкладке",35094.5,DERIVED_STOCK_MOVEMENT,FILE-099,ДЕМИ (Основное подразделение),Движение товаров с себестоимостью,OUT
CV-H5-fff405cddba41e8b,0-2600,0-2600,"Жакет женский, черный, из крепа и бархата, с вышивкой ""Цветы""",5418.8,DERIVED_STOCK_MOVEMENT,FILE-099,ДЕМИ (Основное подразделение),Движение товаров с себестоимостью,IN
CV-H5-e878ea42c36564c4,0-2603,0-2603,"Брюки-капри женские, чёрные, из шёлка дюшес",40445.32,DERIVED_STOCK_MOVEMENT,FILE-099,ДЕМИ (Основное подразделение),Движение товаров с себестоимостью,IN
CV-H5-a88d0068b2dcaed1,0-2603A,0-2603A,"Юбка женская, черная, из пайеточной ткани, длинная, с вышивкой ""Красный цветок""",40175.32,DERIVED_STOCK_MOVEMENT,FILE-099,ДЕМИ (Основное подразделение),Движение товаров с себестоимостью,IN
CV-H5-a08050933137014d,0-2604,0-2604,"Юбка женская, черная, из пайеточной ткани, короткая, с вышивкой ""Красный цветок""",5215.0,DERIVED_STOCK_MOVEMENT,FILE-099,ДЕМИ (Основное подразделение),Движение товаров с себестоимостью,IN
CV-H5-15f3bf176106ad59,0-2658,0-2658,"Юбка женская, черная, из стрейч бархата, прямая, зауженная к низу, средней длины",14434.0,DERIVED_STOCK_MOVEMENT,FILE-099,ДЕМИ (Основное подразделение),Движение товаров с себестоимостью,IN
CV-H5-7e6d18c92ad0606e,0-2658A,0-2658A,"Платье женское, черное, из бархата стрейч, с аппликацией ""Цветок""",44769.0,DERIVED_STOCK_MOVEMENT,FILE-099,ДЕМИ (Основное подразделение),Движение товаров с себестоимостью,IN
CV-H5-e6e39b842c101924,0-2661,0-2661,"Платье женское, серебро, из паейток, с аппликацией ""Цветок""",32070.8,DERIVED_STOCK_MOVEMENT,FILE-099,ДЕМИ (Основное подразделение),Движение товаров с себестоимостью,IN
CV-H5-cf1b60a5e47ffe81,0-2665,0-2665,"Платье женское, черное, из шелкового бархата, с рукавом из шифона с боа по низу",16543.0,DERIVED_STOCK_MOVEMENT,FILE-099,ДЕМИ (Основное подразделение),Движение товаров с себестоимостью,OUT
CV-H5-72bb1c7e135e4a7e,0-2666,0-2666,"Блуза женская, белая, из шелка, с аппликацией ""Цветы""",30536.88,DERIVED_STOCK_MOVEMENT,FILE-099,ДЕМИ (Основное подразделение),Движение товаров с себестоимостью,IN
CV-H5-08d0f41d5cebb81b,0-2668,0-2668,"Юбка женская, серебро, из пайеток, с аппликацией ""Цветы""",17171.8,DERIVED_STOCK_MOVEMENT,FILE-099,ДЕМИ (Основное подразделение),Движение товаров с себестоимостью,IN
CV-H5-6dc2febd5e8eb486,0-2669A,0-2669A,"Платье женское, черное, длинное, из бархата стрейч, с аппликацией ""Цветок""",19327.0,DERIVED_STOCK_MOVEMENT,FILE-099,ДЕМИ (Основное подразделение),Движение товаров с себестоимостью,IN
CV-H5-84b83156f0ae0261,0-2671,0-2671,"Платье женское, черное, из бархата стрейч, с аппликацией ""Цветок"", с длинным рук",11836.0,DERIVED_STOCK_MOVEMENT,FILE-099,ДЕМИ (Основное подразделение),Движение товаров с себестоимостью,IN
CV-H5-09ef983553b33343,0-2672,0-2672,"Блуза женская, черная, из шифона, с кружевом",25338.08,DERIVED_STOCK_MOVEMENT,FILE-099,ДЕМИ (Основное подразделение),Движение товаров с себестоимостью,IN
CV-H5-9c0e99f8b31b3f5a,0-2673,0-2673,"Юбка женская, черная, из пайеток, с аппликацией ""Цветок""",11215.0,DERIVED_STOCK_MOVEMENT,FILE-099,ДЕМИ (Основное подразделение),Движение товаров с себестоимостью,IN
CV-H5-67d7520c4626127c,0-2674,0-2674,"Блуза женская, черная, из бархата стрейч, с аппликацией ""Цветок""",5318.52,DERIVED_STOCK_MOVEMENT,FILE-099,ДЕМИ (Основное подразделение),Движение товаров с себестоимостью,IN
CV-H5-28640596799d298f,0-2675,0-2675,"Брюки женские, черные, из бархата стрейч, с аппликацией ""Цветок""",20162.37,DERIVED_STOCK_MOVEMENT,FILE-099,ДЕМИ (Основное подразделение),Движение товаров с себестоимостью,IN
CV-H5-528945b957305075,0-2676,0-2676,"Жакет женский, черный, из бархата шелкового с аппликацией ""Цветок""",13245.99,DERIVED_STOCK_MOVEMENT,FILE-099,ДЕМИ (Основное подразделение),Движение товаров с себестоимостью,OUT
CV-H5-d502278e764297cb,0-2683,0-2683,"Брюки женские, черные, из бархата шелкового, с аппликацией ""Цветок""",23608.75,DERIVED_STOCK_MOVEMENT,FILE-099,ДЕМИ (Основное подразделение),Движение товаров с себестоимостью,IN
CV-H5-44d0ab713072c40b,0-2689,0-2689,"Платье женское, черное в белый горох, из шелка, с поясом-завязка",27299.88,DERIVED_STOCK_MOVEMENT,FILE-099,ДЕМИ (Основное подразделение),Движение товаров с себестоимостью,OUT
CV-H5-1966fa687615c9c5,0-2690,0-2690,"Юбка женская, черная, из пайеток, с боа",16716.5,DERIVED_STOCK_MOVEMENT,FILE-099,ДЕМИ (Основное подразделение),Движение товаров с себестоимостью,IN
CV-H5-dd7a03a517fb1faa,0-2691,0-2691,"Блуза женская, черная, из ткани с пайетками, топ с баской",6299.0,DERIVED_STOCK_MOVEMENT,FILE-099,ДЕМИ (Основное подразделение),Движение товаров с себестоимостью,IN
CV-H5-c0b510c26cbb3928,0-2721,0-2721,"Брюки женские, черные, из бархата стрейч",37945.0,DERIVED_STOCK_MOVEMENT,FILE-099,ДЕМИ (Основное подразделение),Движение товаров с себестоимостью,IN
CV-H5-b870851581f1b834,0-2814,0-2814,"Платье женское, бежевое, из шифона, длинное",19070.0,DERIVED_STOCK_MOVEMENT,FILE-099,ДЕМИ (Основное подразделение),Движение товаров с себестоимостью,IN
CV-H5-1d8dc40c9ddeaae7,0-2815,0-2815,"Платье женское, красное, из дюшеса, с объемным декором ""Цветок""",14835.2,DERIVED_STOCK_MOVEMENT,FILE-099,ДЕМИ (Основное подразделение),Движение товаров с себестоимостью,IN
CV-H5-e1ae011d37f8c051,0-2816,0-2816,"Платье женское, черное, из джерси, с рукавами из тафты",20434.3,DERIVED_STOCK_MOVEMENT,FILE-099,ДЕМИ (Основное подразделение),Движение товаров с себестоимостью,IN
CV-H5-2439e5351c104242,0-2817,0-2817,"Платье женское, черное, из бархата хлопчатобумажного, с декором ""Бант с цветком""",15985.0,DERIVED_STOCK_MOVEMENT,FILE-099,ДЕМИ (Основное подразделение),Движение товаров с себестоимостью,IN
CV-H5-3f48379637373da4,0-3073A,0-3073A,"Плед темно-серый, из кашемира, с авторским рисунком",2895.96,DERIVED_STOCK_MOVEMENT,FILE-099,ДЕМИ (Основное подразделение),Движение товаров с себестоимостью,IN
CV-H5-6778bb48c8dbccdb,0-3073C,0-3073C,"Свитшот женский, белый, с декором принт ""MY YANINA COUTURE"", с коротким рукавом",2854.12,DERIVED_STOCK_MOVEMENT,FILE-099,ДЕМИ (Основное подразделение),Движение товаров с себестоимостью,IN
CV-H5-0f290f08f8486540,T-1416,T-1416,"Свитшот женский, голубой, с декором принт ""MY YANINA COUTURE"", с коротким рукаво",5666.63,DERIVED_STOCK_MOVEMENT,FILE-099,ДЕМИ (Основное подразделение),Движение товаров с себестоимостью,IN
CV-H5-69201ccf5a917311,T-1418,T-1418,"Брюки-джоггеры женские, черные, из стрейч бархата, с шелковым лампасом",6659.14,DERIVED_STOCK_MOVEMENT,FILE-099,ДЕМИ (Основное подразделение),Движение товаров с себестоимостью,IN
CV-H5-6220c28a91cf5678,T-1444A,T-1444A,"Свитшот женский, черный, из бархата, с декоративными оборками на рукавах",7258.05,DERIVED_STOCK_MOVEMENT,FILE-099,ДЕМИ (Основное подразделение),Движение товаров с себестоимостью,IN
CV-H5-128621e508859ca6,T-1879B,T-1879В,"Свитшот женский, черный, из футера, с декором принт ""дерево, птица, Yanina"", удл",8110.0,DERIVED_STOCK_MOVEMENT,FILE-099,ДЕМИ (Основное подразделение),Движение товаров с себестоимостью,IN
CV-H5-e6b1f5be7219eee9,T-1960,T-1960,"Юбка женская, черная, из стрейч бархата, миди",12298.0,DERIVED_STOCK_MOVEMENT,FILE-099,ДЕМИ (Основное подразделение),Движение товаров с себестоимостью,IN
CV-H5-b027d333948604ec,T-1984P,T-1984P,"Блуза женская, черная, из шифона, с воротником ""стойка"", переходящая в бант",2812.5,DERIVED_STOCK_MOVEMENT,FILE-099,ДЕМИ (Основное подразделение),Движение товаров с себестоимостью,IN
CV-H5-768bd92c1c37a73a,T-2032C,T-2032C/3,"Футболка женская, белая, из трикотажа, с декором принт ""дерево, птица, Yanina""",12552.1,DERIVED_STOCK_MOVEMENT,FILE-099,ДЕМИ (Основное подразделение),Движение товаров с себестоимостью,IN
CV-H5-32a50151d6bdcbf0,T-2037C,T-2037C/3,"Блуза женская, зеленая с принтом ""капли"", из батиста",6599.96,DERIVED_STOCK_MOVEMENT,FILE-099,ДЕМИ (Основное подразделение),Движение товаров с себестоимостью,IN
CV-H5-9bd81e88e96f7098,T-2037D,T-2037D,"Брюки-капри женские, зеленые с принтом ""капли"", из батиста",7809.14,DERIVED_STOCK_MOVEMENT,FILE-099,ДЕМИ (Основное подразделение),Движение товаров с себестоимостью,IN
CV-H5-7ef797bfeba706f4,T-2037E,T-2037E,"Брюки женские, голубые с принтом ""цветы"", из хлопка",8510.52,DERIVED_STOCK_MOVEMENT,FILE-099,ДЕМИ (Основное подразделение),Движение товаров с себестоимостью,IN
CV-H5-1d14863698fe5c30,T-2050B,T-2050B/3,"Брюки женские, черные, из шелка, с отделкой черной каймой по низу",4809.44,DERIVED_STOCK_MOVEMENT,FILE-099,ДЕМИ (Основное подразделение),Движение товаров с себестоимостью,IN
CV-H5-0d9528e616006ff7,T-2251A,T-2251A,"Шорты женские, зеленые с принтом ""капли"", из батиста",13201.0,DERIVED_STOCK_MOVEMENT,FILE-099,ДЕМИ (Основное подразделение),Движение товаров с себестоимостью,IN
CV-H5-98bc0d0690a6dc13,T-2359,T-2359,"Платье женское, белое с принтом ""черные Y и девочки"", из хлопка, с разрезами по ",5187.06,DERIVED_STOCK_MOVEMENT,FILE-099,ДЕМИ (Основное подразделение),Движение товаров с себестоимостью,IN
CV-H5-ed8687969f8c7369,T-2359A,T-2359A,"Свитшот женский, черный, из футера, с декором принт ""сердце, Yanina"", с белой об",7566.07,DERIVED_STOCK_MOVEMENT,FILE-099,ДЕМИ (Основное подразделение),Движение товаров с себестоимостью,IN
CV-H5-5fa43b9d1d1895b1,T-2381,T-2381,"Свитшот женский, черный, из футера, с декором принт ""дерево, птица, Yanina"", с б",5471.54,DERIVED_STOCK_MOVEMENT,FILE-099,ДЕМИ (Основное подразделение),Движение товаров с себестоимостью,IN
CV-H5-327427feb94a838f,T-2470,T-2470,"Блуза женская, черная с принтом ""белые балерины"", из шелка, с отделкой белым кан",4324.5,DERIVED_STOCK_MOVEMENT,FILE-099,ДЕМИ (Основное подразделение),Движение товаров с себестоимостью,IN
CV-H5-73dd8b507e26d81a,T-2472,T-2472,"Юбка женская, черная, из футера, с декором принт ""дерево, Yanina"", с отделкой ""л",5766.57,DERIVED_STOCK_MOVEMENT,FILE-099,ДЕМИ (Основное подразделение),Движение товаров с себестоимостью,IN
CV-H5-dfdee988a04ff6d4,T-2475B,T-2475B/1,"Брюки женские, черные, из футера, с декором принт ""дерево, Yanina"", отделкой ""ла",7889.0,DERIVED_STOCK_MOVEMENT,FILE-099,ДЕМИ (Основное подразделение),Движение товаров с себестоимостью,IN
CV-H5-674f33a31d051c7b,T-2495A,T-2495A,"Рубашка женская свободного силуэта, синяя, из батиста, с вышивкой YC на кармане",27164.71,DERIVED_STOCK_MOVEMENT,FILE-099,ДЕМИ (Основное подразделение),Движение товаров с себестоимостью,IN
CV-H5-075120dca9a22acf,T-2495B,T-2495B,"Платье женское, синее с принтом ""белые Y и девочки"", из шелкового шифона",26974.71,DERIVED_STOCK_MOVEMENT,FILE-099,ДЕМИ (Основное подразделение),Движение товаров с себестоимостью,IN
CV-H5-86e3c10d8179ec7c,T-2540,T-2540,"Платье женское, черное с принтом ""белые балерины"", из шелка, длина миди",23265.4,DERIVED_STOCK_MOVEMENT,FILE-099,ДЕМИ (Основное подразделение),Движение товаров с себестоимостью,IN
CV-H5-c68bc7d8ac939306,T-2541,T-2541,"Блуза женская, голубая с принтом ""большие синие капли"", из шелка",11875.24,DERIVED_STOCK_MOVEMENT,FILE-099,ДЕМИ (Основное подразделение),Движение товаров с себестоимостью,IN
CV-H5-15d530cda4a59535,T-2546,T-2546,"Брюки женские, голубые с принтом ""большие синие капли"", из шелка",18865.0,DERIVED_STOCK_MOVEMENT,FILE-099,ДЕМИ (Основное подразделение),Движение товаров с себестоимостью,IN
CV-H5-808981ec6fc15737,T-2547,T-2547,"Пальто-халат женское, серое с принтом ""пион"", из шелка",11511.55,DERIVED_STOCK_MOVEMENT,FILE-099,ДЕМИ (Основное подразделение),Движение товаров с себестоимостью,IN
CV-H5-13f31ab1ffcb19ea,T-2556B,T-2556B,"Брюки женские, серые с принтом ""пион"", из шелка",11931.24,DERIVED_STOCK_MOVEMENT,FILE-099,ДЕМИ (Основное подразделение),Движение товаров с себестоимостью,IN
CV-H5-d1ddc4abaf23cb17,T-2560A,T-2560A/1,"Брюки женские, черные с принтом ""белые Y и девочки"", из шелка, с отделкой ""лампа",20335.0,DERIVED_STOCK_MOVEMENT,FILE-099,ДЕМИ (Основное подразделение),Движение товаров с себестоимостью,IN
CV-H5-5271458aca292773,T-2560B,T-2560B/3,"Пальто-халат женское, белое с принтом ""оранжевые Y"", из шелка",12659.0,DERIVED_STOCK_MOVEMENT,FILE-099,ДЕМИ (Основное подразделение),Движение товаров с себестоимостью,IN
CV-H5-7cec0aa59682edb2,T-2572,T-2572/1,"Пальто-халат женское, зеленое с принтом ""капли"", из батиста",11055.0,DERIVED_STOCK_MOVEMENT,FILE-099,ДЕМИ (Основное подразделение),Движение товаров с себестоимостью,IN
CV-H5-2e6208e26fd85c1d,T-2573,T-2573/1,"Блуза женская, синяя с принтом ""белые Y и девочки"", из батиста, с отделкой ""ламп",4711.24,DERIVED_STOCK_MOVEMENT,FILE-099,ДЕМИ (Основное подразделение),Движение товаров с себестоимостью,IN
CV-H5-cbce5d9eb5c412e7,T-2604,T-2604,"Шорты женские, белые с принтом ""оранжевые Y"", из шелка, с отделкой ""лампас""",5744.82,DERIVED_STOCK_MOVEMENT,FILE-099,ДЕМИ (Основное подразделение),Движение товаров с себестоимостью,IN
CV-H5-22126fc52e941fc9,T-2699,T-2699,"Юбка-карандаш женская, черная, из стрейч бархата",40343.0,DERIVED_STOCK_MOVEMENT,FILE-099,ДЕМИ (Основное подразделение),Движение товаров с себестоимостью,IN
CV-H5-ab60a373a09b5b27,T-2701,T-2701,"Юбка женская, черная, из пайеточной ткани, с вышивкой ""Ласточки""",47568.0,DERIVED_STOCK_MOVEMENT,FILE-099,ДЕМИ (Основное подразделение),Движение товаров с себестоимостью,IN
CV-H5-36b075a322ace93e,T-2702,T-2702,"Куртка женская, коричневая, из натуральной кожи, двубортная, с поясом",16198.0,DERIVED_STOCK_MOVEMENT,FILE-099,ДЕМИ (Основное подразделение),Движение товаров с себестоимостью,IN
CV-H5-adcce30d32b40f72,T-2703,T-2703,"Платье женское, черное, из джерси, с аппликацией ""Цветок""",17326.46,DERIVED_STOCK_MOVEMENT,FILE-099,ДЕМИ (Основное подразделение),Движение товаров с себестоимостью,IN
CV-H5-4d690a1be811c1bc,T-2704,T-2704,"Блуза женская, черная, из шелка, с декором ""Цветок""",20059.8,DERIVED_STOCK_MOVEMENT,FILE-099,ДЕМИ (Основное подразделение),Движение товаров с себестоимостью,IN
CV-H5-fdc94812d31b7232,T-2705,T-2705,"Платье женское, черное, из крепа, с аппликацией ""Цветок""",15445.4,DERIVED_STOCK_MOVEMENT,FILE-099,ДЕМИ (Основное подразделение),Движение товаров с себестоимостью,IN
CV-H5-e37dd1185e7c85f8,T-2707,T-2707,"Платье женское, черное, из крепа, с декором ""белая Y"" из кожи",32571.87,DERIVED_STOCK_MOVEMENT,FILE-099,ДЕМИ (Основное подразделение),Движение товаров с себестоимостью,IN
CV-H5-b7edccdc277db544,T-2708,T-2708,"Жакет женский, синий, из шелкового бархата, с вышивкой ""Птицы""",10068.97,DERIVED_STOCK_MOVEMENT,FILE-099,ДЕМИ (Основное подразделение),Движение товаров с себестоимостью,IN
CV-H5-cdade21ec7400c35,T-2719,T-2719,"Брюки женские, синие, из шелкового бархата, с отделкой белым кантом",42170.0,DERIVED_STOCK_MOVEMENT,FILE-099,ДЕМИ (Основное подразделение),Движение товаров с себестоимостью,IN
CV-H5-078c1fcbf63314c5,T-2720,T-2720,"Пальто женское, серое, из натуральной кожи, с поясом",64842.0,DERIVED_STOCK_MOVEMENT,FILE-099,ДЕМИ (Основное подразделение),Движение товаров с себестоимостью,IN
CV-H5-ac0759efdd699774,T-2750A,T-2750A,"Пальто женское, бежевое, из замши, на запах",8486.33,DERIVED_STOCK_MOVEMENT,FILE-099,ДЕМИ (Основное подразделение),Движение товаров с себестоимостью,IN
CV-H5-79001bee7c677bfe,T-2750B,T-2750B,"Блуза-топ женская, белая с принтом ""оранжевые Y"", из шелка",8486.33,DERIVED_STOCK_MOVEMENT,FILE-099,ДЕМИ (Основное подразделение),Движение товаров с себестоимостью,IN
CV-H5-0c6339ab98ba407e,T-2750C,T-2750C,"Блуза-топ женская, черная, из шелка, на бретелях",5400.7,DERIVED_STOCK_MOVEMENT,FILE-099,ДЕМИ (Основное подразделение),Движение товаров с себестоимостью,IN
CV-H5-a3e47adc4ca024c2,T-2750D,T-2750D,"Блуза-топ женская, мятная, из шелка, на бретелях",5414.39,DERIVED_STOCK_MOVEMENT,FILE-099,ДЕМИ (Основное подразделение),Движение товаров с себестоимостью,IN
CV-H5-64e5da33af587477,T-2751,T-2751,"Блуза-топ женская, голубая, из шелка, на бретелях",8676.34,DERIVED_STOCK_MOVEMENT,FILE-099,ДЕМИ (Основное подразделение),Движение товаров с себестоимостью,IN
CV-H5-e901405af0a20959,T-2752,T-2752,"Юбка женская, синяя с принтом ""белые Y и девочки"", из хлопка, с карманами",13402.0,DERIVED_STOCK_MOVEMENT,FILE-099,ДЕМИ (Основное подразделение),Движение товаров с себестоимостью,IN
CV-H5-ea0db7d17d0c93d6,T-2753,T-2753,"Блуза женская, черная с принтом "" белые Y и девочки"", из шелка, с отделкой ""ламп",11932.5,DERIVED_STOCK_MOVEMENT,FILE-099,ДЕМИ (Основное подразделение),Движение товаров с себестоимостью,IN
CV-H5-c18a8335593f7e76,T-2754,T-2754,"Блуза женская, синяя с принтом ""белые Y и девочки"", из хлопка, со съемным бантом",14306.33,DERIVED_STOCK_MOVEMENT,FILE-099,ДЕМИ (Основное подразделение),Движение товаров с себестоимостью,IN
CV-H5-9b3c7d7d647171bd,T-2754A,T-2754A,"Платье женское, черное с принтом ""белые балерины"", из шелка, на бретелях",14306.33,DERIVED_STOCK_MOVEMENT,FILE-099,ДЕМИ (Основное подразделение),Движение товаров с себестоимостью,IN
CV-H5-88736186de233820,T-2756,T-2756/1,"Платье женское, белое с принтом ""черные балерины"", из шелка, на бретелях",16650.0,DERIVED_STOCK_MOVEMENT,FILE-099,ДЕМИ (Основное подразделение),Движение товаров с себестоимостью,IN
CV-H5-4ce6adf397a24311,T-2756A,T-2756A,"Свитер женский, черный, из кашемира, с расшивкой ""Россыпь""",22500.0,DERIVED_STOCK_MOVEMENT,FILE-099,ДЕМИ (Основное подразделение),Движение товаров с себестоимостью,IN
CV-H5-ddac374b33287dcd,T-2756B,T-2756B,"Свитер женский, серый, из кашемира, с расшивкой ""Колье""",22330.0,DERIVED_STOCK_MOVEMENT,FILE-099,ДЕМИ (Основное подразделение),Движение товаров с себестоимостью,IN
CV-H5-bafa2b09170c2fee,T-2756C,T-2756C,"Свитер женский, белый, из кашемира, с расшивкой ""Колье""",18080.0,DERIVED_STOCK_MOVEMENT,FILE-099,ДЕМИ (Основное подразделение),Движение товаров с себестоимостью,IN
CV-H5-55e48dde2a187541,T-2756D,T-2756D,"Свитер женский, черный, из кашемира, с расшивкой на манжетах",20400.0,DERIVED_STOCK_MOVEMENT,FILE-099,ДЕМИ (Основное подразделение),Движение товаров с себестоимостью,IN
CV-H5-23e64dfdd7dd1fdf,T-2757,T-2757,"Свитер женский, фуксия, из кашемира, с расшивкой ""Ласточка""",16939.0,DERIVED_STOCK_MOVEMENT,FILE-099,ДЕМИ (Основное подразделение),Движение товаров с себестоимостью,IN
CV-H5-513aaafb474acd57,T-2758,T-2758,"Брюки женские, коричневые, из натуральной замши",12795.0,DERIVED_STOCK_MOVEMENT,FILE-099,ДЕМИ (Основное подразделение),Движение товаров с себестоимостью,IN
CV-H5-112283f933925c77,T-2759,T-2759,"Юбка женская, черная, из шелка, зауженная в области колена и расширенная к низу",11365.0,DERIVED_STOCK_MOVEMENT,FILE-099,ДЕМИ (Основное подразделение),Движение товаров с себестоимостью,IN
CV-H5-be87bd394d2a59cf,T-2760,T-2760,"Юбка женская, коричневая, из натуральной замши, мини",20428.0,DERIVED_STOCK_MOVEMENT,FILE-099,ДЕМИ (Основное подразделение),Движение товаров с себестоимостью,IN
CV-H5-011f086090603df9,T-2788,T-2788,"Юбка женская, черная, из натуральной кожи",38600.98,DERIVED_STOCK_MOVEMENT,FILE-099,ДЕМИ (Основное подразделение),Движение товаров с себестоимостью,IN
CV-H5-db5ad8680bf2c791,T-2792,T-2792,"Платье женское, белое с принтом ""черный горох"", из шифона, с коротким рукавом",38483.44,DERIVED_STOCK_MOVEMENT,FILE-099,ДЕМИ (Основное подразделение),Движение товаров с себестоимостью,IN
CV-H5-d4809c6be91169f7,T-2792A,T-2792A,"Платье женское, белое с принтом ""черный горох"", из шифона, с поясом",39521.58,DERIVED_STOCK_MOVEMENT,FILE-099,ДЕМИ (Основное подразделение),Движение товаров с себестоимостью,IN
CV-H5-86fc82ab391427dd,T-2804,T-2804,"Платья женское, серое с принтом ""белый горох"", из шифона, с поясом",17754.44,DERIVED_STOCK_MOVEMENT,FILE-099,ДЕМИ (Основное подразделение),Движение товаров с себестоимостью,IN
CV-H5-ca75722205398935,T-2805,T-2805,"Жакет женский, черный с принтом ""белый горох"", из шелка, с кливанте",13194.78,DERIVED_STOCK_MOVEMENT,FILE-099,ДЕМИ (Основное подразделение),Движение товаров с себестоимостью,IN
CV-H5-965cead31551702b,T-2806,T-2806,"Жилет женский, черный в белый горох, из шифона",7593.3,DERIVED_STOCK_MOVEMENT,FILE-099,ДЕМИ (Основное подразделение),Движение товаров с себестоимостью,IN
CV-H5-cdb746282fa5c9ac,T-2846,T-2846/1,"Брюки женские, черные с принтом ""белый горох"", из шелка, широкие",24020.6,DERIVED_STOCK_MOVEMENT,FILE-099,ДЕМИ (Основное подразделение),Движение товаров с себестоимостью,IN
CV-H5-cbd8a5202063a06e,T-2847,T-2847,"Платье женское, черное, из хлопчатобумажного бархата, с вышивкой ""Ласточки""",25589.33,DERIVED_STOCK_MOVEMENT,FILE-099,ДЕМИ (Основное подразделение),Движение товаров с себестоимостью,IN
CV-H5-34a6ce5cf45feb62,T-2861,T-2861,"Платье женское, черное, из дабл-крепа, с кружевным воротником",3548.67,DERIVED_STOCK_MOVEMENT,FILE-099,ДЕМИ (Основное подразделение),Движение товаров с себестоимостью,IN
CV-H5-52c7b578e096d8dc,T-2861A,T-2861A,"Футболка женская, белая с принтом ""цветы"", из трикотажа",3059.78,DERIVED_STOCK_MOVEMENT,FILE-099,ДЕМИ (Основное подразделение),Движение товаров с себестоимостью,IN
CV-H5-17bf02dfd49ea9dd,T-2862,T-2862,"Футболка женская, белая с принтом ""дерево"", из трикотажа",9433.61,DERIVED_STOCK_MOVEMENT,FILE-099,ДЕМИ (Основное подразделение),Движение товаров с себестоимостью,IN
CV-H5-27ee777832d65439,T-2865,T-2865,"Рубашка женская, белая  из хлопка, с декором принт ""дерево""",17270.0,DERIVED_STOCK_MOVEMENT,FILE-099,ДЕМИ (Основное подразделение),Движение товаров с себестоимостью,IN
CV-H5-e7c78304bc233256,T-2865A,T-2865A,"Платье женское, белое с принтом ""черные Y и балерины"", из хлопка",35609.58,DERIVED_STOCK_MOVEMENT,FILE-099,ДЕМИ (Основное подразделение),Движение товаров с себестоимостью,IN
CV-H5-c1b839d676727a92,T-2871,T-2871,"Платье женское, черное с принтом ""белый горох"", из хлопка, с пелериной",6005.5,DERIVED_STOCK_MOVEMENT,FILE-099,ДЕМИ (Основное подразделение),Движение товаров с себестоимостью,IN
CV-H5-b622dfd6fcfb8d7e,T-2871A,T-2871A,"Блуза женская, желтая, из хлопка, с коротким рукавом и декором ""Бант""",5535.45,DERIVED_STOCK_MOVEMENT,FILE-099,ДЕМИ (Основное подразделение),Движение товаров с себестоимостью,IN
CV-H5-829a64c36259e731,T-2872,T-2872,"Блуза женская, белая, из хлопка, с коротким рукавом и декором ""Бант""",15559.53,DERIVED_STOCK_MOVEMENT,FILE-099,ДЕМИ (Основное подразделение),Движение товаров с себестоимостью,IN
CV-H5-d778374b30da52ae,T-2873,T-2873,"Блуза женская, черная с принтом ""хаотичные Y"", из шелка",11105.4,DERIVED_STOCK_MOVEMENT,FILE-099,ДЕМИ (Основное подразделение),Движение товаров с себестоимостью,IN
CV-H5-382ba1251f6931e5,T-2873C,T-2873C,"Брюки женские, черные с принтом ""хаотичные Y"", из шелка",11468.26,DERIVED_STOCK_MOVEMENT,FILE-099,ДЕМИ (Основное подразделение),Движение товаров с себестоимостью,IN
CV-H5-d1b98040bd16e61d,T-2885,T-2885,"Брюки женские, бежевые с принтом ""голубые капли"", из шелка",11300.34,DERIVED_STOCK_MOVEMENT,FILE-099,ДЕМИ (Основное подразделение),Движение товаров с себестоимостью,IN
CV-H5-8b7bcce01e18dd57,T-2888,T-2888,"Пальто-халат женское, розовое с принтом ""цветы"", из хлопка",16779.91,DERIVED_STOCK_MOVEMENT,FILE-099,ДЕМИ (Основное подразделение),Движение товаров с себестоимостью,IN
CV-H5-04da43299c15bd40,T-2892,T-2892,"Платье женское, белое с принтом ""Y и балерины"", из хлопка, без рукавов",15842.97,DERIVED_STOCK_MOVEMENT,FILE-099,ДЕМИ (Основное подразделение),Движение товаров с себестоимостью,IN
CV-H5-554c050a9d9fa9d6,T-2893,T-2893,"Жакет женский, черный с принтом ""белый горох"", из шелка",6699.91,DERIVED_STOCK_MOVEMENT,FILE-099,ДЕМИ (Основное подразделение),Движение товаров с себестоимостью,IN
CV-H5-e1bf7134809b5161,T-2894,T-2894,"Брюки женские, черные с принтом ""белый горох"", из шелка",17957.35,DERIVED_STOCK_MOVEMENT,FILE-099,ДЕМИ (Основное подразделение),Движение товаров с себестоимостью,IN
CV-H5-4b0aa3bbc4fe75b6,T-2909,T-2909,"Платье женское, белое с принтом ""цветы"", из хлопка, с рукавом ""фонарик""",7074.66,DERIVED_STOCK_MOVEMENT,FILE-099,ДЕМИ (Основное подразделение),Движение товаров с себестоимостью,IN
CV-H5-8cda204f0e680a96,T-2910,T-2910,"Брюки женские, розовые, из шелка",15849.93,DERIVED_STOCK_MOVEMENT,FILE-099,ДЕМИ (Основное подразделение),Движение товаров с себестоимостью,IN
CV-H5-ec2e2c04fdc5d30c,T-2911,T-2911,"Блуза-топ женский, розовый, из шелка, с декором ""сетка с камнями""",19554.75,DERIVED_STOCK_MOVEMENT,FILE-099,ДЕМИ (Основное подразделение),Движение товаров с себестоимостью,IN
CV-H5-1a0fab1bf38aad86,T-2921,T-2921,"Пальто-халат женское, розовое, из сетки со стразами",5813.02,DERIVED_STOCK_MOVEMENT,FILE-099,ДЕМИ (Основное подразделение),Движение товаров с себестоимостью,IN
CV-H5-23dd9872f66023f1,T-2923,T-2923,"Шорты женские, черные, из шелка, с закруглением по боковому шву",15498.52,DERIVED_STOCK_MOVEMENT,FILE-099,ДЕМИ (Основное подразделение),Движение товаров с себестоимостью,IN
CV-H5-80aca185a0dd0a3c,T-2924,T-2924,"Блуза-топ женский, черный, из шелка, с декором ""сетка с камнями""",18770.3,DERIVED_STOCK_MOVEMENT,FILE-099,ДЕМИ (Основное подразделение),Движение товаров с себестоимостью,IN
CV-H5-222da80e434cd190,T-2928,T-2928,"Пальто-халат женское, черное, из шифона",19862.03,DERIVED_STOCK_MOVEMENT,FILE-099,ДЕМИ (Основное подразделение),Движение товаров с себестоимостью,IN
CV-H5-eb77226921226dee,T-2933,T-2933,"Блуза женская, бежевая с принтом ""голубые капли"", из шелка, с камнями по планке",16800.0,DERIVED_STOCK_MOVEMENT,FILE-099,ДЕМИ (Основное подразделение),Движение товаров с себестоимостью,IN
CV-H5-216a168f9dcd111f,T-2938,T-2938,"Блуза женская, черная, из шелка, с бантом и апликацией ""Цветок""",9346.67,DERIVED_STOCK_MOVEMENT,FILE-099,ДЕМИ (Основное подразделение),Движение товаров с себестоимостью,IN
CV-H5-6f724990be52034c,T-2940,T-2940/1,"Блуза женская, белая, с вышивкой гладью ""Цветы""",20296.37,DERIVED_STOCK_MOVEMENT,FILE-099,ДЕМИ (Основное подразделение),Движение товаров с себестоимостью,IN
CV-H5-7b846747acc090cb,T-2941,T-2941,"Жакет женский,черный, из шелка, с вышивкой ""Ласточки"", с поясом",9133.0,DERIVED_STOCK_MOVEMENT,FILE-099,ДЕМИ (Основное подразделение),Движение товаров с себестоимостью,IN
CV-H5-1d0abf60cff18b3e,T-2945,T-2945,"Брюки женские, черные, из шелкового бархата, с белым кантом",43082.3,DERIVED_STOCK_MOVEMENT,FILE-099,ДЕМИ (Основное подразделение),Движение товаров с себестоимостью,IN
CV-H5-d3c3d15ec5e1cab9,T-2949,T-2949,"Платье женское, черное, из дабл крепа, с вышивкой ""Птица""",31232.15,DERIVED_STOCK_MOVEMENT,FILE-099,ДЕМИ (Основное подразделение),Движение товаров с себестоимостью,IN
CV-H5-c23cfb5594e29744,T-2956,T-2956,"Платье женское, черное, из хлопкового бархата, с вышивками ""Птица""",12879.71,DERIVED_STOCK_MOVEMENT,FILE-099,ДЕМИ (Основное подразделение),Движение товаров с себестоимостью,IN
CV-H5-be2c6c507a1d2801,T-2960,T-2960,"Платье женское, черное, из стрейч бархата с апликацией ""Цветы""",8316.92,DERIVED_STOCK_MOVEMENT,FILE-099,ДЕМИ (Основное подразделение),Движение товаров с себестоимостью,IN
CV-H5-1840702bf67ce2bd,T-2963,T-2963,"Юбка женская, черная  из стрейч-бархата, длина макси",27145.48,DERIVED_STOCK_MOVEMENT,FILE-099,ДЕМИ (Основное подразделение),Движение товаров с себестоимостью,IN
CV-H5-4695fad8618664c2,T-2964,T-2964,"Платье женское, черное, из пайеточной ткани, с вышивкой ""Цветок""",6485.38,DERIVED_STOCK_MOVEMENT,FILE-099,ДЕМИ (Основное подразделение),Движение товаров с себестоимостью,IN
CV-H5-b80134c7e88b6c6c,T-2966A,T-2966A,"Брюки женские, черные, из стрейч-бархата, расклешённые",14656.61,DERIVED_STOCK_MOVEMENT,FILE-099,ДЕМИ (Основное подразделение),Движение товаров с себестоимостью,IN
CV-H5-17266cdccf22a9df,T-2967,T-2967,"Платье женское, черное, из стрейч-бархата, на одно плечо, с вышивкой ""Ласточка""",27121.0,DERIVED_STOCK_MOVEMENT,FILE-099,ДЕМИ (Основное подразделение),Движение товаров с себестоимостью,IN
CV-H5-047153f864de5159,T-2973,T-2973,"Платье женское, черное, из стрейч бархата, с объемными рукавами",5919.43,DERIVED_STOCK_MOVEMENT,FILE-099,ДЕМИ (Основное подразделение),Движение товаров с себестоимостью,IN
CV-H5-89ef4309bcc4bb6d,T-2973A,T-2973A,"Блуза женская, белая, из хлопка, с вышивкой ""YC"" на кармане",5977.61,DERIVED_STOCK_MOVEMENT,FILE-099,ДЕМИ (Основное подразделение),Движение товаров с себестоимостью,IN
CV-H5-dcc7f0d81a81ae40,T-2973B,T-2973B,"Блуза женская, розовая, из хлопка, с вышивкой ""YC"" на кармане",6757.47,DERIVED_STOCK_MOVEMENT,FILE-099,ДЕМИ (Основное подразделение),Движение товаров с себестоимостью,IN
CV-H5-6cb235dc2bd37a5b,T-2974A,T-2974A,"Блуза женская, голубая, из хлопка, с вышивкой ""YC"" на кармане",9083.61,DERIVED_STOCK_MOVEMENT,FILE-099,ДЕМИ (Основное подразделение),Движение товаров с себестоимостью,IN
CV-H5-aef8cfa871efbbab,T-2975,T-2975,"Рубашка женская, белая, из хлопка, с декором принт ""цветы""",4664.14,DERIVED_STOCK_MOVEMENT,FILE-099,ДЕМИ (Основное подразделение),Движение товаров с себестоимостью,IN
CV-H5-08b4e92d190768b6,T-2984,T-2984,"Шорты женские, голубые с принтом ""цветы"", из хлопка",77050.56,DERIVED_STOCK_MOVEMENT,FILE-099,ДЕМИ (Основное подразделение),Движение товаров с себестоимостью,IN
CV-H5-3dc484a01c3409ce,T-2985,T-2985,"Дубленка женская, черная, из овчины, с аппликацией ""Y"" на рукаве",22627.17,DERIVED_STOCK_MOVEMENT,FILE-099,ДЕМИ (Основное подразделение),Движение товаров с себестоимостью,IN
CV-H5-43e971aa56588d16,T-2987,T-2987,"Юбка женская, розовая, из натурального шелка, с аппликацией ""Листья""",34385.91,DERIVED_STOCK_MOVEMENT,FILE-099,ДЕМИ (Основное подразделение),Движение товаров с себестоимостью,IN
CV-H5-ba0ece62beffe5f9,T-2988,T-2988,"Куртка женская, черная, из натуральной кожи, со съемным декором ""Бант""",13866.78,DERIVED_STOCK_MOVEMENT,FILE-099,ДЕМИ (Основное подразделение),Движение товаров с себестоимостью,IN
CV-H5-ea51a2a6be9f9f1c,T-3001,T-3001,"Брюки-палаццо женские, черные, из шерсти",42491.19,DERIVED_STOCK_MOVEMENT,FILE-099,ДЕМИ (Основное подразделение),Движение товаров с себестоимостью,IN
CV-H5-751933556365c49d,T-3013,T-3013,"Куртка женская, черная, из шелкового бархата, с вышитым декором ""Цветы""",20695.78,DERIVED_STOCK_MOVEMENT,FILE-099,ДЕМИ (Основное подразделение),Движение товаров с себестоимостью,IN
CV-H5-2d4ec3ee9fa5143e,T-3014A,T-3014A,"Жакет женский, коричневый с принтом ""леопард"", из джерси",16680.0,DERIVED_STOCK_MOVEMENT,FILE-099,ДЕМИ (Основное подразделение),Движение товаров с себестоимостью,IN
CV-H5-2d9371c3979b0880,T-3014B,T-3014B,"Свитер женский, серый, из кашемира, с вышивкой ""Фантазийная""",34682.75,DERIVED_STOCK_MOVEMENT,FILE-099,ДЕМИ (Основное подразделение),Движение товаров с себестоимостью,IN
CV-H5-607af7d773dc1819,T-3014C,T-3014C,"Свитер женский, черный, из кашемира, с расшивкой камнями на рукавах",16680.0,DERIVED_STOCK_MOVEMENT,FILE-099,ДЕМИ (Основное подразделение),Движение товаров с себестоимостью,IN
CV-H5-3ec5bfb14cdb4ad8,T-3017,T-3017,"Свитер женский, розовый, из кашемира, с вышивкой ""Гортензии""",8334.72,DERIVED_STOCK_MOVEMENT,FILE-099,ДЕМИ (Основное подразделение),Движение товаров с себестоимостью,IN
CV-H5-f7fbad4a09285327,T-3023,T-3023,"Юбка женская, коричневая с принтом ""леопард"", из джерси",29317.07,DERIVED_STOCK_MOVEMENT,FILE-099,ДЕМИ (Основное подразделение),Движение товаров с себестоимостью,IN
CV-H5-47781533a4889377,T-3049,T-3049,"Платье женское, черное, из шелкового бархата, с кружевом и аппликацией ""Цветы""",17038.76,DERIVED_STOCK_MOVEMENT,FILE-099,ДЕМИ (Основное подразделение),Движение товаров с себестоимостью,IN
CV-H5-d10e62de8ce4c104,T-3062,T-3062,"Куртка-бомбер женская, черная, из стрейч бархата, с вышивкой ""Мушка""",6547.77,DERIVED_STOCK_MOVEMENT,FILE-099,ДЕМИ (Основное подразделение),Движение товаров с себестоимостью,IN
CV-H5-b4dbdac63bb911b6,T-3069A,T-3069A,"Блуза-топ женская, черная, из шелка, без рукавов",6972.92,DERIVED_STOCK_MOVEMENT,FILE-099,ДЕМИ (Основное подразделение),Движение товаров с себестоимостью,IN
CV-H5-b6f7223d0b3f6cc9,T-3069B,T-3069B,"Блуза-топ женская, белая, из шелка, на тонких бретелях c вытачками",5346.6,DERIVED_STOCK_MOVEMENT,FILE-099,ДЕМИ (Основное подразделение),Движение товаров с себестоимостью,IN
CV-H5-0f765a9ab8143ded,T-3079,T-3079,"Блуза-топ женская, голубая, из шелка, на тонких бретелях с вытачками",34196.71,DERIVED_STOCK_MOVEMENT,FILE-099,ДЕМИ (Основное подразделение),Движение товаров с себестоимостью,IN
CV-H5-cf04c5ca5d996471,T-3086,T-3086,"Платье женское, черное, из стрейч бархата, длинное",26928.1,DERIVED_STOCK_MOVEMENT,FILE-099,ДЕМИ (Основное подразделение),Движение товаров с себестоимостью,IN
CV-H5-0dc1ecf85c6de538,T-3088,T-3088,"Кейп-накидка женская, черная, из шелкового бархата, с вышивкой ""Цветы""",28417.9,DERIVED_STOCK_MOVEMENT,FILE-099,ДЕМИ (Основное подразделение),Движение товаров с себестоимостью,IN
CV-H5-ac974af4cfa9ce06,T-3090,T-3090,"Кейп-накидка женская, черная, из шелкового бархата, с завязкой на вортнике, длин",66183.99,DERIVED_STOCK_MOVEMENT,FILE-099,ДЕМИ (Основное подразделение),Движение товаров с себестоимостью,IN
CV-H5-e0b88eb3cae62ef5,T-3091D,T-3091D,"Кейп-накидка женская, черная, из тафты, с вышивкой и бахромой",10879.52,DERIVED_STOCK_MOVEMENT,FILE-099,ДЕМИ (Основное подразделение),Движение товаров с себестоимостью,IN
CV-H5-e510ec2c12bc500b,T-3092A,T-3092A,"Блуза-топ женская, черная, из бисерной ткани",28040.44,DERIVED_STOCK_MOVEMENT,FILE-099,ДЕМИ (Основное подразделение),Движение товаров с себестоимостью,IN
CV-H5-4c16cf2d0aadfdf3,T-3092B,T-3092B,"Кейп-накидка женская, черная, из х/б бархата, с вышивкой ""Цветы"" и бахромой",41223.67,DERIVED_STOCK_MOVEMENT,FILE-099,ДЕМИ (Основное подразделение),Движение товаров с себестоимостью,IN
CV-H5-b2a96d7fb6599e24,T-3102,T-3102,"Кейп-накидка женская, голубая, из стрейч бархата, с вышивкой ""Цветы"" и бахромой",37448.52,DERIVED_STOCK_MOVEMENT,FILE-099,ДЕМИ (Основное подразделение),Движение товаров с себестоимостью,IN
CV-H5-cb2f02984fa0f955,T-3108,T-3108,"Пальто женское, темно-синее, из шелкового бархата, с декором ""Перья"" на рукавах",11253.76,DERIVED_STOCK_MOVEMENT,FILE-099,ДЕМИ (Основное подразделение),Движение товаров с себестоимостью,IN
CV-H5-24431c939cefce90,T-3109,T-3109,"Брюки женские, белые, из хлопка, прямого кроя",12262.85,DERIVED_STOCK_MOVEMENT,FILE-099,ДЕМИ (Основное подразделение),Движение товаров с себестоимостью,IN
CV-H5-95781b5855574540,T-3109B,T-3109B,"Жилет женский, голубой с принтом ""крупный микс"", из шифона",11940.99,DERIVED_STOCK_MOVEMENT,FILE-099,ДЕМИ (Основное подразделение),Движение товаров с себестоимостью,IN
CV-H5-fa3f9d7f2c1a8830,T-3110,T-3110,"Жилет женский, белый с принтом ""крупный микс"", из шифона",6351.56,DERIVED_STOCK_MOVEMENT,FILE-099,ДЕМИ (Основное подразделение),Движение товаров с себестоимостью,IN
CV-H5-549846546eca47b8,T-3110B,T-3110B,"Брюки женские, голубые с принтом ""крупный микс"", из шелка",9753.85,DERIVED_STOCK_MOVEMENT,FILE-099,ДЕМИ (Основное подразделение),Движение товаров с себестоимостью,IN
CV-H5-eb4df3c53608b72b,T-3118A,T-3118A,"Брюки женские, белые с принтом ""крупный микс"", из шелка",15937.34,DERIVED_STOCK_MOVEMENT,FILE-099,ДЕМИ (Основное подразделение),Движение товаров с себестоимостью,IN
CV-H5-4d61bddb7b497ba1,T-3120A,T-3120A,"Платье-кафтан, женское, синее с принтом ""белые Y, грибы"", из шелка, декорировано",18821.59,DERIVED_STOCK_MOVEMENT,FILE-099,ДЕМИ (Основное подразделение),Движение товаров с себестоимостью,IN
CV-H5-42865e85a1029068,T-3122,T-3122,"Платье женское, синее с принтом "" маленькие девочки"", из шелка, длина миди",13701.0,DERIVED_STOCK_MOVEMENT,FILE-099,ДЕМИ (Основное подразделение),Движение товаров с себестоимостью,IN
CV-H5-d4b4bb8077392d7a,T-3133A,T-3133A,"Блуза женская, синяя с принтом ""маленькие девочки"", из шелка, с декором ""Попугай",7155.86,DERIVED_STOCK_MOVEMENT,FILE-099,ДЕМИ (Основное подразделение),Движение товаров с себестоимостью,IN
CV-H5-a7ba4c8cb99030c3,T-3133C,T-3133C,"Платье женское, черное с принтом ""зеленый горох"", из батиста, длина мини",6522.77,DERIVED_STOCK_MOVEMENT,FILE-099,ДЕМИ (Основное подразделение),Движение товаров с себестоимостью,IN
CV-H5-8596e68c5ea49386,T-3134C,T-3134C,"Платье женское, голубое с принтом ""белый горох"", из батиста, длина мини",2729.5,DERIVED_STOCK_MOVEMENT,FILE-099,ДЕМИ (Основное подразделение),Движение товаров с себестоимостью,IN
CV-H5-0ff6a6f176785c79,T-3136A,T-3136A,"Шорты женские, голубые с принтом ""белый горох"", из батиста",9877.14,DERIVED_STOCK_MOVEMENT,FILE-099,ДЕМИ (Основное подразделение),Движение товаров с себестоимостью,IN
CV-H5-447e7a24bbda4a5b,T-3137A,T-3137A,"Брюки женские, черные с принтом ""белые ласточки"", из шелка, с отделкой ""лампас",15937.34,DERIVED_STOCK_MOVEMENT,FILE-099,ДЕМИ (Основное подразделение),Движение товаров с себестоимостью,IN
CV-H5-7390f23172c3e724,T-3140,T-3140,"Пальто-халат женское, черное с принтом ""белые ласточки"", из шелка, с рукавами ""к",42834.92,DERIVED_STOCK_MOVEMENT,FILE-099,ДЕМИ (Основное подразделение),Движение товаров с себестоимостью,IN
CV-H5-ac308676b0726d49,T-3140A,T-3140A,"Платье женское, черное с принтом ""белые листья"" из шифона, декорировано объемной",38216.72,DERIVED_STOCK_MOVEMENT,FILE-099,ДЕМИ (Основное подразделение),Движение товаров с себестоимостью,IN
CV-H5-b394aba8d0779a7a,T-3152,T-3152,"Платье женское, белое с принтом ""черные листья"", из шифона, декорировано объемно",10386.4,DERIVED_STOCK_MOVEMENT,FILE-099,ДЕМИ (Основное подразделение),Движение товаров с себестоимостью,IN
CV-H5-819b056b278f0f6b,T-3152A,T-3152A,"Платье-кафтан женское, розовое с принтом ""зеленый горох"", из батиста, с вышивкой",10439.33,DERIVED_STOCK_MOVEMENT,FILE-099,ДЕМИ (Основное подразделение),Движение товаров с себестоимостью,IN
CV-H5-878cd8f458312361,T-3152B,T-3152B,"Платье-кафтан, женское, белое с принтом ""перцы"", из батиста, с вышивкой",10753.52,DERIVED_STOCK_MOVEMENT,FILE-099,ДЕМИ (Основное подразделение),Движение товаров с себестоимостью,IN
CV-H5-9b36602f3fac5c7d,T-3156,T-3156,"Платье-кафтан женское, голубое с принтом ""папайя"", из батиста, с вышивкой",5434.26,DERIVED_STOCK_MOVEMENT,FILE-099,ДЕМИ (Основное подразделение),Движение товаров с себестоимостью,IN
CV-H5-8e0b5f7ae1c1947d,T-3156D,T-3156D,"Брюки-капри женские, белые с принтом ""зеленый горох"", из батиста, с отделкой бел",5381.26,DERIVED_STOCK_MOVEMENT,FILE-099,ДЕМИ (Основное подразделение),Движение товаров с себестоимостью,IN
CV-H5-b9d98d296a0f24b4,T-3168,T-3168,"Брюки-капри женские, черные с принтом ""зеленый горох"", из батиста, с отделкой че",8823.18,DERIVED_STOCK_MOVEMENT,FILE-099,ДЕМИ (Основное подразделение),Движение товаров с себестоимостью,IN
CV-H5-a06c09a165b57923,T-3168A,T-3168A,"Рубашка женская, белая с принтом ""перец"", из батиста, удлиненная",8722.76,DERIVED_STOCK_MOVEMENT,FILE-099,ДЕМИ (Основное подразделение),Движение товаров с себестоимостью,IN
CV-H5-52aa57121e8e5b84,T-3168B,T-3168B,"Рубашка женская, белая с принтом ""зеленый горох"", из батиста, удлиненная",8033.76,DERIVED_STOCK_MOVEMENT,FILE-099,ДЕМИ (Основное подразделение),Движение товаров с себестоимостью,IN
CV-H5-7f6e329f15416f5e,T-3178,T-3178,"Рубашка женская, розовая с принтом ""зеленый горох"", из батиста, удлиненная",16532.2,DERIVED_STOCK_MOVEMENT,FILE-099,ДЕМИ (Основное подразделение),Движение товаров с себестоимостью,IN
CV-H5-35aa6daa597bee1b,T-3179,T-3179,"Майка женская, белая, из трикотажа, с вышивкой ""Перец""",5060.35,DERIVED_STOCK_MOVEMENT,FILE-099,ДЕМИ (Основное подразделение),Движение товаров с себестоимостью,IN
CV-H5-c65e499958184c96,T-3179A,T-3179A,"Футболка женская, черная, из трикотажа, декорирована вышивкой ""Папайя""",3412.96,DERIVED_STOCK_MOVEMENT,FILE-099,ДЕМИ (Основное подразделение),Движение товаров с себестоимостью,IN
CV-H5-267a849fe27843fb,T-3186,T-3186,"Футболка женская, белая, из трикотажа, декорирована вышивкой ""Горох",7200.69,DERIVED_STOCK_MOVEMENT,FILE-099,ДЕМИ (Основное подразделение),Движение товаров с себестоимостью,IN
CV-H5-4bcf486864ccc119,T-3187,T-3187,"Юбка женская, черная, из стрейч бархата, длинная",23815.22,DERIVED_STOCK_MOVEMENT,FILE-099,ДЕМИ (Основное подразделение),Движение товаров с себестоимостью,IN
CV-H5-0c28a9a7f6768672,T-3187A,T-3187A,"Платье женское, голубое, из стрейч бархата, длина миди",22462.05,DERIVED_STOCK_MOVEMENT,FILE-099,ДЕМИ (Основное подразделение),Движение товаров с себестоимостью,IN
CV-H5-4ab84a6bf77dd8ea,0-1187A,0-1187А,Подарки (Основное подразделение),3484.0,DERIVED_STOCK_MOVEMENT,FILE-099,Остатки ЦУМ (Основное подразделение),Движение товаров с себестоимостью,IN
CV-H5-b80e2c35a8890067,0-1187B,0-1187В,"Брюки женские, голубые с принтом ""Птицы"", из штапеля, зауженные",6979.0,DERIVED_STOCK_MOVEMENT,FILE-099,Остатки ЦУМ (Основное подразделение),Движение товаров с себестоимостью,IN
CV-H5-bc487495944e2ef5,0-1189A,0-1189A,"Рубашка женская, голубая с принтом ""Птицы"", из штапеля",6910.0,DERIVED_STOCK_MOVEMENT,FILE-099,Остатки ЦУМ (Основное подразделение),Движение товаров с себестоимостью,IN
CV-H5-034d82ef5a088b6e,0-1239,0-1239,"Юбка женская, черная, из шерсти, состоящая из четырех ярусов",12500.0,DERIVED_STOCK_MOVEMENT,FILE-099,Остатки ЦУМ (Основное подразделение),Движение товаров с себестоимостью,IN
CV-H5-91f1fdbc8679a480,0-1264,0-1264,"Платье женское, желтое с люрексом из трикотажа",12500.0,DERIVED_STOCK_MOVEMENT,FILE-099,Остатки ЦУМ (Основное подразделение),Движение товаров с себестоимостью,IN
CV-H5-5c5564d573eedb29,0-1284,0-1284,"Платье женское, черное, из жаккарда, отрезное по линии талии",12650.0,DERIVED_STOCK_MOVEMENT,FILE-099,Остатки ЦУМ (Основное подразделение),Движение товаров с себестоимостью,IN
CV-H5-96304238b8fac65b,0-1349,0-1349,"Платье женское, зеленое, из бархата, лиф декорирован сеткой с бисером",5652.0,DERIVED_STOCK_MOVEMENT,FILE-099,Остатки ЦУМ (Основное подразделение),Движение товаров с себестоимостью,IN
CV-H5-389e03635c39b0df,0-1354,0-1354,"Платье женское, синее в горох, из трикотажа, с декором ""Цветок""",3283.33,DERIVED_STOCK_MOVEMENT,FILE-099,Остатки ЦУМ (Основное подразделение),Движение товаров с себестоимостью,IN
CV-H5-0fa53c0f6b71077a,0-1365,0-1365,"Блуза женская, красная, из хлопка, с объемными рукавами",5000.0,DERIVED_STOCK_MOVEMENT,FILE-099,Остатки ЦУМ (Основное подразделение),Движение товаров с себестоимостью,IN
CV-H5-aa67c96ffe9f58a1,0-1465,0-1465,"Свитер женский, черный, из хлопка, с провязкой ""MIMOSA O'CLOCK""",1800.0,DERIVED_STOCK_MOVEMENT,FILE-099,Остатки ЦУМ (Основное подразделение),Движение товаров с себестоимостью,IN
CV-H5-8aa0626b7b20db21,0-1488,0-1488,"Шорты женские, зеленые, из футера",20140.0,DERIVED_STOCK_MOVEMENT,FILE-099,Остатки ЦУМ (Основное подразделение),Движение товаров с себестоимостью,IN
CV-H5-32dee0a8cff3c451,0-1505,0-1505,"Свитшот женский, белый, из футера, с черным лого YANINA",4764.45,DERIVED_STOCK_MOVEMENT,FILE-099,Остатки ЦУМ (Основное подразделение),Движение товаров с себестоимостью,IN
CV-H5-a2968dac4ab266cc,0-1506,0-1506,"Свитшот женский, розовый, из футера, с вышитым лого ""YANINA""",4688.0,DERIVED_STOCK_MOVEMENT,FILE-099,Остатки ЦУМ (Основное подразделение),Движение товаров с себестоимостью,IN
CV-H5-d1dd95b2cb88fa78,0-1549,0-1549,"Свитшот женский, белый, из футера, с вышитым лого ""YANINA""",3500.0,DERIVED_STOCK_MOVEMENT,FILE-099,Остатки ЦУМ (Основное подразделение),Движение товаров с себестоимостью,IN
CV-H5-3c471dbfba592d4a,0-1550,0-1550,"Кеды женские, черные, из тканного материала, с расшитой Y",3500.0,DERIVED_STOCK_MOVEMENT,FILE-099,Остатки ЦУМ (Основное подразделение),Движение товаров с себестоимостью,IN
CV-H5-4ad5f6dd25cdfb5a,0-1564,0-1564,"Кеды женские, черные, из тканного материала, на белой подошве",7558.0,DERIVED_STOCK_MOVEMENT,FILE-099,Остатки ЦУМ (Основное подразделение),Движение товаров с себестоимостью,IN
CV-H5-857d865757c8d2bb,0-1568,0-1568,"Платье женское, серое, из крепа, отрезное по линии талии",16780.0,DERIVED_STOCK_MOVEMENT,FILE-099,Остатки ЦУМ (Основное подразделение),Движение товаров с себестоимостью,IN
CV-H5-79d96ee5fa0cd82e,0-1593,0-1593,"Платье женское, розовое, из пайеточной ткани, декорировано боа страуса",1451.87,DERIVED_STOCK_MOVEMENT,FILE-099,Остатки ЦУМ (Основное подразделение),Движение товаров с себестоимостью,IN
CV-H5-48c0021e5566e9b7,0-1593A,0-1593А,"Платок женский, белый с принтом ""YANINA"", из шелка",2738.2,DERIVED_STOCK_MOVEMENT,FILE-099,Остатки ЦУМ (Основное подразделение),Движение товаров с себестоимостью,IN
CV-H5-85c6c28ba769ce69,0-1617,0-1617,"Платок женский, черный с принтом ""YANINA"", из шелка",15688.0,DERIVED_STOCK_MOVEMENT,FILE-099,Остатки ЦУМ (Основное подразделение),Движение товаров с себестоимостью,IN
CV-H5-a00993bed8a6f47f,0-1622A,0-1622А,"Платье женское, черное, из пайеточной ткани, без рукавов",4416.0,DERIVED_STOCK_MOVEMENT,FILE-099,Остатки ЦУМ (Основное подразделение),Движение товаров с себестоимостью,IN
CV-H5-3a9b62660d458099,0-1646,0-1646,"Юбка женская, синяя в горох, из трикотажа",16412.0,DERIVED_STOCK_MOVEMENT,FILE-099,Остатки ЦУМ (Основное подразделение),Движение товаров с себестоимостью,IN
CV-H5-a3689d81c2227f14,0-1665,0-1665,"Платье женское, красное, из хлопка, с асимметричными воланами из шифона",9873.0,DERIVED_STOCK_MOVEMENT,FILE-099,Остатки ЦУМ (Основное подразделение),Движение товаров с себестоимостью,IN
CV-H5-c76c1460afcd88f6,0-1667,0-1667,"Платье женское, черное, из пайеточной ткани, короткое, приталенное",2901.0,DERIVED_STOCK_MOVEMENT,FILE-099,Остатки ЦУМ (Основное подразделение),Движение товаров с себестоимостью,IN
CV-H5-fcf1775309a4c32f,0-1670,0-1670,"Блуза-топ женская, черная, из фатина, с вышивкой ""Птицы""",15426.0,DERIVED_STOCK_MOVEMENT,FILE-099,Остатки ЦУМ (Основное подразделение),Движение товаров с себестоимостью,IN
CV-H5-e123fb93a33c1280,0-1672B,0-1672В,"Платье женское, черное, из эко-кожи, приталенное",7464.0,DERIVED_STOCK_MOVEMENT,FILE-099,Остатки ЦУМ (Основное подразделение),Движение товаров с себестоимостью,IN
CV-H5-beabf2491947807c,0-1672C,0-1672С,"Рубашка женская, белая, из хлопка, с вышитым лого ""YANINA""",4858.0,DERIVED_STOCK_MOVEMENT,FILE-099,Остатки ЦУМ (Основное подразделение),Движение товаров с себестоимостью,IN
CV-H5-01a0de20d1c62afe,0-1674,0-1674,"Рубашка женская, белая, из хлопка, с вышивкой по планке и манжетам",6500.0,DERIVED_STOCK_MOVEMENT,FILE-099,Остатки ЦУМ (Основное подразделение),Движение товаров с себестоимостью,IN
CV-H5-b3952fcb907081a0,0-1694,0-1694,"Туфли женские, черные, из бархата, с серебряной расшивкой",6500.0,DERIVED_STOCK_MOVEMENT,FILE-099,Остатки ЦУМ (Основное подразделение),Движение товаров с себестоимостью,IN
CV-H5-b1255414d00993cb,0-1706,0-1706,"Туфли женские, черные, из бархата, без каблука, с расшивкой Y",10250.0,DERIVED_STOCK_MOVEMENT,FILE-099,Остатки ЦУМ (Основное подразделение),Движение товаров с себестоимостью,IN
CV-H5-8386782fd233bc8b,0-1719,0-1719,"Туфли женские, черные, из бархата, на каблуке",10600.0,DERIVED_STOCK_MOVEMENT,FILE-099,Остатки ЦУМ (Основное подразделение),Движение товаров с себестоимостью,IN
CV-H5-2377d8875de433b8,0-1727,0-1727,"Туфли женские, бордовые, из бархата, на каблуке, декорированы пряжкой",9500.0,DERIVED_STOCK_MOVEMENT,FILE-099,Остатки ЦУМ (Основное подразделение),Движение товаров с себестоимостью,IN
CV-H5-d6d53e6e7126866a,0-1728,0-1728,"Босоножки женские, серебряные, из глиттера, на платформе",9500.0,DERIVED_STOCK_MOVEMENT,FILE-099,Остатки ЦУМ (Основное подразделение),Движение товаров с себестоимостью,IN
CV-H5-910f47337840322a,0-1729,0-1729,"Босоножки женские, черные, из глиттера, на платформе",9500.0,DERIVED_STOCK_MOVEMENT,FILE-099,Остатки ЦУМ (Основное подразделение),Движение товаров с себестоимостью,IN
CV-H5-b0c0c9e15df14df0,0-1730,0-1730,"Босоножки женские, розовые, из глиттера, на платформе",9500.0,DERIVED_STOCK_MOVEMENT,FILE-099,Остатки ЦУМ (Основное подразделение),Движение товаров с себестоимостью,IN
CV-H5-53c01171a72f8281,0-1742,0-1742,"Туфли женские, серебряные, из глиттера, на платформе",19600.0,DERIVED_STOCK_MOVEMENT,FILE-099,Остатки ЦУМ (Основное подразделение),Движение товаров с себестоимостью,IN
CV-H5-bbdc47739da1d574,0-1744A,0-1744А,"Сапоги женские, черные, из ткани стрейч, на каблуке, с расшивкой Y",5409.0,DERIVED_STOCK_MOVEMENT,FILE-099,Остатки ЦУМ (Основное подразделение),Движение товаров с себестоимостью,IN
CV-H5-fd7c12e5153d53fa,0-1763,0-1763,"Блуза женская, черная, из хлопка, с перьями по низу рукава",3500.0,DERIVED_STOCK_MOVEMENT,FILE-099,Остатки ЦУМ (Основное подразделение),Движение товаров с себестоимостью,IN
CV-H5-80ae5d6ca0cfd470,0-1845,0-1845,"Юбка женская, розовая, из пайеток и кружева",1510.0,DERIVED_STOCK_MOVEMENT,FILE-099,Остатки ЦУМ (Основное подразделение),Движение товаров с себестоимостью,IN
CV-H5-4b6c53e5f2a3173a,0-1871,0-1871,"Сумка ""ШОПИНГБЭК"" с вышивкой SUMAN",9444.0,DERIVED_STOCK_MOVEMENT,FILE-099,Остатки ЦУМ (Основное подразделение),Движение товаров с себестоимостью,IN
CV-H5-2da1602346926107,0-1871Д,0-1871Д,"Юбка женская, бежевая, из фатина, с принтом ""листья""",10019.0,DERIVED_STOCK_MOVEMENT,FILE-099,Остатки ЦУМ (Основное подразделение),Движение товаров с себестоимостью,IN
CV-H5-eaaf8704ef2285bd,0-1881,0-1881,"Юбка женская, розовая, из фатина, с принтом ""листья""",4915.75,DERIVED_STOCK_MOVEMENT,FILE-099,Остатки ЦУМ (Основное подразделение),Движение товаров с себестоимостью,IN
CV-H5-a7327f1ed67460ec,0-1906A,0-1906А,"Брюки женские, черные, из крепа, укороченные и зауженные к низу",15080.0,DERIVED_STOCK_MOVEMENT,FILE-099,Остатки ЦУМ (Основное подразделение),Движение товаров с себестоимостью,IN
CV-H5-243096be639092e7,0-1911,0-1911,"Платье женское, черное, из фатина, с принтом ""листья""",12105.0,DERIVED_STOCK_MOVEMENT,FILE-099,Остатки ЦУМ (Основное подразделение),Движение товаров с себестоимостью,IN
CV-H5-453c6ce7b0d26954,0-1933A,0-1933А,"Платье женское, белое, из фатина, с черным принтом ""горох""",8410.0,DERIVED_STOCK_MOVEMENT,FILE-099,Остатки ЦУМ (Основное подразделение),Движение товаров с себестоимостью,IN
CV-H5-e8b75e9313c6d036,0-1942,0-1942,"Платье женское, черное, из трикотажа, с мягкой драпировкой",3054.2,DERIVED_STOCK_MOVEMENT,FILE-099,Остатки ЦУМ (Основное подразделение),Движение товаров с себестоимостью,IN
CV-H5-4338e5316a07d959,0-1947,0-1947,"Шорты женские, черные, из бархата, удлиненные",10150.0,DERIVED_STOCK_MOVEMENT,FILE-099,Остатки ЦУМ (Основное подразделение),Движение товаров с себестоимостью,IN
CV-H5-1f78c8d9616b3558,0-1948,0-1948,"Комбинезон женский, черный в мелкий горох, из атласа, декорирован вставкой из кр",10730.0,DERIVED_STOCK_MOVEMENT,FILE-099,Остатки ЦУМ (Основное подразделение),Движение товаров с себестоимостью,IN
CV-H5-8f26e142c2f76158,0-1949,0-1949,"Платье женское, черное, из бархата, с белой вставкой из кружева",10730.0,DERIVED_STOCK_MOVEMENT,FILE-099,Остатки ЦУМ (Основное подразделение),Движение товаров с себестоимостью,IN
CV-H5-d96fff5a9dada2a7,0-1951,0-1951,"Платье женское, черное, из бархата, с декором ""Цветы"" на рукавах",10150.0,DERIVED_STOCK_MOVEMENT,FILE-099,Остатки ЦУМ (Основное подразделение),Движение товаров с себестоимостью,IN
CV-H5-30f10a0b0059fe94,0-1952,0-1952,"Платье женское, черное в горох, из атласа, по лифу вставка из белого кружева",7830.0,DERIVED_STOCK_MOVEMENT,FILE-099,Остатки ЦУМ (Основное подразделение),Движение товаров с себестоимостью,IN
CV-H5-a8dc186315e0a61a,0-1954B,0-1954В,"Юбка женская, розовая, из кружевной ткани, декорирована перьями страуса",8573.62,DERIVED_STOCK_MOVEMENT,FILE-099,Остатки ЦУМ (Основное подразделение),Движение товаров с себестоимостью,IN
CV-H5-2556a06b1312e455,0-1955P,0-1955P,"Жакет женский, темно-синий, из хлопка, с принтом ""туканы""",2526.0,DERIVED_STOCK_MOVEMENT,FILE-099,Остатки ЦУМ (Основное подразделение),Движение товаров с себестоимостью,IN
CV-H5-058e4f82dc04bb6e,0-1955A,0-1955А,"Шорты женские, светло-розовые, из костюмной ткани ""шанель""",3132.0,DERIVED_STOCK_MOVEMENT,FILE-099,Остатки ЦУМ (Основное подразделение),Движение товаров с себестоимостью,IN
CV-H5-b6b6b2e19b9052d4,0-1957,0-1957,"Шорты женские, черные, из хлопка, с карманами",10730.0,DERIVED_STOCK_MOVEMENT,FILE-099,Остатки ЦУМ (Основное подразделение),Движение товаров с себестоимостью,IN
CV-H5-109ebf204a052e8a,0-1959,0-1959,"Комбинезон женский, серый с рисунком, из атласа, декорирован белым воротником и ",5162.0,DERIVED_STOCK_MOVEMENT,FILE-099,Остатки ЦУМ (Основное подразделение),Движение товаров с себестоимостью,IN
CV-H5-ed6c935547633cca,0-1961,0-1961,"Юбка женская, розовая, из пайеточной ткани, с вставкой из шифона по боковым швам",10730.0,DERIVED_STOCK_MOVEMENT,FILE-099,Остатки ЦУМ (Основное подразделение),Движение товаров с себестоимостью,IN
CV-H5-00a685fd0edd998e,0-1964B,0-1964В,"Платье женское, розовое, из паеточной ткани, с кокеткой из трикотажа",5260.0,DERIVED_STOCK_MOVEMENT,FILE-099,Остатки ЦУМ (Основное подразделение),Движение товаров с себестоимостью,IN
CV-H5-88913389be730af1,0-1966,0-1966,"Блуза женская, черная, из бархата и фатина, декорирована бантом по горловине",15080.0,DERIVED_STOCK_MOVEMENT,FILE-099,Остатки ЦУМ (Основное подразделение),Движение товаров с себестоимостью,IN
CV-H5-001389aced8fb0c4,0-1972,0-1972,"Платье женское, черное, из трикотажа, декорировано расшитой тесьмой по горловине",9335.0,DERIVED_STOCK_MOVEMENT,FILE-099,Остатки ЦУМ (Основное подразделение),Движение товаров с себестоимостью,IN
CV-H5-182891dc8fffdc7c,0-1972A,0-1972А,"Платье женское, черное, из футера, шифона и пайеточной ткани, по низу отделка из",9335.0,DERIVED_STOCK_MOVEMENT,FILE-099,Остатки ЦУМ (Основное подразделение),Движение товаров с себестоимостью,IN
CV-H5-d6e62efd4fa69113,0-1973,0-1973,"Платье женское, белое, из футера, с отделкой из шифона, шелка и пайеточной ткани",6670.0,DERIVED_STOCK_MOVEMENT,FILE-099,Остатки ЦУМ (Основное подразделение),Движение товаров с себестоимостью,IN
CV-H5-64c2ea9d791581a4,0-1983,0-1983,"Юбка женская, белая, из крепа, декорирована вышитыми цветами по низу",2920.0,DERIVED_STOCK_MOVEMENT,FILE-099,Остатки ЦУМ (Основное подразделение),Движение товаров с себестоимостью,IN
CV-H5-94170ab3d6b002d6,0-1984E,0-1984E,"Футболка женская, белая, из трикотажа, с длинным рукавом",4740.0,DERIVED_STOCK_MOVEMENT,FILE-099,Остатки ЦУМ (Основное подразделение),Движение товаров с себестоимостью,IN
CV-H5-47c06dfecef337a6,0-1984I,0-1984i,"Футболка женская, черная с принтом ""цветные капли"", из хлопка",3660.0,DERIVED_STOCK_MOVEMENT,FILE-099,Остатки ЦУМ (Основное подразделение),Движение товаров с себестоимостью,IN
CV-H5-fee1e37c7b7faad4,0-1996B,0-1996В,"Футболка женская, белая, из трикотажа, с декором принт ""дерево, птица, Yanina""",9428.0,DERIVED_STOCK_MOVEMENT,FILE-099,Остатки ЦУМ (Основное подразделение),Движение товаров с себестоимостью,IN
CV-H5-525f5193b6a7e02b,0-1996C,0-1996С,"Платье женское, розовое, из штапеля, с бантами по пройме",9428.0,DERIVED_STOCK_MOVEMENT,FILE-099,Остатки ЦУМ (Основное подразделение),Движение товаров с себестоимостью,IN
CV-H5-fcaab69195bc0846,0-2007A,0-2007А,"Платье женское, голубое, из штапеля, с бантами из проймы",4037.0,DERIVED_STOCK_MOVEMENT,FILE-099,Остатки ЦУМ (Основное подразделение),Движение товаров с себестоимостью,IN
CV-H5-ce749bfd3be14038,0-2013,0-2013,"Брюки женские, черные, из бархата, с резинкой-тесьмой",23187.0,DERIVED_STOCK_MOVEMENT,FILE-099,Остатки ЦУМ (Основное подразделение),Движение товаров с себестоимостью,IN
CV-H5-499995b2f1632bd1,0-2017,0-2017,"Платье женское, терракотовое, из шелковой тафты, с оборками и поясом",8621.73,DERIVED_STOCK_MOVEMENT,FILE-099,Остатки ЦУМ (Основное подразделение),Движение товаров с себестоимостью,IN
CV-H5-d2b1a4256dd99447,0-2027F,0-2027F/1,"Платье женское, разноцветное, из штапеля, отрезное по линии талии",7980.0,DERIVED_STOCK_MOVEMENT,FILE-099,Остатки ЦУМ (Основное подразделение),Движение товаров с себестоимостью,IN
CV-H5-7569de002029294d,0-2028A,0-2028А,"Пальто-халат женское, черное с принтом ""белые Y"", из шелка, с рукавом ""кимоно""",14430.0,DERIVED_STOCK_MOVEMENT,FILE-099,Остатки ЦУМ (Основное подразделение),Движение товаров с себестоимостью,IN
CV-H5-a751977714861de0,0-2050B,0-2050B/2,"Брюки женские, черные с принтом ""белые Y"", из шелка, с отделкой ""лампас""",4529.6,DERIVED_STOCK_MOVEMENT,FILE-099,Остатки ЦУМ (Основное подразделение),Движение товаров с себестоимостью,IN
CV-H5-370bea5ab566402b,0-2058,0-2058,"Платье женское, черное с принтом ""цветные капли"", из батиста, декорировано тесьм",7470.0,DERIVED_STOCK_MOVEMENT,FILE-099,Остатки ЦУМ (Основное подразделение),Движение товаров с себестоимостью,IN
CV-H5-197b51dff422015a,0-2058A,0-2058А,"Платье женское, многоцветное, из батиста",7470.0,DERIVED_STOCK_MOVEMENT,FILE-099,Остатки ЦУМ (Основное подразделение),Движение товаров с себестоимостью,IN
CV-H5-c3905979616788ef,0-2061A,0-2061A,"Платье женское, многоцветное, из батиста, на бретелях",1576.0,DERIVED_STOCK_MOVEMENT,FILE-099,Остатки ЦУМ (Основное подразделение),Движение товаров с себестоимостью,IN
CV-H5-435b6b685230a94f,0-2065,0-2065,"Парео женское, черное с принтом ""арабеска"", из батиста",8876.0,DERIVED_STOCK_MOVEMENT,FILE-099,Остатки ЦУМ (Основное подразделение),Движение товаров с себестоимостью,IN
CV-H5-f54bfa1bdb1a74ed,0-2066A,0-2066А,"Платье женское, белое, из хлопка, с вышивкой ""Артишок""",4805.0,DERIVED_STOCK_MOVEMENT,FILE-099,Остатки ЦУМ (Основное подразделение),Движение товаров с себестоимостью,IN
CV-H5-fd63a1c01cd5b121,0-2080,0-2080,"Платье женское, голубое, из штапеля, с вышивкой ""Артишок"", короткое",8479.0,DERIVED_STOCK_MOVEMENT,FILE-099,Остатки ЦУМ (Основное подразделение),Движение товаров с себестоимостью,IN
CV-H5-54af7ec116f6ee94,0-2081,0-2081,"Шорты женские, черные, из шерсти, с карманами",11725.0,DERIVED_STOCK_MOVEMENT,FILE-099,Остатки ЦУМ (Основное подразделение),Движение товаров с себестоимостью,IN
CV-H5-177e1688d1e1431d,0-2082,0-2082,"Комбинезон женский, черный, из крепа, со съемным белым воротником, короткий",6660.0,DERIVED_STOCK_MOVEMENT,FILE-099,Остатки ЦУМ (Основное подразделение),Движение товаров с себестоимостью,IN
CV-H5-406abedc4c60d0a8,0-2083,0-2083,"Платье женское, черное, из трикотажа, без рукавов",4870.0,DERIVED_STOCK_MOVEMENT,FILE-099,Остатки ЦУМ (Основное подразделение),Движение товаров с себестоимостью,IN
CV-H5-2587c8b1ffb6033d,0-2088,0-2088,"Блуза женская, черная, из трикотажа, с отделкой кружевом",10232.0,DERIVED_STOCK_MOVEMENT,FILE-099,Остатки ЦУМ (Основное подразделение),Движение товаров с себестоимостью,IN
CV-H5-284c56d0ce08c7e4,0-2089,0-2089,"Платье женское, белое, из хлопка, с накладными карманами из шелка",11430.0,DERIVED_STOCK_MOVEMENT,FILE-099,Остатки ЦУМ (Основное подразделение),Движение товаров с себестоимостью,IN
CV-H5-227b31a5074062ff,0-2109A,0-2109А,"Платье женское, черное, из хлопка, приталенного силуэта, со съемным белым воротн",7785.0,DERIVED_STOCK_MOVEMENT,FILE-099,Остатки ЦУМ (Основное подразделение),Движение товаров с себестоимостью,IN
CV-H5-ba39dedcbc067813,0-2113,0-2113,"Юбка женская, бежевая с принтом ""леопард"", из трикотажа, дополнительно декориров",14095.0,DERIVED_STOCK_MOVEMENT,FILE-099,Остатки ЦУМ (Основное подразделение),Движение товаров с себестоимостью,IN
CV-H5-01c6360dc0cb5704,0-2115,0-2115,"Жакет женский, черный, из джерси и экокожи, приталенного силуэта",9110.0,DERIVED_STOCK_MOVEMENT,FILE-099,Остатки ЦУМ (Основное подразделение),Движение товаров с себестоимостью,IN
CV-H5-2be2646bccb01e17,0-2120,0-2120,"Блуза женская, черная, из джерси и шелка, с тонким шелковым поясом",29632.0,DERIVED_STOCK_MOVEMENT,FILE-099,Остатки ЦУМ (Основное подразделение),Движение товаров с себестоимостью,IN
CV-H5-60e454ec63d5283b,0-2121,0-2121,"Платье женское, желтое с принтом ""девочки"", из шелка, с отделкой белыми вставкам",7486.75,DERIVED_STOCK_MOVEMENT,FILE-099,Остатки ЦУМ (Основное подразделение),Движение товаров с себестоимостью,IN
CV-H5-3a7310d3fcc6d9b0,0-2121A,0-2121А,"Юбка женская, бежевая с принтом ""девочки"", из хлопка, со складками",7486.75,DERIVED_STOCK_MOVEMENT,FILE-099,Остатки ЦУМ (Основное подразделение),Движение товаров с себестоимостью,IN
CV-H5-70c476ffdb3a49ca,0-2122C,0-2122C,"Юбка женская, серая с принтом ""девочки"", из хлопка, со складками по правой сторо",20905.0,DERIVED_STOCK_MOVEMENT,FILE-099,Остатки ЦУМ (Основное подразделение),Движение товаров с себестоимостью,IN
CV-H5-b4e0924fe1eed152,0-2137,0-2137,"Платье женское, желтое с принтом ""девочки"", из шелка, со съемным поясом",3102.0,DERIVED_STOCK_MOVEMENT,FILE-099,Остатки ЦУМ (Основное подразделение),Движение товаров с себестоимостью,IN
CV-H5-bfd5c240c68680de,0-2142,0-2142,"Блуза женская, черная, из трикотажа, с узким рукавом",5982.0,DERIVED_STOCK_MOVEMENT,FILE-099,Остатки ЦУМ (Основное подразделение),Движение товаров с себестоимостью,IN
CV-H5-9b4a56b39d85862c,0-2144,0-2144,"Блуза женская, черная, из бархата, декорирована тесьмой из жемчуга",14306.0,DERIVED_STOCK_MOVEMENT,FILE-099,Остатки ЦУМ (Основное подразделение),Движение товаров с себестоимостью,IN
CV-H5-3c283067745d366e,0-2147,0-2147,"Платье женское, черное, из фатина, с геометричным принтом, c накидкой ""балеро"" и",14550.0,DERIVED_STOCK_MOVEMENT,FILE-099,Остатки ЦУМ (Основное подразделение),Движение товаров с себестоимостью,IN
CV-H5-8460191d97da645a,0-2155,0-2155,"Платье женское, черное, из трикотажа, с отлетной деталью по талии и брошью из гл",12625.0,DERIVED_STOCK_MOVEMENT,FILE-099,Остатки ЦУМ (Основное подразделение),Движение товаров с себестоимостью,IN
CV-H5-5acc3701305ee158,0-2157,0-2157,"Платье женское, черное, из фатина и бархата, декорировано рисунком из глиттера",12490.0,DERIVED_STOCK_MOVEMENT,FILE-099,Остатки ЦУМ (Основное подразделение),Движение товаров с себестоимостью,IN
CV-H5-ef2de343ee20b8d6,0-2160,0-2160,"Платье женское, зеленое, из бархата и пайеточной ткани, декорировано брошью из г",18175.0,DERIVED_STOCK_MOVEMENT,FILE-099,Остатки ЦУМ (Основное подразделение),Движение товаров с себестоимостью,IN
CV-H5-32a46a14e631ea01,0-2160B,0-2160B,"Платье женское, бело-черное, из шелка, декорировано фатином и бусинами",18175.0,DERIVED_STOCK_MOVEMENT,FILE-099,Остатки ЦУМ (Основное подразделение),Движение товаров с себестоимостью,IN
CV-H5-1b4e5aec6010702c,0-2162,0-2162,"Платье женское, черно-белое, из шелка, декорировано фатином и бусинами",10695.0,DERIVED_STOCK_MOVEMENT,FILE-099,Остатки ЦУМ (Основное подразделение),Движение товаров с себестоимостью,IN
CV-H5-9945c854b6e1f1f0,0-2172,0-2172,"Платье женское, зеленое, из трикотажа и пайеточной ткани, декорировано брошью ""Р",2316.0,DERIVED_STOCK_MOVEMENT,FILE-099,Остатки ЦУМ (Основное подразделение),Движение товаров с себестоимостью,IN
CV-H5-cca66531451d5a77,0-2193,0-2193,"Платок женский, черно-голубой с принтом ""леопард"", из шелка",17535.0,DERIVED_STOCK_MOVEMENT,FILE-099,Остатки ЦУМ (Основное подразделение),Движение товаров с себестоимостью,IN
CV-H5-fe43c44742494d4b,0-2212,0-2212,"Платье женское, черное, из шифона и пайеточной ткани, по горловине декорировано ",3608.0,DERIVED_STOCK_MOVEMENT,FILE-099,Остатки ЦУМ (Основное подразделение),Движение товаров с себестоимостью,IN
CV-H5-e6a12aa4b22b89de,0-2258B,0-2258В,"Платье женское, розовое с принтом ""желто-черные Y"", из батиста, с поясом",10187.0,DERIVED_STOCK_MOVEMENT,FILE-099,Остатки ЦУМ (Основное подразделение),Движение товаров с себестоимостью,IN
CV-H5-77016937b1afa04d,0-2260,0-2260,"Платье-сарафан женское, красное с рисунком, из хлопка, бретели и пояс из контрас",6018.0,DERIVED_STOCK_MOVEMENT,FILE-099,Остатки ЦУМ (Основное подразделение),Движение товаров с себестоимостью,IN
CV-H5-12a6eef9ff458c99,0-2260A,0-2260А,"Рубашка женская, черно-белая, из хлопка, с контрастной отделкой по борту и низу",4315.0,DERIVED_STOCK_MOVEMENT,FILE-099,Остатки ЦУМ (Основное подразделение),Движение товаров с себестоимостью,IN
CV-H5-3d8ff5ca3f3dc31b,0-2260B,0-2260В,"Брюки женские, черно-белые, из хлопка, с контрастной отделкой по низу",1890.0,DERIVED_STOCK_MOVEMENT,FILE-099,Остатки ЦУМ (Основное подразделение),Движение товаров с себестоимостью,IN
CV-H5-55da1c22e33d3a70,0-2261,0-2261,"Юбка женская, черно-белая, из хлопка",9641.0,DERIVED_STOCK_MOVEMENT,FILE-099,Остатки ЦУМ (Основное подразделение),Движение товаров с себестоимостью,IN
CV-H5-57cf976c863e0013,0-2261A,0-2261А,"Рубашка женская, черно-белая с геометричным рисунком, из хлопка",4315.0,DERIVED_STOCK_MOVEMENT,FILE-099,Остатки ЦУМ (Основное подразделение),Движение товаров с себестоимостью,IN
CV-H5-8410ac1f7dcd2d82,0-2276B,0-2276В,"Брюки женские, черно-белые с геометричным рисунком, из хлопка",8565.0,DERIVED_STOCK_MOVEMENT,FILE-099,Остатки ЦУМ (Основное подразделение),Движение товаров с себестоимостью,IN
CV-H5-a6033d1c9fb7f060,0-2312,0-2312,"Юбка женская, серая с принтом ""дефиле"", из хлопка, с декором ""розовый бант""",12438.0,DERIVED_STOCK_MOVEMENT,FILE-099,Остатки ЦУМ (Основное подразделение),Движение товаров с себестоимостью,IN
CV-H5-0ecb294099fcc213,0-2333B,0-2333В,"Пальто женское, серое, из шелкового бархата, с расшитыми розовыми цветами на рук",2221.0,DERIVED_STOCK_MOVEMENT,FILE-099,Остатки ЦУМ (Основное подразделение),Движение товаров с себестоимостью,IN
CV-H5-6bc2df5bbd837671,0-2334A,0-2334А,"Блуза-боди женская, темно-серая, из трикотажа",4033.0,DERIVED_STOCK_MOVEMENT,FILE-099,Остатки ЦУМ (Основное подразделение),Движение товаров с себестоимостью,IN
CV-H5-9d1c27ef815ff383,0-2334B,0-2334В,"Блуза женская, бежевая, из крепа, на подкладке",4033.0,DERIVED_STOCK_MOVEMENT,FILE-099,Остатки ЦУМ (Основное подразделение),Движение товаров с себестоимостью,IN
CV-H5-37accde49e22b41b,0-2335,0-2335,"Блуза женская, черная, из крепа, на подкладке",12200.0,DERIVED_STOCK_MOVEMENT,FILE-099,Остатки ЦУМ (Основное подразделение),Движение товаров с себестоимостью,IN
CV-H5-fffd6b95ec7fa564,0-2336,0-2336,"Брюки женские, серые, из шерсти, зауженные к низу",5198.5,DERIVED_STOCK_MOVEMENT,FILE-099,Остатки ЦУМ (Основное подразделение),Движение товаров с себестоимостью,IN
CV-H5-f6ad34718197955b,0-2336A,0-2336А,"Брюки женские, серые, из джерси, без подкладки",5198.5,DERIVED_STOCK_MOVEMENT,FILE-099,Остатки ЦУМ (Основное подразделение),Движение товаров с себестоимостью,IN
CV-H5-8157d77714599eab,0-2346,0-2346,"Брюки женские, темно-серые, из джерси, без подкладки",29019.0,DERIVED_STOCK_MOVEMENT,FILE-099,Остатки ЦУМ (Основное подразделение),Движение товаров с себестоимостью,IN
CV-H5-898a05c047965a2b,0-2351,0-2351,"Юбка женская, черная, из бархата, с вышивкой ""SUMAN""",7622.0,DERIVED_STOCK_MOVEMENT,FILE-099,Остатки ЦУМ (Основное подразделение),Движение товаров с себестоимостью,IN
CV-H5-499b6e1d452972f3,0-2351A,0-2351А,"Блуза женская, черная, из бархата, с отделкой из черных пайеток по низу рукава и",7622.0,DERIVED_STOCK_MOVEMENT,FILE-099,Остатки ЦУМ (Основное подразделение),Движение товаров с себестоимостью,IN
CV-H5-21b75f0b760ce93d,0-2357,0-2357,"Блуза женская, черная, из бархата, с отделкой из белых пайеток по низу рукава и ",7005.0,DERIVED_STOCK_MOVEMENT,FILE-099,Остатки ЦУМ (Основное подразделение),Движение товаров с себестоимостью,IN
CV-H5-d787c6d53eb6384e,0-2359,0-2359,"Платье женское, серое, из футера, с цветным принтом ""разводы""",4754.31,DERIVED_STOCK_MOVEMENT,FILE-099,Остатки ЦУМ (Основное подразделение),Движение товаров с себестоимостью,IN
CV-H5-4b6c23ac6d4ad507,0-2359A,0-2359A,"Свитшот женский, черный, из футера, с декором принт ""сердце, Yanina""",6450.91,DERIVED_STOCK_MOVEMENT,FILE-099,Остатки ЦУМ (Основное подразделение),Движение товаров с себестоимостью,IN
CV-H5-fbe543d85649a242,0-2366A,0-2366А,"Блуза женская, черная, из крепа, с объемным рукавом, декорирована бантом по низу",8225.0,DERIVED_STOCK_MOVEMENT,FILE-099,Остатки ЦУМ (Основное подразделение),Движение товаров с себестоимостью,IN
CV-H5-239a4185bb964ec1,0-2372,0-2372,"Жакет женский, черно-белый, из костюмной ткани, с отделкой черной тесьмой из бар",4327.0,DERIVED_STOCK_MOVEMENT,FILE-099,Остатки ЦУМ (Основное подразделение),Движение товаров с себестоимостью,IN
CV-H5-65a18ae8d87e7990,0-2372A,0-2372А,"Юбка женская, белая, из костюмной ткани, с отделкой черной тесьмой по низу юбки,",4778.0,DERIVED_STOCK_MOVEMENT,FILE-099,Остатки ЦУМ (Основное подразделение),Движение товаров с себестоимостью,IN
CV-H5-abce7e145fc62eb3,0-2380,0-2380,"Юбка женская, черно-белая, из костюмной ткани, с отделкой черной тесьмой по низу",13853.0,DERIVED_STOCK_MOVEMENT,FILE-099,Остатки ЦУМ (Основное подразделение),Движение товаров с себестоимостью,IN
CV-H5-ea057b7521e5182b,0-2431A,0-2431A,"Юбка женская, черная, из бархата, средней длины, с поясом",1521.0,DERIVED_STOCK_MOVEMENT,FILE-099,Остатки ЦУМ (Основное подразделение),Движение товаров с себестоимостью,IN
CV-H5-08595f4f1cea9c8a,0-2454,0-2454,"Шорты женские, белые с принтом ""цветы, грибы"", из хлопка",8714.0,DERIVED_STOCK_MOVEMENT,FILE-099,Остатки ЦУМ (Основное подразделение),Движение товаров с себестоимостью,IN
CV-H5-a7415698f6d489d8,0-2467,0-2467,"Пальто женское, черное, из стрейч-бархата, с вышивкой ""Дерево, птицы, Yanina""",44798.1,DERIVED_STOCK_MOVEMENT,FILE-099,Остатки ЦУМ (Основное подразделение),Движение товаров с себестоимостью,IN
CV-H5-cd8a66a098899cfc,0-2470,0-2470,"Платье женское, черное в белый горох, из шифона, длинное, декорировано брошью ""Б",6733.0,DERIVED_STOCK_MOVEMENT,FILE-099,Остатки ЦУМ (Основное подразделение),Движение товаров с себестоимостью,IN
CV-H5-cc3b69d66cee16e1,0-2473,0-2473,"Юбка женская, черная, из футера, с декором принт ""дерево, Yanina"", с отделкой ""л",7910.0,DERIVED_STOCK_MOVEMENT,FILE-099,Остатки ЦУМ (Основное подразделение),Движение товаров с себестоимостью,IN
CV-H5-b622155819d1f2fe,0-2505,0-2505,"Юбка женская, серая с принтом ""пион"", из батиста",13115.0,DERIVED_STOCK_MOVEMENT,FILE-099,Остатки ЦУМ (Основное подразделение),Движение товаров с себестоимостью,IN
CV-H5-eb0ba19bad06dd85,0-2505A,0-2505A,"Платье женское, черное, из хлопка, с вышивкой ""Дерево, птица, Yanina"", с коротки",13115.0,DERIVED_STOCK_MOVEMENT,FILE-099,Остатки ЦУМ (Основное подразделение),Движение товаров с себестоимостью,IN
CV-H5-c15163397cc98881,0-2507,0-2507,"Платье женское, черное, из хлопка, с вышивкой ""Дерево, птица, Yanina"", с длинным",13406.0,DERIVED_STOCK_MOVEMENT,FILE-099,Остатки ЦУМ (Основное подразделение),Движение товаров с себестоимостью,IN
CV-H5-c323cc25f3940913,0-2508A,0-2508A,"Жакет женский, черный, из костюмной ткани ""шанель"", декорирован тесьмой",12962.0,DERIVED_STOCK_MOVEMENT,FILE-099,Остатки ЦУМ (Основное подразделение),Движение товаров с себестоимостью,IN
CV-H5-b4cf4bd4237863a2,0-2509,0-2509,"Жакет женский, светло-розовый, из костюмной ткани ""шанель"", декорирован жемчугом",12707.0,DERIVED_STOCK_MOVEMENT,FILE-099,Остатки ЦУМ (Основное подразделение),Движение товаров с себестоимостью,IN
CV-H5-df78165790b448b9,0-2510,0-2510,"Жакет женский, черный, из костюмной ткани ""шанель"", приталенного силуэта",7046.0,DERIVED_STOCK_MOVEMENT,FILE-099,Остатки ЦУМ (Основное подразделение),Движение товаров с себестоимостью,IN
CV-H5-1f831e51fd9c7187,0-2511A,0-2511A/1,"Юбка женская, белая, из шифона, с черной отделкой",1610.0,DERIVED_STOCK_MOVEMENT,FILE-099,Остатки ЦУМ (Основное подразделение),Движение товаров с себестоимостью,IN
CV-H5-01aaecb790757447,0-2516,0-2516,"Футболка женская, черная с принтом ""Y"", из трикотажа",14009.5,DERIVED_STOCK_MOVEMENT,FILE-099,Остатки ЦУМ (Основное подразделение),Движение товаров с себестоимостью,IN
CV-H5-19f0633956df1dda,0-2535,0-2535,"Платье женское, черное, из костюмной ткани ""шанель"" и шифона, декорировано тесьм",10375.0,DERIVED_STOCK_MOVEMENT,FILE-099,Остатки ЦУМ (Основное подразделение),Движение товаров с себестоимостью,IN
CV-H5-8a88b9a866cc6fa8,0-2546,0-2546/2,"Футболка женская, белая с принтом ""грибы"" по горловине, из трикотажа",16800.0,DERIVED_STOCK_MOVEMENT,FILE-099,Остатки ЦУМ (Основное подразделение),Движение товаров с себестоимостью,IN
CV-H5-d412cdda0f90d620,0-2560C,0-2560C,"Пальто-халат женское, розовое с принтом ""пион"", из шелка",8895.0,DERIVED_STOCK_MOVEMENT,FILE-099,Остатки ЦУМ (Основное подразделение),Движение товаров с себестоимостью,IN
CV-H5-f474d21bb5f976c3,0-2575,0-2575,"Пальто-халат женское, черное с принтом ""цветы и грибы"", из хлопка, с пайетками н",15360.0,DERIVED_STOCK_MOVEMENT,FILE-099,Остатки ЦУМ (Основное подразделение),Движение товаров с себестоимостью,IN
CV-H5-4a10252255c578ef,0-2576,0-2576,"Платье женское, серое, из хлопка, с отделкой фатином с принтом ""розовая Y""",18714.0,DERIVED_STOCK_MOVEMENT,FILE-099,Остатки ЦУМ (Основное подразделение),Движение товаров с себестоимостью,IN
CV-H5-a64f418fea73825c,0-2645,0-2645,"Юбка женская, черная, из пайеточной ткани, длинная, с вышивкой ""Красный цветок""",9600.0,DERIVED_STOCK_MOVEMENT,FILE-099,Остатки ЦУМ (Основное подразделение),Движение товаров с себестоимостью,IN
CV-H5-bf3fa3b0243026e8,0-2659,0-2659,"Платье женское, серебро, из паейток, с аппликацией ""Цветок""",107500.0,DERIVED_STOCK_MOVEMENT,FILE-099,Остатки ЦУМ (Основное подразделение),Движение товаров с себестоимостью,IN
CV-H5-89a4d7b94914b935,0-2679,0-2679,"Блуза женская, черная, из шифона, с кружевом",12588.0,DERIVED_STOCK_MOVEMENT,FILE-099,Остатки ЦУМ (Основное подразделение),Движение товаров с себестоимостью,IN
CV-H5-6921507e5b280dc5,0-2680,0-2680,"Жакет женский, черный, из джерси, декорирован отлетными деталями",4323.0,DERIVED_STOCK_MOVEMENT,FILE-099,Остатки ЦУМ (Основное подразделение),Движение товаров с себестоимостью,IN
CV-H5-d8bb2120e3138b18,0-2681A,0-2681A,"Брюки женские, черные, из джерси, со стрелками, расклешенные к низу",15127.0,DERIVED_STOCK_MOVEMENT,FILE-099,Остатки ЦУМ (Основное подразделение),Движение товаров с себестоимостью,IN
CV-H5-0221479a19a478b5,0-2682,0-2682/2,"Платье женское, черное, из кружевной ткани, с брошью ""Бант"" и белым воротником",132000.0,DERIVED_STOCK_MOVEMENT,FILE-099,Остатки ЦУМ (Основное подразделение),Движение товаров с себестоимостью,IN
CV-H5-ffcdd248c16d16c9,0-2684,0-2684,"Платье женское, черное в белый горох, из шелка, с поясом-завязка",12948.0,DERIVED_STOCK_MOVEMENT,FILE-099,Остатки ЦУМ (Основное подразделение),Движение товаров с себестоимостью,IN
CV-H5-4f4f6eda686f86b9,0-2687,0-2687,"Жакет женский, белый, из кружевной ткани, с брошью ""Бант""",4368.0,DERIVED_STOCK_MOVEMENT,FILE-099,Остатки ЦУМ (Основное подразделение),Движение товаров с себестоимостью,IN
CV-H5-d024b5eadf83316d,0-2688,0-2688,"Брюки женские, черные, из бархата, расклешенные к низу",8630.0,DERIVED_STOCK_MOVEMENT,FILE-099,Остатки ЦУМ (Основное подразделение),Движение товаров с себестоимостью,IN
CV-H5-12fd9f883eea2eee,0-2713,0-2713,"Блуза женская, белая, из хлопка, с вышивкой ""Yanina"" и съемным декором ""бант""",25410.0,DERIVED_STOCK_MOVEMENT,FILE-099,Остатки ЦУМ (Основное подразделение),Движение товаров с себестоимостью,IN
CV-H5-4050bb3727dca99a,0-2714,0-2714,"Жакет женский, черный, из шерсти, со съемным декором",8583.0,DERIVED_STOCK_MOVEMENT,FILE-099,Остатки ЦУМ (Основное подразделение),Движение товаров с себестоимостью,IN
CV-H5-46658107e8d0f150,0-2735,0-2735,"Платье женское, бежевое, из шифона, длинное",3376.0,DERIVED_STOCK_MOVEMENT,FILE-099,Остатки ЦУМ (Основное подразделение),Движение товаров с себестоимостью,IN
CV-H5-5210798ab8000d06,0-2834,0-2834,"Плед бежевый, из кашемира, с авторским рисунком",9680.0,DERIVED_STOCK_MOVEMENT,FILE-099,Остатки ЦУМ (Основное подразделение),Движение товаров с себестоимостью,IN
CV-H5-128396de0a659814,0-2959,0-2959,"Платье женское, белое, из шелка, с накидкой из сетки с бусинами",910.0,DERIVED_STOCK_MOVEMENT,FILE-099,Остатки ЦУМ (Основное подразделение),Движение товаров с себестоимостью,IN
CV-H5-d4f496e6d831e49d,0-3027,0-3027,"Топ-майка женская, белая, из хлопка, с вышивкой ""BE AN ICONIC""",21160.0,DERIVED_STOCK_MOVEMENT,FILE-099,Остатки ЦУМ (Основное подразделение),Движение товаров с себестоимостью,IN
CV-H5-48384dfb29cb5c87,0-3030B,0-3030B,"Куртка женская, черная, из шелка на синтепоне",10707.0,DERIVED_STOCK_MOVEMENT,FILE-099,Остатки ЦУМ (Основное подразделение),Движение товаров с себестоимостью,IN
CV-H5-5b3e3fe356de8d0b,0-3031B,0-3031B,"Свитшот женский, бежевый, из стрейч бархата, с декором из тафты",7327.0,DERIVED_STOCK_MOVEMENT,FILE-099,Остатки ЦУМ (Основное подразделение),Движение товаров с себестоимостью,IN
CV-H5-64dc94434c51bba2,0-3033,0-3033,"Брюки-джоггеры женские, бежевые, из стрейч бархата, с отделкой ""лампас""",19231.0,DERIVED_STOCK_MOVEMENT,FILE-099,Остатки ЦУМ (Основное подразделение),Движение товаров с себестоимостью,IN
CV-H5-c8d231b4fd2bef95,0-3033A,0-3033A,"Куртка женская, черная, из эко-кожи, с аппликацией из камней ""Y"" на рукаве",19231.0,DERIVED_STOCK_MOVEMENT,FILE-099,Остатки ЦУМ (Основное подразделение),Движение товаров с себестоимостью,IN
CV-H5-61c0e29018fabc24,0-3036,0-3036,"Куртка женская, белая, из эко-кожи",7788.0,DERIVED_STOCK_MOVEMENT,FILE-099,Остатки ЦУМ (Основное подразделение),Движение товаров с себестоимостью,IN
CV-H5-7d6e97f4226623fb,0-3038,0-3038,"Юбка женская, черная, из искусственного крепа, расклешенная к низу",20820.0,DERIVED_STOCK_MOVEMENT,FILE-099,Остатки ЦУМ (Основное подразделение),Движение товаров с себестоимостью,IN
CV-H5-0c236c86c79500e4,0-3039,0-3039,"Платье женское, черное, из стрейч бархата, с кружевными рукавами",6288.0,DERIVED_STOCK_MOVEMENT,FILE-099,Остатки ЦУМ (Основное подразделение),Движение товаров с себестоимостью,IN
CV-H5-bc7d15bbbdd3b31b,0-3040,0-3040,"Блуза женская, черная, из футера, с отделкой ""лампас""",5996.0,DERIVED_STOCK_MOVEMENT,FILE-099,Остатки ЦУМ (Основное подразделение),Движение товаров с себестоимостью,IN
CV-H5-a9272762e5a408cc,0-3041,0-3041,"Брюки женские, черные, из футера, с отделкой ""лампас""",17437.0,DERIVED_STOCK_MOVEMENT,FILE-099,Остатки ЦУМ (Основное подразделение),Движение товаров с себестоимостью,IN
CV-H5-116482b876bf8b1b,0-3043A,0-3043А,"Платье женское, черное, из шелк бархата, с воротником из кружева",12309.0,DERIVED_STOCK_MOVEMENT,FILE-099,Остатки ЦУМ (Основное подразделение),Движение товаров с себестоимостью,IN
CV-H5-a0316fe7583c572c,0-3044A,0-3044A,"Блуза женская, фуксия, из футера, декорирована шифоновым кружевом",3757.0,DERIVED_STOCK_MOVEMENT,FILE-099,Остатки ЦУМ (Основное подразделение),Движение товаров с себестоимостью,IN
CV-H5-6f9fd51aab39ef55,0-3044B,0-3044В,"Шорты женские, фуксия, из футера",3757.0,DERIVED_STOCK_MOVEMENT,FILE-099,Остатки ЦУМ (Основное подразделение),Движение товаров с себестоимостью,IN
CV-H5-daaa591008122dcb,0-3049,0-3049,"Шорты женские, бежевые, из футера",26929.0,DERIVED_STOCK_MOVEMENT,FILE-099,Остатки ЦУМ (Основное подразделение),Движение товаров с себестоимостью,IN
CV-H5-58d82e3045347aed,0-3050,0-3050,"Куртка-бомбер женская, черная, из стрейч бархата, с декором ""Жучки""",4298.0,DERIVED_STOCK_MOVEMENT,FILE-099,Остатки ЦУМ (Основное подразделение),Движение товаров с себестоимостью,IN
CV-H5-31d33a1b67c0b8d4,0-3058B,0-3058B,"Шорты женские, черные, из стрейч бархата",9686.0,DERIVED_STOCK_MOVEMENT,FILE-099,Остатки ЦУМ (Основное подразделение),Движение товаров с себестоимостью,IN
CV-H5-798dab87f21673e1,0-3060,0-3060,"Блуза женская, серая, из футера, с декором принт  ""бусы, бантик""",3985.0,DERIVED_STOCK_MOVEMENT,FILE-099,Остатки ЦУМ (Основное подразделение),Движение товаров с себестоимостью,IN
CV-H5-37fc8ab0f3a2e30b,0-3063,0-3063,"Юбка женская, черная, из футера, с отделкой ""лампас""",5276.0,DERIVED_STOCK_MOVEMENT,FILE-099,Остатки ЦУМ (Основное подразделение),Движение товаров с себестоимостью,IN
CV-H5-d0af6679a58fac2f,0-3064C,0-3064C,"Брюки женские, черные, из стрейч бархата, на широкой резинке",11796.0,DERIVED_STOCK_MOVEMENT,FILE-099,Остатки ЦУМ (Основное подразделение),Движение товаров с себестоимостью,IN
CV-H5-b5921b27f436fd04,0-3067A,0-3067A,"Платье женское, голубое, из шелка, на тонких бретелях",8679.0,DERIVED_STOCK_MOVEMENT,FILE-099,Остатки ЦУМ (Основное подразделение),Движение товаров с себестоимостью,IN
CV-H5-00eb5d7f46779331,0-3068A,0-3068A,"Блуза женская, серая, из стрейч бархата, с отделкой белым кантом и поясом",6321.0,DERIVED_STOCK_MOVEMENT,FILE-099,Остатки ЦУМ (Основное подразделение),Движение товаров с себестоимостью,IN
CV-H5-8fa7d0d04498d3ca,0-3073,0-3073,"Брюки женские, серые, из стрейч бархата, с отделкой белым кантом по низу",8351.94,DERIVED_STOCK_MOVEMENT,FILE-099,Остатки ЦУМ (Основное подразделение),Движение товаров с себестоимостью,IN
CV-H5-a3fac355429148cf,0-3073B,0-3073B,"Свитшот женский, белый, с декором принт ""MY YANINA COUTURE"", с коротким рукавом",2693.0,DERIVED_STOCK_MOVEMENT,FILE-099,Остатки ЦУМ (Основное подразделение),Движение товаров с себестоимостью,IN
CV-H5-44e60e5ea6e13225,0-3075,0-3075,"Свитшот женский, голубой, с декором принт ""MY YANINA COUTURE"", с коротким рукаво",5258.34,DERIVED_STOCK_MOVEMENT,FILE-099,Остатки ЦУМ (Основное подразделение),Движение товаров с себестоимостью,IN
CV-H5-25e703cf5885589a,0-3075A,0-3075A,"Футболка женская, черная, из трикотажа, с надписью ""MY YANINA COUTURE""",5258.34,DERIVED_STOCK_MOVEMENT,FILE-099,Остатки ЦУМ (Основное подразделение),Движение товаров с себестоимостью,IN
CV-H5-b155299a317b79cd,0-3075B,0-3075B,"Футболка женская, белая, из трикотажа, с надписью ""MY YANINA COUTURE""",4177.0,DERIVED_STOCK_MOVEMENT,FILE-099,Остатки ЦУМ (Основное подразделение),Движение товаров с себестоимостью,IN
CV-H5-e1c92c095a1a415b,0-3208A,0-3208A,"Футболка женская, серая, из трикотажа, с надписью ""MY YANINA COUTURE""",7135.0,DERIVED_STOCK_MOVEMENT,FILE-099,Остатки ЦУМ (Основное подразделение),Движение товаров с себестоимостью,IN
CV-H5-ce1b714eec7de429,0-3208B,0-3208B,"Свитшот женский, черный, из бархата, с декоративными оборками из кружева на рука",6538.22,DERIVED_STOCK_MOVEMENT,FILE-099,Остатки ЦУМ (Основное подразделение),Движение товаров с себестоимостью,IN
CV-H5-409b5f3231108753,0-3209A,0-3209A,"Свитшот женский, коричневый, из бархата, с декоративными оборками на рукавах",7484.07,DERIVED_STOCK_MOVEMENT,FILE-099,Остатки ЦУМ (Основное подразделение),Движение товаров с себестоимостью,IN
CV-H5-f69040336db75b04,0-3209B,0-3209B,"Брюки женские, черные, из бархата, с шелковым лампасом, прямого кроя",5797.87,DERIVED_STOCK_MOVEMENT,FILE-099,Остатки ЦУМ (Основное подразделение),Движение товаров с себестоимостью,IN
CV-H5-d45ce8aea1d529c4,0-3221A,0-3221A/1,"Брюки женские, коричневые, из бархата, с шелковыи лампасом, прямого кроя",1457.0,DERIVED_STOCK_MOVEMENT,FILE-099,Остатки ЦУМ (Основное подразделение),Движение товаров с себестоимостью,IN
CV-H5-57b1365550e22680,0-3221B,0-3221B/1,"Футболка женская, белая, из трикотажа, с декором принт ""My real job""",1457.0,DERIVED_STOCK_MOVEMENT,FILE-099,Остатки ЦУМ (Основное подразделение),Движение товаров с себестоимостью,IN
CV-H5-8e1f60579a87142e,0-3221C,0-3221C/3,"Футботка женская, белая, из трикотажа, с декором принт ""Couture""",1457.0,DERIVED_STOCK_MOVEMENT,FILE-099,Остатки ЦУМ (Основное подразделение),Движение товаров с себестоимостью,IN
CV-H5-8b327297043ad14e,0-3221D,0-3221D/1,"Футболка женская, голубая, из трикотажа, с декором принт ""Папайя""",1457.0,DERIVED_STOCK_MOVEMENT,FILE-099,Остатки ЦУМ (Основное подразделение),Движение товаров с себестоимостью,IN
CV-H5-f99a45b68304fd85,0-3238,0-3238,"Футболка женская, белая, из трикотажа, с декором принт ""Арбуз""",30372.17,DERIVED_STOCK_MOVEMENT,FILE-099,Остатки ЦУМ (Основное подразделение),Движение товаров с себестоимостью,IN
CV-H5-1beabe56370df41b,0-3239,0-3239,"Жакет женский, черный, из костюмной ткани ""шанель"", декорирован черной тесьмой",13774.6,DERIVED_STOCK_MOVEMENT,FILE-099,Остатки ЦУМ (Основное подразделение),Движение товаров с себестоимостью,IN
CV-H5-9b3a794ceec4d6e4,0-3240,0-3240,"Шорты женские, черные, из костюмной ткани ""шанель""",15231.36,DERIVED_STOCK_MOVEMENT,FILE-099,Остатки ЦУМ (Основное подразделение),Движение товаров с себестоимостью,IN
CV-H5-262d912455714cbb,0-328,0-328,"Юбка женская, черная, из сетки, с шелковым поясом, А-силуэт",3401.25,DERIVED_STOCK_MOVEMENT,FILE-099,Остатки ЦУМ (Основное подразделение),Движение товаров с себестоимостью,IN
CV-H5-9df9c9dc7dfb864b,0-764,0-764,"Брюки женские, белые, из шерсти, зауженные к низу",7558.0,DERIVED_STOCK_MOVEMENT,FILE-099,Остатки ЦУМ (Основное подразделение),Движение товаров с себестоимостью,IN
CV-H5-8de43b54d1ead074,KP-63,KP-63,"Платье женское, коричневое, из шерсти средней длины",15690.0,DERIVED_STOCK_MOVEMENT,FILE-099,Остатки ЦУМ (Основное подразделение),Движение товаров с себестоимостью,IN
CV-H5-669ad93c658f8153,SS1630,SS1630,"Платье женское, белое, из сетки, с нижним кружевным платьем на подкладке",2500.0,DERIVED_STOCK_MOVEMENT,FILE-099,Остатки ЦУМ (Основное подразделение),Движение товаров с себестоимостью,IN
CV-H5-622258bf2af84d24,SS1730-PA,SS1730-PA,"Брюки женские, черные, из шерсти с металлической застежкой ""молния""",3391.11,DERIVED_STOCK_MOVEMENT,FILE-099,Остатки ЦУМ (Основное подразделение),Движение товаров с себестоимостью,IN
CV-H5-4a25f8286db22a4f,SS1733,SS1733,"Брюки женские, черные, из шерсти, с молнией, зауженные к низу",2500.0,DERIVED_STOCK_MOVEMENT,FILE-099,Остатки ЦУМ (Основное подразделение),Движение товаров с себестоимостью,IN
CV-H5-3a7d320de7c1357c,T-2856,T-2856,"Платье женское, черное с принтом ""белые балерины"", из шелка, на бретелях",90900.0,DERIVED_STOCK_MOVEMENT,FILE-099,Остатки ЦУМ (Основное подразделение),Движение товаров с себестоимостью,IN
CV-H5-10828e5a5e6c048b,T-2857,T-2857,"Платье женское, розовое, из шифона, с вышивкой по горловине",90900.0,DERIVED_STOCK_MOVEMENT,FILE-099,Остатки ЦУМ (Основное подразделение),Движение товаров с себестоимостью,IN
CV-H5-645a641e1009cff3,T-2858,T-2858,"Платье женское, черное, из вискозы, с вышивкой «Цветок»",81400.0,DERIVED_STOCK_MOVEMENT,FILE-099,Остатки ЦУМ (Основное подразделение),Движение товаров с себестоимостью,IN
CV-H5-ab1cec9c61cb4584,ДK-190,ДК-190,"Майка женская, белая, из трикотажа, с вышивкой ""Перец""",17280.0,DERIVED_STOCK_MOVEMENT,FILE-099,Остатки ЦУМ (Основное подразделение),Движение товаров с себестоимостью,IN
CV-H5-91cf258c8dfc697b,0-1178,0-1178,Салон (Лена М.) (Основное подразделение),14116.0,DERIVED_STOCK_MOVEMENT,FILE-099,Остатки ЦУМ (Основное подразделение),Движение товаров с себестоимостью,IN
CV-H5-4fe2890352d2e30e,0-1187F,0-1187F,"Брюки женские, черные, из шелка, с белым кантом",14290.0,DERIVED_STOCK_MOVEMENT,FILE-099,Остатки ЦУМ (Основное подразделение),Движение товаров с себестоимостью,IN
CV-H5-9e032cfb83c80652,0-1187G,0-1187G,"Рубашка женская, черная, из бархата, с отделкой белым кантом",8234.0,DERIVED_STOCK_MOVEMENT,FILE-099,Остатки ЦУМ (Основное подразделение),Движение товаров с себестоимостью,IN
CV-H5-57e51e099a7d8fe9,0-1416,0-1416,"Брюки женские, черные, из бархата, с отделкой белым кантом",5782.87,DERIVED_STOCK_MOVEMENT,FILE-099,Остатки ЦУМ (Основное подразделение),Движение товаров с себестоимостью,IN
CV-H5-11fa31d953f293ff,0-1418,0-1418,"Брюки женские, черные, из стрейч бархата, с шелковым лампасом",6840.75,DERIVED_STOCK_MOVEMENT,FILE-099,Остатки ЦУМ (Основное подразделение),Движение товаров с себестоимостью,IN
CV-H5-748c7816895e9fc2,0-1435,0-1435,"Свитшот женский, черный, из бархата, с декоративными элементами на рукавах",12610.0,DERIVED_STOCK_MOVEMENT,FILE-099,Остатки ЦУМ (Основное подразделение),Движение товаров с себестоимостью,IN
CV-H5-49668ddde026b28e,0-1444A,0-1444A,"Юбка женская, черная, из фатина, с принтом ""горошек""",6770.0,DERIVED_STOCK_MOVEMENT,FILE-099,Остатки ЦУМ (Основное подразделение),Движение товаров с себестоимостью,IN
CV-H5-5a3faac354b0ce65,0-1486C,0-1486С,"Свитшот женский, черный, из футера, с декором принт ""дерево, птица, Yanina"", с к",22315.0,DERIVED_STOCK_MOVEMENT,FILE-099,Остатки ЦУМ (Основное подразделение),Движение товаров с себестоимостью,IN
CV-H5-8e5e9dd221700f09,0-1511,0-1511,"Юбка женская, черная, из пайеточной ткани, с декором ""Ласточки""",11059.0,DERIVED_STOCK_MOVEMENT,FILE-099,Остатки ЦУМ (Основное подразделение),Движение товаров с себестоимостью,IN
CV-H5-a92ffada224f1def,0-1723,0-1723,"Туфли женские, черные, из бархата, без каблука, с расшивкой Y",9500.0,DERIVED_STOCK_MOVEMENT,FILE-099,Остатки ЦУМ (Основное подразделение),Движение товаров с себестоимостью,IN
CV-H5-cb0172533dd65af5,0-1862,0-1862,"Сабо женские, серые, из бархата, с пряжкой",3150.0,DERIVED_STOCK_MOVEMENT,FILE-099,Остатки ЦУМ (Основное подразделение),Движение товаров с себестоимостью,OPEN
CV-H5-7413037c3f1fffef,0-1871B,0-1871В,"Юбка женская, черная, из футера, с вышивкой на боковом шве",9638.0,DERIVED_STOCK_MOVEMENT,FILE-099,Остатки ЦУМ (Основное подразделение),Движение товаров с себестоимостью,IN
CV-H5-20252f53471cb790,0-1899,0-1899,"Юбка женская, черная, из фатина, с принтом ""листья""",4797.0,DERIVED_STOCK_MOVEMENT,FILE-099,Остатки ЦУМ (Основное подразделение),Движение товаров с себестоимостью,IN
CV-H5-4ebc1f7f4c179982,0-1963A,0-1963А,"Брюки женские, черные, из футера, с поясом ""рибана""",20300.0,DERIVED_STOCK_MOVEMENT,FILE-099,Остатки ЦУМ (Основное подразделение),Движение товаров с себестоимостью,IN
CV-H5-aa70181606ec7c18,0-1963B,0-1963В,"Платье женское, белое, из шифона, с страусиным боа и вышитыми цветами",20300.0,DERIVED_STOCK_MOVEMENT,FILE-099,Остатки ЦУМ (Основное подразделение),Движение товаров с себестоимостью,OPEN
CV-H5-231f363ee862935a,0-1968,0-1968,"Платье женское, красное, из шифона, с страусиным боа и вышитыми цветами",11821.0,DERIVED_STOCK_MOVEMENT,FILE-099,Остатки ЦУМ (Основное подразделение),Движение товаров с себестоимостью,IN
CV-H5-cc42b0582dd3825a,0-1973A,0-1973А,"Пальто женское, черное, из бархата и пайеточной ткани, декорировано перьями стра",6670.0,DERIVED_STOCK_MOVEMENT,FILE-099,Остатки ЦУМ (Основное подразделение),Движение товаров с себестоимостью,OUT
CV-H5-8193672ecc696368,0-1976,0-1976,"Юбка женская, черная, из крепа, декорирована по низу юбки вышитыми цветами",10730.0,DERIVED_STOCK_MOVEMENT,FILE-099,Остатки ЦУМ (Основное подразделение),Движение товаров с себестоимостью,IN
CV-H5-c632449976b9153d,0-2027E,0-2027Е,"Футболка женская, белая, из трикотажа, с декором принт ""дерево, птица, Yanina""",23250.0,DERIVED_STOCK_MOVEMENT,FILE-099,Остатки ЦУМ (Основное подразделение),Движение товаров с себестоимостью,IN
CV-H5-00bb8d8991c3e0f9,0-2032,0-2032,"Платье-кафтан женское, желтое, из шифона, декорировано расшитой тесьмой",10428.0,DERIVED_STOCK_MOVEMENT,FILE-099,Остатки ЦУМ (Основное подразделение),Движение товаров с себестоимостью,IN
CV-H5-edde41b5facbe029,0-2073B,0-2073B,"Брюки женские, черные с принтом ""белые Y"", из шелка, с отделкой ""лампас""",54280.0,DERIVED_STOCK_MOVEMENT,FILE-099,Остатки ЦУМ (Основное подразделение),Движение товаров с себестоимостью,IN
CV-H5-6ea8ab99e87464db,0-2079,0-2079,"Пальто женское, темно-синее, из шерсти, со съемным меховым воротником",65700.0,DERIVED_STOCK_MOVEMENT,FILE-099,Остатки ЦУМ (Основное подразделение),Движение товаров с себестоимостью,IN
CV-H5-c976160c86515e72,0-2209,0-2209,"Дубленка женская, светло-серая, из овчины, декорирована аппликацией из кожи",38185.0,DERIVED_STOCK_MOVEMENT,FILE-099,Остатки ЦУМ (Основное подразделение),Движение товаров с себестоимостью,IN
CV-H5-e27136f9c1d3b6c2,0-2214,0-2214,"Пальто женское, черное, из плащевой ткани, с меховым воротником",34690.0,DERIVED_STOCK_MOVEMENT,FILE-099,Остатки ЦУМ (Основное подразделение),Движение товаров с себестоимостью,IN
CV-H5-4b231a311a2d6e34,0-2290,0-2290,"Пальто женское, черное, из плащевой ткани, объемное",20395.26,DERIVED_STOCK_MOVEMENT,FILE-099,Остатки ЦУМ (Основное подразделение),Движение товаров с себестоимостью,IN
CV-H5-71f64e271fddd431,0-2291,0-2291,"Юбка женская, белая с принтом ""пляж"", из хлопка",8587.4,DERIVED_STOCK_MOVEMENT,FILE-099,Остатки ЦУМ (Основное подразделение),Движение товаров с себестоимостью,IN
CV-H5-8108fe466ec9252f,0-2321,0-2321,"Платье женское, черное, из джерси, с белым воротником и манжетами",39275.0,DERIVED_STOCK_MOVEMENT,FILE-099,Остатки ЦУМ (Основное подразделение),Движение товаров с себестоимостью,OPEN
CV-H5-e6d3b8c7f7f35276,0-2323B,0-2323В,"Платье женское ""ТЕРРА"", розовое, из шерстяного крепа, с вышивкой",10492.0,DERIVED_STOCK_MOVEMENT,FILE-099,Остатки ЦУМ (Основное подразделение),Движение товаров с себестоимостью,OPEN
CV-H5-8105d93808217eb9,0-2325,0-2325,"Пальто женское, серое, из шелкового бархата, с расшитыми розовыми цветами на рук",22915.0,DERIVED_STOCK_MOVEMENT,FILE-099,Остатки ЦУМ (Основное подразделение),Движение товаров с себестоимостью,OPEN
CV-H5-6f8ea4ec5db605a4,0-2325B,0-2325B,"Пальто женское ""ТЕРРА"", серое, из шерстяного крепа, с вышивкой",22915.0,DERIVED_STOCK_MOVEMENT,FILE-099,Остатки ЦУМ (Основное подразделение),Движение товаров с себестоимостью,OPEN
CV-H5-8aaaff50577aa69c,0-2325E,0-2325E,"Пальто женское ""ТЕРРА"", розовое, из шерстяного крепа, с вышивкой",31670.0,DERIVED_STOCK_MOVEMENT,FILE-099,Остатки ЦУМ (Основное подразделение),Движение товаров с себестоимостью,OPEN
CV-H5-0d68872136bd15ad,0-2325A,0-2325А,"Пальто женское ""ТЕРРА"", темно-розовое, из шерстяного крепа, с вышивкой",22915.0,DERIVED_STOCK_MOVEMENT,FILE-099,Остатки ЦУМ (Основное подразделение),Движение товаров с себестоимостью,OPEN
CV-H5-b7db441790ee4b96,0-2326,0-2326,"Пальто женское ""ТЕРРА"", белое, из шерстяного крепа, с вышивкой",10269.0,DERIVED_STOCK_MOVEMENT,FILE-099,Остатки ЦУМ (Основное подразделение),Движение товаров с себестоимостью,OPEN
CV-H5-7b90d80dd0d7b78d,0-2326B,0-2326В,"Юбка женская ""ТЕРРА"", серая, из шерстяного крепа, прямого силуэта",10269.0,DERIVED_STOCK_MOVEMENT,FILE-099,Остатки ЦУМ (Основное подразделение),Движение товаров с себестоимостью,OPEN
CV-H5-1a6a8cf6638f8a35,0-2328,0-2328,"Юбка женская ""ТЕРРА"", розовая, из шерстяного крепа, с вышивкой",15029.0,DERIVED_STOCK_MOVEMENT,FILE-099,Остатки ЦУМ (Основное подразделение),Движение товаров с себестоимостью,OPEN
CV-H5-4be7925dc3aca228,0-2328B,0-2328В,"Юбка женская, серая, из шерсти, с аппликационной вышивкой ""Хризантемы""",15029.0,DERIVED_STOCK_MOVEMENT,FILE-099,Остатки ЦУМ (Основное подразделение),Движение товаров с себестоимостью,OPEN
CV-H5-8d96f2d5e56b87bb,0-2340A,0-2340А,"Юбка женская, красная, из шерсти, с аппликационной вышивкой ""Хризантемы""",42885.0,DERIVED_STOCK_MOVEMENT,FILE-099,Остатки ЦУМ (Основное подразделение),Движение товаров с себестоимостью,OPEN
CV-H5-c8fa09f3b8a59df4,0-2419A,0-2419A,"Платье женское, черное, из шерсти, с декором из сетки и перьев",8609.0,DERIVED_STOCK_MOVEMENT,FILE-099,Остатки ЦУМ (Основное подразделение),Движение товаров с себестоимостью,IN
CV-H5-ba924b8690ba3cb0,0-2420A,0-2420A,"Брюки женские, черные, из шелкового бархата, с отделкой белым кантом",20450.0,DERIVED_STOCK_MOVEMENT,FILE-099,Остатки ЦУМ (Основное подразделение),Движение товаров с себестоимостью,IN
CV-H5-c70fe5018b5f9846,0-2436A,0-2436A,"Шорты женские, розовые с принтом ""цветы, грибы"", из хлопка",18780.0,DERIVED_STOCK_MOVEMENT,FILE-099,Остатки ЦУМ (Основное подразделение),Движение товаров с себестоимостью,IN
CV-H5-f148142f56bc0acf,0-2437,0-2437,"Платье женское, зеленое, из шифона, с расшивкой бисером, корсетное",27630.0,DERIVED_STOCK_MOVEMENT,FILE-099,Остатки ЦУМ (Основное подразделение),Движение товаров с себестоимостью,IN
CV-H5-8f496e586b50f198,0-2471,0-2471,"Юбка женская, черная, из футера, с декором принт ""дерево, Yanina"", с отделкой ""л",7927.17,DERIVED_STOCK_MOVEMENT,FILE-099,Остатки ЦУМ (Основное подразделение),Движение товаров с себестоимостью,IN
CV-H5-7a05df4142f89c89,0-2541,0-2541,"Платье женское, белое с принтом ""голубые цветы"", из батиста",10338.0,DERIVED_STOCK_MOVEMENT,FILE-099,Остатки ЦУМ (Основное подразделение),Движение товаров с себестоимостью,IN
CV-H5-8fb7b13a9ecc834a,0-2554,0-2554/1,"Пальто-халат женское, розовое с принтом ""пион"", из шелка",8555.0,DERIVED_STOCK_MOVEMENT,FILE-099,Остатки ЦУМ (Основное подразделение),Движение товаров с себестоимостью,IN
CV-H5-0ebc736f3df36324,0-2559,0-2559,"Платье-кафтан женское, белое, из хлопка, декорировано тесьмой ""YANINA""",9086.0,DERIVED_STOCK_MOVEMENT,FILE-099,Остатки ЦУМ (Основное подразделение),Движение товаров с себестоимостью,IN
CV-H5-fea060ad18c0bc43,0-2617D,0-2617D,"Юбка женская, черная, из стрейч бархата, прямая, зауженная к низу, средней длины",4750.0,DERIVED_STOCK_MOVEMENT,FILE-099,Остатки ЦУМ (Основное подразделение),Движение товаров с себестоимостью,IN
CV-H5-1a64f90171896542,0-2675A,0-2675A,"Жакет женский, черный, из бархата шелкового с аппликацией ""Цветок""",14035.0,DERIVED_STOCK_MOVEMENT,FILE-099,Остатки ЦУМ (Основное подразделение),Движение товаров с себестоимостью,IN
CV-H5-d094f920fdc627fb,0-2676A,0-2676A,"Жакет женский, черный, из стрейч бархата, с аппликацией ""Цветок""",10008.0,DERIVED_STOCK_MOVEMENT,FILE-099,Остатки ЦУМ (Основное подразделение),Движение товаров с себестоимостью,IN
CV-H5-20b0addef5adcfc8,0-2711,0-2711,"Брюки женские, черные, из бархата стрейч",29265.0,DERIVED_STOCK_MOVEMENT,FILE-099,Остатки ЦУМ (Основное подразделение),Движение товаров с себестоимостью,IN
CV-H5-7dd6c7590a2401cf,0-2712,0-2712,"Жакет женский, синий, из шерсти, с объемным декором из бархата",10548.0,DERIVED_STOCK_MOVEMENT,FILE-099,Остатки ЦУМ (Основное подразделение),Движение товаров с себестоимостью,IN
CV-H5-bc948b7f6ca0b2f2,0-2715,0-2715,"Юбка-карандаш женская, синяя, из шерсти",25970.0,DERIVED_STOCK_MOVEMENT,FILE-099,Остатки ЦУМ (Основное подразделение),Движение товаров с себестоимостью,IN
CV-H5-ca12f725ec4c08be,0-2716,0-2716,"Жакет женский, черный, из шерсти, с аппликационной вышивкой ""Листья"", с баской",10532.0,DERIVED_STOCK_MOVEMENT,FILE-099,Остатки ЦУМ (Основное подразделение),Движение товаров с себестоимостью,IN
CV-H5-f7c0827bed4422fa,0-2717,0-2717,"Юбка женская, черная, из шерсти, с аппликационной вышивкой ""Листья""",26790.0,DERIVED_STOCK_MOVEMENT,FILE-099,Остатки ЦУМ (Основное подразделение),Движение товаров с себестоимостью,IN
CV-H5-86fb7c598f8aa9ef,0-2718,0-2718,"Жакет женский, коричневый, из шерсти, с аппликационной вышивкой ""Листья""",10193.0,DERIVED_STOCK_MOVEMENT,FILE-099,Остатки ЦУМ (Основное подразделение),Движение товаров с себестоимостью,IN
CV-H5-0ac1a00fbff1c1ce,0-2828,0-2828,"Плед темно-серый, из кашемира, с авторским рисунком",15175.0,DERIVED_STOCK_MOVEMENT,FILE-099,Остатки ЦУМ (Основное подразделение),Движение товаров с себестоимостью,IN
CV-H5-85ad45f4a095cb50,0-2845A,0-2845A,"Платье женское, черное, из крепа, с лифом из сетки, с кружевным декором",2690.61,DERIVED_STOCK_MOVEMENT,FILE-099,Остатки ЦУМ (Основное подразделение),Движение товаров с себестоимостью,IN
CV-H5-ef3b8c9bf99d2285,0-2959A,0-2959A,"Топ-майка женская, белая, из хлопка, с вышивкой ""BE AN ICONIC""",1133.13,DERIVED_STOCK_MOVEMENT,FILE-099,Остатки ЦУМ (Основное подразделение),Движение товаров с себестоимостью,IN
CV-H5-41d4c28a165c3297,0-3009,0-3009,"Топ-майка женская, черная, из хлопка, с вышивкой ""BE AN ICONIC""",60404.0,DERIVED_STOCK_MOVEMENT,FILE-099,Остатки ЦУМ (Основное подразделение),Движение товаров с себестоимостью,IN
CV-H5-7b358cc88766e463,0-3024,0-3024,"Куртка женская, черная, из плащевой ткани, с вышивкой ""Цветы"" на рукавах",8356.5,DERIVED_STOCK_MOVEMENT,FILE-099,Остатки ЦУМ (Основное подразделение),Движение товаров с себестоимостью,IN
CV-H5-7d9c73412038a844,0-3030,0-3030,"Юбка женская, черная, из трикотажа, декорирована листьями из натуральной кожи",8920.0,DERIVED_STOCK_MOVEMENT,FILE-099,Остатки ЦУМ (Основное подразделение),Движение товаров с себестоимостью,IN
CV-H5-d681fce00d9385be,0-3031,0-3031,"Свитшот женский, черный, из стрейч бархата, с декором из тафты",5606.0,DERIVED_STOCK_MOVEMENT,FILE-099,Остатки ЦУМ (Основное подразделение),Движение товаров с себестоимостью,IN
CV-H5-d59b011864a3afc7,0-3032,0-3032,"Брюки-джоггеры женские, черные, из стрейч бархата, с отделкой ""лампас""",12901.0,DERIVED_STOCK_MOVEMENT,FILE-099,Остатки ЦУМ (Основное подразделение),Движение товаров с себестоимостью,IN
CV-H5-296c783843dc2b2f,0-3032B,0-3032B,"Юбка женская, бежевая, из фатина, с вышивкой ""Балерины""",5797.87,DERIVED_STOCK_MOVEMENT,FILE-099,Остатки ЦУМ (Основное подразделение),Движение товаров с себестоимостью,IN
CV-H5-2ec9a7f9e3515505,0-3034,0-3034,"Юбка женская, белая, из фатина, с вышивкой ""Герда""",11393.0,DERIVED_STOCK_MOVEMENT,FILE-099,Остатки ЦУМ (Основное подразделение),Движение товаров с себестоимостью,IN
CV-H5-a206e4d60a9698b7,0-3034A,0-3034A,"Блуза женская, белая, из шелка, с вышивкой ""Балерина""",11393.0,DERIVED_STOCK_MOVEMENT,FILE-099,Остатки ЦУМ (Основное подразделение),Движение товаров с себестоимостью,IN
CV-H5-fed241550c7d7fb9,0-3042C,0-3042C,"Платье женское, черное, из шелк бархата, с воротником из кружева",14680.0,DERIVED_STOCK_MOVEMENT,FILE-099,Остатки ЦУМ (Основное подразделение),Движение товаров с себестоимостью,IN
CV-H5-e20aa93514e716c4,0-3047,0-3047,"Блуза женская, розовая, из хлопка, с декором ""Цветок""",7201.0,DERIVED_STOCK_MOVEMENT,FILE-099,Остатки ЦУМ (Основное подразделение),Движение товаров с себестоимостью,IN
CV-H5-df2e3d38c400c042,0-3052,0-3052,"Юбка женская, черная, из шелка",5452.75,DERIVED_STOCK_MOVEMENT,FILE-099,Остатки ЦУМ (Основное подразделение),Движение товаров с себестоимостью,IN
CV-H5-1333e7aa4cf4fccc,0-3054,0-3054,"Юбка женская, черная, из эко-кожи, с поясом из бархата",28487.0,DERIVED_STOCK_MOVEMENT,FILE-099,Остатки ЦУМ (Основное подразделение),Движение товаров с себестоимостью,IN
CV-H5-4218c3c7509a404f,0-3054A,0-3054А,"Платье женское, черное, из шифона, декорировано бантами на рукавах",31785.0,DERIVED_STOCK_MOVEMENT,FILE-099,Остатки ЦУМ (Основное подразделение),Движение товаров с себестоимостью,IN
CV-H5-7811687cd5eb4510,0-3059,0-3059,"Платье женское, черное с принтом ""белый горох"", из шелка, декорировано белыми ба",5119.0,DERIVED_STOCK_MOVEMENT,FILE-099,Остатки ЦУМ (Основное подразделение),Движение товаров с себестоимостью,IN
CV-H5-3c3c9c2c711f3a52,0-3060B,0-3060B,"Брюки женские, черные, из футера, с отделкой ""лампас""",6258.0,DERIVED_STOCK_MOVEMENT,FILE-099,Остатки ЦУМ (Основное подразделение),Движение товаров с себестоимостью,IN
CV-H5-d4a24fd6ed948976,0-3061A,0-3061A,"Юбка женская, серая, из футера, с отделкой ""лампас""",18541.0,DERIVED_STOCK_MOVEMENT,FILE-099,Остатки ЦУМ (Основное подразделение),Движение товаров с себестоимостью,IN
CV-H5-4109d0fb66b1d585,0-3062A,0-3062A,"Пальто-халат женское, бежевое, из стрейч бархата, с пайетками на манжетах",7740.0,DERIVED_STOCK_MOVEMENT,FILE-099,Остатки ЦУМ (Основное подразделение),Движение товаров с себестоимостью,IN
CV-H5-91bd4cd44e9f3513,0-3063A,0-3063A,"Брюки женские, черные, из стрейч бархата, на широкой резинке",5192.0,DERIVED_STOCK_MOVEMENT,FILE-099,Остатки ЦУМ (Основное подразделение),Движение товаров с себестоимостью,IN
CV-H5-4bef42cec4b2e269,0-3065A,0-3065A,"Брюки женские, бежевые, из стрейч бархата, на широкой резинке",9477.0,DERIVED_STOCK_MOVEMENT,FILE-099,Остатки ЦУМ (Основное подразделение),Движение товаров с себестоимостью,IN
CV-H5-cdd0c6a95c28e05e,0-3066A,0-3066А,"Блуза женская, бежевая, из искусственного крепа, с декором ""Бант""",5659.0,DERIVED_STOCK_MOVEMENT,FILE-099,Остатки ЦУМ (Основное подразделение),Движение товаров с себестоимостью,IN
CV-H5-e110e68cd601208e,0-3067,0-3067,"Брюки женские, бежевые, из искусственного крепа",8679.0,DERIVED_STOCK_MOVEMENT,FILE-099,Остатки ЦУМ (Основное подразделение),Движение товаров с себестоимостью,IN
CV-H5-45b7d2312a6c18a8,0-3068,0-3068,"Блуза женская, черная, из стрейч бархата, с отделкой белым кантом и поясом",6505.0,DERIVED_STOCK_MOVEMENT,FILE-099,Остатки ЦУМ (Основное подразделение),Движение товаров с себестоимостью,IN
CV-H5-aaa4751c588ea1ae,0-3069A,0-3069A,"Брюки женские, черные, из стрейч бархата, с отделкой белым кантом по низу",6876.0,DERIVED_STOCK_MOVEMENT,FILE-099,Остатки ЦУМ (Основное подразделение),Движение товаров с себестоимостью,IN
CV-H5-a54174abf4354028,0-3221,0-3221/1,"Брюки женские, белые, из хлопка, зауженные к низу",1457.0,DERIVED_STOCK_MOVEMENT,FILE-099,Остатки ЦУМ (Основное подразделение),Движение товаров с себестоимостью,IN
CV-H5-92076fbf227252a9,0-3287,0-3287,"Футболка женская, черная, из трикотажа, с декором принт ""Папайя""",50820.0,DERIVED_STOCK_MOVEMENT,FILE-099,Остатки ЦУМ (Основное подразделение),Движение товаров с себестоимостью,IN
CV-H5-68f88c509f1ecf9f,0-3290,0-3290,"Дубленка женская, серая, из овчины, с вышивкой шнуром",45700.0,DERIVED_STOCK_MOVEMENT,FILE-099,Остатки ЦУМ (Основное подразделение),Движение товаров с себестоимостью,IN
CV-H5-b5fd90226836959c,36-08Б,36-08Б,"Дубленка женская, черная, из овчины, с вышивкой ""Цветы"" на рукавах",33964.0,DERIVED_STOCK_MOVEMENT,FILE-099,Остатки ЦУМ (Основное подразделение),Движение товаров с себестоимостью,OPEN
CV-H5-b868c433164d9015,T-1672F,T-1672F,"Свитшот женский, черный, из бархата, с декоративными оборками на рукавах",8105.48,DERIVED_STOCK_MOVEMENT,FILE-099,Остатки ЦУМ (Основное подразделение),Движение товаров с себестоимостью,IN
CV-H5-134f82c57657d35d,T-2234A,T-2234A,"Брюки-капри женские, зеленые с принтом ""капли"", из батиста",13199.05,DERIVED_STOCK_MOVEMENT,FILE-099,Остатки ЦУМ (Основное подразделение),Движение товаров с себестоимостью,IN
CV-H5-c97e295595f4d401,WF-17-41,WF-17-41,"Блуза-топ женская, черная, из шелка, без рукавов",40000.0,DERIVED_STOCK_MOVEMENT,FILE-099,Остатки ЦУМ (Основное подразделение),Движение товаров с себестоимостью,IN
CV-H5-d1c1e7dbe7c8f4a1,WF-17-41A,WF-17-41A,"Дубленка женская, черная, из овчины, с вязанными рукавами и вышивкой шнуром",45700.0,DERIVED_STOCK_MOVEMENT,FILE-099,Остатки ЦУМ (Основное подразделение),Движение товаров с себестоимостью,IN
CV-H5-ba41a9a99b826d99,0-1075,0-1075,Склад ИМ (Основное подразделение),4362.33,DERIVED_STOCK_MOVEMENT,FILE-099,Остатки ЦУМ (Основное подразделение),Движение товаров с себестоимостью,OUT
CV-H5-f695dc0ff5880017,0-1098B,0-1098В,"Блуза женская, белая, из трикотажа, с логотипом YANINA",5706.0,DERIVED_STOCK_MOVEMENT,FILE-099,Остатки ЦУМ (Основное подразделение),Движение товаров с себестоимостью,IN
CV-H5-6c73ed8d8d010345,0-1237,0-1237,"Юбка женская, черная, из шерсти, состоящая из четырех ярусов",8906.0,DERIVED_STOCK_MOVEMENT,FILE-099,Остатки ЦУМ (Основное подразделение),Движение товаров с себестоимостью,OUT
CV-H5-07fad5598283b2ff,0-1237A,0-1237А,"Платье женское, черное, из крепа, с объемным ярусом по низу",11889.0,DERIVED_STOCK_MOVEMENT,FILE-099,Остатки ЦУМ (Основное подразделение),Движение товаров с себестоимостью,IN
CV-H5-a0f252747e449031,0-1241A,0-1241А,"Платье женское, желтое с люрексом из трикотажа",13650.0,DERIVED_STOCK_MOVEMENT,FILE-099,Остатки ЦУМ (Основное подразделение),Движение товаров с себестоимостью,OUT
CV-H5-76a2a3129eb84ec2,0-1242,0-1242,"Юбка женская, белая, из фатина, расшита крупными пайетками",8150.0,DERIVED_STOCK_MOVEMENT,FILE-099,Остатки ЦУМ (Основное подразделение),Движение товаров с себестоимостью,OUT
CV-H5-590b3a15d228206e,0-1303,0-1303,"Платье женское, зеленое, из бархата, лиф декорирован сеткой с бисером",8050.0,DERIVED_STOCK_MOVEMENT,FILE-099,Остатки ЦУМ (Основное подразделение),Движение товаров с себестоимостью,OUT
CV-H5-ff36ed8921c8074a,0-1310,0-1310,"Юбка женская, коричневая, из бархата, декорирована вышивкой и тесьмой",21665.0,DERIVED_STOCK_MOVEMENT,FILE-099,Остатки ЦУМ (Основное подразделение),Движение товаров с себестоимостью,OPEN
CV-H5-7e7a7c523ffb84d4,0-1355A,0-1355А,"Блуза женская, красная, из хлопка, с объемными рукавами",10210.0,DERIVED_STOCK_MOVEMENT,FILE-099,Остатки ЦУМ (Основное подразделение),Движение товаров с себестоимостью,IN
CV-H5-9a8f76186a17c413,0-1379,0-1379,"Свитер женский, черный, из хлопка, с провязкой ""MIMOSA O'CLOCK""",3819.0,DERIVED_STOCK_MOVEMENT,FILE-099,Остатки ЦУМ (Основное подразделение),Движение товаров с себестоимостью,OUT
CV-H5-a180fec7160c8ab3,0-1413,0-1413,"Юбка женская, черная, из бархата, декорирована вставкой из кружева и помпонами",14417.0,DERIVED_STOCK_MOVEMENT,FILE-099,Остатки ЦУМ (Основное подразделение),Движение товаров с себестоимостью,OUT
CV-H5-d98194b874f8fdce,0-1414,0-1414,"Тренчкот женский, черный, из плащевой ткани, с логотипом YANINA",8176.0,DERIVED_STOCK_MOVEMENT,FILE-099,Остатки ЦУМ (Основное подразделение),Движение товаров с себестоимостью,OUT
CV-H5-ca111b7bd34c60fd,0-1415,0-1415,"Пальто-халат женское, черное, из бархата, укороченное, с лампасом по рукаву",8942.0,DERIVED_STOCK_MOVEMENT,FILE-099,Остатки ЦУМ (Основное подразделение),Движение товаров с себестоимостью,OUT
CV-H5-6e6e979f30a34ba1,0-1416B,0-1416B,"Брюки женские, черные, из стрейч бархата, с шелковым лампасом",6894.0,DERIVED_STOCK_MOVEMENT,FILE-099,Остатки ЦУМ (Основное подразделение),Движение товаров с себестоимостью,IN
CV-H5-00fddb97306bee1d,0-1417,0-1417,"Брюки женские, синие, из стрейч бархата, с шелковым лампасом",6059.0,DERIVED_STOCK_MOVEMENT,FILE-099,Остатки ЦУМ (Основное подразделение),Движение товаров с себестоимостью,IN
CV-H5-00276e1fdd70782e,0-1418A,0-1418A,"Свитшот женский, черный, из бархата, с декоративными элементами на рукавах",9737.0,DERIVED_STOCK_MOVEMENT,FILE-099,Остатки ЦУМ (Основное подразделение),Движение товаров с себестоимостью,IN
CV-H5-e9639b6dd13b1b0d,0-1423,0-1423,"Свитшот женский, синий, из бархата, с декоративными элементами на рукавах",2850.0,DERIVED_STOCK_MOVEMENT,FILE-099,Остатки ЦУМ (Основное подразделение),Движение товаров с себестоимостью,IN
CV-H5-bee5c2a7ad3af81d,0-1425,0-1425,"Юбка-баска женская, черная, из чесучи, со складками ""плиссе""",2787.0,DERIVED_STOCK_MOVEMENT,FILE-099,Остатки ЦУМ (Основное подразделение),Движение товаров с себестоимостью,OPEN
CV-H5-2f6ed96e72eea3ba,0-1442C,0-1442С,"Юбка женская, черная, из фатина, с принтом ""горошек""",9981.0,DERIVED_STOCK_MOVEMENT,FILE-099,Остатки ЦУМ (Основное подразделение),Движение товаров с себестоимостью,OUT
CV-H5-1c0f3f079e3e2944,0-1453,0-1453,"Свитшот женский, черный, из футера, с декором принт ""дерево, птица, Yanina"", с к",5137.0,DERIVED_STOCK_MOVEMENT,FILE-099,Остатки ЦУМ (Основное подразделение),Движение товаров с себестоимостью,OUT
CV-H5-70ffa2ecf8fde154,0-1460,0-1460,"Блуза женская, черная, из трикотажа, приталенного силуэта с логотипом YANINA",4800.0,DERIVED_STOCK_MOVEMENT,FILE-099,Остатки ЦУМ (Основное подразделение),Движение товаров с себестоимостью,OUT
CV-H5-d90b6b3748c588c7,0-1463,0-1463,"Тренчкот женский, голубой, из хлопка, с контрастным декором",700.0,DERIVED_STOCK_MOVEMENT,FILE-099,Остатки ЦУМ (Основное подразделение),Движение товаров с себестоимостью,OPEN
CV-H5-e754e7ac41a87ccd,0-1464,0-1464,Мягкая маска из хлопка цвета электрик Girls,2300.0,DERIVED_STOCK_MOVEMENT,FILE-099,Остатки ЦУМ (Основное подразделение),Движение товаров с себестоимостью,OUT
CV-H5-adb3fe8a5e9c1ea9,0-1486,0-1486,"Шорты женские, зеленые, из футера",10788.44,DERIVED_STOCK_MOVEMENT,FILE-099,Остатки ЦУМ (Основное подразделение),Движение товаров с себестоимостью,IN
CV-H5-7d32c3a73ac14a0c,0-1487,0-1487,"Юбка женская, черная, из пайеточной ткани, с декором ""Ласточки""",9274.57,DERIVED_STOCK_MOVEMENT,FILE-099,Остатки ЦУМ (Основное подразделение),Движение товаров с себестоимостью,IN
CV-H5-ebc96f23f12c625e,0-1487A,0-1487А,"Юбка женская, темно-серая, из пайеточной ткани",8076.0,DERIVED_STOCK_MOVEMENT,FILE-099,Остатки ЦУМ (Основное подразделение),Движение товаров с себестоимостью,OUT
CV-H5-46cd8c78bafb46b1,0-1491,0-1491,"Платье женское, зеленое, из шифона, расшитым бисером",19260.0,DERIVED_STOCK_MOVEMENT,FILE-099,Остатки ЦУМ (Основное подразделение),Движение товаров с себестоимостью,IN
CV-H5-85d53aa1e7b2fc7d,0-1492,0-1492,"Платье женское, серое, из кружевной ткани, с контрастной расшивкой по лифу",9700.0,DERIVED_STOCK_MOVEMENT,FILE-099,Остатки ЦУМ (Основное подразделение),Движение товаров с себестоимостью,IN
CV-H5-4d1407938be10dd2,0-1494,0-1494,"Брошь из пайеток с добавлением бусин и страз, черная с белым Basic",3050.0,DERIVED_STOCK_MOVEMENT,FILE-099,Остатки ЦУМ (Основное подразделение),Движение товаров с себестоимостью,IN
CV-H5-7680d672c61c961b,0-1495,0-1495,"Брошь из пайеток с добавлением бусин и страз, белая с черным Basic",3050.0,DERIVED_STOCK_MOVEMENT,FILE-099,Остатки ЦУМ (Основное подразделение),Движение товаров с себестоимостью,IN
CV-H5-6cab6ede5963162a,0-1500,0-1500,"Свитшот женский, белый, из футера, с черным лого YANINA",4200.0,DERIVED_STOCK_MOVEMENT,FILE-099,Остатки ЦУМ (Основное подразделение),Движение товаров с себестоимостью,OPEN
CV-H5-8a29d037c08e4a0a,0-1514,0-1514,"Юбка женская, белая, из фатина, с вышивкой ""Yanina, love, joy""",5110.0,DERIVED_STOCK_MOVEMENT,FILE-099,Остатки ЦУМ (Основное подразделение),Движение товаров с себестоимостью,OUT
CV-H5-69bf6d8c80ee8f97,0-1519,0-1519,"Блуза женская, серая, из трикотажа, приталенного силуэта с логотипом YANINA",6500.0,DERIVED_STOCK_MOVEMENT,FILE-099,Остатки ЦУМ (Основное подразделение),Движение товаров с себестоимостью,OUT
CV-H5-37685a86cadb8cfc,0-1529,0-1529,"Юбка женская, белая, из фатина, с принтом ""горошек""",9815.0,DERIVED_STOCK_MOVEMENT,FILE-099,Остатки ЦУМ (Основное подразделение),Движение товаров с себестоимостью,OUT
CV-H5-02579f29c1bbb69b,0-1537A,0-1537А,"Платье женское, серое, из ткани клоке, с декором ""Морские звезды""",11132.0,DERIVED_STOCK_MOVEMENT,FILE-099,Остатки ЦУМ (Основное подразделение),Движение товаров с себестоимостью,OUT
CV-H5-cbd58d73b3678029,0-1569,0-1569,"Платье женское, розовое, из пайеточной ткани, декорировано боа страуса",29490.0,DERIVED_STOCK_MOVEMENT,FILE-099,Остатки ЦУМ (Основное подразделение),Движение товаров с себестоимостью,OUT
CV-H5-005fb82c856481c0,0-1584A,0-1584А,"Пальто женское, черное, из пайеточной ткани, декорировано черно-белой расшитой т",15184.0,DERIVED_STOCK_MOVEMENT,FILE-099,Остатки ЦУМ (Основное подразделение),Движение товаров с себестоимостью,OUT
CV-H5-dccb08b3d7937c51,0-1585,0-1585,"Платье женское, черное. из пайеточной ткани, приталенного силуэта",6700.0,DERIVED_STOCK_MOVEMENT,FILE-099,Остатки ЦУМ (Основное подразделение),Движение товаров с себестоимостью,OPEN
CV-H5-20ea34ad821f02ae,0-1622B,0-1622В,"Юбка женская, синяя в горох, из трикотажа",6438.0,DERIVED_STOCK_MOVEMENT,FILE-099,Остатки ЦУМ (Основное подразделение),Движение товаров с себестоимостью,OUT
CV-H5-446e6e8907ab62c7,0-1666,0-1666,"Платье женское, черное, из пайеточной ткани, короткое, приталенное",14600.0,DERIVED_STOCK_MOVEMENT,FILE-099,Остатки ЦУМ (Основное подразделение),Движение товаров с себестоимостью,IN
CV-H5-132b83a90a7c2b18,0-1672,0-1672,"Платье женское, черное, из эко-кожи, приталенное",4896.0,DERIVED_STOCK_MOVEMENT,FILE-099,Остатки ЦУМ (Основное подразделение),Движение товаров с себестоимостью,OUT
CV-H5-2bf0e2509a26fe76,0-1682,0-1682,"Туфли женские, черные, из бархата, с серебряной расшивкой",9500.0,DERIVED_STOCK_MOVEMENT,FILE-099,Остатки ЦУМ (Основное подразделение),Движение товаров с себестоимостью,OPEN
CV-H5-251c46299f1a29dd,0-1684,0-1684,"Туфли женские, красные, из бархата, с серебряной расшивкой",7500.0,DERIVED_STOCK_MOVEMENT,FILE-099,Остатки ЦУМ (Основное подразделение),Движение товаров с себестоимостью,OPEN
CV-H5-7dd6fc32f817c11f,0-1689,0-1689,"Балетки женские, серые, из бархата, декорированы серебрянной расшивкой",6500.0,DERIVED_STOCK_MOVEMENT,FILE-099,Остатки ЦУМ (Основное подразделение),Движение товаров с себестоимостью,OPEN
CV-H5-ef8dee571d958905,0-1690,0-1690,"Туфли женские, зеленые, из бархата, без каблука, с расшивкой Y",6500.0,DERIVED_STOCK_MOVEMENT,FILE-099,Остатки ЦУМ (Основное подразделение),Движение товаров с себестоимостью,OUT
CV-H5-4b37fb5bee10af85,0-1691,0-1691,"Туфли женские, синие, из бархата, без каблука, с расшивкой Y",7500.0,DERIVED_STOCK_MOVEMENT,FILE-099,Остатки ЦУМ (Основное подразделение),Движение товаров с себестоимостью,OPEN
CV-H5-55dbcf823f3e2510,0-1693,0-1693,"Туфли женские, серебряные, из бархата, без каблука, с расшивкой Y",6500.0,DERIVED_STOCK_MOVEMENT,FILE-099,Остатки ЦУМ (Основное подразделение),Движение товаров с себестоимостью,OPEN
CV-H5-5f5d2b45a1cc4757,0-1695,0-1695,"Туфли женские, черные, из бархата, без каблука, с расшивкой Y",6500.0,DERIVED_STOCK_MOVEMENT,FILE-099,Остатки ЦУМ (Основное подразделение),Движение товаров с себестоимостью,OUT
CV-H5-f83438d4bdae15b3,0-1696,0-1696,"Туфли женские, серые, из кожи, без каблука, с вышивкой YC",6500.0,DERIVED_STOCK_MOVEMENT,FILE-099,Остатки ЦУМ (Основное подразделение),Движение товаров с себестоимостью,OUT
CV-H5-9b65d4eff77002b8,0-1705,0-1705,"Туфли женские, серые, из бархата, без каблука, с расшивкой Y",9500.0,DERIVED_STOCK_MOVEMENT,FILE-099,Остатки ЦУМ (Основное подразделение),Движение товаров с себестоимостью,OPEN
CV-H5-2f14b4deee0daa66,0-1722,0-1722,"Туфли женские, бордовые, из бархата, на каблуке, декорированы пряжкой",9500.0,DERIVED_STOCK_MOVEMENT,FILE-099,Остатки ЦУМ (Основное подразделение),Движение товаров с себестоимостью,OPEN
CV-H5-b7c89590001e2ddc,0-1726,0-1726,"Сабо женские, серые, из бархата, с пряжкой",9500.0,DERIVED_STOCK_MOVEMENT,FILE-099,Остатки ЦУМ (Основное подразделение),Движение товаров с себестоимостью,OPEN
CV-H5-bfde2fdaf16213f2,0-1735,0-1735,"Туфли женские, серебряные, из глиттера, на платформе",19600.0,DERIVED_STOCK_MOVEMENT,FILE-099,Остатки ЦУМ (Основное подразделение),Движение товаров с себестоимостью,OPEN
CV-H5-3d875f132ba3884f,0-1736,0-1736,"Сапоги женские, серые, из кожи, на платформе",19600.0,DERIVED_STOCK_MOVEMENT,FILE-099,Остатки ЦУМ (Основное подразделение),Движение товаров с себестоимостью,OPEN
CV-H5-d6f867be1ba77a56,0-1738,0-1738,"Сапоги женские, черные, из кожи, на платформе",19600.0,DERIVED_STOCK_MOVEMENT,FILE-099,Остатки ЦУМ (Основное подразделение),Движение товаров с себестоимостью,OPEN
CV-H5-f3340c19622f2a3c,0-1780,0-1780,"Юбка женская, розовая, из пайеток и кружева",20000.0,DERIVED_STOCK_MOVEMENT,FILE-099,Остатки ЦУМ (Основное подразделение),Движение товаров с себестоимостью,OUT
CV-H5-dab0ee1e0df4c75e,0-1802,0-1802,"Пальто женское, черное, из шифона, с отделкой пайетками на рукавах",4080.0,DERIVED_STOCK_MOVEMENT,FILE-099,Остатки ЦУМ (Основное подразделение),Движение товаров с себестоимостью,OUT
CV-H5-53fba6166b67aea7,0-1810,0-1810,"Пальто женское, черное, из фатина, с декором ""Снегири""",12719.0,DERIVED_STOCK_MOVEMENT,FILE-099,Остатки ЦУМ (Основное подразделение),Движение товаров с себестоимостью,OUT
CV-H5-a871326b664c46bb,0-1810A,0-1810А,"Платье женское, черное, из сетки, с вышитыми птицами ""снегири""",12719.0,DERIVED_STOCK_MOVEMENT,FILE-099,Остатки ЦУМ (Основное подразделение),Движение товаров с себестоимостью,OUT
CV-H5-a61de18e20075f68,0-1811,0-1811,"Платье женское, серое, из сетки, с вышитым декором ""Снегири""",23065.0,DERIVED_STOCK_MOVEMENT,FILE-099,Остатки ЦУМ (Основное подразделение),Движение товаров с себестоимостью,OUT
CV-H5-f166d9a4282d095d,0-1812,0-1812,"Платье женское, бежевое, из фатина, с вышивкой ""Цветы""",16620.0,DERIVED_STOCK_MOVEMENT,FILE-099,Остатки ЦУМ (Основное подразделение),Движение товаров с себестоимостью,OUT
CV-H5-e836c575b9dd602e,0-1813,0-1813,"Платье женское, бежевое, из фатина, с вышивкой ""Листья"", с объемными ракавами",17724.0,DERIVED_STOCK_MOVEMENT,FILE-099,Остатки ЦУМ (Основное подразделение),Движение товаров с себестоимостью,OPEN
CV-H5-6652e99983e2e7c9,0-1821A,0-1821А,"Платье женское, бежевое, из фатина, с вышивкой ""Листья""",16243.0,DERIVED_STOCK_MOVEMENT,FILE-099,Остатки ЦУМ (Основное подразделение),Движение товаров с себестоимостью,OUT
CV-H5-26797f0b77020719,0-1823B,0-1823В,"Комбинезон женский, бежевый, из шифона, декорирован перьями страуса",2423.0,DERIVED_STOCK_MOVEMENT,FILE-099,Остатки ЦУМ (Основное подразделение),Движение товаров с себестоимостью,OPEN
CV-H5-5f9c5fce01467a71,0-1823C,0-1823С,"Юбка женская, черная, из крепа",15117.0,DERIVED_STOCK_MOVEMENT,FILE-099,Остатки ЦУМ (Основное подразделение),Движение товаров с себестоимостью,OUT
CV-H5-4d43a695fd286fd0,0-1832,0-1832,"Жакет женский, черный, из шерсти, декорирован расшитыми ""птицами""",4588.0,DERIVED_STOCK_MOVEMENT,FILE-099,Остатки ЦУМ (Основное подразделение),Движение товаров с себестоимостью,OUT
CV-H5-fe63461ae54570d5,0-1868A,0-1868A,"Сумка ""ШОПИНГБЭК"" с вышивкой SUMAN",20065.25,DERIVED_STOCK_MOVEMENT,FILE-099,Остатки ЦУМ (Основное подразделение),Движение товаров с себестоимостью,IN
CV-H5-d6c728efb23df9c2,0-1868B,0-1868B,"Рубашка женская, черная с принтом "" белая Y"", из шелка, с рукавом ""кимоно""",6930.0,DERIVED_STOCK_MOVEMENT,FILE-099,Остатки ЦУМ (Основное подразделение),Движение товаров с себестоимостью,IN
CV-H5-492183701e2f57d1,0-1869A,0-1869A,"Рубашка женская, черная с принтом ""цветные капли"", из батиста, с рукавом ""кимоно",8272.0,DERIVED_STOCK_MOVEMENT,FILE-099,Остатки ЦУМ (Основное подразделение),Движение товаров с себестоимостью,IN
CV-H5-17959ee6e2f0b027,0-1869B,0-1869B,"Брюки женские, черные с принтом ""белая Y"", из шелка, с отделкой ""лампас"", широки",5827.95,DERIVED_STOCK_MOVEMENT,FILE-099,Остатки ЦУМ (Основное подразделение),Движение товаров с себестоимостью,IN
CV-H5-99f2151ef93774b1,0-1871Г,0-1871Г,"Юбка женская, черная, из фатина, с принтом ""листья""",9644.0,DERIVED_STOCK_MOVEMENT,FILE-099,Остатки ЦУМ (Основное подразделение),Движение товаров с себестоимостью,IN
CV-H5-c180f59cb84ab8bc,0-1873,0-1873,"Юбка женская, розовая, из фатина, с принтом ""листья""",10794.0,DERIVED_STOCK_MOVEMENT,FILE-099,Остатки ЦУМ (Основное подразделение),Движение товаров с себестоимостью,IN
CV-H5-7fb3367151f08e8c,0-1873A,0-1873А,"Куртка женская, черная, из эко-кожи, с вышивкой ""Цветок""",10030.0,DERIVED_STOCK_MOVEMENT,FILE-099,Остатки ЦУМ (Основное подразделение),Движение товаров с себестоимостью,OUT
CV-H5-f7c4b6ccf695b6e2,0-1876,0-1876,"Куртка женская, розовая, из эко-кожи, с асимметричной застежкой ""молния""",7729.0,DERIVED_STOCK_MOVEMENT,FILE-099,Остатки ЦУМ (Основное подразделение),Движение товаров с себестоимостью,IN
CV-H5-1fbcee133fcf7e44,0-1877B,0-1877B,"Платье женское, черное, из стрейч бархата, с белым кружевным воротником, притале",3731.0,DERIVED_STOCK_MOVEMENT,FILE-099,Остатки ЦУМ (Основное подразделение),Движение товаров с себестоимостью,OUT
CV-H5-6f2a68cb9d007bc6,0-1877A,0-1877А,"Блуза женская, оранжевая, из трикотажа, свободного силуэта",3521.34,DERIVED_STOCK_MOVEMENT,FILE-099,Остатки ЦУМ (Основное подразделение),Движение товаров с себестоимостью,OUT
CV-H5-0e25d65f4637dc6a,0-1878,0-1878,"Блуза женская, белая, из трикотажа, свободного силуэта",6761.0,DERIVED_STOCK_MOVEMENT,FILE-099,Остатки ЦУМ (Основное подразделение),Движение товаров с себестоимостью,IN
CV-H5-a72080c7421ca12b,0-1879,0-1879,"Жакет женский, темно-синий, из джерси, с принтом ""Цветок""",3665.0,DERIVED_STOCK_MOVEMENT,FILE-099,Остатки ЦУМ (Основное подразделение),Движение товаров с себестоимостью,OUT
CV-H5-56ab84437e4f42df,0-1879B,0-1879В,"Юбка женская, темно-синяя, из джерси, с принтом ""цветок""",2985.0,DERIVED_STOCK_MOVEMENT,FILE-099,Остатки ЦУМ (Основное подразделение),Движение товаров с себестоимостью,IN
CV-H5-164dc2aeadb31c2a,0-1882A,0-1882А,"Брюки женские, черные, из крепа, укороченные и зауженные к низу",6539.0,DERIVED_STOCK_MOVEMENT,FILE-099,Остатки ЦУМ (Основное подразделение),Движение товаров с себестоимостью,OUT
CV-H5-7be7df357cae7812,0-1906,0-1906,"Брюки женские, черные, из футера, с поясом ""рибана""",13867.0,DERIVED_STOCK_MOVEMENT,FILE-099,Остатки ЦУМ (Основное подразделение),Движение товаров с себестоимостью,IN
CV-H5-b73b0c3835fd2fa3,0-1906B,0-1906В,"Платье женское, черное, из фатина, с принтом ""листья""",13867.0,DERIVED_STOCK_MOVEMENT,FILE-099,Остатки ЦУМ (Основное подразделение),Движение товаров с себестоимостью,OUT
CV-H5-9f6798f29ac650b9,0-1940,0-1940,"Платье женское, черное, из трикотажа, с мягкой драпировкой",6887.0,DERIVED_STOCK_MOVEMENT,FILE-099,Остатки ЦУМ (Основное подразделение),Движение товаров с себестоимостью,IN
CV-H5-ba3be8ba34574ab3,0-1960,0-1960,"Юбка женская, розовая, из пайеточной ткани, с вставкой из шифона по боковым швам",8243.0,DERIVED_STOCK_MOVEMENT,FILE-099,Остатки ЦУМ (Основное подразделение),Движение товаров с себестоимостью,IN
CV-H5-623b888b149ce50b,0-1960A,0-1960А,"Блуза женская, розовая, из шифона, с воротником ""стойка"", переходящая в бант",7830.0,DERIVED_STOCK_MOVEMENT,FILE-099,Остатки ЦУМ (Основное подразделение),Движение товаров с себестоимостью,OUT
CV-H5-c3d4ef9940a918ec,0-1962,0-1962,"Платье женское, розовое, из паеточной ткани, с кокеткой из трикотажа",13050.0,DERIVED_STOCK_MOVEMENT,FILE-099,Остатки ЦУМ (Основное подразделение),Движение товаров с себестоимостью,OUT
CV-H5-3ab8efcca51fbd82,0-1964A,0-1964А,"Платье женское, белое, из шифона, с страусиным боа и вышитыми цветами",5190.0,DERIVED_STOCK_MOVEMENT,FILE-099,Остатки ЦУМ (Основное подразделение),Движение товаров с себестоимостью,OUT
CV-H5-56bde25bd59f29b8,0-1971,0-1971,"Пальто женское, черное, из бархата и пайеточной ткани, декорировано перьями стра",15080.0,DERIVED_STOCK_MOVEMENT,FILE-099,Остатки ЦУМ (Основное подразделение),Движение товаров с себестоимостью,OUT
CV-H5-11ab17878f30a382,0-1975,0-1975,"Юбка женская, черная, из крепа, декорирована по низу юбки вышитыми цветами",9035.0,DERIVED_STOCK_MOVEMENT,FILE-099,Остатки ЦУМ (Основное подразделение),Движение товаров с себестоимостью,OUT
CV-H5-718cfbcafb0a936c,0-1981A,0-1981А,"Платье женское, черное, из кружевной ткани и фатина, декорировано по горловине в",5938.33,DERIVED_STOCK_MOVEMENT,FILE-099,Остатки ЦУМ (Основное подразделение),Движение товаров с себестоимостью,OUT
CV-H5-6f2c6650797856df,0-1984G,0-1984g,"Футболка женская, черная с принтом ""цветные капли"", из хлопка",3660.0,DERIVED_STOCK_MOVEMENT,FILE-099,Остатки ЦУМ (Основное подразделение),Движение товаров с себестоимостью,OUT
CV-H5-baf929e9a75dd077,0-1984H,0-1984h,"Футболка женская, белая с принтом ""цветные капли"", из хлопка",3660.0,DERIVED_STOCK_MOVEMENT,FILE-099,Остатки ЦУМ (Основное подразделение),Движение товаров с себестоимостью,OUT
CV-H5-8684849153619212,0-1998C,0-1998С,"Платье женское, голубое, из штапеля, с бантами из проймы",22151.0,DERIVED_STOCK_MOVEMENT,FILE-099,Остатки ЦУМ (Основное подразделение),Движение товаров с себестоимостью,OUT
CV-H5-cac7a5dbed7ac442,0-2027X,0-2027X,"Платье женское, белое, из хлопка, на тонких бретелях",12420.0,DERIVED_STOCK_MOVEMENT,FILE-099,Остатки ЦУМ (Основное подразделение),Движение товаров с себестоимостью,IN
CV-H5-8c32d2cfd5e88a44,0-2027K,0-2027К,"Платье-кафтан женское, желтое, из шифона, декорировано расшитой тесьмой",11710.0,DERIVED_STOCK_MOVEMENT,FILE-099,Остатки ЦУМ (Основное подразделение),Движение товаров с себестоимостью,OUT
CV-H5-8b7654a6669af92c,0-2029,0-2029,"Пальто-халат женское, белое с принтом ""черные Y"", из шелка, с рукавом ""кимоно""",7051.57,DERIVED_STOCK_MOVEMENT,FILE-099,Остатки ЦУМ (Основное подразделение),Движение товаров с себестоимостью,IN
CV-H5-1062852ea16f74af,0-2031,0-2031,"Шорты женские, черные с принтом ""белые Y"", из шелка, с отделкой ""лампас""",2160.0,DERIVED_STOCK_MOVEMENT,FILE-099,Остатки ЦУМ (Основное подразделение),Движение товаров с себестоимостью,OUT
CV-H5-0205da7a49e4cbf8,0-2032B,0-2032B,"Рубашка женская, черная с принтом ""белые Y"", из шелка, декорирована белой тесьмо",7770.0,DERIVED_STOCK_MOVEMENT,FILE-099,Остатки ЦУМ (Основное подразделение),Движение товаров с себестоимостью,IN
CV-H5-f441d8fa883be448,0-2032C,0-2032C/1,"Рубашка женская, черная с принтом ""цветные капли"", из батиста, декорирована тесь",7770.0,DERIVED_STOCK_MOVEMENT,FILE-099,Остатки ЦУМ (Основное подразделение),Движение товаров с себестоимостью,IN
CV-H5-e1877e746b9c788b,0-2032D/A,0-2032D/A,"Блуза женская, белая с принтом ""цветные капли"", из батиста, декорирована тесьмой",10022.0,DERIVED_STOCK_MOVEMENT,FILE-099,Остатки ЦУМ (Основное подразделение),Движение товаров с себестоимостью,IN
CV-H5-99a865900d95d3e2,0-2032D/B,0-2032D/B,"Рубашка женская, черная с принтом ""грибы"", из батиста, декорирована тесьмой",10190.0,DERIVED_STOCK_MOVEMENT,FILE-099,Остатки ЦУМ (Основное подразделение),Движение товаров с себестоимостью,IN
CV-H5-5ab5a9e1de1802f4,0-2032M,0-2032M,"Блуза женская, белая с принтом ""цветы"", из батиста, декорирована каймой,",10121.0,DERIVED_STOCK_MOVEMENT,FILE-099,Остатки ЦУМ (Основное подразделение),Движение товаров с себестоимостью,IN
CV-H5-33db34a657901b60,0-2037C,0-2037C/1,"Брюки женские, черные с принтом ""белые Y"", из шелка, с отделкой ""лампас""",3185.0,DERIVED_STOCK_MOVEMENT,FILE-099,Остатки ЦУМ (Основное подразделение),Движение товаров с себестоимостью,IN
CV-H5-10cba9dcee9c3570,0-2037M,0-2037M,"Брюки женские, белые с принтом ""цветные капли"", из батиста",6509.5,DERIVED_STOCK_MOVEMENT,FILE-099,Остатки ЦУМ (Основное подразделение),Движение товаров с себестоимостью,IN
CV-H5-c9ac89e18bb3ecec,0-2037B,0-2037В,"Брюки женские, розовые с принтом ""девочки"", из вискозы",3185.0,DERIVED_STOCK_MOVEMENT,FILE-099,Остатки ЦУМ (Основное подразделение),Движение товаров с себестоимостью,IN
CV-H5-d580b8af5e6a4d96,0-2050,0-2050,"Брюки женские, черные с принтом ""цветные капли"", из батиста, с отделкой ""лампас""",4209.75,DERIVED_STOCK_MOVEMENT,FILE-099,Остатки ЦУМ (Основное подразделение),Движение товаров с себестоимостью,IN
CV-H5-7b813e5126613336,0-2050A,0-2050A,"Шорты женские, белые с принтом ""цветы"", из батиста, декорированы каймой",2383.14,DERIVED_STOCK_MOVEMENT,FILE-099,Остатки ЦУМ (Основное подразделение),Движение товаров с себестоимостью,OUT
CV-H5-d4e47ffa9d53fad1,0-2050C,0-2050C/1,"Шорты женские, белые с принтом ""капли Гжель"", из батиста",3081.0,DERIVED_STOCK_MOVEMENT,FILE-099,Остатки ЦУМ (Основное подразделение),Движение товаров с себестоимостью,IN
CV-H5-a984d4bc88372147,0-2050F,0-2050F,"Шорты женские, черные с принтом ""грибы"", из батиста",3875.0,DERIVED_STOCK_MOVEMENT,FILE-099,Остатки ЦУМ (Основное подразделение),Движение товаров с себестоимостью,IN
CV-H5-f640c5edb845d33c,0-2050M,0-2050M,"Шорты женские, белые, из хлопка",4210.0,DERIVED_STOCK_MOVEMENT,FILE-099,Остатки ЦУМ (Основное подразделение),Движение товаров с себестоимостью,IN
CV-H5-06882c54c1f39d47,0-2084,0-2084,"Блуза женская, черная, из трикотажа, с отделкой кружевом",8320.0,DERIVED_STOCK_MOVEMENT,FILE-099,Остатки ЦУМ (Основное подразделение),Движение товаров с себестоимостью,OUT
CV-H5-e62d3bd9a54843e7,0-2091,0-2091,"Блуза женская, черная, из шелка и шифона, с отделкой кружевом",12600.0,DERIVED_STOCK_MOVEMENT,FILE-099,Остатки ЦУМ (Основное подразделение),Движение товаров с себестоимостью,OUT
CV-H5-af9d813ba93a3997,0-2092,0-2092,"Кейп-накидка женская, цвета ""хаки"", из плащевки, с капюшоном",12760.0,DERIVED_STOCK_MOVEMENT,FILE-099,Остатки ЦУМ (Основное подразделение),Движение товаров с себестоимостью,OUT
CV-H5-e5a89cecd4f9bb75,0-2102,0-2102,"Блуза женская, черная, из шелка и шифона, с отделкой ""Рюши""",31386.0,DERIVED_STOCK_MOVEMENT,FILE-099,Остатки ЦУМ (Основное подразделение),Движение товаров с себестоимостью,OUT
CV-H5-1300336460e8ae23,0-2111A,0-2111А,"Юбка женская, бежевая с принтом ""леопард"", из трикотажа, дополнительно декориров",4375.0,DERIVED_STOCK_MOVEMENT,FILE-099,Остатки ЦУМ (Основное подразделение),Движение товаров с себестоимостью,OUT
CV-H5-ee0207c8a7d8d9f4,0-2122,0-2122,"Юбка женская, серая с принтом ""девочки"", из хлопка, со складками по правой сторо",20905.0,DERIVED_STOCK_MOVEMENT,FILE-099,Остатки ЦУМ (Основное подразделение),Движение товаров с себестоимостью,IN
CV-H5-7742c404b601f23c,0-2122A,0-2122A,"Платье женское, черное с принтом ""девочки"", из шелка, со съемным поясом",12107.0,DERIVED_STOCK_MOVEMENT,FILE-099,Остатки ЦУМ (Основное подразделение),Движение товаров с себестоимостью,OUT
CV-H5-0bd37676235d6413,0-2122B,0-2122B,"Платье женское, черное, из крепа, с белым воротником и белой отделкой по борту",20905.0,DERIVED_STOCK_MOVEMENT,FILE-099,Остатки ЦУМ (Основное подразделение),Движение товаров с себестоимостью,IN
CV-H5-dd2efde6f3103edc,0-2125I,0-2125I,"Платье женское, черное в белый горох, из шелка, декорировано белой брошью ""Цвето",70567.52,DERIVED_STOCK_MOVEMENT,FILE-099,Остатки ЦУМ (Основное подразделение),Движение товаров с себестоимостью,IN
CV-H5-6d34fec065d59384,0-2127,0-2127,"Платье женское, черное с принтом ""девочки"", из шелка, с брошью ""Цветок"", с поясо",16180.0,DERIVED_STOCK_MOVEMENT,FILE-099,Остатки ЦУМ (Основное подразделение),Движение товаров с себестоимостью,IN
CV-H5-f0b76ca5a45725ea,0-2137A,0-2137А,"Блуза женская, черная, из трикотажа, с узким рукавом",3980.33,DERIVED_STOCK_MOVEMENT,FILE-099,Остатки ЦУМ (Основное подразделение),Движение товаров с себестоимостью,IN
CV-H5-72ad92328a97afc1,0-2143,0-2143,"Блуза женская, черная, из бархата, декорирована тесьмой из жемчуга",1362.0,DERIVED_STOCK_MOVEMENT,FILE-099,Остатки ЦУМ (Основное подразделение),Движение товаров с себестоимостью,OPEN
CV-H5-2f5593c2bf731938,0-2152A,0-2152А,"Платье женское, черное, из трикотажа, с отлетной деталью по талии и брошью из гл",21237.0,DERIVED_STOCK_MOVEMENT,FILE-099,Остатки ЦУМ (Основное подразделение),Движение товаров с себестоимостью,IN
CV-H5-40635822720c230a,0-2163A,0-2163А,"Платье женское, зеленое, из трикотажа и пайеточной ткани, декорировано брошью ""Р",25176.0,DERIVED_STOCK_MOVEMENT,FILE-099,Остатки ЦУМ (Основное подразделение),Движение товаров с себестоимостью,IN
CV-H5-417c011f96a8ce1a,0-2173,0-2173,"Платок женский, черно-голубой с принтом ""леопард"", из шелка",3680.0,DERIVED_STOCK_MOVEMENT,FILE-099,Остатки ЦУМ (Основное подразделение),Движение товаров с себестоимостью,OUT
CV-H5-324ecd396e9fddea,0-2173A,0-2173А,"Футболка женская, белая, из трикотажа, с рукавами из пайеточной ткани",8195.0,DERIVED_STOCK_MOVEMENT,FILE-099,Остатки ЦУМ (Основное подразделение),Движение товаров с себестоимостью,IN
CV-H5-fce15c6ddf65865e,0-2185H,0-2185H,"Футболка женская, черная, из трикотажа, с рукавами из  пайеточной ткани",3252.0,DERIVED_STOCK_MOVEMENT,FILE-099,Остатки ЦУМ (Основное подразделение),Движение товаров с себестоимостью,OUT
CV-H5-1fb10c707e63db19,0-2204,0-2204,"Платье женское, черное, из шифона и пайеточной ткани, по горловине декорировано ",3367.0,DERIVED_STOCK_MOVEMENT,FILE-099,Остатки ЦУМ (Основное подразделение),Движение товаров с себестоимостью,OUT
CV-H5-1aeb899477ddcf90,0-2229,0-2229,"Пальто женское, черное, из плащевой ткани, объемное",10900.0,DERIVED_STOCK_MOVEMENT,FILE-099,Остатки ЦУМ (Основное подразделение),Движение товаров с себестоимостью,OUT
CV-H5-583aaf265ec6c574,0-2235A,0-2235А,"Пальто женское, черное, из стрейч бархата, с вышивкой ""Панда"" из пайеток",7065.0,DERIVED_STOCK_MOVEMENT,FILE-099,Остатки ЦУМ (Основное подразделение),Движение товаров с себестоимостью,IN
CV-H5-5de7e614431daf48,0-2245A,0-2245A,"Брюки женские, черные с принтом ""девочки"", из шелка",7715.0,DERIVED_STOCK_MOVEMENT,FILE-099,Остатки ЦУМ (Основное подразделение),Движение товаров с себестоимостью,IN
CV-H5-666c09f63aa70f14,0-2276,0-2276,"Брюки женские, черно-белые с геометричным рисунком, из хлопка",8565.0,DERIVED_STOCK_MOVEMENT,FILE-099,Остатки ЦУМ (Основное подразделение),Движение товаров с себестоимостью,OUT
CV-H5-dfcb7c2b11fdd3c9,0-2276C,0-2276С,"Юбка женская, серая с принтом ""дефиле"", из хлопка, с декором ""розовый бант""",8565.0,DERIVED_STOCK_MOVEMENT,FILE-099,Остатки ЦУМ (Основное подразделение),Движение товаров с себестоимостью,OUT
CV-H5-4b4928fd397c6dc3,0-2280,0-2280,"Юбка женская, розовая с принтом ""дефиле"", из хлопка",9391.99,DERIVED_STOCK_MOVEMENT,FILE-099,Остатки ЦУМ (Основное подразделение),Движение товаров с себестоимостью,OUT
CV-H5-9a7f46454384cd5e,0-2286,0-2286,"Рубашка женская, белая с принтом ""пляж"", из хлопка, с отделкой черным кантом",2975.0,DERIVED_STOCK_MOVEMENT,FILE-099,Остатки ЦУМ (Основное подразделение),Движение товаров с себестоимостью,OUT
CV-H5-e44d1c1ed42c020e,0-2320A,0-2320А,"Платье женское, черное, из джерси, с белым воротником и манжетами",7364.0,DERIVED_STOCK_MOVEMENT,FILE-099,Остатки ЦУМ (Основное подразделение),Движение товаров с себестоимостью,OUT
CV-H5-e13415f6b25203e6,0-2324B,0-2324B,"Пальто женское, серое, из шелкового бархата, с расшитыми розовыми цветами на рук",38120.42,DERIVED_STOCK_MOVEMENT,FILE-099,Остатки ЦУМ (Основное подразделение),Движение товаров с себестоимостью,OUT
CV-H5-12175734b3eaa61d,0-2325C,0-2325C,"Пальто женское, черное, из шелкового бархата, с черной расшивкой по рукавам",31670.0,DERIVED_STOCK_MOVEMENT,FILE-099,Остатки ЦУМ (Основное подразделение),Движение товаров с себестоимостью,OUT
CV-H5-eb5a02bd98542ba0,0-2325Д,0-2325Д,"Пальто женское ""ТЕРРА"", красное, из шерстяного крепа, с вышивкой",22915.0,DERIVED_STOCK_MOVEMENT,FILE-099,Остатки ЦУМ (Основное подразделение),Движение товаров с себестоимостью,OUT
CV-H5-7ed1000f53061d94,0-2328C,0-2328C,"Пальто женское ""ТЕРРА"", черное, из шерстяного крепа,  с вышивкой",15029.0,DERIVED_STOCK_MOVEMENT,FILE-099,Остатки ЦУМ (Основное подразделение),Движение товаров с себестоимостью,IN
CV-H5-850e69f851b09284,0-2328D,0-2328D,"Юбка женская, розовая, из шерсти, с аппликационной вышивкой ""Хризантемы""",23162.0,DERIVED_STOCK_MOVEMENT,FILE-099,Остатки ЦУМ (Основное подразделение),Движение товаров с себестоимостью,IN
CV-H5-8c8e23d1ab3f45fa,0-2330,0-2330,"Юбка женская, синяя, из шерсти, с аппликационной вышивкой ""Хризантемы""",55344.0,DERIVED_STOCK_MOVEMENT,FILE-099,Остатки ЦУМ (Основное подразделение),Движение товаров с себестоимостью,OUT
CV-H5-4208b23c25e48841,0-2331,0-2331,"Платье женское, розовое с принтом ""многоцветные разводы"", из шелка",25680.0,DERIVED_STOCK_MOVEMENT,FILE-099,Остатки ЦУМ (Основное подразделение),Движение товаров с себестоимостью,OUT
CV-H5-6c4f47260280d4cb,0-2333,0-2333,"Пальто женское, темно-розовое, из шерстяного крепа, с вышивкой",2221.0,DERIVED_STOCK_MOVEMENT,FILE-099,Остатки ЦУМ (Основное подразделение),Движение товаров с себестоимостью,OUT
CV-H5-96aabd4fe0ab7ff1,0-2336B,0-2336В,"Брюки женские, темно-серые, из джерси, без подкладки",5098.37,DERIVED_STOCK_MOVEMENT,FILE-099,Остатки ЦУМ (Основное подразделение),Движение товаров с себестоимостью,OUT
CV-H5-2ca0d19606e56364,0-2352,0-2352,"Блуза женская, черная, из бархата, с отделкой из белых пайеток по низу рукава и ",12737.0,DERIVED_STOCK_MOVEMENT,FILE-099,Остатки ЦУМ (Основное подразделение),Движение товаров с себестоимостью,OUT
CV-H5-a8b7aaad0c3d25ef,0-2352B,0-2352В,"Пальто женское, коричневое, из пальтовой ткани, декорировано бахромой",16494.0,DERIVED_STOCK_MOVEMENT,FILE-099,Остатки ЦУМ (Основное подразделение),Движение товаров с себестоимостью,OUT
CV-H5-7e9a05d0205f20ee,0-2353,0-2353,"Пальто женское, черное, из шерсти, с пайетками и бахромой",5372.0,DERIVED_STOCK_MOVEMENT,FILE-099,Остатки ЦУМ (Основное подразделение),Движение товаров с себестоимостью,IN
CV-H5-1c39beb3f5dbcbc6,0-2356,0-2356,"Юбка женская, коричневая, из пальтовой ткани, с отделкой бахромой по низу юбки",5699.0,DERIVED_STOCK_MOVEMENT,FILE-099,Остатки ЦУМ (Основное подразделение),Движение товаров с себестоимостью,OUT
CV-H5-44f65d50e33d2edf,0-2362,0-2362,"Свитшот женский, черный, из футера, с декором принт ""дерево, птица, Yanina""",10602.0,DERIVED_STOCK_MOVEMENT,FILE-099,Остатки ЦУМ (Основное подразделение),Движение товаров с себестоимостью,OUT
CV-H5-38c698273b20912a,0-2364,0-2364,"Юбка женская, коричневая, из шерсти, со складками и отделкой из коричневой тафты",4272.0,DERIVED_STOCK_MOVEMENT,FILE-099,Остатки ЦУМ (Основное подразделение),Движение товаров с себестоимостью,IN
CV-H5-1a2c35ec8108a7aa,0-2364A,0-2364А,"Блуза женская, бежевая, из крепа, с объемным рукавом, декорирована бантом по низ",8748.0,DERIVED_STOCK_MOVEMENT,FILE-099,Остатки ЦУМ (Основное подразделение),Движение товаров с себестоимостью,IN
CV-H5-567a20fd6d0a02d7,0-2365,0-2365,"Блуза женская, черная, из крепа, с объемным рукавом, декорирована бантом по низу",4992.5,DERIVED_STOCK_MOVEMENT,FILE-099,Остатки ЦУМ (Основное подразделение),Движение товаров с себестоимостью,OUT
CV-H5-f2bd32bb7fe5e7da,0-2367,0-2367,"Жакет женский, черно-белый, из костюмной ткани, с отделкой черной тесьмой из бар",29911.0,DERIVED_STOCK_MOVEMENT,FILE-099,Остатки ЦУМ (Основное подразделение),Движение товаров с себестоимостью,OUT
CV-H5-39ff842336bbd4ab,0-2368,0-2368,"Платье женское, многоцветное, из шелка, декорировано серыми перьями страуса по р",11820.0,DERIVED_STOCK_MOVEMENT,FILE-099,Остатки ЦУМ (Основное подразделение),Движение товаров с себестоимостью,IN
CV-H5-9d3f4cf0e477584c,0-2369,0-2369,"Пальто женское, черное, из костюмной ткани, декорировано бахромой",9896.0,DERIVED_STOCK_MOVEMENT,FILE-099,Остатки ЦУМ (Основное подразделение),Движение товаров с себестоимостью,OUT
CV-H5-49c6448504f57372,0-2457A,0-2457A,"Платье женское, черное, из крепа, короткое, с вышивкой ""Дерево, птица, Yanina""",22161.0,DERIVED_STOCK_MOVEMENT,FILE-099,Остатки ЦУМ (Основное подразделение),Движение товаров с себестоимостью,OUT
CV-H5-9d05429dd0d524ec,0-2459A,0-2459А,"Блуза-боди женская, черная, из стрейч бархата, с белым воротником",10028.0,DERIVED_STOCK_MOVEMENT,FILE-099,Остатки ЦУМ (Основное подразделение),Движение товаров с себестоимостью,OUT
CV-H5-84666c8945e0433a,0-2462,0-2462,"Платье женское, черное, из искусственного шелка, с вышивкой ""Дерево, птица"", с р",12014.0,DERIVED_STOCK_MOVEMENT,FILE-099,Остатки ЦУМ (Основное подразделение),Движение товаров с себестоимостью,OUT
CV-H5-9941e25bb4ba7946,0-2463A,0-2463A,"Жакет женский, черный, из стрейч бархата, с вышивкой ""Птицы и Yanina"" и отделкой",6596.0,DERIVED_STOCK_MOVEMENT,FILE-099,Остатки ЦУМ (Основное подразделение),Движение товаров с себестоимостью,OUT
CV-H5-127afe780fc22dfe,0-2465A,0-2465А,"Пальто женское, черное, из стрейч-бархата, с вышивкой ""Дерево, птицы, Yanina""",11794.0,DERIVED_STOCK_MOVEMENT,FILE-099,Остатки ЦУМ (Основное подразделение),Движение товаров с себестоимостью,OUT
CV-H5-ee0aa47aba2e6ff9,0-2487C,0-2487C,"Пальто-халат женское, черное с принтом ""девочки"", из батиста, с отделкой ""лампас",19960.0,DERIVED_STOCK_MOVEMENT,FILE-099,Остатки ЦУМ (Основное подразделение),Движение товаров с себестоимостью,IN
CV-H5-185a6a31848d0587,0-2506,0-2506,"Платье женское, черное, из хлопка, с вышивкой ""Дерево, птица, Yanina"", с длинным",1757.0,DERIVED_STOCK_MOVEMENT,FILE-099,Остатки ЦУМ (Основное подразделение),Движение товаров с себестоимостью,OUT
CV-H5-8c8ecc542a9e83e8,0-2512,0-2512,"Футболка женская, розовая с принтом ""Y"", из трикотажа",5395.0,DERIVED_STOCK_MOVEMENT,FILE-099,Остатки ЦУМ (Основное подразделение),Движение товаров с себестоимостью,OUT
CV-H5-24c45117e76b1ecd,0-2514,0-2514,"Юбка женская, черная, из пайеточной ткани, длина мини",9978.0,DERIVED_STOCK_MOVEMENT,FILE-099,Остатки ЦУМ (Основное подразделение),Движение товаров с себестоимостью,OUT
CV-H5-b6a0217f8d753cab,0-2515,0-2515,"Брюки женские, белые, из шифона",12401.0,DERIVED_STOCK_MOVEMENT,FILE-099,Остатки ЦУМ (Основное подразделение),Движение товаров с себестоимостью,IN
CV-H5-c7cbe09f48f87cb7,0-2517,0-2517,"Платье женское, черное, из костюмной ткани ""шанель"" и шифона, декорировано тесьм",8968.0,DERIVED_STOCK_MOVEMENT,FILE-099,Остатки ЦУМ (Основное подразделение),Движение товаров с себестоимостью,OUT
CV-H5-95f40cf5527c6a9d,0-2518,0-2518,"Юбка женская, черная, из фатина, с декором принт ""белая Y""",15416.0,DERIVED_STOCK_MOVEMENT,FILE-099,Остатки ЦУМ (Основное подразделение),Движение товаров с себестоимостью,OUT
CV-H5-35f2c71e06f4ff0b,0-2519,0-2519,"Платье женское, розовое, из костюмной ткани ""шанель"", декорировано тесьмой и нит",13685.0,DERIVED_STOCK_MOVEMENT,FILE-099,Остатки ЦУМ (Основное подразделение),Движение товаров с себестоимостью,IN
CV-H5-720d13ad3586592e,0-2540,0-2540,"Платье женское, белое с принтом ""голубые цветы"", из батиста",20491.0,DERIVED_STOCK_MOVEMENT,FILE-099,Остатки ЦУМ (Основное подразделение),Движение товаров с себестоимостью,IN
CV-H5-65bb2736e666fc2c,0-2548,0-2548/1,"Пальто-халат женское, розовое с принтом ""пион"", из шелка",12062.0,DERIVED_STOCK_MOVEMENT,FILE-099,Остатки ЦУМ (Основное подразделение),Движение товаров с себестоимостью,IN
CV-H5-5b1064501ac2a95d,0-2556B,0-2556B,"Платье-кафтан женское, черное, из хлопка, декорировано тесьмой ""YANINA""",9086.0,DERIVED_STOCK_MOVEMENT,FILE-099,Остатки ЦУМ (Основное подразделение),Движение товаров с себестоимостью,IN
CV-H5-84b486c6479b9d2e,0-2558,0-2558,"Брюки женские, черные с принтом ""белые Y и девочки"", из шелка, с отделкой ""белый",11708.0,DERIVED_STOCK_MOVEMENT,FILE-099,Остатки ЦУМ (Основное подразделение),Движение товаров с себестоимостью,OUT
CV-H5-fb0dad858b0a362c,0-2560,0-2560,"Брюки женские, черные с белым принтом ""Y"", из шелка, с отделкой ""лампас""",11352.0,DERIVED_STOCK_MOVEMENT,FILE-099,Остатки ЦУМ (Основное подразделение),Движение товаров с себестоимостью,IN
CV-H5-91825a0663297541,0-2560B,0-2560B/2,"Пальто-халат женское, черное с принтом ""балерины"", из батиста",11075.0,DERIVED_STOCK_MOVEMENT,FILE-099,Остатки ЦУМ (Основное подразделение),Движение товаров с себестоимостью,IN
CV-H5-7d27481d2609be0f,0-2560D,0-2560D,"Пальто-халат женское, черное с принтом ""цветы и грибы"", из хлопка, с пайетками н",11522.0,DERIVED_STOCK_MOVEMENT,FILE-099,Остатки ЦУМ (Основное подразделение),Движение товаров с себестоимостью,IN
CV-H5-cfa22a256ee4be16,0-2600A,0-2600A,"Брюки-капри женские, чёрные, из шёлка дюшес",5026.0,DERIVED_STOCK_MOVEMENT,FILE-099,Остатки ЦУМ (Основное подразделение),Движение товаров с себестоимостью,IN
CV-H5-85ce57dad0d3120a,0-2613,0-2613,"Юбка женская, черная, из стрейч бархата, прямая, зауженная к низу, средней длины",9829.0,DERIVED_STOCK_MOVEMENT,FILE-099,Остатки ЦУМ (Основное подразделение),Движение товаров с себестоимостью,IN
CV-H5-9fb9561a35b0e47f,0-2613A,0-2613A,"Рубашка женская, белая с принтом ""грибы"", из батиста",12927.0,DERIVED_STOCK_MOVEMENT,FILE-099,Остатки ЦУМ (Основное подразделение),Движение товаров с себестоимостью,IN
CV-H5-e7143590ff9f75d9,0-2614A,0-2614A,"Блуза женская, черная с принтом ""Y и девочки"", из батиста, декорирована кантом """,7188.0,DERIVED_STOCK_MOVEMENT,FILE-099,Остатки ЦУМ (Основное подразделение),Движение товаров с себестоимостью,IN
CV-H5-0a4e3e10383d33d8,0-2623,0-2623,"Брюки-капри женские, черные, из хлопка, с принтом ""Y и девочки""",8500.0,DERIVED_STOCK_MOVEMENT,FILE-099,Остатки ЦУМ (Основное подразделение),Движение товаров с себестоимостью,OUT
CV-H5-77b11836c410aef8,0-2624,0-2624,"Туфли женские, бежевые, из кожи, без каблука, расшиты цветными камнями",7600.0,DERIVED_STOCK_MOVEMENT,FILE-099,Остатки ЦУМ (Основное подразделение),Движение товаров с себестоимостью,OPEN
CV-H5-d9cc4b139ec25361,0-2625,0-2625,"Туфли женские, черные с белым принтом ""Y"", из кожи, без каблука",8500.0,DERIVED_STOCK_MOVEMENT,FILE-099,Остатки ЦУМ (Основное подразделение),Движение товаров с себестоимостью,OUT
CV-H5-b1a52f37baf400d6,0-2626,0-2626,"Туфли женские, серебряные, из кожи, расшиты большими камнями",8500.0,DERIVED_STOCK_MOVEMENT,FILE-099,Остатки ЦУМ (Основное подразделение),Движение товаров с себестоимостью,OUT
CV-H5-7fee4cd4269f484d,0-2627,0-2627,"Туфли женские, черные, из кожи, без каблука, расшиты кристаллами",7500.0,DERIVED_STOCK_MOVEMENT,FILE-099,Остатки ЦУМ (Основное подразделение),Движение товаров с себестоимостью,OUT
CV-H5-b6a59201e89e9a50,0-2628,0-2628,"Туфли женские, черные, из атласа, без каблука, декорированы пряжкой",8500.0,DERIVED_STOCK_MOVEMENT,FILE-099,Остатки ЦУМ (Основное подразделение),Движение товаров с себестоимостью,OPEN
CV-H5-005834a5f2c40610,0-2630,0-2630,"Туфли женские, серебряные, из кожи, расшиты стразами",8500.0,DERIVED_STOCK_MOVEMENT,FILE-099,Остатки ЦУМ (Основное подразделение),Движение товаров с себестоимостью,OUT
CV-H5-c6fd07a60ac14282,0-2631,0-2631,"Лоферы женские, бежевые, из натуральной кожи, с вышивкой ""YC""",8500.0,DERIVED_STOCK_MOVEMENT,FILE-099,Остатки ЦУМ (Основное подразделение),Движение товаров с себестоимостью,OPEN
CV-H5-5af6d1d51b2ac646,0-2631A,0-2631A,"Лоферы женские, бежевые, из кожи, на меховой подкладке",8500.0,DERIVED_STOCK_MOVEMENT,FILE-099,Остатки ЦУМ (Основное подразделение),Движение товаров с себестоимостью,OPEN
CV-H5-01b62210a9ec4154,0-2677,0-2677,"Брюки женские, черные, из бархата, с аппликацией ""Цветок""",15795.0,DERIVED_STOCK_MOVEMENT,FILE-099,Остатки ЦУМ (Основное подразделение),Движение товаров с себестоимостью,IN
CV-H5-b73dfe881df41fe6,0-2678,0-2678,"Жакет женский, черный, из бархата и крепа, декорирован объемным цветком",5081.0,DERIVED_STOCK_MOVEMENT,FILE-099,Остатки ЦУМ (Основное подразделение),Движение товаров с себестоимостью,IN
CV-H5-7b97b7c8e70867f2,0-2685,0-2685,"Жакет женский, белый, из кружевной ткани, с брошью ""Бант""",6331.0,DERIVED_STOCK_MOVEMENT,FILE-099,Остатки ЦУМ (Основное подразделение),Движение товаров с себестоимостью,OUT
CV-H5-1b67c9dfd58c4701,0-2686,0-2686,"Юбка женская, белая, из кружевной ткани",10021.71,DERIVED_STOCK_MOVEMENT,FILE-099,Остатки ЦУМ (Основное подразделение),Движение товаров с себестоимостью,IN
CV-H5-998a824dd1e87ce6,0-2689A,0-2689A,"Юбка женская, черная, из пайеток, с боа",10610.0,DERIVED_STOCK_MOVEMENT,FILE-099,Остатки ЦУМ (Основное подразделение),Движение товаров с себестоимостью,OUT
CV-H5-873b8554c63254a0,0-2702,0-2702,"Брюки женские, черные, из бархата стрейч",15965.0,DERIVED_STOCK_MOVEMENT,FILE-099,Остатки ЦУМ (Основное подразделение),Движение товаров с себестоимостью,IN
CV-H5-46750c9b142652cc,0-2703,0-2703,"Платье женское, черное, из джерси, с расшивной аппликацией ""Цветок""",15931.5,DERIVED_STOCK_MOVEMENT,FILE-099,Остатки ЦУМ (Основное подразделение),Движение товаров с себестоимостью,IN
CV-H5-c8710ca52319720a,0-2705,0-2705,"Блуза женская, черная, из шифона, с аппликацией ""Цветок""",13514.33,DERIVED_STOCK_MOVEMENT,FILE-099,Остатки ЦУМ (Основное подразделение),Движение товаров с себестоимостью,IN
CV-H5-7d16421afa335c8a,0-2706,0-2706,"Платье женское, черное, из крепа, с декором ""Y"" из белой кожи",24345.0,DERIVED_STOCK_MOVEMENT,FILE-099,Остатки ЦУМ (Основное подразделение),Движение товаров с себестоимостью,IN
CV-H5-951712bb96e74d33,0-2709,0-2709,"Платье женское, синее, из шелкового бархата, с вышивкой ""Y"" на карманах",45900.0,DERIVED_STOCK_MOVEMENT,FILE-099,Остатки ЦУМ (Основное подразделение),Движение товаров с себестоимостью,IN
CV-H5-7c13597e0dedb54e,0-2710,0-2710,"Жакет женский, синий, из шелкового бархата, с вышивкой ""Ласточка""",13463.0,DERIVED_STOCK_MOVEMENT,FILE-099,Остатки ЦУМ (Основное подразделение),Движение товаров с себестоимостью,IN
CV-H5-49a7a108224b6ca0,0-2727,0-2727,"Платье женское, бежевое, из шифона, длинное",24496.0,DERIVED_STOCK_MOVEMENT,FILE-099,Остатки ЦУМ (Основное подразделение),Движение товаров с себестоимостью,IN
CV-H5-b4aa11f3bef188e0,0-2756D,0-2756D/1,"Юбка-карандаш женская, черная, из джерси, длинная",22310.0,DERIVED_STOCK_MOVEMENT,FILE-099,Остатки ЦУМ (Основное подразделение),Движение товаров с себестоимостью,IN
CV-H5-465e656ca7b3e996,0-2763,0-2763,"Свитер женский, серый, из кашемира, с вышивкой ""ласточка""",4220.0,DERIVED_STOCK_MOVEMENT,FILE-099,Остатки ЦУМ (Основное подразделение),Движение товаров с себестоимостью,OUT
CV-H5-83c20e29c3613737,0-2771,0-2771,"Юбка женская, черная, из костюмной ткани, с застежкой",22300.0,DERIVED_STOCK_MOVEMENT,FILE-099,Остатки ЦУМ (Основное подразделение),Движение товаров с себестоимостью,IN
CV-H5-bea3267b5e5d8467,0-2778,0-2778,"Платье женское, черное, из пайеточной ткани, с вышивкой ""Серебряный цветок""",15489.0,DERIVED_STOCK_MOVEMENT,FILE-099,Остатки ЦУМ (Основное подразделение),Движение товаров с себестоимостью,IN
CV-H5-1093209fc770f12f,0-2779,0-2779,"Платье женское, черное, из джерси, декорировано ""перьями"" на рукавах",35435.0,DERIVED_STOCK_MOVEMENT,FILE-099,Остатки ЦУМ (Основное подразделение),Движение товаров с себестоимостью,IN
CV-H5-a0efe70d92bd8598,0-2782,0-2782,"Кейп-накидка женская, черная, из бархата, декорирована перьями страуса",12856.0,DERIVED_STOCK_MOVEMENT,FILE-099,Остатки ЦУМ (Основное подразделение),Движение товаров с себестоимостью,IN
CV-H5-71e8980a15c6a786,0-2829,0-2829,"Платье женское, черное, из крепа, с лифом из сетки, с кружевным декором",18650.0,DERIVED_STOCK_MOVEMENT,FILE-099,Остатки ЦУМ (Основное подразделение),Движение товаров с себестоимостью,IN
CV-H5-4647418c1f18be39,0-2845,0-2845,"Платье женское, белое, из шелка, с накидкой из сетки с бусинами",3085.92,DERIVED_STOCK_MOVEMENT,FILE-099,Остатки ЦУМ (Основное подразделение),Движение товаров с себестоимостью,IN
CV-H5-cf0e19dd58c3b121,0-2854A,0-2854A,"Свитшот женский, розовый, из футера, с декором принт ""Champayne o' clock""",22100.0,DERIVED_STOCK_MOVEMENT,FILE-099,Остатки ЦУМ (Основное подразделение),Движение товаров с себестоимостью,IN
CV-H5-b12c84717551cfaa,0-2861,0-2861,"Платье-кафтан, разноцветное с принтом ""гортензии"", из шифона",4140.0,DERIVED_STOCK_MOVEMENT,FILE-099,Остатки ЦУМ (Основное подразделение),Движение товаров с себестоимостью,IN
CV-H5-dee3228a1f37a9c8,0-2861A,0-2861A,"Футболка женская, белая с принтом ""цветы"", из трикотажа",3590.0,DERIVED_STOCK_MOVEMENT,FILE-099,Остатки ЦУМ (Основное подразделение),Движение товаров с себестоимостью,IN
CV-H5-c4882632e3801d38,0-2931A,0-2931A,"Футболка женская, белая с принтом ""дерево"", из трикотажа",30950.0,DERIVED_STOCK_MOVEMENT,FILE-099,Остатки ЦУМ (Основное подразделение),Движение товаров с себестоимостью,IN
CV-H5-39587d9991c4c7e9,0-2974A,0-2974A,"Топ-майка женская, черная, из хлопка, с вышивкой ""BE AN ICONIC""",9398.0,DERIVED_STOCK_MOVEMENT,FILE-099,Остатки ЦУМ (Основное подразделение),Движение товаров с себестоимостью,IN
CV-H5-bef4c6f2d0199e99,0-2985,0-2985,"Рубашка женская, белая, хлопок, с принтом ""цветы""",28510.0,DERIVED_STOCK_MOVEMENT,FILE-099,Остатки ЦУМ (Основное подразделение),Движение товаров с себестоимостью,IN
CV-H5-d1f7d4b5906dc9c3,0-3006,0-3006,"Юбка женская, черная, из шелка, с аппликацией ""Листья""",5428.0,DERIVED_STOCK_MOVEMENT,FILE-099,Остатки ЦУМ (Основное подразделение),Движение товаров с себестоимостью,IN
CV-H5-ce43d561100d05a3,0-3025,0-3025,"Юбка женская, черная, из трикотажа, декорирована листьями из натуральной кожи",12790.42,DERIVED_STOCK_MOVEMENT,FILE-099,Остатки ЦУМ (Основное подразделение),Движение товаров с себестоимостью,IN
CV-H5-44f540de9c3dfc43,0-3026,0-3026,"Блуза женская, черная, из стрейч бархата, с отделкой белым кантом",5774.0,DERIVED_STOCK_MOVEMENT,FILE-099,Остатки ЦУМ (Основное подразделение),Движение товаров с себестоимостью,IN
CV-H5-fe7e5e935888cf16,0-3028,0-3028,"Куртка женская, черная, из шелка на синтепоне",8827.0,DERIVED_STOCK_MOVEMENT,FILE-099,Остатки ЦУМ (Основное подразделение),Движение товаров с себестоимостью,IN
CV-H5-b938b2fa16a75b65,0-3029,0-3029,"Жилет женский, черный, из шифона",5219.0,DERIVED_STOCK_MOVEMENT,FILE-099,Остатки ЦУМ (Основное подразделение),Движение товаров с себестоимостью,IN
CV-H5-2ae2af236542e0de,0-3030A,0-3030A,"Свитшот женский, черный, из стрейч бархата, с декором из тафты",9740.17,DERIVED_STOCK_MOVEMENT,FILE-099,Остатки ЦУМ (Основное подразделение),Движение товаров с себестоимостью,IN
CV-H5-55e41b74fe19de4a,0-3031A,0-3031A,"Брюки-джоггеры женские, черные, из стрейч бархата, с отделкой ""лампас""",6688.17,DERIVED_STOCK_MOVEMENT,FILE-099,Остатки ЦУМ (Основное подразделение),Движение товаров с себестоимостью,IN
CV-H5-eb848e745e82278d,0-3032A,0-3032A,"Юбка женская, бежевая, из фатина, с вышивкой ""Балерины""",14114.33,DERIVED_STOCK_MOVEMENT,FILE-099,Остатки ЦУМ (Основное подразделение),Движение товаров с себестоимостью,IN
CV-H5-f8e19d48730ecc30,0-3035,0-3035,"Блуза женская, серая, из шелка, с вышивкой ""Арлекин""",22032.0,DERIVED_STOCK_MOVEMENT,FILE-099,Остатки ЦУМ (Основное подразделение),Движение товаров с себестоимостью,IN
CV-H5-8f598dc8947656f6,0-3035A,0-3035A,"Куртка-бомбер женская, черная, из эко-кожи, с расшивкой камнями",22032.0,DERIVED_STOCK_MOVEMENT,FILE-099,Остатки ЦУМ (Основное подразделение),Движение товаров с себестоимостью,IN
CV-H5-8f8c8e67d2a9b146,0-3037,0-3037,"Юбка женская, черная, из искусственного крепа, расклешенная к низу",33680.0,DERIVED_STOCK_MOVEMENT,FILE-099,Остатки ЦУМ (Основное подразделение),Движение товаров с себестоимостью,IN
CV-H5-805d6dbcb89503e2,0-3039A,0-3039A,"Блуза женская, черная, из футера, с отделкой ""лампас""",8355.0,DERIVED_STOCK_MOVEMENT,FILE-099,Остатки ЦУМ (Основное подразделение),Движение товаров с себестоимостью,IN
CV-H5-b68a18f5a95f76c9,0-3039B,0-3039B,"Блуза женская, белая, из футера, с отделкой ""лампас""",8355.0,DERIVED_STOCK_MOVEMENT,FILE-099,Остатки ЦУМ (Основное подразделение),Движение товаров с себестоимостью,IN
CV-H5-e4b47456f65f7b0c,0-3040A,0-3040А,"Брюки женские, черные, из футера, с отделкой ""лампас""",7796.0,DERIVED_STOCK_MOVEMENT,FILE-099,Остатки ЦУМ (Основное подразделение),Движение товаров с себестоимостью,IN
CV-H5-922c8c4676a4bdb1,0-3040B,0-3040В,"Брюки женские, белые, из футера, с отделкой ""лампас""",7796.0,DERIVED_STOCK_MOVEMENT,FILE-099,Остатки ЦУМ (Основное подразделение),Движение товаров с себестоимостью,IN
CV-H5-405464f89da7cf59,0-3041A,0-3041A,"Платье женское, черное, из шелк бархата, с воротником из кружева",17437.0,DERIVED_STOCK_MOVEMENT,FILE-099,Остатки ЦУМ (Основное подразделение),Движение товаров с себестоимостью,IN
CV-H5-fd63c42ef81173d3,0-3042,0-3042,"Платье женское, черное с принтом ""горох"", из шелка, с воротником из кружева",14680.0,DERIVED_STOCK_MOVEMENT,FILE-099,Остатки ЦУМ (Основное подразделение),Движение товаров с себестоимостью,IN
CV-H5-a17951f0e804ba2b,0-3042A,0-3042A,"Блуза женская, черная, из хлопка, с декором ""Цветок""",14680.0,DERIVED_STOCK_MOVEMENT,FILE-099,Остатки ЦУМ (Основное подразделение),Движение товаров с себестоимостью,IN
CV-H5-47060f643b218174,0-3042B,0-3042B,"Блуза женская, белая, из хлопка, с декором ""Цветок""",14680.0,DERIVED_STOCK_MOVEMENT,FILE-099,Остатки ЦУМ (Основное подразделение),Движение товаров с себестоимостью,IN
CV-H5-9fed5001339e0e9e,0-3043,0-3043,"Блуза женская, розовая, из хлопка, с декором ""Цветок""",11675.0,DERIVED_STOCK_MOVEMENT,FILE-099,Остатки ЦУМ (Основное подразделение),Движение товаров с себестоимостью,IN
CV-H5-b1867ed0dcb87285,0-3043B,0-3043В,"Блуза женская, фуксия, из футера, декорирована шифоновым кружевом",10433.0,DERIVED_STOCK_MOVEMENT,FILE-099,Остатки ЦУМ (Основное подразделение),Движение товаров с себестоимостью,IN
CV-H5-6d25de47ef72cc0d,0-3047A,0-3047A,"Юбка женская, черная, из шелка",7201.0,DERIVED_STOCK_MOVEMENT,FILE-099,Остатки ЦУМ (Основное подразделение),Движение товаров с себестоимостью,IN
CV-H5-58929024a0e2c5a1,0-3049B,0-3049B,"Куртка-бомбер женская, черная, из стрейч бархата, с декором ""Жучки""",26929.0,DERIVED_STOCK_MOVEMENT,FILE-099,Остатки ЦУМ (Основное подразделение),Движение товаров с себестоимостью,IN
CV-H5-0628d915ba6503c5,0-3049A,0-3049А,"Куртка-бомбер, женская, бирюзовая, из стрейч бархата, с декором ""Жучки""",26929.0,DERIVED_STOCK_MOVEMENT,FILE-099,Остатки ЦУМ (Основное подразделение),Движение товаров с себестоимостью,IN
CV-H5-3d422fbb5f07940c,0-3050A,0-3050А,"Шорты женские, черные, из стрейч бархата",4298.0,DERIVED_STOCK_MOVEMENT,FILE-099,Остатки ЦУМ (Основное подразделение),Движение товаров с себестоимостью,IN
CV-H5-44384041995fc4a5,0-3050B,0-3050В,"Шорты женские, серые, из стрейч бархата",4298.0,DERIVED_STOCK_MOVEMENT,FILE-099,Остатки ЦУМ (Основное подразделение),Движение товаров с себестоимостью,IN
CV-H5-2e384c3a73281ba3,0-3051,0-3051,"Шорты женские, бирюзовые, из стрейч бархата",6764.0,DERIVED_STOCK_MOVEMENT,FILE-099,Остатки ЦУМ (Основное подразделение),Движение товаров с себестоимостью,IN
CV-H5-a05414d1c3d61db3,0-3051A,0-3051А,"Брюки женские, черные, из стрейч бархата, с отделкой ""лампас""",6764.0,DERIVED_STOCK_MOVEMENT,FILE-099,Остатки ЦУМ (Основное подразделение),Движение товаров с себестоимостью,IN
CV-H5-755e920e75042aa2,0-3051B,0-3051В,"Брюки женские, серые, из стрейч бархата, на тонкой резинке",6764.0,DERIVED_STOCK_MOVEMENT,FILE-099,Остатки ЦУМ (Основное подразделение),Движение товаров с себестоимостью,IN
CV-H5-a85f4d402584f9aa,0-3053,0-3053,"Юбка женская, черная, из эко-кожи, с поясом из бархата",19092.0,DERIVED_STOCK_MOVEMENT,FILE-099,Остатки ЦУМ (Основное подразделение),Движение товаров с себестоимостью,IN
CV-H5-29185aa10597e19c,0-3055,0-3055,"Платье женское, черное с принтом ""белый горох"", из шелка, декорировано белыми ба",15554.33,DERIVED_STOCK_MOVEMENT,FILE-099,Остатки ЦУМ (Основное подразделение),Движение товаров с себестоимостью,IN
CV-H5-61634d5a40e0c879,0-3055A,0-3055A,"Рубашка женская, белая с принтом ""черные Y, балерины"", из шелка",12761.21,DERIVED_STOCK_MOVEMENT,FILE-099,Остатки ЦУМ (Основное подразделение),Движение товаров с себестоимостью,IN
CV-H5-520648c5ce8c2b04,0-3055B,0-3055B,"Рубашка женская, черная с принтом ""белые Y"", из шелка",13837.0,DERIVED_STOCK_MOVEMENT,FILE-099,Остатки ЦУМ (Основное подразделение),Движение товаров с себестоимостью,IN
CV-H5-c965ed7c030c923e,0-3056,0-3056,"Рубашка женская, черная с принтом ""белые Y, балерины"", из шелка",6314.0,DERIVED_STOCK_MOVEMENT,FILE-099,Остатки ЦУМ (Основное подразделение),Движение товаров с себестоимостью,IN
CV-H5-97d7e85f0f1caeca,0-3058,0-3058,"Брюки женские, черные, из искусственного крепа, со скрытым поясом",9470.5,DERIVED_STOCK_MOVEMENT,FILE-099,Остатки ЦУМ (Основное подразделение),Движение товаров с себестоимостью,IN
CV-H5-30ddd3850eaa37f1,0-3058A,0-3058A,"Блуза женская, черная, из футера, с декором принт ""бусы, бантик""",9686.0,DERIVED_STOCK_MOVEMENT,FILE-099,Остатки ЦУМ (Основное подразделение),Движение товаров с себестоимостью,IN
CV-H5-e1d95d73e43a0c56,0-3058C,0-3058C,"Блуза женская, серая, из футера, с декором принт  ""бусы, бантик""",9686.0,DERIVED_STOCK_MOVEMENT,FILE-099,Остатки ЦУМ (Основное подразделение),Движение товаров с себестоимостью,IN
CV-H5-70b65028eafa83cb,0-3059B,0-3059B,"Брюки женские, черные, из футера, с отделкой ""лампас""",6224.5,DERIVED_STOCK_MOVEMENT,FILE-099,Остатки ЦУМ (Основное подразделение),Движение товаров с себестоимостью,IN
CV-H5-61dcfecef8e1587e,0-3059C,0-3059С,"Брюки женские, серые, из футера, с отделкой ""лампас""",6790.0,DERIVED_STOCK_MOVEMENT,FILE-099,Остатки ЦУМ (Основное подразделение),Движение товаров с себестоимостью,IN
CV-H5-9ff60260dd408666,0-306,0-306,"Брюки женские, бежевые, из футера, с отделкой ""лампас""",5672.0,DERIVED_STOCK_MOVEMENT,FILE-099,Остатки ЦУМ (Основное подразделение),Движение товаров с себестоимостью,OPEN
CV-H5-256dd37f2d276d82,0-3060A,0-3060A,"Юбка женская, черная, из футера, с отделкой ""лампас""",6258.0,DERIVED_STOCK_MOVEMENT,FILE-099,Остатки ЦУМ (Основное подразделение),Движение товаров с себестоимостью,IN
CV-H5-4b10351222ece76b,0-3060C,0-3060C,"Юбка женская, серая, из футера, с отделкой ""лампас""",6258.0,DERIVED_STOCK_MOVEMENT,FILE-099,Остатки ЦУМ (Основное подразделение),Движение товаров с себестоимостью,IN
CV-H5-4b0fde8d7e2c37f8,0-3061,0-3061,"Юбка женская, бежевая, из футера, с отделкой ""лампас""",12478.38,DERIVED_STOCK_MOVEMENT,FILE-099,Остатки ЦУМ (Основное подразделение),Движение товаров с себестоимостью,IN
CV-H5-f2f16ded1324ab0d,0-3061B,0-3061B,"Пальто-халат женское, бежевое, из стрейч бархата, с пайетками на манжетах",18541.0,DERIVED_STOCK_MOVEMENT,FILE-099,Остатки ЦУМ (Основное подразделение),Движение товаров с себестоимостью,IN
CV-H5-bc61d25c489b3d5f,0-3061C,0-3061C,"Пальто-халат женское, синее, из стрейч бархата, с пайетками на манжетах",18541.0,DERIVED_STOCK_MOVEMENT,FILE-099,Остатки ЦУМ (Основное подразделение),Движение товаров с себестоимостью,IN
CV-H5-22be962b48a8e57d,0-3061D,0-3061D,"Пальто-халат женское, голубое, из стрейч бархата, с пайетками на манжетах",22241.0,DERIVED_STOCK_MOVEMENT,FILE-099,Остатки ЦУМ (Основное подразделение),Движение товаров с себестоимостью,IN
CV-H5-ac1aef3394dbc030,0-3062,0-3062,"Пальто-халат бирюзовое, из стрейч бархата, с пайетками на манжетах",7740.0,DERIVED_STOCK_MOVEMENT,FILE-099,Остатки ЦУМ (Основное подразделение),Движение товаров с себестоимостью,IN
CV-H5-fb04812a0e8c3ec6,0-3062B,0-3062B,"Блуза-топ женская, бежевая, из шелка, на тонких бретелях",7740.0,DERIVED_STOCK_MOVEMENT,FILE-099,Остатки ЦУМ (Основное подразделение),Движение товаров с себестоимостью,IN
CV-H5-a8b1d548591d64b8,0-3062C,0-3062C,"Блуза-топ женская, черная с принтом ""синие капли"", из шелка",7740.0,DERIVED_STOCK_MOVEMENT,FILE-099,Остатки ЦУМ (Основное подразделение),Движение товаров с себестоимостью,IN
CV-H5-9a49b2011c816c59,0-3063B,0-3063B,"Брюки женские, бежевые, из стрейч бархата, на широкой резинке",5082.5,DERIVED_STOCK_MOVEMENT,FILE-099,Остатки ЦУМ (Основное подразделение),Движение товаров с себестоимостью,IN
CV-H5-d4b775e906a07f38,0-3063C,0-3063C,"Брюки женские, синие, из стрейч бархата, на широкой резинке",5192.0,DERIVED_STOCK_MOVEMENT,FILE-099,Остатки ЦУМ (Основное подразделение),Движение товаров с себестоимостью,IN
CV-H5-119d8e4d6fa7ec1c,0-3064,0-3064,"Брюки женские, голубые, из стрейч бархата, на широкой резинке",11796.0,DERIVED_STOCK_MOVEMENT,FILE-099,Остатки ЦУМ (Основное подразделение),Движение товаров с себестоимостью,IN
CV-H5-839501270f5e2f75,0-3064A,0-3064A,"Платье женское, черное, из шелка, на тонких бретелях",10880.33,DERIVED_STOCK_MOVEMENT,FILE-099,Остатки ЦУМ (Основное подразделение),Движение товаров с себестоимостью,IN
CV-H5-edd26d119d905b54,0-3064B,0-3064B,"Платье женское, бежевое, из шелка, на тонких бретелях",16673.5,DERIVED_STOCK_MOVEMENT,FILE-099,Остатки ЦУМ (Основное подразделение),Движение товаров с себестоимостью,IN
CV-H5-12086add20d855ed,0-3064D,0-3064D,"Платье женское, голубое, из шелка, на тонких бретелях",21551.0,DERIVED_STOCK_MOVEMENT,FILE-099,Остатки ЦУМ (Основное подразделение),Движение товаров с себестоимостью,IN
CV-H5-00b9e4cc6b8dd834,0-3064E,0-3064E,"Платье женское, серое, из шелка, на тонких бретелях",21551.0,DERIVED_STOCK_MOVEMENT,FILE-099,Остатки ЦУМ (Основное подразделение),Движение товаров с себестоимостью,IN
CV-H5-7e8f6003195d34f0,0-3065,0-3065,"Платье женское, фуксия, из шелка, на тонких бретелях",8987.5,DERIVED_STOCK_MOVEMENT,FILE-099,Остатки ЦУМ (Основное подразделение),Движение товаров с себестоимостью,IN
CV-H5-5548ba918fb7a0fb,0-3065B,0-3065B,"Блуза женская, бежевая, из искусственного крепа, с декором ""Бант""",9477.0,DERIVED_STOCK_MOVEMENT,FILE-099,Остатки ЦУМ (Основное подразделение),Движение товаров с себестоимостью,IN
CV-H5-21bed39b64f1826c,0-3066,0-3066,"Блуза женская, черная, из искутвенного крепа, с декором ""Бант""",5112.5,DERIVED_STOCK_MOVEMENT,FILE-099,Остатки ЦУМ (Основное подразделение),Движение товаров с себестоимостью,IN
CV-H5-f4c95e53e868087a,0-3066B,0-3066B,"Брюки женские, серые, из искусственного крепа",5659.0,DERIVED_STOCK_MOVEMENT,FILE-099,Остатки ЦУМ (Основное подразделение),Движение товаров с себестоимостью,IN
CV-H5-a359d07fe62356dc,0-3067B,0-3067B,"Блуза женская, серая, из стрейч бархата, с отделкой белым кантом и поясом",10775.33,DERIVED_STOCK_MOVEMENT,FILE-099,Остатки ЦУМ (Основное подразделение),Движение товаров с себестоимостью,IN
CV-H5-049a83a22f707cf6,0-3068B,0-3068B,"Брюки женские, серые, из стрейч бархата, с отделкой белым кантом по низу",6382.33,DERIVED_STOCK_MOVEMENT,FILE-099,Остатки ЦУМ (Основное подразделение),Движение товаров с себестоимостью,IN
CV-H5-b643c0cf0c58f084,0-3069,0-3069,"Брюки женские, бирюзовые, из стрейч бархата, с отделкой белым кантом по низу",6876.0,DERIVED_STOCK_MOVEMENT,FILE-099,Остатки ЦУМ (Основное подразделение),Движение товаров с себестоимостью,IN
CV-H5-3dae3dc353191dcd,0-3070,0-3070,"Блуза-топ женская, белая, из шелка, на тонких бретелях",18006.0,DERIVED_STOCK_MOVEMENT,FILE-099,Остатки ЦУМ (Основное подразделение),Движение товаров с себестоимостью,IN
CV-H5-272538dba7323dfc,0-3070A,0-3070A,"Блуза женская, бежевая, из крепа, декорирована жемчужными бусами и черным бантом",18006.0,DERIVED_STOCK_MOVEMENT,FILE-099,Остатки ЦУМ (Основное подразделение),Движение товаров с себестоимостью,IN
CV-H5-db14abaf4b45339b,0-3070B,0-3070B,"Блуза женская, серая, из крепа, декорирована жемчужными бусами и черным бантом",18006.0,DERIVED_STOCK_MOVEMENT,FILE-099,Остатки ЦУМ (Основное подразделение),Движение товаров с себестоимостью,IN
CV-H5-9e102587d4c7a5c5,0-3076,0-3076,"Футболка женская, серая, из трикотажа, с надписью ""MY YANINA COUTURE""",9547.0,DERIVED_STOCK_MOVEMENT,FILE-099,Остатки ЦУМ (Основное подразделение),Движение товаров с себестоимостью,IN
CV-H5-e6040a5745b286fe,0-3076A,0-3076A,"Свитшот женский, белый, с декором принт ""MY YANINA COUTURE""",9706.0,DERIVED_STOCK_MOVEMENT,FILE-099,Остатки ЦУМ (Основное подразделение),Движение товаров с себестоимостью,IN
CV-H5-9db20e163e9f8fc3,0-3076B,0-3076B,"Свитшот женский, черный, с декором принт ""MY YANINA COUTURE""",9547.0,DERIVED_STOCK_MOVEMENT,FILE-099,Остатки ЦУМ (Основное подразделение),Движение товаров с себестоимостью,IN
CV-H5-466070b6e51f13c6,0-3077,0-3077,"Свитшот женский, фуксия, с декором принт ""MY YANINA COUTURE""",3460.0,DERIVED_STOCK_MOVEMENT,FILE-099,Остатки ЦУМ (Основное подразделение),Движение товаров с себестоимостью,IN
CV-H5-7b64b32a71a0e109,0-3077A,0-3077A,"Лонгслив женский, белый, из хлопкового трикотажа",3355.0,DERIVED_STOCK_MOVEMENT,FILE-099,Остатки ЦУМ (Основное подразделение),Движение товаров с себестоимостью,IN
CV-H5-3d569076d2709980,0-3078,0-3078,"Лонгслив женский, черный, из хлопкового трикотажа",7361.57,DERIVED_STOCK_MOVEMENT,FILE-099,Остатки ЦУМ (Основное подразделение),Движение товаров с себестоимостью,IN
CV-H5-e15afa2b40de50bf,0-3094,0-3094,"Юбка женская, черная, из кружева",8140.0,DERIVED_STOCK_MOVEMENT,FILE-099,Остатки ЦУМ (Основное подразделение),Движение товаров с себестоимостью,IN
CV-H5-dcc218ab46a7cc6c,0-3109D,0-3109D,"Чокер женский, с серебряными стразами, широкий",23000.0,DERIVED_STOCK_MOVEMENT,FILE-099,Остатки ЦУМ (Основное подразделение),Движение товаров с себестоимостью,IN
CV-H5-0acbdaa8a5f4ca47,0-3182,0-3182,"Платье-жилет женское, черное, из шифона",12238.67,DERIVED_STOCK_MOVEMENT,FILE-099,Остатки ЦУМ (Основное подразделение),Движение товаров с себестоимостью,IN
CV-H5-913ff31812344069,0-3182A,0-3182A,"Свитшот женский, серый из футера, с вышивкой ""Ришелье""",10272.0,DERIVED_STOCK_MOVEMENT,FILE-099,Остатки ЦУМ (Основное подразделение),Движение товаров с себестоимостью,IN
CV-H5-cad70ead4a0bdcd7,0-3183,0-3183,"Свитшот женский, белый, из футера, с вышивкой ""Ришелье""",14052.0,DERIVED_STOCK_MOVEMENT,FILE-099,Остатки ЦУМ (Основное подразделение),Движение товаров с себестоимостью,IN
CV-H5-6f8ff878bcdaf1f2,0-3183A,0-3183A,"Юбка женская, серая, из футера, с вышивкой ""Ришелье""",14002.0,DERIVED_STOCK_MOVEMENT,FILE-099,Остатки ЦУМ (Основное подразделение),Движение товаров с себестоимостью,IN
CV-H5-599b5c5a95adb867,0-3184,0-3184,"Юбка женская, белая, из футера, с вышивкой ""Ришелье""",25314.2,DERIVED_STOCK_MOVEMENT,FILE-099,Остатки ЦУМ (Основное подразделение),Движение товаров с себестоимостью,IN
CV-H5-e9d9ce6202a5f3cb,0-3185,0-3185,"Бомбер женский, синий, из стрейч бархата, с вышивкой ""YANINA""",13710.0,DERIVED_STOCK_MOVEMENT,FILE-099,Остатки ЦУМ (Основное подразделение),Движение товаров с себестоимостью,IN
CV-H5-d71d568fe31fba4c,0-3209C,0-3209C,"Брюки женские, коричневые, из бархата, с шелковыи лампасом, прямого кроя",4949.13,DERIVED_STOCK_MOVEMENT,FILE-099,Остатки ЦУМ (Основное подразделение),Движение товаров с себестоимостью,IN
CV-H5-0ca13edbd403a0e8,0-3210,0-3210,"Брюки женсие, черные, из стрейч бархата, на широкой резинке, прямые",19005.0,DERIVED_STOCK_MOVEMENT,FILE-099,Остатки ЦУМ (Основное подразделение),Движение товаров с себестоимостью,IN
CV-H5-1a2c31309d02314e,0-321D,0-321D,"Платье женское, белое, из хлопка ""шитье"", с поясом",7505.0,DERIVED_STOCK_MOVEMENT,FILE-099,Остатки ЦУМ (Основное подразделение),Движение товаров с себестоимостью,OUT
CV-H5-23c1beff132a1641,0-3243,0-3243,"Юбка женская, черная, из сетки, с шелковым поясом, А-силуэт",33555.87,DERIVED_STOCK_MOVEMENT,FILE-099,Остатки ЦУМ (Основное подразделение),Движение товаров с себестоимостью,IN
CV-H5-0dccb0a492b74203,0-3244,0-3244,"Свитшот женский, черный, из футера, с капюшоном, с вышивкой ""Be a poem""",43160.17,DERIVED_STOCK_MOVEMENT,FILE-099,Остатки ЦУМ (Основное подразделение),Движение товаров с себестоимостью,IN
CV-H5-ed6ea22a7f04a0cb,0-3246A,0-3246A,"Юбка женская, черная, из костюмной ткани, расклешенная к низу",26612.55,DERIVED_STOCK_MOVEMENT,FILE-099,Остатки ЦУМ (Основное подразделение),Движение товаров с себестоимостью,IN
CV-H5-99d70e84b850f588,0-3246B,0-3246B,"Брюки женские, черные, из дюшеса, со стрелками, без карманов",10209.0,DERIVED_STOCK_MOVEMENT,FILE-099,Остатки ЦУМ (Основное подразделение),Движение товаров с себестоимостью,IN
CV-H5-e5cf2b57cc8204fe,0-3248,0-3248,"Брюки женские, черные, из шерсти, с отворотами по низу",6504.96,DERIVED_STOCK_MOVEMENT,FILE-099,Остатки ЦУМ (Основное подразделение),Движение товаров с себестоимостью,IN
CV-H5-39bbea1f5c92f604,0-3254,0-3254,"Юбка женская, черная, из сетки, с боковым разрезом и шелковым поясом, А-силуэт",40157.83,DERIVED_STOCK_MOVEMENT,FILE-099,Остатки ЦУМ (Основное подразделение),Движение товаров с себестоимостью,IN
CV-H5-b3a91b782463665d,0-3255,0-3255,"Платье женское, черное, из шелка, с декором ""буфы"", А-силуэт",28766.76,DERIVED_STOCK_MOVEMENT,FILE-099,Остатки ЦУМ (Основное подразделение),Движение товаров с себестоимостью,IN
CV-H5-31ded25b398f9fac,0-3337,0-3337,"Брюки женские, белые, из шерсти, зауженные к низу",8580.33,DERIVED_STOCK_MOVEMENT,FILE-099,Остатки ЦУМ (Основное подразделение),Движение товаров с себестоимостью,IN
CV-H5-d7a48c77de196875,0-3338,0-3338,"Блуза женская, черная, из органзы, с вышивкой ""YC"" на кармане",11065.17,DERIVED_STOCK_MOVEMENT,FILE-099,Остатки ЦУМ (Основное подразделение),Движение товаров с себестоимостью,IN
CV-H5-59b61708fbec5a50,0-3338A,0-3338A,"Блуза женская, белая, из кружева, прямого силуэта, без карманов",6793.5,DERIVED_STOCK_MOVEMENT,FILE-099,Остатки ЦУМ (Основное подразделение),Движение товаров с себестоимостью,IN
CV-H5-0f94ed051c24ca52,0-3338B,0-3338B,"Блуза женская, черная, из кружева, прямого силуэта, без карманов",6709.57,DERIVED_STOCK_MOVEMENT,FILE-099,Остатки ЦУМ (Основное подразделение),Движение товаров с себестоимостью,IN
CV-H5-8938d3a854c37925,0-3339,0-3339,"Блуза женская, зеленая, из кружева, прямого силуэта, без карманов",21794.58,DERIVED_STOCK_MOVEMENT,FILE-099,Остатки ЦУМ (Основное подразделение),Движение товаров с себестоимостью,IN
CV-H5-067981e1b2dc7964,0-3339A,0-3339A,"Платье женское, черное, из крепового шифона, с вышивкой из страз на воротнике",20810.01,DERIVED_STOCK_MOVEMENT,FILE-099,Остатки ЦУМ (Основное подразделение),Движение товаров с себестоимостью,IN
CV-H5-25b82918449a5e79,0-3340,0-3340,"Платье женское, фиолетовое, из крепового шифона, с вышивкой из страз на воротник",15320.8,DERIVED_STOCK_MOVEMENT,FILE-099,Остатки ЦУМ (Основное подразделение),Движение товаров с себестоимостью,IN
CV-H5-973bfb3dd6280389,0-3341,0-3341,"Блуза женская, черная с принтом ""белые Y"", из шелка, с рукавами ""летучая мышь""",13081.18,DERIVED_STOCK_MOVEMENT,FILE-099,Остатки ЦУМ (Основное подразделение),Движение товаров с себестоимостью,IN
CV-H5-8409fcf982dc3453,0-3342,0-3342,"Брюки женские, черные, из костюмной ткани, зауженные к низу",8640.86,DERIVED_STOCK_MOVEMENT,FILE-099,Остатки ЦУМ (Основное подразделение),Движение товаров с себестоимостью,IN
CV-H5-35c87cde60356059,0-3342A,0-3342A,"Брюки женские, черные, из костюмной ткани, прямые",9248.0,DERIVED_STOCK_MOVEMENT,FILE-099,Остатки ЦУМ (Основное подразделение),Движение товаров с себестоимостью,IN
CV-H5-fdb246555e000826,0-3344,0-3344,"Брюки женские, серые в полоску, из костюмной ткани, прямые",55276.0,DERIVED_STOCK_MOVEMENT,FILE-099,Остатки ЦУМ (Основное подразделение),Движение товаров с себестоимостью,IN
CV-H5-454d1482696871c4,0-3346,0-3346,"Платье женское, черное с принтом ""белые Y и балерины"", из шелка, со складками ""п",29422.71,DERIVED_STOCK_MOVEMENT,FILE-099,Остатки ЦУМ (Основное подразделение),Движение товаров с себестоимостью,IN
CV-H5-d441333281ea885b,0-3347,0-3347,"Платье женское, черное, из стрейч-бархата, двубортное, с поясом",20921.94,DERIVED_STOCK_MOVEMENT,FILE-099,Остатки ЦУМ (Основное подразделение),Движение товаров с себестоимостью,IN
CV-H5-4c1b1196249f4ed1,0-3348,0-3348,"Жакет женский, черный, из стрейч-бархата, с вышивкой ""Y"" на карманах и поясом",7402.62,DERIVED_STOCK_MOVEMENT,FILE-099,Остатки ЦУМ (Основное подразделение),Движение товаров с себестоимостью,IN
CV-H5-58181117faabf30a,0-3349,0-3349,"Брюки-палаццо женские, черные, из стрейч-бархата, с широким поясом",10906.0,DERIVED_STOCK_MOVEMENT,FILE-099,Остатки ЦУМ (Основное подразделение),Движение товаров с себестоимостью,IN
CV-H5-102c70d218df359f,0-3349A,0-3349A,"Брюки женские, черные, из крепа, широкие, со складками по талии",14000.0,DERIVED_STOCK_MOVEMENT,FILE-099,Остатки ЦУМ (Основное подразделение),Движение товаров с себестоимостью,IN
CV-H5-8bb82e415f983030,0-3350,0-3350,"Брюки женские, белые, из крепа, широкие, со складками по талии",57200.0,DERIVED_STOCK_MOVEMENT,FILE-099,Остатки ЦУМ (Основное подразделение),Движение товаров с себестоимостью,IN
CV-H5-ad6e2ead9a47f576,0-3351,0-3351,"Жакет женский, белый, из костюмной ткани ""шанель"", с черно-белой тесьмой и накла",10950.0,DERIVED_STOCK_MOVEMENT,FILE-099,Остатки ЦУМ (Основное подразделение),Движение товаров с себестоимостью,IN
CV-H5-cc8a552f38c88918,0-3352,0-3352,"Рубашка женская, белая, из хлопка, удлиненная со складками и вышивкой ""Yanina""",6819.0,DERIVED_STOCK_MOVEMENT,FILE-099,Остатки ЦУМ (Основное подразделение),Движение товаров с себестоимостью,IN
CV-H5-d274c0260698f7ab,0-3353,0-3353,"Юбка женская, черная, из вискозы, расклешенная к низу",21562.0,DERIVED_STOCK_MOVEMENT,FILE-099,Остатки ЦУМ (Основное подразделение),Движение товаров с себестоимостью,IN
CV-H5-d1141d1fe0430813,0-3355,0-3355,"Жакет женский, черный, из вискозы, со съемным белым воротником",20627.72,DERIVED_STOCK_MOVEMENT,FILE-099,Остатки ЦУМ (Основное подразделение),Движение товаров с себестоимостью,IN
CV-H5-af930f0939e88098,0-3355A,0-3355A,"Блуза женская, белая с принтом ""черные листья"", из шифона, с объемными рукавами",18674.5,DERIVED_STOCK_MOVEMENT,FILE-099,Остатки ЦУМ (Основное подразделение),Движение товаров с себестоимостью,IN
CV-H5-fcf13574f2ccd063,0-3356,0-3356,"Блуза женская, серая с принтом ""розовые листья"", из шифона, с объемными рукавами",35893.0,DERIVED_STOCK_MOVEMENT,FILE-099,Остатки ЦУМ (Основное подразделение),Движение товаров с себестоимостью,IN
CV-H5-acfcc26ced8e88a7,0-3357,0-3357,"Платье женское, черное с принтом ""белые листья"", из шелка, с объемными рукавами ",13691.0,DERIVED_STOCK_MOVEMENT,FILE-099,Остатки ЦУМ (Основное подразделение),Движение товаров с себестоимостью,IN
CV-H5-ff2e968a6dd9869e,0-3357A,0-3357A,"Пальто женское, серое, из хлопка, удлиненное, свободного силуэта",13958.85,DERIVED_STOCK_MOVEMENT,FILE-099,Остатки ЦУМ (Основное подразделение),Движение товаров с себестоимостью,IN
CV-H5-5c5de3845f91ec42,0-3358,0-3358,"Пальто женское, черное, из костюмной ткани, удлиненное, свободного силуэта",19918.35,DERIVED_STOCK_MOVEMENT,FILE-099,Остатки ЦУМ (Основное подразделение),Движение товаров с себестоимостью,IN
CV-H5-1bf53f1a1bc3c62c,0-3362,0-3362,"Блуза женская, черная, из крепового шифона, с кокеткой из сетки с камнями",4924.5,DERIVED_STOCK_MOVEMENT,FILE-099,Остатки ЦУМ (Основное подразделение),Движение товаров с себестоимостью,IN
CV-H5-cd3677973ccfcd08,0-3363,0-3363,"Блуза-топ женская, белая, из эко шелка, с вытачками",4314.0,DERIVED_STOCK_MOVEMENT,FILE-099,Остатки ЦУМ (Основное подразделение),Движение товаров с себестоимостью,IN
CV-H5-7e545164308f42a6,0-3363A,0-3363A,"Блуза-топ женская, черная, из эко-шелка, на тонких бретелях",3837.0,DERIVED_STOCK_MOVEMENT,FILE-099,Остатки ЦУМ (Основное подразделение),Движение товаров с себестоимостью,IN
CV-H5-0ec716c39a16ce0a,0-3364,0-3364,"Блуза-топ женская, белая, из эко-шелка, на тонких бретелях",3650.0,DERIVED_STOCK_MOVEMENT,FILE-099,Остатки ЦУМ (Основное подразделение),Движение товаров с себестоимостью,IN
CV-H5-5d9e003a51ee8f21,0-3364A,0-3364A,"Брошь серая, из рафия, ""колосок""",3200.0,DERIVED_STOCK_MOVEMENT,FILE-099,Остатки ЦУМ (Основное подразделение),Движение товаров с себестоимостью,IN
CV-H5-b975f5d65ae89a64,0-3364B,0-3364B,"Брошь бежевая, из рафия, ""колосок""",3200.0,DERIVED_STOCK_MOVEMENT,FILE-099,Остатки ЦУМ (Основное подразделение),Движение товаров с себестоимостью,IN
CV-H5-3e15e4406afb64d1,0-3421,0-3421,"Брошь черная, из рафия, ""колосок""",1894.47,DERIVED_STOCK_MOVEMENT,FILE-099,Остатки ЦУМ (Основное подразделение),Движение товаров с себестоимостью,IN
CV-H5-506679c41c3b3e06,0-3422,0-3422,"Пояс женский, черный, из стрейч бархата, с декором кисточка",2046.22,DERIVED_STOCK_MOVEMENT,FILE-099,Остатки ЦУМ (Основное подразделение),Движение товаров с себестоимостью,IN
CV-H5-e4cc532b86ac8d87,0-3430,0-3430,"Пояс женский, черный, из стрейч бархата, с декором бахрома",2150.0,DERIVED_STOCK_MOVEMENT,FILE-099,Остатки ЦУМ (Основное подразделение),Движение товаров с себестоимостью,IN
CV-H5-aa8240f5098482da,0-3432,0-3432,"Ободок черный, на металлической основе, декорирован бантом и сеткой",8019.0,DERIVED_STOCK_MOVEMENT,FILE-099,Остатки ЦУМ (Основное подразделение),Движение товаров с себестоимостью,IN
CV-H5-e4d2f2babf2fabfd,0-435A,0-435А,"Свитшот женский, голубой, из футера",2610.0,DERIVED_STOCK_MOVEMENT,FILE-099,Остатки ЦУМ (Основное подразделение),Движение товаров с себестоимостью,OUT
CV-H5-41f812be3afe5777,0-969,0-969,"Платье женское, черное, из крепа, отрезное по линии талии",21765.0,DERIVED_STOCK_MOVEMENT,FILE-099,Остатки ЦУМ (Основное подразделение),Движение товаров с себестоимостью,IN
CV-H5-149fdbe6b3994940,0-999,0-999,"Платье женское, зеленое, из шелка, с расшивкой пайетками по лифу",5095.0,DERIVED_STOCK_MOVEMENT,FILE-099,Остатки ЦУМ (Основное подразделение),Движение товаров с себестоимостью,OUT
CV-H5-37894599d54a8f99,01-K,01-К,"Куртка-""бомбер"" женская, темно-бежевая, из хлопка, с декором ""Цветы"" на рукавах",3300.0,DERIVED_STOCK_MOVEMENT,FILE-099,Остатки ЦУМ (Основное подразделение),Движение товаров с себестоимостью,OUT
CV-H5-60e577d7c8e8365e,SS1731,SS1731,"Брюки женские, черные, из шерсти, с молнией, зауженные к низу",3400.0,DERIVED_STOCK_MOVEMENT,FILE-099,Остатки ЦУМ (Основное подразделение),Движение товаров с себестоимостью,OPEN
CV-H5-0d86afc686c1a678,T-2234,T-2234,"Шорты женские, зеленые с принтом ""капли"", из батиста",13200.22,DERIVED_STOCK_MOVEMENT,FILE-099,Остатки ЦУМ (Основное подразделение),Движение товаров с себестоимостью,IN
CV-H5-26c30c2af66a164d,T-2936,T-2936,"Блуза женская, бежевая с принтом ""голубые капли"", из шелка, с камнями по планке",31550.99,DERIVED_STOCK_MOVEMENT,FILE-099,Остатки ЦУМ (Основное подразделение),Движение товаров с себестоимостью,IN
CV-H5-249fae327f5ccac5,T-2937,T-2937,"Жакет женский, черный, из шелк бархата, приталенного силуэта",14531.68,DERIVED_STOCK_MOVEMENT,FILE-099,Остатки ЦУМ (Основное подразделение),Движение товаров с себестоимостью,IN
CV-H5-9a213048fc77c37c,T-2973C,T-2973C,"Блуза женская, голубая, из хлопка, с вышивкой ""YC"" на кармане",7499.25,DERIVED_STOCK_MOVEMENT,FILE-099,Остатки ЦУМ (Основное подразделение),Движение товаров с себестоимостью,IN
CV-H5-e06b8855af567c35,T-2988A,T-2988A,"Брюки-палаццо женские, черные, из шерсти",9912.39,DERIVED_STOCK_MOVEMENT,FILE-099,Остатки ЦУМ (Основное подразделение),Движение товаров с себестоимостью,IN
CV-H5-e07a62a83f47afef,T-3069C,T-3069C,"Блуза-топ женская, голубая, из шелка, на тонких бретелях с вытачками",5020.99,DERIVED_STOCK_MOVEMENT,FILE-099,Остатки ЦУМ (Основное подразделение),Движение товаров с себестоимостью,IN
CV-H5-90444bfd7dbff3b4,T-3092C,T-3092C,"Кейп-накидка женская, черная, из х/б бархата, с вышивкой ""Цветы"" и бахромой",23032.28,DERIVED_STOCK_MOVEMENT,FILE-099,Остатки ЦУМ (Основное подразделение),Движение товаров с себестоимостью,IN
CV-H5-b53e4363f06ff7dc,ДK-106A,ДК-106А,"Платье женское, голубое, из стрейч бархата, длина миди",1800.0,DERIVED_STOCK_MOVEMENT,FILE-099,Остатки ЦУМ (Основное подразделение),Движение товаров с себестоимостью,OUT
CV-H5-d4113f0c11507610,ДK-19,ДК-19,"Блуза женская, розовая, из трикотажа, с вышивкой ""Матадор""",10150.0,DERIVED_STOCK_MOVEMENT,FILE-099,Остатки ЦУМ (Основное подразделение),Движение товаров с себестоимостью,IN
CV-H5-bc41c03708870684,0-1899A,0-1899A,"Брюки женские, черные, из футера, с поясом ""рибана""",2886.67,DERIVED_STOCK_MOVEMENT,FILE-099,Остатки ЦУМ (Основное подразделение),Движение товаров с себестоимостью,IN
CV-H5-a97a7038e2f284b5,0-1899B,0-1899B,"Брюки женские, бежевые, из футера, с поясом ""рибана""",2886.67,DERIVED_STOCK_MOVEMENT,FILE-099,Остатки ЦУМ (Основное подразделение),Движение товаров с себестоимостью,IN
CV-H5-ab219f82b98acfa4,0-1899C,0-1899C,"Брюки женские, голубые, из футера, с поясом ""рибана""",2886.67,DERIVED_STOCK_MOVEMENT,FILE-099,Остатки ЦУМ (Основное подразделение),Движение товаров с себестоимостью,IN
CV-H5-14c3376c558b27d7,0-2431C,0-2431С,"Шорты женские, черные с принтом ""цветы, грибы"", из хлопка",2082.0,DERIVED_STOCK_MOVEMENT,FILE-099,Остатки ЦУМ (Основное подразделение),Движение товаров с себестоимостью,IN
CV-H5-e7e292d5315b61aa,0-2459,0-2459,"Блуза-боди женская, черная, из стрейч бархата, с белым воротником",9638.0,DERIVED_STOCK_MOVEMENT,FILE-099,Остатки ЦУМ (Основное подразделение),Движение товаров с себестоимостью,IN
CV-H5-d052d4c2db35a7d6,0-2845B,0-2845B,"Свитшот женский, розовый, из футера, с декором принт ""Champayne o' clock""",3085.92,DERIVED_STOCK_MOVEMENT,FILE-099,Остатки ЦУМ (Основное подразделение),Движение товаров с себестоимостью,IN
CV-H5-e86759d3b1004dbc,0-2845C,0-2845C,"Свитшот женский, голубой, из футера, с декором принт ""Champayne o' clock""",3085.92,DERIVED_STOCK_MOVEMENT,FILE-099,Остатки ЦУМ (Основное подразделение),Движение товаров с себестоимостью,IN
CV-H5-21c5f10fcac1c695,T-1879C,T-1879C,"Рубашка женская, черная, из хлопка, прямого кроя, с вышивкой по планке и манжета",11369.1,DERIVED_STOCK_MOVEMENT,FILE-099,Остатки ЦУМ (Основное подразделение),Движение товаров с себестоимостью,IN
CV-H5-1a0a0dd23c8b0cfd,T-2032M,T-2032M/2,"Блуза женская, зеленая с принтом ""капли"", из батиста",11001.12,DERIVED_STOCK_MOVEMENT,FILE-099,Остатки ЦУМ (Основное подразделение),Движение товаров с себестоимостью,IN
CV-H5-fd67f4b58e1a92ee,T-2050M,T-2050M/2,"Шорты женские, зеленые с принтом ""капли"", из батиста",5344.24,DERIVED_STOCK_MOVEMENT,FILE-099,Остатки ЦУМ (Основное подразделение),Движение товаров с себестоимостью,IN
CV-H5-645a609360cbac56,T-2324B,T-2324B,"Платье женское, белое с принтом ""черные Y и девочки"", из хлопка, с разрезами по ",40977.51,DERIVED_STOCK_MOVEMENT,FILE-099,Остатки ЦУМ (Основное подразделение),Движение товаров с себестоимостью,IN
CV-H5-8ffcdc100c13fa79,T-2324C,T-2324С,"Пальто женское, бордовое, из шелкового бархата, с расшивкой по рукавам, миди",39377.51,DERIVED_STOCK_MOVEMENT,FILE-099,Остатки ЦУМ (Основное подразделение),Движение товаров с себестоимостью,IN
CV-H5-416c73c2904afae2,T-2480B,T-2480B/3,"Рубашка женская свободного силуэта, синяя, из батиста, с вышивкой YC на кармане",10264.0,DERIVED_STOCK_MOVEMENT,FILE-099,Остатки ЦУМ (Основное подразделение),Движение товаров с себестоимостью,IN
CV-H5-48a6f4a504c146b4,T-2481,T-2481/3,"Блуза женская, голубая с принтом ""цветы"", из хлопка, с отделкой ""лампас""",8764.74,DERIVED_STOCK_MOVEMENT,FILE-099,Остатки ЦУМ (Основное подразделение),Движение товаров с себестоимостью,IN
CV-H5-f9e7093230d2520b,T-2531,T-2531,"Платье женское, черное с принтом ""белые балерины"", из шелка, длина миди",21454.0,DERIVED_STOCK_MOVEMENT,FILE-099,Остатки ЦУМ (Основное подразделение),Движение товаров с себестоимостью,IN
CV-H5-40880bdf27452fcd,T-2537,T-2537,"Платье женское, белое с принтом «голубые цветы», из батиста, со съемным поясом",16992.94,DERIVED_STOCK_MOVEMENT,FILE-099,Остатки ЦУМ (Основное подразделение),Движение товаров с себестоимостью,IN
CV-H5-782edf6803ced01c,T-2592,T-2592/1,"Шорты женские, белые с принтом ""оранжевые Y"", из шелка, с отделкой ""лампас""",13260.0,DERIVED_STOCK_MOVEMENT,FILE-099,Остатки ЦУМ (Основное подразделение),Движение товаров с себестоимостью,IN
CV-H5-b48aece86d32131f,T-2593,T-2593/2,"Свитер женский, серый, из кашемира, с расшивкой ""серая Y""",15600.0,DERIVED_STOCK_MOVEMENT,FILE-099,Остатки ЦУМ (Основное подразделение),Движение товаров с себестоимостью,IN
CV-H5-cd9e3148f39f3565,T-2939,T-2939,"Блуза женская, белая, с вышивкой гладью ""Цветы""",15730.0,DERIVED_STOCK_MOVEMENT,FILE-099,Остатки ЦУМ (Основное подразделение),Движение товаров с себестоимостью,IN
CV-H5-09ee467a1c638b12,T-2944,T-2944,"Брюки женские, черные, из шелкового бархата, с белым кантом",18638.8,DERIVED_STOCK_MOVEMENT,FILE-099,Остатки ЦУМ (Основное подразделение),Движение товаров с себестоимостью,IN
CV-H5-2e5027dc8edea0eb,T-2947,T-2947/1,"Платье женское, черное, из дабл крепа, с вышивкой ""Птица""",17320.0,DERIVED_STOCK_MOVEMENT,FILE-099,Остатки ЦУМ (Основное подразделение),Движение товаров с себестоимостью,IN
CV-H5-4bf75827b287b2ae,T-2948,T-2948,"Жакет женский, черный, из хлопкового бархата, приталенного силуэта",26730.0,DERIVED_STOCK_MOVEMENT,FILE-099,Остатки ЦУМ (Основное подразделение),Движение товаров с себестоимостью,IN
CV-H5-252ac85b8e92521b,T-3196,T-3196,"Платье женское, темно-синее, из стрейч бархата, длина миди",24376.87,DERIVED_STOCK_MOVEMENT,FILE-099,Остатки ЦУМ (Основное подразделение),Движение товаров с себестоимостью,IN
CV-H5-bf2d4af544cc2e51,T-3197,T-3197,"Куртка-бомбер женская, серая, из шерсти, с вышивкой-аппликацией ""Роза""",12956.18,DERIVED_STOCK_MOVEMENT,FILE-099,Остатки ЦУМ (Основное подразделение),Движение товаров с себестоимостью,IN
CV-H5-806d4221d3309a9d,T-3275,T-3275,"Юбка женская, серая, из шерсти, с вышивкой-аппликация ""Роза""",27123.31,DERIVED_STOCK_MOVEMENT,FILE-099,Остатки ЦУМ (Основное подразделение),Движение товаров с себестоимостью,IN
CV-H5-6c758f8d24e0edd6,T-878A,T-878A,"Брюки-палаццо женские, черные, из шерсти, широкие с манжетами",9335.5,DERIVED_STOCK_MOVEMENT,FILE-099,Остатки ЦУМ (Основное подразделение),Движение товаров с себестоимостью,IN
CV-H5-b0c598321dc2cc1a,0-2761,0-2761,"Свитер женский, серый, из кашемира, с вышивкой ""ласточка""",4500.0,DERIVED_STOCK_MOVEMENT,FILE-099,Склад производства (Жукова) (Основное по,Движение товаров с себестоимостью,OPEN
CV-H5-4f01e15b1b0cb4a4,ИTOГO,Итого,"Юбка женская, черная, из натуральной кожи",12314.34,DERIVED_STOCK_MOVEMENT,FILE-099,Склад производства (Жукова) (Основное по,Движение товаров с себестоимостью,IN
